id,family,answer,adapter_prediction_label_free,reference_prediction,adapter_raw_output,prompt,v350_source_rule,v357_source_rule,v366_source_rule,v343_prediction,v350_prediction,v357_prediction,v366_prediction,current_prediction,baseline_prediction
048cc279,bit_manipulation,01010000,01111000,01010000,"We need to deduce the transformation by matching the example outputs.

Output 0: 00100001
0 0
1 0
2 1
3 0
4 0
5 0
6 0
7 1

Output 1: 11111111
0 1
1 1
2 1
3 1
4 1
5 1
6 1
7 1

Output 2: 10110000
0 1
1 0
2 1
3 1
4 0
5 0
6 0
7 0

Output 3: 10110100
0 1
1 0
2 1
3 1
4 0
5 1
6 0
7 0

Output 4: 10101001
0 1
1 0
2 1
3 0
4 1
5 0
6 0
7 1

Output 5: 00000010
0 0
1 0
2 0
3 0
4 0
5 0
6 1
7 0

Output 6: 10110100
0 1
1 0
2 1
3 1
4 0
5 1
6 0
7 0

Output 7: 10111010
0 1
1 0
2 1
3 1
4 1
5 0
6 1
7 0

Output bit columns (with bitsum as hash)
0 01111011 6
1 01000000 1
2 11111011 7
3 01110011 5
4 01001001 3
5 01010010 3
6 01000101 3
7 11001000 3

Input 0: 10000110
0 1
1 0
2 0
3 0
4 0
5 1
6 1
7 0

Input 1: 11111111
0 1
1 1
2 1
3 1
4 1
5 1
6 1
7 1

Input 2: 01011100
0 0
1 1
2 0
3 1
4 1
5 1
6 0
7 0

Input 3: 11011010
0 1
1 1
2 0
3 1
4 1
5 0
6 1
7 0

Input 4: 11110101
0 1
1 1
2 1
3 1
4 0
5 1
6 0
7 1

Input 5: 00011001
0 0
1 0
2 0
3 1
4 1
5 0
6 0
7 1

Input 6: 11110010
0 1
1 1
2 1
3 1
4 0
5 0
6 1
7 0

Input 7: 01011101
0 0
1 1
2 0
3 1
4 1
5 1
6 0
7 1

When matching output
x: not in operator
y: wrong position

Identity
0 11011010 5
1 01111011 6 match 0
2 01001010 3
3 01111111 7
4 01110101 5
5 11101001 5
6 11010010 4
7 01001101 4

Matching output
0 1
1 absent
2 absent
3 absent
4 absent
5 absent
6 absent
7 absent

Left
1 2x
Best: I1: 1

Right
none
Best: none

NOT
0 00100101 3
1 10000100 2
2 10110101 5
3 10000000 1
4 10001010 3
5 00010110 3
6 00101101 4
7 10110010 4

Matching output
0 absent
1 absent
2 absent
3 absent
4 absent
5 absent
6 absent
7 absent

Left
none
Best: none

Right
none
Best: none

Constant
0 00000000 a
1 11111111 a

Matching output
0 absent
1 absent
2 absent
3 absent
4 absent
5 absent
6 absent
7 absent

Left
none
Best: none

Right
none
Best: none

AND
01 10 01011010 4
12 21 01001010 3
23 32 01001010 3
34 43 01110101 5
45 54 01100001 3
56 65 11000000 2
67 76 01000000 1 match 1
70 07 01001000 2

02 20 01001010 3
13 31 01111011 6 match 0
24 42 01000000 1 match 1
35 53 01101001 4
46 64 01010000 2
57 75 01001001 3 match 4
60 06 11010010 4
71 17 01001001 3 match 4

03 30 01011010 4
14 41 01110001 4
25 52 01001000 2
36 63 01010010 3 match 5
47 74 01000101 3 match 6
50 05 11001000 3 match 7
61 16 01010010 3 match 5
72 27 01001000 2

04 40 01010000 2
15 51 01101001 4
26 62 01000010 2
37 73 01001101 4

Matching output
0 13 31
1 67 76 24 42
2 absent
3 absent
4 57 75 71 17
5 36 63 61 16
6 47 74
7 50 05

Left
13 24 35x
31 42 53x
Best: AND13 24: 2

Right
50 47 36 25x
05 74 63 52x
Best: AND50 47 36: 3

OR
01 10 11111011 7 match 2
12 21 01111011 6 match 0
23 32 01111111 7
34 43 01111111 7
45 54 11111101 7
56 65 11111011 7 match 2
67 76 11011111 7
70 07 11011111 7

02 20 11011010 5
13 31 01111111 7
24 42 01111111 7
35 53 11111111 a
46 64 11110111 7
57 75 11101101 6
60 06 11011010 5
71 17 01111111 7

03 30 11111111 a
14 41 01111111 7
25 52 11101011 6
36 63 11111111 a
47 74 01111101 6
50 05 11111011 7 match 2
61 16 11111011 7 match 2
72 27 01001111 5

04 40 11111111 a
15 51 11111011 7 match 2
26 62 11011010 5
37 73 01111111 7

Matching output
0 12 21
1 absent
2 01 10 56 65 50 05 61 16 15 51
3 absent
4 absent
5 absent
6 absent
7 absent

Left
12 23x
21 32x
Best: OR12: 1

Right
none
Best: none

XOR
01 10 10100001 3
12 21 00110001 3
23 32 00110101 4
34 43 00001010 2
45 54 10011100 4
56 65 00111011 5
67 76 10011111 6
70 07 10010111 5

02 20 10010000 2
13 31 00000100 1
24 42 00111111 6
35 53 10010110 4
46 64 10100111 5
57 75 10100100 3
60 06 00001000 1
71 17 00110110 4

03 30 10100101 4
14 41 00001110 3
25 52 10100011 4
36 63 10101101 5
47 74 00111000 3
50 05 00110011 4
61 16 10101001 4
72 27 00000111 3

04 40 10101111 6
15 51 10010010 3
26 62 10011000 3
37 73 00110010 3

Matching output
0 absent
1 absent
2 absent
3 absent
4 absent
5 absent
6 absent
7 absent

Left
none
Best: none

Right
none
Best: none

AND-NOT
01 10000000 1
12 00110001 3
23 00000000 a
34 00001010 2
45 00010100 2
56 00101001 3
67 10010010 3
70 00000101 2

02 10010000 2
13 00000000 a
24 00001010 2
35 00010110 3
46 00100101 3
57 10100000 2
60 00000000 a
71 00000100 1

03 10000000 1
14 00001010 2
25 00000010 1
36 00101101 4
47 00110000 2
50 00100001 2
61 10000000 1
72 00000101 2

04 10001010 3
15 00010010 2
26 00001000 1
37 00110010 3
40 00100101 3
51 10000000 1
62 10010000 2
73 00000000 a

05 00010010 2
16 00101001 3
27 00000010 1
30 00100101 3
41 00000100 1
52 10100001 3
63 10000000 1
74 00001000 1

06 00001000 1
17 00110010 3
20 00000000 a
31 00000100 1
42 00110101 4
53 10000000 1
64 10000010 2
75 00000100 1

07 10010010 3
10 00100001 2
21 00000000 a
32 00110101 4
43 00000000 a
54 10001000 2
65 00010010 2
76 00001101 3

Matching output
0 absent
1 absent
2 absent
3 absent
4 absent
5 absent
6 absent
7 absent

Left
none
Best: none

Right
none
Best: none

OR-NOT
01 11011110 6
12 11111111 a
23 11001010 4
34 11111111 a
45 01110111 6
56 11101101 6
67 11110010 5
70 01101101 5

02 11111111 a
13 11111011 7 match 2
24 11001010 4
35 01111111 7
46 01111101 6
57 11111011 7 match 2
60 11110111 7
71 11001101 5

03 11011010 5
14 11111011 7 match 2
25 01011110 5
36 01111111 7
47 11110111 7
50 11101101 6
61 11010110 5
72 11111101 7

04 11011010 5
15 01111111 7
26 01101111 6
37 11111111 a
40 01110101 5
51 11101101 6
62 11110111 7
73 11001101 5

05 11011110 6
16 01111111 7
27 11111010 6
30 01111111 7
41 11110101 6
52 11111101 7
63 11010010 4
74 11001111 6

06 11111111 a
17 11111011 7 match 2
20 01101111 6
31 11111111 a
42 11110101 6
53 11101001 5
64 11011010 5
75 01011111 6

07 11111010 6
10 01111111 7
21 11001110 5
32 11111111 a
43 11110101 6
54 11101011 6
65 11010110 5
76 01101101 5

Matching output
0 absent
1 absent
2 13 57 14 17
3 absent
4 absent
5 absent
6 absent
7 absent

Left
none
Best: none

Right
none
Best: none

XOR-NOT
01 01011110 5
12 11001110 5
23 11001010 4
34 11110101 6
45 01100011 4
56 11000100 3
67 01100000 2
70 01101000 3

02 01101111 6
13 11111011 7 match 2
24 11000000 2
35 01101001 4
46 01011000 3
57 01011011 5
60 11110111 7
71 11001001 4

03 01011010 4
14 11110001 5
25 01011100 4
36 01010010 3 match 5
47 11000111 5
50 11001100 4
61 01010110 4
72 11111000 5

04 01010000 2
15 01101101 5
26 01100111 5
37 11001101 5
40 01010000 2
51 01101101 5
62 01100111 5
73 11001101 5

05 11001100 4
16 01010110 4
27 11111000 5
30 01011010 4
41 11110001 5
52 01011100 4
63 01010010 3 match 5
74 11000111 5

06 11110111 7
17 11001001 4
20 01101111 6
31 11111011 7 match 2
42 11000000 2
53 01101001 4
64 01011000 3
75 01011011 5

07 01101000 3
10 01011110 5
21 11001110 5
32 11001010 4
43 11110101 6
54 01100011 4
65 11000100 3
76 01100000 2

Matching output
0 absent
1 absent
2 13 31
3 absent
4 absent
5 36 63
6 absent
7 absent

Left
none
Best: none

Right
none
Best: none

Selecting

Lefts
Identity I1: 1
NOT none
Constant none
AND AND13 24: 2
OR OR12: 1
XOR none
AND-NOT none
OR-NOT none
XOR-NOT none

Rights
Identity none
NOT none
Constant none
AND AND50 47 36: 3
OR none
XOR none
AND-NOT none
OR-NOT none
XOR-NOT none

Left longest: 2
Right longest: 3

Right winner: Identity no, NOT no, Constant no, AND yes, OR no, XOR no, AND-NOT no, OR-NOT no, XOR-NOT no
Left winner: Identity no, NOT no, Constant no, AND yes, OR no, XOR no, AND-NOT no, OR-NOT no, XOR-NOT no

Best right: AND50 47 36: 3
Best left: AND13 24: 2

Truncated right: AND50 47 36: 3
Truncated left: AND13 24: 2

Tentative from right
7 AND50
6 AND47
5 AND36
4 pending
3 pending
2 pending
1 pending
0 pending

Tentative
0 AND13
1 AND24
2 pending
3 pending
4 pending
5 AND36
6 AND47
7 AND50

Preferred from right
7 AND50
6 AND47
5 AND36
4 ?25
3 ?14
2 ?03
1 AND24
0 AND13

Preferred from left
0 AND13
1 AND24
2 ?03
3 ?14
4 ?25
5 AND36
6 AND47
7 AND50

Preferred
0 AND13
1 AND24
2 ?03 ?30
3 ?14 ?41
4 ?25 ?52
5 AND36
6 AND47
7 AND50

Matching
0 AND13
1 AND24
2 ?03 ?30 - Identity absent, NOT absent, Constant absent, AND absent, OR absent, XOR absent, AND-NOT absent, OR-NOT absent, XOR-NOT absent
3 ?14 ?41 - Identity absent, NOT absent, Constant absent, AND absent, OR absent, XOR absent, AND-NOT absent, OR-NOT absent, XOR-NOT absent
4 ?25 ?52 - Identity absent, NOT absent, Constant absent, AND absent, OR absent, XOR absent, AND-NOT absent, OR-NOT absent, XOR-NOT absent
5 AND36
6 AND47
7 AND50

Perfect match
Identity no
NOT no
Constant no
AND no
OR no
XOR no
AND-NOT no
OR-NOT no
XOR-NOT no

Matched
0 AND13
1 AND24
2 none
3 none
4 none
5 AND36
6 AND47
7 AND50

Selected
0 AND13
1 AND24
2 default 1
3 default 1
4 default 1
5 AND36
6 AND47
7 AND50

Applying to 11101010
Input
0 1
1 1
2 1
3 0
4 1
5 0
6 1
7 0
Output
0 AND13 = AND(1,0) = 0
1 AND24 = AND(1,1) = 1
2 default 1 = 1
3 default 1 = 1
4 default 1 = 1
5 AND36 = AND(0,1) = 0
6 AND47 = AND(1,0) = 0
7 AND50 = AND(0,1) = 0

I will now return the answer in
The answer in  is
</think>
</think>
\boxed{01111000}","In Alice's Wonderland, a secret bit manipulation rule transforms 8-bit binary numbers. The transformation involves operations like bit shifts, rotations, XOR, AND, OR, NOT, and possibly majority or choice functions.

Here are some examples of input -> output:
10000110 -> 00100001
11111111 -> 11111111
01011100 -> 10110000
11011010 -> 10110100
11110101 -> 10101001
00011001 -> 00000010
11110010 -> 10110100
01011101 -> 10111010

Now, determine the output for: 11101010",,,bit_fullbyte_ternary_op_MAJ3,01111000,01111000,01111000,01010000,01111000,01111000
05ca617c,bit_manipulation,11011011,01011011,11011011,"We need to deduce the transformation by matching the example outputs.

Output 0: 10111111
0 1
1 0
2 1
3 1
4 1
5 1
6 1
7 1

Output 1: 11101111
0 1
1 1
2 1
3 0
4 1
5 1
6 1
7 1

Output 2: 11100111
0 1
1 1
2 1
3 0
4 0
5 1
6 1
7 1

Output 3: 10111101
0 1
1 0
2 1
3 1
4 1
5 1
6 0
7 1

Output 4: 01101101
0 0
1 1
2 1
3 0
4 1
5 1
6 0
7 1

Output 5: 00111111
0 0
1 0
2 1
3 1
4 1
5 1
6 1
7 1

Output 6: 01011100
0 0
1 1
2 0
3 1
4 1
5 1
6 0
7 0

Output 7: 01111111
0 0
1 1
2 1
3 1
4 1
5 1
6 1
7 1

Output bit columns (with bitsum as hash)
0 11110000 4
1 01101011 5
2 11111101 7
3 10010111 5
4 11011111 7
5 11111111 a
6 11100101 5
7 11111101 7

Input 0: 01111111
0 0
1 1
2 1
3 1
4 1
5 1
6 1
7 1

Input 1: 01011101
0 0
1 1
2 0
3 1
4 1
5 1
6 0
7 1

Input 2: 01001111
0 0
1 1
2 0
3 0
4 1
5 1
6 1
7 1

Input 3: 01100001
0 0
1 1
2 1
3 0
4 0
5 0
6 0
7 1

Input 4: 10001011
0 1
1 0
2 0
3 0
4 1
5 0
6 1
7 1

Input 5: 01111100
0 0
1 1
2 1
3 1
4 1
5 1
6 0
7 0

Input 6: 10111001
0 1
1 0
2 1
3 1
4 1
5 0
6 0
7 1

Input 7: 01010000
0 0
1 1
2 0
3 1
4 0
5 0
6 0
7 0

When matching output
x: not in operator
y: wrong position

Identity
0 00001010 2
1 11110101 6
2 10010110 4
3 11000111 5
4 11101110 6
5 11100100 4
6 10101000 3
7 11111010 6

Matching output
0 absent
1 absent
2 absent
3 absent
4 absent
5 absent
6 absent
7 absent

Left
none
Best: none

Right
none
Best: none

NOT
0 11110101 6
1 00001010 2
2 01101001 4
3 00111000 3
4 00010001 2
5 00011011 4
6 01010111 5
7 00000101 2

Matching output
0 absent
1 absent
2 absent
3 absent
4 absent
5 absent
6 absent
7 absent

Left
none
Best: none

Right
none
Best: none

Constant
0 00000000 a
1 11111111 a match 5

Matching output
0 absent
1 absent
2 absent
3 absent
4 absent
5 C1
6 absent
7 absent

Left
none
Best: none

Right
none
Best: none

AND
01 10 00000000 a
12 21 10010100 3
23 32 10000110 3
34 43 11000110 4
45 54 11100100 4
56 65 10100000 2
67 76 10101000 3
70 07 00001010 2

02 20 00000010 1
13 31 11000101 4
24 42 10000110 3
35 53 11000100 3
46 64 10101000 3
57 75 11100000 3
60 06 00001000 1
71 17 11110000 4 match 0

03 30 00000010 1
14 41 11100100 4
25 52 10000100 2
36 63 10000000 1
47 74 11101010 5
50 05 00000000 a
61 16 10100000 2
72 27 10010010 3

04 40 00001010 2
15 51 11100100 4
26 62 10000000 1
37 73 11000010 3

Matching output
0 71 17
1 absent
2 absent
3 absent
4 absent
5 absent
6 absent
7 absent

Left
71 02x
17 20x
Best: AND71: 1

Right
none
Best: none

OR
01 10 11111111 a match 5
12 21 11110111 7
23 32 11010111 6
34 43 11101111 7
45 54 11101110 6
56 65 11101100 5
67 76 11111010 6
70 07 11111010 6

02 20 10011110 5
13 31 11110111 7
24 42 11111110 7
35 53 11100111 6
46 64 11101110 6
57 75 11111110 7
60 06 10101010 4
71 17 11111111 a match 5

03 30 11001111 6
14 41 11111111 a match 5
25 52 11110110 6
36 63 11101111 7
47 74 11111110 7
50 05 11101110 6
61 16 11111101 7 match 2 7
72 27 11111110 7

04 40 11101110 6
15 51 11110101 6
26 62 10111110 6
37 73 11111111 a match 5

Matching output
0 absent
1 absent
2 61 16
3 absent
4 absent
5 01 10 71 17 14 41 37 73
6 absent
7 61 16

Left
none
Best: none

Right
61 50x
16 05x
Best: OR61: 1

XOR
01 10 11111111 a match 5
12 21 01100011 4
23 32 01010001 3
34 43 00101001 3
45 54 00001010 2
56 65 01001100 3
67 76 01010010 3
70 07 11110000 4 match 0

02 20 10011100 4
13 31 00110010 3
24 42 01111000 4
35 53 00100011 3
46 64 01000110 3
57 75 00011110 4
60 06 10100010 3
71 17 00001111 4

03 30 11001101 5
14 41 00011011 4
25 52 01110010 4
36 63 01101111 6
47 74 00010100 2
50 05 11101110 6
61 16 01011101 5
72 27 01101100 4

04 40 11100100 4
15 51 00010001 2
26 62 00111110 5
37 73 00111101 5

Matching output
0 70 07
1 absent
2 absent
3 absent
4 absent
5 01 10
6 absent
7 absent

Left
70 01y
07 10y
Best: XOR70: 1

Right
none
Best: none

AND-NOT
01 00001010 2
12 01100001 3
23 00010000 1
34 00000001 1
45 00001010 2
56 01000100 2
67 00000000 a
70 11110000 4 match 0

02 00001000 1
13 00110000 2
24 00010000 1
35 00000011 2
46 01000110 3
57 00000100 1
60 10100000 2
71 00001010 2

03 00001000 1
14 00010001 2
25 00010010 2
36 01000111 4
47 00000100 1
50 11100100 4
61 00001000 1
72 01101000 3

04 00000000 a
15 00010001 2
26 00010110 3
37 00000101 2
40 11100100 4
51 00000000 a
62 00101000 2
73 00111000 3

05 00001010 2
16 01010101 4
27 00000100 1
30 11000101 4
41 00001010 2
52 01100000 2
63 00101000 2
74 00010000 1

06 00000010 1
17 00000101 2
20 10010100 3
31 00000010 1
42 01101000 3
53 00100000 1
64 00000000 a
75 00011010 3

07 00000000 a
10 11110101 6
21 00000010 1
32 01000001 2
43 00101000 2
54 00000000 a
65 00001000 1
76 01010010 3

Matching output
0 70
1 absent
2 absent
3 absent
4 absent
5 absent
6 absent
7 absent

Left
70 01x
Best: AND-NOT70: 1

Right
none
Best: none

OR-NOT
01 00001010 2
12 11111101 7 match 2 7
23 10111110 6
34 11010111 6
45 11111111 a match 5
56 11110111 7
67 10101101 5
70 11111111 a match 5

02 01101011 5 match 1
13 11111101 7 match 2 7
24 10010111 5 match 3
35 11011111 7 match 4
46 11111111 a match 5
57 11100101 5 match 6
60 11111101 7 match 2 7
71 11111010 6

03 00111010 4
14 11110101 6
25 10011111 6
36 11010111 6
47 11101111 7
50 11110101 6
61 10101010 4
72 11111011 7

04 00011011 4
15 11111111 a match 5
26 11010111 6
37 11000111 5
40 11111111 a match 5
51 11101110 6
62 11101001 5
73 11111010 6

05 00011011 4
16 11110111 7
27 10010111 5 match 3
30 11110111 7
41 11101110 6
52 11101101 6
63 10111000 4
74 11111011 7

06 01011111 6
17 11110101 6
20 11110111 7
31 11001111 6
42 11101111 7
53 11111100 6
64 10111001 5
75 11111011 7

07 00001111 4
10 11110101 6
21 10011110 5
32 11101111 7
43 11111110 7
54 11110101 6
65 10111011 6
76 11111111 a match 5

Matching output
0 absent
1 02
2 12 13 60
3 24 27
4 35
5 45 70 46 15 40 76
6 57
7 12 13 60

Left
none
Best: none

Right
12 01x
13 02y
60 57 46 35 24 13 02 71x
Best: OR-NOT60 57 46 35 24 13 02: 7

XOR-NOT
01 00000000 a
12 10011100 4
23 10101110 5
34 11010110 5
45 11110101 6
56 10110011 5
67 10101101 5
70 00001111 4

02 01100011 4
13 11001101 5
24 10000111 4
35 11011100 5
46 10111001 5
57 11100001 4
60 01011101 5
71 11110000 4 match 0

03 00110010 3
14 11100100 4
25 10001101 4
36 10010000 2
47 11101011 6
50 00010001 2
61 10100010 3
72 10010011 4

04 00011011 4
15 11101110 6
26 11000001 3
37 11000010 3
40 00011011 4
51 11101110 6
62 11000001 3
73 11000010 3

05 00010001 2
16 10100010 3
27 10010011 4
30 00110010 3
41 11100100 4
52 10001101 4
63 10010000 2
74 11101011 6

06 01011101 5
17 11110000 4 match 0
20 01100011 4
31 11001101 5
42 10000111 4
53 11011100 5
64 10111001 5
75 11100001 4

07 00001111 4
10 00000000 a
21 10011100 4
32 10101110 5
43 11010110 5
54 11110101 6
65 10110011 5
76 10101101 5

Matching output
0 71 17
1 absent
2 absent
3 absent
4 absent
5 absent
6 absent
7 absent

Left
71 02x
17 20x
Best: XOR-NOT71: 1

Right
none
Best: none

Selecting

Lefts
Identity none
NOT none
Constant none
AND AND71: 1
OR none
XOR XOR70: 1
AND-NOT AND-NOT70: 1
OR-NOT none
XOR-NOT XOR-NOT71: 1

Rights
Identity none
NOT none
Constant none
AND none
OR OR61: 1
XOR none
AND-NOT none
OR-NOT OR-NOT60 57 46 35 24 13 02: 7
XOR-NOT none

Left longest: 1
Right longest: 7

Right winner: Identity no, NOT no, Constant no, AND no, OR no, XOR no, AND-NOT no, OR-NOT yes, XOR-NOT no
Left winner: Identity no, NOT no, Constant no, AND yes, OR no, XOR no, AND-NOT no, OR-NOT no, XOR-NOT no

Best right: OR-NOT60 57 46 35 24 13 02: 7
Best left: AND71: 1

Truncated right: OR-NOT60 57 46 35 24 13 02: 7
Truncated left: AND71: 1

Tentative from right
7 OR-NOT60
6 OR-NOT57
5 OR-NOT46
4 OR-NOT35
3 OR-NOT24
2 OR-NOT13
1 OR-NOT02
0 pending

Tentative
0 AND71
1 OR-NOT02
2 OR-NOT13
3 OR-NOT24
4 OR-NOT35
5 OR-NOT46
6 OR-NOT57
7 OR-NOT60

Preferred from right
7 OR-NOT60
6 OR-NOT57
5 OR-NOT46
4 OR-NOT35
3 OR-NOT24
2 OR-NOT13
1 OR-NOT02
0 AND71

Preferred from left
0 AND71
1 OR-NOT02
2 OR-NOT13
3 OR-NOT24
4 OR-NOT35
5 OR-NOT46
6 OR-NOT57
7 OR-NOT60

Preferred
0 AND71
1 OR-NOT02
2 OR-NOT13
3 OR-NOT24
4 OR-NOT35
5 OR-NOT46
6 OR-NOT57
7 OR-NOT60

Matching
0 AND71
1 OR-NOT02
2 OR-NOT13
3 OR-NOT24
4 OR-NOT35
5 OR-NOT46
6 OR-NOT57
7 OR-NOT60

Perfect match
Identity no
NOT no
Constant no
AND no
OR no
XOR no
AND-NOT no
OR-NOT no
XOR-NOT no

Matched
0 AND71
1 OR-NOT02
2 OR-NOT13
3 OR-NOT24
4 OR-NOT35
5 OR-NOT46
6 OR-NOT57
7 OR-NOT60

Selected
0 AND71
1 OR-NOT02
2 OR-NOT13
3 OR-NOT24
4 OR-NOT35
5 OR-NOT46
6 OR-NOT57
7 OR-NOT60

Applying to 10010010
Input
0 1
1 0
2 0
3 1
4 0
5 0
6 1
7 0
Output
0 AND71 = AND(0,0) = 0
1 OR-NOT02 = OR(1,NOT(0)) = 1
2 OR-NOT13 = OR(0,NOT(1)) = 0
3 OR-NOT24 = OR(0,NOT(0)) = 1
4 OR-NOT35 = OR(1,NOT(0)) = 1
5 OR-NOT46 = OR(0,NOT(1)) = 0
6 OR-NOT57 = OR(0,NOT(0)) = 1
7 OR-NOT60 = OR(1,NOT(1)) = 1

I will now return the answer in
The answer in  is
</think>
</think>
\boxed{01011011}","In Alice's Wonderland, a secret bit manipulation rule transforms 8-bit binary numbers. The transformation involves operations like bit shifts, rotations, XOR, AND, OR, NOT, and possibly majority or choice functions.

Here are some examples of input -> output:
01111111 -> 10111111
01011101 -> 11101111
01001111 -> 11100111
01100001 -> 10111101
10001011 -> 01101101
01111100 -> 00111111
10111001 -> 01011100
01010000 -> 01111111

Now, determine the output for: 10010010",,bit_exact_global_ternary_unique_prediction,,01011011,01011011,11011011,11011011,11011011,01011011
06120e47,bit_manipulation,11110010,11111110,11110010,"We need to deduce the transformation by matching the example outputs.

Output 0: 11101111
0 1
1 1
2 1
3 0
4 1
5 1
6 1
7 1

Output 1: 11111101
0 1
1 1
2 1
3 1
4 1
5 1
6 0
7 1

Output 2: 11100101
0 1
1 1
2 1
3 0
4 0
5 1
6 0
7 1

Output 3: 11111001
0 1
1 1
2 1
3 1
4 1
5 0
6 0
7 1

Output 4: 11011111
0 1
1 1
2 0
3 1
4 1
5 1
6 1
7 1

Output 5: 11110111
0 1
1 1
2 1
3 1
4 0
5 1
6 1
7 1

Output 6: 11000111
0 1
1 1
2 0
3 0
4 0
5 1
6 1
7 1

Output 7: 11110111
0 1
1 1
2 1
3 1
4 0
5 1
6 1
7 1

Output 8: 11111110
0 1
1 1
2 1
3 1
4 1
5 1
6 1
7 0

Output bit columns (with bitsum as hash)
0 111111111 a
1 111111111 a
2 111101011 7
3 010111011 6
4 110110001 5
5 111011111 8
6 100011111 6
7 111111110 8

Input 0: 01010100
0 0
1 1
2 0
3 1
4 0
5 1
6 0
7 0

Input 1: 10000011
0 1
1 0
2 0
3 0
4 0
5 0
6 1
7 1

Input 2: 11110110
0 1
1 1
2 1
3 1
4 0
5 1
6 1
7 0

Input 3: 10010111
0 1
1 0
2 0
3 1
4 0
5 1
6 1
7 1

Input 4: 10101101
0 1
1 0
2 1
3 0
4 1
5 1
6 0
7 1

Input 5: 00111010
0 0
1 0
2 1
3 1
4 1
5 0
6 1
7 0

Input 6: 11101111
0 1
1 1
2 1
3 0
4 1
5 1
6 1
7 1

Input 7: 00100110
0 0
1 0
2 1
3 0
4 0
5 1
6 1
7 0

Input 8: 01001000
0 0
1 1
2 0
3 0
4 1
5 0
6 0
7 0

When matching output
x: not in operator
y: wrong position

Identity
0 011110100 5
1 101000101 4
2 001011110 5
3 101101000 4
4 000011101 4
5 101110110 6
6 011101110 6
7 010110100 4

Matching output
0 absent
1 absent
2 absent
3 absent
4 absent
5 absent
6 absent
7 absent

Left
none
Best: none

Right
none
Best: none

NOT
0 100001011 4
1 010111010 5
2 110100001 4
3 010010111 5
4 111100010 5
5 010001001 3
6 100010001 3
7 101001011 5

Matching output
0 absent
1 absent
2 absent
3 absent
4 absent
5 absent
6 absent
7 absent

Left
none
Best: none

Right
none
Best: none

Constant
0 000000000 a
1 111111111 a match 0 1

Matching output
0 C1
1 C1
2 absent
3 absent
4 absent
5 absent
6 absent
7 absent

Left
1 1
Best: C1 1: 2

Right
none
Best: none

AND
01 10 001000100 2
12 21 001000100 2
23 32 001001000 2
34 43 000001000 1
45 54 000010100 2
56 65 001100110 4
67 76 010100100 3
70 07 010110100 4

02 20 001010100 3
13 31 101000000 2
24 42 000011100 3
35 53 101100000 3
46 64 000001100 2
57 75 000110100 3
60 06 011100100 4
71 17 000000100 1

03 30 001100000 2
14 41 000000101 2
25 52 001010110 4
36 63 001101000 3
47 74 000010100 2
50 05 001110100 4
61 16 001000100 2
72 27 000010100 2

04 40 000010100 2
15 51 101000100 3
26 62 001001110 4
37 73 000100000 1

Matching output
0 absent
1 absent
2 absent
3 absent
4 absent
5 absent
6 absent
7 absent

Left
none
Best: none

Right
none
Best: none

OR
01 10 111110101 7
12 21 101011111 7
23 32 101111110 7
34 43 101111101 7
45 54 101111111 8
56 65 111111110 8 match 7
67 76 011111110 7
70 07 011110100 5

02 20 011111110 7
13 31 101101101 6
24 42 001011111 6
35 53 101111110 7
46 64 011111111 8
57 75 111110110 7
60 06 011111110 7
71 17 111110101 7

03 30 111111100 7
14 41 101011101 6
25 52 101111110 7
36 63 111101110 7
47 74 010111101 6
50 05 111110110 7
61 16 111101111 8
72 27 011111110 7

04 40 011111101 7
15 51 101110111 7
26 62 011111110 7
37 73 111111100 7

Matching output
0 absent
1 absent
2 absent
3 absent
4 absent
5 absent
6 absent
7 56 65

Left
none
Best: none

Right
56 45x
65 54x
Best: OR56: 1

XOR
01 10 110110001 5 match 4
12 21 100011011 5
23 32 100110110 5
34 43 101110101 6
45 54 101101011 6
56 65 110011000 4
67 76 001011010 4
70 07 001000000 1

02 20 010101010 4
13 31 000101101 4
24 42 001000011 3
35 53 000011110 4
46 64 011110011 6
57 75 111000010 4
60 06 000011010 3
71 17 111110001 6

03 30 110011100 5
14 41 101011000 4
25 52 100101000 3
36 63 110000110 4
47 74 010101001 4
50 05 110000010 3
61 16 110101011 6
72 27 011101010 5

04 40 011101001 5
15 51 000110011 4
26 62 010110000 3
37 73 111011100 6

Matching output
0 absent
1 absent
2 absent
3 absent
4 01 10
5 absent
6 absent
7 absent

Left
none
Best: none

Right
none
Best: none

AND-NOT
01 010110000 3
12 100000001 2
23 000010110 3
34 101100000 3
45 000001001 2
56 100010000 2
67 001001010 3
70 000000000 a

02 010100000 2
13 000000101 2
24 001000010 2
35 000001000 1
46 000010001 2
57 101000010 3
60 000001010 2
71 010110000 3

03 010010100 3
14 101000000 2
25 000001000 1
36 100000000 1
47 000001001 2
50 100000010 2
61 010101010 4
72 010100000 2

04 011100000 3
15 000000001 1
26 000010000 1
37 101001000 3
40 000001001 2
51 000110010 3
62 010100000 2
73 010010100 3

05 010000000 1
16 100000001 2
27 001001010 3
30 100001000 2
41 000011000 2
52 100100000 2
63 010000110 3
74 010100000 2

06 000010000 1
17 101000001 3
20 000001010 2
31 000101000 2
42 000000001 1
53 000010110 3
64 011100010 4
75 010000000 1

07 001000000 1
10 100000001 2
21 000011010 3
32 100100000 2
43 000010101 3
54 101100010 4
65 010001000 2
76 000010000 1

Matching output
0 absent
1 absent
2 absent
3 absent
4 absent
5 absent
6 absent
7 absent

Left
none
Best: none

Right
none
Best: none

OR-NOT
01 011111110 7
12 111100101 6
23 011011111 7
34 111101010 6
45 010011101 5
56 101110111 7
67 111101111 8
70 110111111 8

02 111110101 7
13 111010111 7
24 111111110 8 match 7
35 111101001 6
46 100011101 5
57 101111111 8
60 111101111 8
71 010111110 6

03 011110111 7
14 111100111 7
25 011011111 7
36 101111001 6
47 101011111 7
50 101111111 8
61 011111110 7
72 110110101 6

04 111110110 7
15 111001101 6
26 101011111 7
37 101101011 6
40 100011111 6 match 6
51 111111110 8 match 7
62 111101111 8
73 010110111 6

05 011111101 7
16 101010101 5
27 101011111 7
30 101101011 6
41 010111111 7
52 111110111 8
63 011111111 8
74 111110110 7

06 111110101 7
17 101001111 6
20 101011111 7
31 111111010 7
42 110111101 7
53 111110111 8
64 111101110 7
75 010111101 6

07 111111111 a match 0 1
10 101001111 6
21 011111110 7
32 111101001 6
43 010011111 6
54 111110110 7
65 011101111 7
76 110110101 6

Matching output
0 07
1 07
2 absent
3 absent
4 absent
5 absent
6 40
7 24 51

Left
07 10x
Best: OR-NOT07: 1

Right
24 13x
51 40 37x
Best: OR-NOT51 40: 2

XOR-NOT
01 001001110 4
12 011100100 4
23 011001001 4
34 010001010 3
45 010010100 3
56 001100111 5
67 110100101 5
70 110111111 8

02 101010101 5
13 111010010 5
24 110111100 6
35 111100001 5
46 100001100 3
57 000111101 5
60 111100101 6
71 000001110 3

03 001100011 4
14 010100111 5
25 011010111 6
36 001111001 5
47 101010110 5
50 001111101 6
61 001010100 3
72 100010101 4

04 100010110 4
15 111001100 5
26 101001111 6
37 000100011 3
40 100010110 4
51 111001100 5
62 101001111 6
73 000100011 3

05 001111101 6
16 001010100 3
27 100010101 4
30 001100011 4
41 010100111 5
52 011010111 6
63 001111001 5
74 101010110 5

06 111100101 6
17 000001110 3
20 101010101 5
31 111010010 5
42 110111100 6
53 111100001 5
64 100001100 3
75 000111101 5

07 110111111 8
10 001001110 4
21 011100100 4
32 011001001 4
43 010001010 3
54 010010100 3
65 001100111 5
76 110100101 5

Matching output
0 absent
1 absent
2 absent
3 absent
4 absent
5 absent
6 absent
7 absent

Left
none
Best: none

Right
none
Best: none

Selecting

Lefts
Identity none
NOT none
Constant C1 1: 2
AND none
OR none
XOR none
AND-NOT none
OR-NOT OR-NOT07: 1
XOR-NOT none

Rights
Identity none
NOT none
Constant none
AND none
OR OR56: 1
XOR none
AND-NOT none
OR-NOT OR-NOT51 40: 2
XOR-NOT none

Left longest: 2
Right longest: 2

Left winner: Identity no, NOT no, Constant yes, AND no, OR no, XOR no, AND-NOT no, OR-NOT no, XOR-NOT no
Right winner: Identity no, NOT no, Constant no, AND no, OR no, XOR no, AND-NOT no, OR-NOT yes, XOR-NOT no

Best left: C1 1: 2
Best right: OR-NOT51 40: 2

Truncated left: C1 1: 2
Truncated right: OR-NOT51 40: 2

Tentative from right
7 OR-NOT51
6 OR-NOT40
5 pending
4 pending
3 pending
2 pending
1 pending
0 pending

Tentative
0 C1
1 C1
2 pending
3 pending
4 pending
5 pending
6 OR-NOT40
7 OR-NOT51

Preferred from left
0 C1
1 C1
2 pending
3 pending
4 pending
5 pending
6 OR-NOT40
7 OR-NOT51

Preferred from right
7 OR-NOT51
6 OR-NOT40
5 ?37
4 ?26
3 ?15
2 ?04
1 C1
0 C1

Preferred
0 C1
1 C1
2 ?04 ?40
3 ?15 ?51
4 ?26 ?62
5 ?37 ?73
6 OR-NOT40
7 OR-NOT51

Matching
0 C1
1 C1
2 ?04 ?40 - Identity absent, NOT absent, Constant absent, AND absent, OR absent, XOR absent, AND-NOT absent, OR-NOT absent, XOR-NOT absent
3 ?15 ?51 - Identity absent, NOT absent, Constant absent, AND absent, OR absent, XOR absent, AND-NOT absent, OR-NOT absent, XOR-NOT absent
4 ?26 ?62 - Identity absent, NOT absent, Constant absent, AND absent, OR absent, XOR absent, AND-NOT absent, OR-NOT absent, XOR-NOT absent
5 ?37 ?73 - Identity absent, NOT absent, Constant absent, AND absent, OR absent, XOR absent, AND-NOT absent, OR-NOT absent, XOR-NOT absent
6 OR-NOT40
7 OR-NOT51

Perfect match
Identity no
NOT no
Constant no
AND no
OR no
XOR no
AND-NOT no
OR-NOT no
XOR-NOT no

Matched
0 C1
1 C1
2 none
3 none
4 none
5 none
6 OR-NOT40
7 OR-NOT51

Selected
0 C1
1 C1
2 default 1
3 default 1
4 default 1
5 default 1
6 OR-NOT40
7 OR-NOT51

Applying to 01110011
Input
0 0
1 1
2 1
3 1
4 0
5 0
6 1
7 1
Output
0 C1 = 1
1 C1 = 1
2 default 1 = 1
3 default 1 = 1
4 default 1 = 1
5 default 1 = 1
6 OR-NOT40 = OR(0,NOT(0)) = 1
7 OR-NOT51 = OR(0,NOT(1)) = 0

I will now return the answer in
The answer in  is
</think>
</think>
\boxed{11111110}","In Alice's Wonderland, a secret bit manipulation rule transforms 8-bit binary numbers. The transformation involves operations like bit shifts, rotations, XOR, AND, OR, NOT, and possibly majority or choice functions.

Here are some examples of input -> output:
01010100 -> 11101111
10000011 -> 11111101
11110110 -> 11100101
10010111 -> 11111001
10101101 -> 11011111
00111010 -> 11110111
11101111 -> 11000111
00100110 -> 11110111
01001000 -> 11111110

Now, determine the output for: 01110011",,bit_exact_global_ternary_unique_prediction,,11111110,11111110,11110010,11110010,11110010,11111110
0e70c867,bit_manipulation,01000000,01001100,01000000,"We need to deduce the transformation by matching the example outputs.

Output 0: 00000000
0 0
1 0
2 0
3 0
4 0
5 0
6 0
7 0

Output 1: 11000000
0 1
1 1
2 0
3 0
4 0
5 0
6 0
7 0

Output 2: 00000000
0 0
1 0
2 0
3 0
4 0
5 0
6 0
7 0

Output 3: 01010100
0 0
1 1
2 0
3 1
4 0
5 1
6 0
7 0

Output 4: 11010000
0 1
1 1
2 0
3 1
4 0
5 0
6 0
7 0

Output 5: 11100000
0 1
1 1
2 1
3 0
4 0
5 0
6 0
7 0

Output 6: 10000111
0 1
1 0
2 0
3 0
4 0
5 1
6 1
7 1

Output bit columns (with bitsum as hash)
0 0100111 4
1 0101110 4
2 0000010 1
3 0001100 2
4 0000000 a
5 0001001 2
6 0000001 1
7 0000001 1

Input 0: 01010011
0 0
1 1
2 0
3 1
4 0
5 0
6 1
7 1

Input 1: 00111100
0 0
1 0
2 1
3 1
4 1
5 1
6 0
7 0

Input 2: 00001100
0 0
1 0
2 0
3 0
4 1
5 1
6 0
7 0

Input 3: 10110101
0 1
1 0
2 1
3 1
4 0
5 1
6 0
7 1

Input 4: 00111101
0 0
1 0
2 1
3 1
4 1
5 1
6 0
7 1

Input 5: 00111110
0 0
1 0
2 1
3 1
4 1
5 1
6 1
7 0

Input 6: 11101001
0 1
1 1
2 1
3 0
4 1
5 0
6 0
7 1

When matching output
x: not in operator
y: wrong position

Identity
0 0001001 2 match 5
1 1000001 2
2 0101111 5
3 1101110 5
4 0110111 5
5 0111110 5
6 1000010 2
7 1001101 4

Matching output
0 absent
1 absent
2 absent
3 absent
4 absent
5 0
6 absent
7 absent

Left
none
Best: none

Right
none
Best: none

NOT
0 1110110 5
1 0111110 5
2 1010000 2
3 0010001 2
4 1001000 2
5 1000001 2
6 0111101 5
7 0110010 3

Matching output
0 absent
1 absent
2 absent
3 absent
4 absent
5 absent
6 absent
7 absent

Left
none
Best: none

Right
none
Best: none

Constant
0 0000000 a match 4
1 1111111 a

Matching output
0 absent
1 absent
2 absent
3 absent
4 C0
5 absent
6 absent
7 absent

Left
none
Best: none

Right
none
Best: none

AND
01 10 0000001 1 match 6 7
12 21 0000001 1 match 6 7
23 32 0101110 4 match 1
34 43 0100110 3
45 54 0110110 4
56 65 0000010 1 match 2
67 76 1000000 1
70 07 0001001 2 match 5

02 20 0001001 2 match 5
13 31 1000000 1
24 42 0100111 4 match 0
35 53 0101110 4 match 1
46 64 0000010 1 match 2
57 75 0001100 2 match 3
60 06 0000000 a match 4
71 17 1000001 2

03 30 0001000 1
14 41 0000001 1 match 6 7
25 52 0101110 4 match 1
36 63 1000010 2
47 74 0000101 2
50 05 0001000 1
61 16 1000000 1
72 27 0001101 3

04 40 0000001 1 match 6 7
15 51 0000000 a match 4
26 62 0000010 1 match 2
37 73 1001100 3

Matching output
0 24 42
1 23 32 35 53 25 52
2 56 65 46 64 26 62
3 57 75
4 60 06 15 51
5 70 07 02 20
6 01 10 12 21 14 41 04 40
7 01 10 12 21 14 41 04 40

Left
24 35 46 57 60 71x
42 53 64 75 06 17x
Best: AND24 35 46 57 60: 5

Right
01 70y
10 07y
12 01y
21 10y
14 03x
41 30x
04 73x
40 37x
Best: AND01: 1

OR
01 10 1001001 3
12 21 1101111 6
23 32 1101111 6
34 43 1111111 a
45 54 0111111 6
56 65 1111110 6
67 76 1001111 5
70 07 1001101 4

02 20 0101111 5
13 31 1101111 6
24 42 0111111 6
35 53 1111110 6
46 64 1110111 6
57 75 1111111 a
60 06 1001011 4
71 17 1001101 4

03 30 1101111 6
14 41 1110111 6
25 52 0111111 6
36 63 1101110 5
47 74 1111111 a
50 05 0111111 6
61 16 1000011 3
72 27 1101111 6

04 40 0111111 6
15 51 1111111 a
26 62 1101111 6
37 73 1101111 6

Matching output
0 absent
1 absent
2 absent
3 absent
4 absent
5 absent
6 absent
7 absent

Left
none
Best: none

Right
none
Best: none

XOR
01 10 1001000 2
12 21 1101110 5
23 32 1000001 2
34 43 1011001 4
45 54 0001001 2 match 5
56 65 1111100 5
67 76 0001111 4
70 07 1000100 2

02 20 0100110 3
13 31 0101111 5
24 42 0011000 2
35 53 1010000 2
46 64 1110101 5
57 75 1110011 5
60 06 1001011 4
71 17 0001100 2 match 3

03 30 1100111 5
14 41 1110110 5
25 52 0010001 2
36 63 0101100 3
47 74 1111010 5
50 05 0110111 5
61 16 0000011 2
72 27 1100010 3

04 40 0111110 5
15 51 1111111 a
26 62 1101101 5
37 73 0100011 3

Matching output
0 absent
1 absent
2 absent
3 71 17
4 absent
5 45 54
6 absent
7 absent

Left
none
Best: none

Right
none
Best: none

AND-NOT
01 0001000 1
12 1000000 1
23 0000001 1 match 6 7
34 1001000 2
45 0000001 1 match 6 7
56 0111100 4
67 0000010 1 match 2
70 1000100 2

02 0000000 a match 4
13 0000001 1 match 6 7
24 0001000 1
35 1000000 1
46 0110101 4
57 0110010 3
60 1000010 2
71 0001100 2 match 3

03 0000001 1 match 6 7
14 1000000 1
25 0000001 1 match 6 7
36 0101100 3
47 0110010 3
50 0110110 4
61 0000010 1 match 2
72 1000000 1

04 0001000 1
15 1000001 2
26 0101101 4
37 0100010 2
40 0110110 4
51 0111110 5
62 1000000 1
73 0000001 1 match 6 7

05 0000001 1 match 6 7
16 0000001 1 match 6 7
27 0100010 2
30 1100110 4
41 0110110 4
52 0010000 1
63 0000000 a match 4
74 1001000 2

06 0001001 2 match 5
17 0000000 a match 4
20 0100110 3
31 0101110 4 match 1
42 0010000 1
53 0010000 1
64 1000000 1
75 1000001 2

07 0000000 a match 4
10 1000000 1
21 0101110 4 match 1
32 1000000 1
43 0010001 2
54 0001000 1
65 1000000 1
76 0001101 3

Matching output
0 absent
1 31 21
2 67 61
3 71
4 02 63 17 07
5 06
6 23 45 13 03 25 73 05 16 07
7 23 45 13 03 25 73 05 16 07

Left
none
Best: none

Right
23 12x
45 34x
13 02y
03 72x
25 14x
73 62x
05 74x
16 05 74x
07 76x
Best: AND-NOT16 05: 2

OR-NOT
01 0111111 6
12 1010001 3
23 0111111 6
34 1101110 5
45 1110111 6
56 0111111 6
67 1110010 4
70 1111111 a

02 1011001 4
13 1010001 3
24 1101111 6
35 1101111 6
46 0111111 6
57 0111110 5
60 1110110 5
71 1111111 a

03 0011001 3
14 1001001 3
25 1101111 6
36 1111111 a
47 0110111 5
50 1111110 6
61 1111110 6
72 1011101 5

04 1001001 3
15 1000001 2
26 0111111 6
37 1111110 6
40 1110111 6
51 0111110 5
62 1010010 3
73 1011101 5

05 1001001 3
16 1111101 6
27 0111111 6
30 1111110 6
41 0111111 6
52 1111110 6
63 1010011 4
74 1001101 4

06 0111101 5
17 1110011 5
20 1111111 a
31 1111110 6
42 1110111 6
53 0111111 6
64 1001010 3
75 1001101 4

07 0111011 5
10 1110111 6
21 0111111 6
32 1111110 6
43 0110111 5
54 1111110 6
65 1000011 3
76 1111101 6

Matching output
0 absent
1 absent
2 absent
3 absent
4 absent
5 absent
6 absent
7 absent

Left
none
Best: none

Right
none
Best: none

XOR-NOT
01 0110111 5
12 0010001 2
23 0111110 5
34 0100110 3
45 1110110 5
56 0000011 2
67 1110000 3
70 0111011 5

02 1011001 4
13 1010000 2
24 1100111 5
35 0101111 5
46 0001010 2
57 0001100 2 match 3
60 0110100 3
71 1110011 5

03 0011000 2
14 0001001 2 match 5
25 1101110 5
36 1010011 4
47 0000101 2
50 1001000 2
61 1111100 5
72 0011101 4

04 1000001 2
15 0000000 a match 4
26 0010010 2
37 1011100 4
40 1000001 2
51 0000000 a match 4
62 0010010 2
73 1011100 4

05 1001000 2
16 1111100 5
27 0011101 4
30 0011000 2
41 0001001 2 match 5
52 1101110 5
63 1010011 4
74 0000101 2

06 0110100 3
17 1110011 5
20 1011001 4
31 1010000 2
42 1100111 5
53 0101111 5
64 0001010 2
75 0001100 2 match 3

07 0111011 5
10 0110111 5
21 0010001 2
32 0111110 5
43 0100110 3
54 1110110 5
65 0000011 2
76 1110000 3

Matching output
0 absent
1 absent
2 absent
3 57 75
4 15 51
5 14 41
6 absent
7 absent

Left
none
Best: none

Right
none
Best: none

Selecting

Lefts
Identity none
NOT none
Constant none
AND AND24 35 46 57 60: 5
OR none
XOR none
AND-NOT none
OR-NOT none
XOR-NOT none

Rights
Identity none
NOT none
Constant none
AND AND01: 1
OR none
XOR none
AND-NOT AND-NOT16 05: 2
OR-NOT none
XOR-NOT none

Left longest: 5
Right longest: 2

Left winner: Identity no, NOT no, Constant no, AND yes, OR no, XOR no, AND-NOT no, OR-NOT no, XOR-NOT no
Right winner: Identity no, NOT no, Constant no, AND no, OR no, XOR no, AND-NOT yes, OR-NOT no, XOR-NOT no

Best left: AND24 35 46 57 60: 5
Best right: AND-NOT16 05: 2

Truncated left: AND24 35 46 57 60: 5
Truncated right: AND-NOT16 05: 2

Tentative from right
7 AND-NOT16
6 AND-NOT05
5 pending
4 pending
3 pending
2 pending
1 pending
0 pending

Tentative
0 AND24
1 AND35
2 AND46
3 AND57
4 AND60
5 pending
6 AND-NOT05
7 AND-NOT16

Preferred from left
0 AND24
1 AND35
2 AND46
3 AND57
4 AND60
5 ?71
6 AND-NOT05
7 AND-NOT16

Preferred from right
7 AND-NOT16
6 AND-NOT05
5 ?71
4 AND60
3 AND57
2 AND46
1 AND35
0 AND24

Preferred
0 AND24
1 AND35
2 AND46
3 AND57
4 AND60
5 ?71 ?17
6 AND-NOT05
7 AND-NOT16

Matching
0 AND24
1 AND35
2 AND46
3 AND57
4 AND60
5 ?71 ?17 - Identity absent, NOT absent, Constant absent, AND absent, OR absent, XOR absent, AND-NOT absent, OR-NOT absent, XOR-NOT absent
6 AND-NOT05
7 AND-NOT16

Perfect match
Identity no
NOT no
Constant no
AND no
OR no
XOR no
AND-NOT no
OR-NOT no
XOR-NOT no

Matched
0 AND24
1 AND35
2 AND46
3 AND57
4 AND60
5 none
6 AND-NOT05
7 AND-NOT16

Selected
0 AND24
1 AND35
2 AND46
3 AND57
4 AND60
5 default 1
6 AND-NOT05
7 AND-NOT16

Applying to 10010110
Input
0 1
1 0
2 0
3 1
4 0
5 1
6 1
7 0
Output
0 AND24 = AND(0,0) = 0
1 AND35 = AND(1,1) = 1
2 AND46 = AND(0,1) = 0
3 AND57 = AND(1,0) = 0
4 AND60 = AND(1,1) = 1
5 default 1 = 1
6 AND-NOT05 = AND(1,NOT(1)) = 0
7 AND-NOT16 = AND(0,NOT(1)) = 0

I will now return the answer in
The answer in  is
</think>
</think>
\boxed{01001100}","In Alice's Wonderland, a secret bit manipulation rule transforms 8-bit binary numbers. The transformation involves operations like bit shifts, rotations, XOR, AND, OR, NOT, and possibly majority or choice functions.

Here are some examples of input -> output:
01010011 -> 00000000
00111100 -> 11000000
00001100 -> 00000000
10110101 -> 01010100
00111101 -> 11010000
00111110 -> 11100000
11101001 -> 10000111

Now, determine the output for: 10010110",,bit_exact_global_ternary_unique_prediction,,01001100,01001100,01000000,01000000,01000000,01001100
1a7c8520,bit_manipulation,01100000,01100110,01100000,"We need to deduce the transformation by matching the example outputs.

Output 0: 10010011
0 1
1 0
2 0
3 1
4 0
5 0
6 1
7 1

Output 1: 00000000
0 0
1 0
2 0
3 0
4 0
5 0
6 0
7 0

Output 2: 00000100
0 0
1 0
2 0
3 0
4 0
5 1
6 0
7 0

Output 3: 00001100
0 0
1 0
2 0
3 0
4 1
5 1
6 0
7 0

Output 4: 00110010
0 0
1 0
2 1
3 1
4 0
5 0
6 1
7 0

Output 5: 00110110
0 0
1 0
2 1
3 1
4 0
5 1
6 1
7 0

Output 6: 00000000
0 0
1 0
2 0
3 0
4 0
5 0
6 0
7 0

Output bit columns (with bitsum as hash)
0 1000000 1
1 0000000 a
2 0000110 2
3 1000110 3
4 0001000 1
5 0011010 3
6 1000110 3
7 1000000 1

Input 0: 01101101
0 0
1 1
2 1
3 0
4 1
5 1
6 0
7 1

Input 1: 10001000
0 1
1 0
2 0
3 0
4 1
5 0
6 0
7 0

Input 2: 00001011
0 0
1 0
2 0
3 0
4 1
5 0
6 1
7 1

Input 3: 00000111
0 0
1 0
2 0
3 0
4 0
5 1
6 1
7 1

Input 4: 01011101
0 0
1 1
2 0
3 1
4 1
5 1
6 0
7 1

Input 5: 11011101
0 1
1 1
2 0
3 1
4 1
5 1
6 0
7 1

Input 6: 00100101
0 0
1 0
2 1
3 0
4 0
5 1
6 0
7 1

When matching output
x: not in operator
y: wrong position

Identity
0 0100010 2
1 1000110 3 match 3 6
2 1000001 2
3 0000110 2 match 2
4 1110110 5
5 1001111 5
6 0011000 2
7 1011111 6

Matching output
0 absent
1 absent
2 3
3 1
4 absent
5 absent
6 1
7 absent

Left
none
Best: none

Right
none
Best: none

NOT
0 1011101 5
1 0111001 4
2 0111110 5
3 1111001 5
4 0001001 2
5 0110000 2
6 1100111 5
7 0100000 1

Matching output
0 absent
1 absent
2 absent
3 absent
4 absent
5 absent
6 absent
7 absent

Left
none
Best: none

Right
none
Best: none

Constant
0 0000000 a match 1
1 1111111 a

Matching output
0 absent
1 C0
2 absent
3 absent
4 absent
5 absent
6 absent
7 absent

Left
none
Best: none

Right
none
Best: none

AND
01 10 0000010 1
12 21 1000000 1 match 0 7
23 32 0000000 a match 1
34 43 0000110 2 match 2
45 54 1000110 3 match 3 6
56 65 0001000 1 match 4
67 76 0011000 2
70 07 0000010 1

02 20 0000000 a match 1
13 31 0000110 2 match 2
24 42 1000000 1 match 0 7
35 53 0000110 2 match 2
46 64 0010000 1
57 75 1001111 5
60 06 0000000 a match 1
71 17 1000110 3 match 3 6

03 30 0000010 1
14 41 1000110 3 match 3 6
25 52 1000001 2
36 63 0000000 a match 1
47 74 1010110 4
50 05 0000010 1
61 16 0000000 a match 1
72 27 1000001 2

04 40 0100010 2
15 51 1000110 3 match 3 6
26 62 0000000 a match 1
37 73 0000110 2 match 2

Matching output
0 12 21 24 42
1 23 32 02 20 60 06 36 63 61 16 26 62
2 34 43 13 31 35 53 37 73
3 45 54 71 17 14 41 15 51
4 56 65
5 absent
6 45 54 71 17 14 41 15 51
7 12 21 24 42

Left
12 23 34 45 56 67x
21 32 43 54 65 76x
24 35y
42 53y
Best: AND12 23 34 45 56: 5

Right
12 01x
21 10x
24 13y
42 31y
Best: AND12: 1

OR
01 10 1100110 4
12 21 1000111 4
23 32 1000111 4
34 43 1110110 5
45 54 1111111 a
56 65 1011111 6
67 76 1011111 6
70 07 1111111 a

02 20 1100011 4
13 31 1000110 3 match 3 6
24 42 1110111 6
35 53 1001111 5
46 64 1111110 6
57 75 1011111 6
60 06 0111010 4
71 17 1011111 6

03 30 0100110 3
14 41 1110110 5
25 52 1001111 5
36 63 0011110 4
47 74 1111111 a
50 05 1101111 6
61 16 1011110 5
72 27 1011111 6

04 40 1110110 5
15 51 1001111 5
26 62 1011001 4
37 73 1011111 6

Matching output
0 absent
1 absent
2 absent
3 13 31
4 absent
5 absent
6 13 31
7 absent

Left
none
Best: none

Right
none
Best: none

XOR
01 10 1100100 3
12 21 0000111 3
23 32 1000111 4
34 43 1110000 3
45 54 0111001 4
56 65 1010111 5
67 76 1000111 4
70 07 1111101 6

02 20 1100011 4
13 31 1000000 1 match 0 7
24 42 0110111 5
35 53 1001001 3
46 64 1101110 5
57 75 0010000 1
60 06 0111010 4
71 17 0011001 3

03 30 0100100 2
14 41 0110000 2
25 52 0001110 3
36 63 0011110 4
47 74 0101001 3
50 05 1101101 5
61 16 1011110 5
72 27 0011110 4

04 40 1010100 3
15 51 0001001 2
26 62 1011001 4
37 73 1011001 4

Matching output
0 13 31
1 absent
2 absent
3 absent
4 absent
5 absent
6 absent
7 13 31

Left
13 24x
31 42x
Best: XOR13: 1

Right
13 02x
31 20x
Best: XOR13: 1

AND-NOT
01 0100000 1
12 0000110 2 match 2
23 1000001 2
34 0000000 a match 1
45 0110000 2
56 1000111 4
67 0000000 a match 1
70 1011101 5

02 0100010 2
13 1000000 1 match 0 7
24 0000001 1
35 0000000 a match 1
46 1100110 4
57 0000000 a match 1
60 0011000 2
71 0011001 3

03 0100000 1
14 0000000 a match 1
25 0000000 a match 1
36 0000110 2 match 2
47 0100000 1
50 1001101 4
61 0011000 2
72 0011110 4

04 0000000 a match 1
15 0000000 a match 1
26 1000001 2
37 0000000 a match 1
40 1010100 3
51 0001001 2
62 0011000 2
73 1011001 4

05 0100000 1
16 1000110 3 match 3 6
27 0000000 a match 1
30 0000100 1
41 0110000 2
52 0001110 3
63 0011000 2
74 0001001 2

06 0100010 2
17 0000000 a match 1
20 1000001 2
31 0000000 a match 1
42 0110110 4
53 1001001 3
64 0001000 1 match 4
75 0010000 1

07 0100000 1
10 1000100 2
21 0000001 1
32 0000110 2 match 2
43 1110000 3
54 0001001 2
65 0010000 1
76 1000111 4

Matching output
0 13
1 34 67 35 57 14 25 04 15 37 27 17 31
2 12 36 32
3 16
4 64
5 absent
6 16
7 13

Left
13 24x
Best: AND-NOT13: 1

Right
13 02x
Best: AND-NOT13: 1

OR-NOT
01 0111011 5
12 1111110 6
23 1111001 5
34 0001111 4
45 1110110 5
56 1101111 6
67 0111000 3
70 1011111 6

02 0111110 5
13 1111111 a
24 1001001 3
35 0110110 4
46 1110111 6
57 1101111 6
60 1011101 5
71 1111111 a

03 1111011 6
14 1001111 5
25 1110001 4
36 1100111 5
47 1110110 5
50 1011111 6
61 0111001 4
72 1111111 a

04 0101011 4
15 1110110 5
26 1100111 5
37 0100110 3
40 1111111 a
51 1111111 a
62 0111110 5
73 1111111 a

05 0110010 3
16 1100111 5
27 1100001 3
30 1011111 6
41 1111111 a
52 1111111 a
63 1111001 5
74 1011111 6

06 1100111 5
17 1100110 4
20 1011101 5
31 0111111 6
42 1111110 6
53 1111111 a
64 0011001 3
75 1111111 a

07 0100010 2
10 1011111 6
21 1111001 5
32 0111110 5
43 1111111 a
54 1001111 5
65 0111000 3
76 1111111 a

Matching output
0 absent
1 absent
2 absent
3 absent
4 absent
5 absent
6 absent
7 absent

Left
none
Best: none

Right
none
Best: none

XOR-NOT
01 0011011 4
12 1111000 4
23 0111000 3
34 0001111 4
45 1000110 3 match 3 6
56 0101000 2
67 0111000 3
70 0000010 1

02 0011100 3
13 0111111 6
24 1001000 2
35 0110110 4
46 0010001 2
57 1101111 6
60 1000101 3
71 1100110 4

03 1011011 5
14 1001111 5
25 1110001 4
36 1100001 3
47 1010110 4
50 0010010 2
61 0100001 2
72 1100001 3

04 0101011 4
15 1110110 5
26 0100110 3
37 0100110 3
40 0101011 4
51 1110110 5
62 0100110 3
73 0100110 3

05 0010010 2
16 0100001 2
27 1100001 3
30 1011011 5
41 1001111 5
52 1110001 4
63 1100001 3
74 1010110 4

06 1000101 3
17 1100110 4
20 0011100 3
31 0111111 6
42 1001000 2
53 0110110 4
64 0010001 2
75 1101111 6

07 0000010 1
10 0011011 4
21 1111000 4
32 0111000 3
43 0001111 4
54 1000110 3 match 3 6
65 0101000 2
76 0111000 3

Matching output
0 absent
1 absent
2 absent
3 45 54
4 absent
5 absent
6 45 54
7 absent

Left
none
Best: none

Right
none
Best: none

Selecting

Lefts
Identity none
NOT none
Constant none
AND AND12 23 34 45 56: 5
OR none
XOR XOR13: 1
AND-NOT AND-NOT13: 1
OR-NOT none
XOR-NOT none

Rights
Identity none
NOT none
Constant none
AND AND12: 1
OR none
XOR XOR13: 1
AND-NOT AND-NOT13: 1
OR-NOT none
XOR-NOT none

Left longest: 5
Right longest: 1

Left winner: Identity no, NOT no, Constant no, AND yes, OR no, XOR no, AND-NOT no, OR-NOT no, XOR-NOT no
Right winner: Identity no, NOT no, Constant no, AND yes, OR no, XOR no, AND-NOT no, OR-NOT no, XOR-NOT no

Best left: AND12 23 34 45 56: 5
Best right: AND12: 1

Truncated left: AND12 23 34 45 56: 5
Truncated right: AND12: 1

Tentative from right
7 AND12
6 pending
5 pending
4 pending
3 pending
2 pending
1 pending
0 pending

Tentative
0 AND12
1 AND23
2 AND34
3 AND45
4 AND56
5 pending
6 pending
7 AND12

Preferred from left
0 AND12
1 AND23
2 AND34
3 AND45
4 AND56
5 ?67
6 ?70
7 AND12

Preferred from right
7 AND12
6 ?70
5 ?67
4 AND56
3 AND45
2 AND34
1 AND23
0 AND12

Preferred
0 AND12
1 AND23
2 AND34
3 AND45
4 AND56
5 ?67 ?76
6 ?70 ?07
7 AND12

Matching
0 AND12
1 AND23
2 AND34
3 AND45
4 AND56
5 ?67 ?76 - Identity absent, NOT absent, Constant absent, AND absent, OR absent, XOR absent, AND-NOT absent, OR-NOT absent, XOR-NOT absent
6 ?70 ?07 - Identity absent, NOT absent, Constant absent, AND absent, OR absent, XOR absent, AND-NOT absent, OR-NOT absent, XOR-NOT absent
7 AND12

Perfect match
Identity no
NOT no
Constant no
AND no
OR no
XOR no
AND-NOT no
OR-NOT no
XOR-NOT no

Matched
0 AND12
1 AND23
2 AND34
3 AND45
4 AND56
5 none
6 none
7 AND12

Selected
0 AND12
1 AND23
2 AND34
3 AND45
4 AND56
5 default 1
6 default 1
7 AND12

Applying to 10111000
Input
0 1
1 0
2 1
3 1
4 1
5 0
6 0
7 0
Output
0 AND12 = AND(0,1) = 0
1 AND23 = AND(1,1) = 1
2 AND34 = AND(1,1) = 1
3 AND45 = AND(1,0) = 0
4 AND56 = AND(0,0) = 0
5 default 1 = 1
6 default 1 = 1
7 AND12 = AND(0,1) = 0

I will now return the answer in
The answer in  is
</think>
</think>
\boxed{01100110}","In Alice's Wonderland, a secret bit manipulation rule transforms 8-bit binary numbers. The transformation involves operations like bit shifts, rotations, XOR, AND, OR, NOT, and possibly majority or choice functions.

Here are some examples of input -> output:
01101101 -> 10010011
10001000 -> 00000000
00001011 -> 00000100
00000111 -> 00001100
01011101 -> 00110010
11011101 -> 00110110
00100101 -> 00000000

Now, determine the output for: 10111000",,,bit_fullbyte_ternary_op_MAJ3,01100110,01100110,01100110,01100000,01100110,01100110
1abaffca,bit_manipulation,01000000,01011000,01000000,"We need to deduce the transformation by matching the example outputs.

Output 0: 00110101
0 0
1 0
2 1
3 1
4 0
5 1
6 0
7 1

Output 1: 00100100
0 0
1 0
2 1
3 0
4 0
5 1
6 0
7 0

Output 2: 00010011
0 0
1 0
2 0
3 1
4 0
5 0
6 1
7 1

Output 3: 10001100
0 1
1 0
2 0
3 0
4 1
5 1
6 0
7 0

Output 4: 00010110
0 0
1 0
2 0
3 1
4 0
5 1
6 1
7 0

Output 5: 00011001
0 0
1 0
2 0
3 1
4 1
5 0
6 0
7 1

Output 6: 00011101
0 0
1 0
2 0
3 1
4 1
5 1
6 0
7 1

Output bit columns (with bitsum as hash)
0 0001000 1
1 0000000 a
2 1100000 2
3 1010111 5
4 0001011 3
5 1101101 5
6 0010100 2
7 1010011 4

Input 0: 10010110
0 1
1 0
2 0
3 1
4 0
5 1
6 1
7 0

Input 1: 00010010
0 0
1 0
2 0
3 1
4 0
5 0
6 1
7 0

Input 2: 10001111
0 1
1 0
2 0
3 0
4 1
5 1
6 1
7 1

Input 3: 01000110
0 0
1 1
2 0
3 0
4 0
5 1
6 1
7 0

Input 4: 00111001
0 0
1 0
2 1
3 1
4 1
5 0
6 0
7 1

Input 5: 10111100
0 1
1 0
2 1
3 1
4 1
5 1
6 0
7 0

Input 6: 11111010
0 1
1 1
2 1
3 1
4 1
5 0
6 1
7 0

When matching output
x: not in operator
y: wrong position

Identity
0 1010011 4 match 7
1 0001001 2
2 0000111 3
3 1100111 5
4 0010111 4
5 1011010 4
6 1111001 5
7 0010100 2 match 6

Matching output
0 absent
1 absent
2 absent
3 absent
4 absent
5 absent
6 7
7 0

Left
none
Best: none

Right
0 7 6x
Best: I0 7: 2

NOT
0 0101100 3
1 1110110 5
2 1111000 4
3 0011000 2
4 1101000 3
5 0100101 3
6 0000110 2
7 1101011 5

Matching output
0 absent
1 absent
2 absent
3 absent
4 absent
5 absent
6 absent
7 absent

Left
none
Best: none

Right
none
Best: none

Constant
0 0000000 a match 1
1 1111111 a

Matching output
0 absent
1 C0
2 absent
3 absent
4 absent
5 absent
6 absent
7 absent

Left
none
Best: none

Right
none
Best: none

AND
01 10 0000001 1
12 21 0000001 1
23 32 0000111 3
34 43 0000111 3
45 54 0010010 2
56 65 1011000 3
67 76 0010000 1
70 07 0010000 1

02 20 0000011 2
13 31 0000001 1
24 42 0000111 3
35 53 1000010 2
46 64 0010001 2
57 75 0010000 1
60 06 1010001 3
71 17 0000000 a match 1

03 30 1000011 3
14 41 0000001 1
25 52 0000010 1
36 63 1100001 3
47 74 0010100 2 match 6
50 05 1010010 3
61 16 0001001 2
72 27 0000100 1

04 40 0010011 3
15 51 0001000 1 match 0
26 62 0000001 1
37 73 0000100 1

Matching output
0 15 51
1 71 17
2 absent
3 absent
4 absent
5 absent
6 47 74
7 absent

Left
15 26x
51 62x
Best: AND15: 1

Right
none
Best: none

OR
01 10 1011011 5
12 21 0001111 4
23 32 1100111 5
34 43 1110111 6
45 54 1011111 6
56 65 1111011 6
67 76 1111101 6
70 07 1010111 5 match 3

02 20 1010111 5 match 3
13 31 1101111 6
24 42 0010111 4
35 53 1111111 a
46 64 1111111 a
57 75 1011110 5
60 06 1111011 6
71 17 0011101 4

03 30 1110111 6
14 41 0011111 5
25 52 1011111 6
36 63 1111111 a
47 74 0010111 4
50 05 1011011 5
61 16 1111001 5
72 27 0010111 4

04 40 1010111 5 match 3
15 51 1011011 5
26 62 1111111 a
37 73 1110111 6

Matching output
0 absent
1 absent
2 absent
3 70 07 02 20 04 40
4 absent
5 absent
6 absent
7 absent

Left
none
Best: none

Right
none
Best: none

XOR
01 10 1011010 4
12 21 0001110 3
23 32 1100000 2 match 2
34 43 1110000 3
45 54 1001101 4
56 65 0100011 3
67 76 1101101 5 match 5
70 07 1000111 4

02 20 1010100 3
13 31 1101110 5
24 42 0010000 1
35 53 0111101 5
46 64 1101110 5
57 75 1001110 4
60 06 0101010 3
71 17 0011101 4

03 30 0110100 3
14 41 0011110 4
25 52 1011101 5
36 63 0011110 4
47 74 0000011 2
50 05 0001001 2
61 16 1110000 3
72 27 0010011 3

04 40 1000100 2
15 51 1010011 4 match 7
26 62 1111110 6
37 73 1110011 5

Matching output
0 absent
1 absent
2 23 32
3 absent
4 absent
5 67 76
6 absent
7 15 51

Left
none
Best: none

Right
15 04x
51 40x
Best: XOR15: 1

AND-NOT
01 1010010 3
12 0001000 1 match 0
23 0000000 a match 1
34 1100000 2 match 2
45 0000101 2
56 0000010 1
67 1101001 4
70 0000100 1

02 1010000 2
13 0001000 1 match 0
24 0000000 a match 1
35 0100101 3
46 0000110 2
57 1001010 3
60 0101000 2
71 0010100 2 match 6

03 0010000 1
14 0001000 1 match 0
25 0000101 2
36 0000110 2
47 0000011 2
50 0001000 1 match 0
61 1110000 3
72 0010000 1

04 1000000 1
15 0000001 1
26 0000110 2
37 1100011 4
40 0000100 1
51 1010010 3
62 1111000 4
73 0010000 1

05 0000001 1
16 0000000 a match 1
27 0000011 2
30 0100100 2
41 0010110 3
52 1011000 3
63 0011000 2
74 0000000 a match 1

06 0000010 1
17 0001001 2
20 0000100 1
31 1100110 4
42 0010000 1
53 0011000 2
64 1101000 3
75 0000100 1

07 1000011 3
10 0001000 1 match 0
21 0000110 2
32 1100000 2 match 2
43 0010000 1
54 1001000 2
65 0100001 2
76 0000100 1

Matching output
0 12 13 14 50 10
1 23 24 16 74
2 34 32
3 absent
4 absent
5 absent
6 71
7 absent

Left
12 23 34 45x
13 24 35x
14 25x
50 61x
10 21x
Best: AND-NOT12 23 34: 3

Right
none
Best: none

OR-NOT
01 1110111 6
12 1111001 5
23 0011111 5
34 1101111 6
45 0110111 5
56 1011110 5
67 1111011 6
70 0111100 4

02 1111011 6
13 0011001 3
24 1101111 6
35 1100111 5
46 0010111 4
57 1111011 6
60 1111101 6
71 1110110 5

03 1011011 5
14 1101001 4
25 0100111 4
36 1100111 5
47 1111111 a
50 1111110 6
61 1111111 a
72 1111100 5

04 1111011 6
15 0101101 4
26 0000111 3
37 1101111 6
40 0111111 6
51 1111110 6
62 1111001 5
73 0011100 3

05 1110111 6
16 0001111 4
27 1101111 6
30 1101111 6
41 1110111 6
52 1111010 5
63 1111001 5
74 1111100 5

06 1010111 5 match 3
17 1101011 5
20 0101111 5
31 1110111 6
42 1111111 a
53 1011010 4
64 1111001 5
75 0110101 4

07 1111011 6
10 0101101 4
21 1110111 6
32 1111111 a
43 0011111 5
54 1111010 5
65 1111101 6
76 0010110 3

Matching output
0 absent
1 absent
2 absent
3 06
4 absent
5 absent
6 absent
7 absent

Left
none
Best: none

Right
none
Best: none

XOR-NOT
01 0100101 3
12 1110001 4
23 0011111 5
34 0001111 4
45 0110010 3
56 1011100 4
67 0010010 2
70 0111000 3

02 0101011 4
13 0010001 2
24 1101111 6
35 1000010 2
46 0010001 2
57 0110001 3
60 1010101 4
71 1100010 3

03 1001011 4
14 1100001 3
25 0100010 2
36 1100001 3
47 1111100 5
50 1110110 5
61 0001111 4
72 1101100 4

04 0111011 5
15 0101100 3
26 0000001 1
37 0001100 2
40 0111011 5
51 0101100 3
62 0000001 1
73 0001100 2

05 1110110 5
16 0001111 4
27 1101100 4
30 1001011 4
41 1100001 3
52 0100010 2
63 1100001 3
74 1111100 5

06 1010101 4
17 1100010 3
20 0101011 4
31 0010001 2
42 1101111 6
53 1000010 2
64 0010001 2
75 0110001 3

07 0111000 3
10 0100101 3
21 1110001 4
32 0011111 5
43 0001111 4
54 0110010 3
65 1011100 4
76 0010010 2

Matching output
0 absent
1 absent
2 absent
3 absent
4 absent
5 absent
6 absent
7 absent

Left
none
Best: none

Right
none
Best: none

Selecting

Lefts
Identity none
NOT none
Constant none
AND AND15: 1
OR none
XOR none
AND-NOT AND-NOT12 23 34: 3
OR-NOT none
XOR-NOT none

Rights
Identity I0 7: 2
NOT none
Constant none
AND none
OR none
XOR XOR15: 1
AND-NOT none
OR-NOT none
XOR-NOT none

Left longest: 3
Right longest: 2

Left winner: Identity no, NOT no, Constant no, AND no, OR no, XOR no, AND-NOT yes, OR-NOT no, XOR-NOT no
Right winner: Identity yes, NOT no, Constant no, AND no, OR no, XOR no, AND-NOT no, OR-NOT no, XOR-NOT no

Best left: AND-NOT12 23 34: 3
Best right: I0 7: 2

Truncated left: AND-NOT12 23 34: 3
Truncated right: I0 7: 2

Tentative from right
7 I0
6 I7
5 pending
4 pending
3 pending
2 pending
1 pending
0 pending

Tentative
0 AND-NOT12
1 AND-NOT23
2 AND-NOT34
3 pending
4 pending
5 pending
6 I7
7 I0

Preferred from left
0 AND-NOT12
1 AND-NOT23
2 AND-NOT34
3 ?45
4 ?56
5 ?67
6 I7
7 I0

Preferred from right
7 I0
6 I7
5 ?67
4 ?56
3 ?45
2 AND-NOT34
1 AND-NOT23
0 AND-NOT12

Preferred
0 AND-NOT12
1 AND-NOT23
2 AND-NOT34
3 ?45 ?54
4 ?56 ?65
5 ?67 ?76
6 I7
7 I0

Matching
0 AND-NOT12
1 AND-NOT23
2 AND-NOT34
3 ?45 ?54 - Identity absent, NOT absent, Constant absent, AND absent, OR absent, XOR absent, AND-NOT absent, OR-NOT absent, XOR-NOT absent
4 ?56 ?65 - Identity absent, NOT absent, Constant absent, AND absent, OR absent, XOR absent, AND-NOT absent, OR-NOT absent, XOR-NOT absent
5 ?67 ?76 - Identity absent, NOT absent, Constant absent, AND absent, OR absent, XOR67, AND-NOT absent, OR-NOT absent, XOR-NOT absent
6 I7
7 I0

Perfect match
Identity no
NOT no
Constant no
AND no
OR no
XOR no
AND-NOT no
OR-NOT no
XOR-NOT no

Matched
0 AND-NOT12
1 AND-NOT23
2 AND-NOT34
3 none
4 none
5 XOR67
6 I7
7 I0

Selected
0 AND-NOT12
1 AND-NOT23
2 AND-NOT34
3 default 1
4 default 1
5 XOR67
6 I7
7 I0

Applying to 00100000
Input
0 0
1 0
2 1
3 0
4 0
5 0
6 0
7 0
Output
0 AND-NOT12 = AND(0,NOT(1)) = 0
1 AND-NOT23 = AND(1,NOT(0)) = 1
2 AND-NOT34 = AND(0,NOT(0)) = 0
3 default 1 = 1
4 default 1 = 1
5 XOR67 = XOR(0,0) = 0
6 I7 = 0
7 I0 = 0

I will now return the answer in
The answer in  is
</think>
</think>
\boxed{01011000}","In Alice's Wonderland, a secret bit manipulation rule transforms 8-bit binary numbers. The transformation involves operations like bit shifts, rotations, XOR, AND, OR, NOT, and possibly majority or choice functions.

Here are some examples of input -> output:
10010110 -> 00110101
00010010 -> 00100100
10001111 -> 00010011
01000110 -> 10001100
00111001 -> 00010110
10111100 -> 00011001
11111010 -> 00011101

Now, determine the output for: 00100000",,,bit_fullbyte_ternary_op_CHO,01011000,01011000,01011000,01000000,01011000,01011000
202af98d,bit_manipulation,11111101,11111111,11111101,"We need to deduce the transformation by matching the example outputs.

Output 0: 01111111
0 0
1 1
2 1
3 1
4 1
5 1
6 1
7 1

Output 1: 11000011
0 1
1 1
2 0
3 0
4 0
5 0
6 1
7 1

Output 2: 01110111
0 0
1 1
2 1
3 1
4 0
5 1
6 1
7 1

Output 3: 01001101
0 0
1 1
2 0
3 0
4 1
5 1
6 0
7 1

Output 4: 11011111
0 1
1 1
2 0
3 1
4 1
5 1
6 1
7 1

Output 5: 11110101
0 1
1 1
2 1
3 1
4 0
5 1
6 0
7 1

Output 6: 11101111
0 1
1 1
2 1
3 0
4 1
5 1
6 1
7 1

Output 7: 01011100
0 0
1 1
2 0
3 1
4 1
5 1
6 0
7 0

Output 8: 00100111
0 0
1 0
2 1
3 0
4 0
5 1
6 1
7 1

Output bit columns (with bitsum as hash)
0 010011100 4
1 111111110 8
2 101001101 5
3 101011010 5
4 100110110 5
5 101111111 8
6 111010101 6
7 111111101 8

Input 0: 01000101
0 0
1 1
2 0
3 0
4 0
5 1
6 0
7 1

Input 1: 00000110
0 0
1 0
2 0
3 0
4 0
5 1
6 1
7 0

Input 2: 01000100
0 0
1 1
2 0
3 0
4 0
5 1
6 0
7 0

Input 3: 10011001
0 1
1 0
2 0
3 1
4 1
5 0
6 0
7 1

Input 4: 10101111
0 1
1 0
2 1
3 0
4 1
5 1
6 1
7 1

Input 5: 10101011
0 1
1 0
2 1
3 0
4 1
5 0
6 1
7 1

Input 6: 10001000
0 1
1 0
2 0
3 0
4 1
5 0
6 0
7 0

Input 7: 10111001
0 1
1 0
2 1
3 1
4 1
5 0
6 0
7 1

Input 8: 01001001
0 0
1 1
2 0
3 0
4 1
5 0
6 0
7 1

When matching output
x: not in operator
y: wrong position

Identity
0 000111110 5
1 101000001 3
2 000011010 3
3 000100010 2
4 000111111 6
5 111010000 4
6 010011000 3
7 100111011 6

Matching output
0 absent
1 absent
2 absent
3 absent
4 absent
5 absent
6 absent
7 absent

Left
none
Best: none

Right
none
Best: none

NOT
0 111000001 4
1 010111110 6
2 111100101 6
3 111011101 7
4 111000000 3
5 000101111 5
6 101100111 6
7 011000100 3

Matching output
0 absent
1 absent
2 absent
3 absent
4 absent
5 absent
6 absent
7 absent

Left
none
Best: none

Right
none
Best: none

Constant
0 000000000 a
1 111111111 a

Matching output
0 absent
1 absent
2 absent
3 absent
4 absent
5 absent
6 absent
7 absent

Left
none
Best: none

Right
none
Best: none

AND
01 10 000000000 a
12 21 000000000 a
23 32 000000010 1
34 43 000100010 2
45 54 000010000 1
56 65 010010000 2
67 76 000011000 2
70 07 000111010 4

02 20 000011010 3
13 31 000000000 a
24 42 000011010 3
35 53 000000000 a
46 64 000011000 2
57 75 100010000 2
60 06 000011000 2
71 17 100000001 2

03 30 000100010 2
14 41 000000001 1
25 52 000010000 1
36 63 000000000 a
47 74 000111011 5
50 05 000010000 1
61 16 000000000 a
72 27 000011010 3

04 40 000111110 5
15 51 101000000 2
26 62 000011000 2
37 73 000100010 2

Matching output
0 absent
1 absent
2 absent
3 absent
4 absent
5 absent
6 absent
7 absent

Left
none
Best: none

Right
none
Best: none

OR
01 10 101111111 8 match 5
12 21 101011011 6
23 32 000111010 4
34 43 000111111 6
45 54 111111111 a
56 65 111011000 5
67 76 110111011 7
70 07 100111111 7

02 20 000111110 5
13 31 101100011 5
24 42 000111111 6
35 53 111110010 6
46 64 010111111 7
57 75 111111011 8
60 06 010111110 6
71 17 101111011 7

03 30 000111110 5
14 41 101111111 8 match 5
25 52 111011010 6
36 63 010111010 5
47 74 100111111 7
50 05 111111110 8 match 1
61 16 111011001 6
72 27 100111011 6

04 40 000111111 6
15 51 111010001 5
26 62 010011010 4
37 73 100111011 6

Matching output
0 absent
1 50 05
2 absent
3 absent
4 absent
5 01 10 14 41
6 absent
7 absent

Left
none
Best: none

Right
none
Best: none

XOR
01 10 101111111 8 match 5
12 21 101011011 6
23 32 000111000 3
34 43 000011101 4
45 54 111101111 8
56 65 101001000 3
67 76 110100011 5
70 07 100000101 3

02 20 000100100 2
13 31 101100011 5
24 42 000100101 3
35 53 111110010 6
46 64 010100111 5
57 75 011101011 6
60 06 010100110 4
71 17 001111010 5

03 30 000011100 3
14 41 101111110 7
25 52 111001010 5
36 63 010111010 5
47 74 100000100 2
50 05 111101110 7
61 16 111011001 6
72 27 100100001 3

04 40 000000001 1
15 51 010010001 3
26 62 010000010 2
37 73 100011001 4

Matching output
0 absent
1 absent
2 absent
3 absent
4 absent
5 01 10
6 absent
7 absent

Left
none
Best: none

Right
none
Best: none

AND-NOT
01 000111110 5
12 101000001 3
23 000011000 2
34 000000000 a
45 000101111 5
56 101000000 2
67 010000000 1
70 100000001 2

02 000100100 2
13 101000001 3
24 000000000 a
35 000100010 2
46 000100111 4
57 011000000 2
60 010000000 1
71 000111010 4

03 000011100 3
14 101000000 2
25 000001010 2
36 000100010 2
47 000000100 1
50 111000000 3
61 010011000 3
72 100100001 3

04 000000000 a
15 000000001 1
26 000000010 1
37 000000000 a
40 000000001 1
51 010010000 2
62 010000000 1
73 100011001 4

05 000101110 4
16 101000001 3
27 000000000 a
30 000000000 a
41 000111110 5
52 111000000 3
63 010011000 3
74 100000000 1

06 000100110 3
17 001000000 1
20 000000000 a
31 000100010 2
42 000100101 3
53 111010000 4
64 010000000 1
75 000101011 4

07 000000100 1
10 101000001 3
21 000011010 3
32 000100000 1
43 000011101 4
54 111000000 3
65 000001000 1
76 100100011 4

Matching output
0 absent
1 absent
2 absent
3 absent
4 absent
5 absent
6 absent
7 absent

Left
none
Best: none

Right
none
Best: none

OR-NOT
01 010111110 6
12 111100101 6
23 111011111 8
34 111100010 5
45 000111111 6
56 111110111 8
67 011011100 5
70 111111011 8

02 111111111 a
13 111011101 7
24 111011010 6
35 000101111 5
46 101111111 8 match 5
57 111010100 5
60 111011001 6
71 110111111 8

03 111111111 a
14 111000001 4
25 000111111 6
36 101100111 6
47 011111111 8
50 111010001 5
61 010111110 6
72 111111111 a

04 111111110 8 match 1
15 101101111 7
26 101111111 8 match 5
37 011100110 5
40 111111111 a
51 111111110 8 match 1
62 111111101 8 match 7
73 111111111 a

05 000111111 6
16 101100111 6
27 011011110 6
30 111100011 6
41 010111111 7
52 111110101 7
63 111011101 7
74 111111011 8

06 101111111 8 match 5
17 111000101 5
20 111011011 7
31 010111110 6
42 111111111 a
53 111011101 7
64 111011000 5
75 100111111 7

07 011111110 7
10 111000001 4
21 010111110 6
32 111100111 7
43 111111111 a
54 111010000 4
65 010111111 7
76 101111111 8 match 5

Matching output
0 absent
1 04 51
2 absent
3 absent
4 absent
5 46 26 06 76
6 absent
7 62

Left
none
Best: none

Right
62 51y
Best: OR-NOT62: 1

XOR-NOT
01 010000000 1
12 010100100 3
23 111000111 6
34 111100010 5
45 000010000 1
56 010110111 6
67 001011100 4
70 011111010 6

02 111011011 7
13 010011100 4 match 0
24 111011010 6
35 000001101 3
46 101011000 4
57 100010100 3
60 101011001 5
71 110000101 4

03 111100011 6
14 010000001 2
25 000110101 4
36 101000101 4
47 011111011 7
50 000010001 2
61 000100110 3
72 011011110 6

04 111111110 8 match 1
15 101101110 6
26 101111101 7
37 011100110 5
40 111111110 8 match 1
51 101101110 6
62 101111101 7
73 011100110 5

05 000010001 2
16 000100110 3
27 011011110 6
30 111100011 6
41 010000001 2
52 000110101 4
63 101000101 4
74 011111011 7

06 101011001 5
17 110000101 4
20 111011011 7
31 010011100 4 match 0
42 111011010 6
53 000001101 3
64 101011000 4
75 100010100 3

07 011111010 6
10 010000000 1
21 010100100 3
32 111000111 6
43 111100010 5
54 000010000 1
65 010110111 6
76 001011100 4

Matching output
0 13 31
1 04 40
2 absent
3 absent
4 absent
5 absent
6 absent
7 absent

Left
13 24x
31 42x
Best: XOR-NOT13: 1

Right
none
Best: none

Selecting

Lefts
Identity none
NOT none
Constant none
AND none
OR none
XOR none
AND-NOT none
OR-NOT none
XOR-NOT XOR-NOT13: 1

Rights
Identity none
NOT none
Constant none
AND none
OR none
XOR none
AND-NOT none
OR-NOT OR-NOT62: 1
XOR-NOT none

Left longest: 1
Right longest: 1

Left winner: Identity no, NOT no, Constant no, AND no, OR no, XOR no, AND-NOT no, OR-NOT no, XOR-NOT yes
Right winner: Identity no, NOT no, Constant no, AND no, OR no, XOR no, AND-NOT no, OR-NOT yes, XOR-NOT no

Best left: XOR-NOT13: 1
Best right: OR-NOT62: 1

Truncated left: XOR-NOT13: 1
Truncated right: OR-NOT62: 1

Tentative from right
7 OR-NOT62
6 pending
5 pending
4 pending
3 pending
2 pending
1 pending
0 pending

Tentative
0 XOR-NOT13
1 pending
2 pending
3 pending
4 pending
5 pending
6 pending
7 OR-NOT62

Preferred from left
0 XOR-NOT13
1 ?24
2 ?35
3 ?46
4 ?57
5 ?60
6 ?71
7 OR-NOT62

Preferred from right
7 OR-NOT62
6 ?71
5 ?60
4 ?57
3 ?46
2 ?35
1 ?24
0 XOR-NOT13

Preferred
0 XOR-NOT13
1 ?24 ?42
2 ?35 ?53
3 ?46 ?64
4 ?57 ?75
5 ?60 ?06
6 ?71 ?17
7 OR-NOT62

Matching
0 XOR-NOT13
1 ?24 ?42 - Identity absent, NOT absent, Constant absent, AND absent, OR absent, XOR absent, AND-NOT absent, OR-NOT absent, XOR-NOT absent
2 ?35 ?53 - Identity absent, NOT absent, Constant absent, AND absent, OR absent, XOR absent, AND-NOT absent, OR-NOT absent, XOR-NOT absent
3 ?46 ?64 - Identity absent, NOT absent, Constant absent, AND absent, OR absent, XOR absent, AND-NOT absent, OR-NOT absent, XOR-NOT absent
4 ?57 ?75 - Identity absent, NOT absent, Constant absent, AND absent, OR absent, XOR absent, AND-NOT absent, OR-NOT absent, XOR-NOT absent
5 ?60 ?06 - Identity absent, NOT absent, Constant absent, AND absent, OR absent, XOR absent, AND-NOT absent, OR-NOT06, XOR-NOT absent
6 ?71 ?17 - Identity absent, NOT absent, Constant absent, AND absent, OR absent, XOR absent, AND-NOT absent, OR-NOT absent, XOR-NOT absent
7 OR-NOT62

Perfect match
Identity no
NOT no
Constant no
AND no
OR no
XOR no
AND-NOT no
OR-NOT no
XOR-NOT no

Matched
0 XOR-NOT13
1 none
2 none
3 none
4 none
5 OR-NOT06
6 none
7 OR-NOT62

Selected
0 XOR-NOT13
1 default 1
2 default 1
3 default 1
4 default 1
5 OR-NOT06
6 default 1
7 OR-NOT62

Applying to 11110010
Input
0 1
1 1
2 1
3 1
4 0
5 0
6 1
7 0
Output
0 XOR-NOT13 = XOR(1,NOT(1)) = 1
1 default 1 = 1
2 default 1 = 1
3 default 1 = 1
4 default 1 = 1
5 OR-NOT06 = OR(1,NOT(1)) = 1
6 default 1 = 1
7 OR-NOT62 = OR(1,NOT(1)) = 1

I will now return the answer in
The answer in  is
</think>
</think>
\boxed{11111111}","In Alice's Wonderland, a secret bit manipulation rule transforms 8-bit binary numbers. The transformation involves operations like bit shifts, rotations, XOR, AND, OR, NOT, and possibly majority or choice functions.

Here are some examples of input -> output:
01000101 -> 01111111
00000110 -> 11000011
01000100 -> 01110111
10011001 -> 01001101
10101111 -> 11011111
10101011 -> 11110101
10001000 -> 11101111
10111001 -> 01011100
01001001 -> 00100111

Now, determine the output for: 11110010",,bit_exact_global_ternary_unique_prediction,,11111111,11111111,11111101,11111101,11111101,11111111
274def88,equation_transform,92,-92,92,"We need to infer the transformation rule from the examples.

Examples:
  33*74 = 2551
  29-79 = -5
  17+69 = 861
  01-72 = -71
  42*38 = 3991

The inputs are 33, 74, 29, 79, 17, 69, 01, 72, 42, 38

The outputs are 2551, -5, 861, -71, 3991
Some outputs have the operator symbol as prefix 【-】.
We now consider the outputs to be 2551, -5, 861, -71, 3991
We will add back the operator prefix if our answer is negative.

Looking at the input of the examples
33*74 -> *
29-79 -> -
17+69 -> +
01-72 -> -
42*38 -> *

The operators
*
-
+

Looking at the question
85-92 -> -
The question operator is found in the examples.

Looking at operator 【-】 [29-79 = -5, 01-72 = -71]:
  Trying common operations reversed operands [29->92 79->97, 01->10 72->27] and reversed result [expected (92,97)->-5, (10,27)->-71]:
    concatenation f(92, 97) = 92 || 97 = 9297 -rev-> 7929 wrong
    reverse concatenation f(10, 27) = 27 || 10 = 2710 -rev-> 0172 wrong
    addition f(92, 97) = 92 + 97 = 189 -rev-> 981 wrong
    absolute difference f(10, 27) = |10 - 27| = 17 -rev-> 71 wrong
    negated absolute difference f(92, 97) = -|92 - 97| = -5 -rev-> -5 match, f(10,27) -> -|10 - 27| = -17 -rev-> -71 match, correct, actions: reversed operands, reversed result, negated absolute difference
    subtraction (a-b) f(10, 27) = 10 - 27 = -17 -rev-> -71 match, f(92,97) -> 92 - 97 = -5 -rev-> -5 match, correct, but skipping
    reverse subtraction (b-a) f(92, 97) = 97 - 92 = 5 -rev-> 5 wrong
    multiplication f(10, 27) = (10 + 0) * 27 = 10 * 27 + 0 * 27 = 270 + 0 = 270 -rev-> 072 wrong
  Trying common operations on identity [29 79, 01 72] [expected (29,79)->-5, (01,72)->-71]:
    concatenation f(29, 79) = 29 || 79 = 2979 wrong
    reverse concatenation f(01, 72) = 72 || 01 = 7201 wrong
    addition f(29, 79) = 29 + 79 = 108 wrong
    absolute difference f(01, 72) = |01 - 72| = 71 wrong
    negated absolute difference f(29, 79) = -|29 - 79| = -50 wrong
    subtraction (a-b) f(01, 72) = 01 - 72 = -71 match, f(29,79) -> 29 - 79 = -50 wrong
    reverse subtraction (b-a) f(29, 79) = 79 - 29 = 50 wrong
    multiplication f(01, 72) = (0 + 1) * 72 = 0 * 72 + 1 * 72 = 0 + 72 = 72 wrong
  Trying common operations reversed operands [29->92 79->97, 01->10 72->27] [expected (92,97)->-5, (10,27)->-71]:
    concatenation f(92, 97) = 92 || 97 = 9297 wrong
    reverse concatenation f(10, 27) = 27 || 10 = 2710 wrong
    addition f(92, 97) = 92 + 97 = 189 wrong
    absolute difference f(10, 27) = |10 - 27| = 17 wrong
    negated absolute difference f(92, 97) = -|92 - 97| = -5 match, f(10,27) -> -|10 - 27| = -17 wrong
    subtraction (a-b) f(10, 27) = 10 - 27 = -17 wrong
    reverse subtraction (b-a) f(92, 97) = 97 - 92 = 5 wrong
    multiplication f(10, 27) = (10 + 0) * 27 = 10 * 27 + 0 * 27 = 270 + 0 = 270 wrong
  Trying common operations identity operands [29 79, 01 72] reversed result [expected (29,79)->-5, (01,72)->-71]:
    concatenation f(29, 79) = 29 || 79 = 2979 -rev-> 9792 wrong
    reverse concatenation f(01, 72) = 72 || 01 = 7201 -rev-> 1027 wrong
    addition f(29, 79) = 29 + 79 = 108 -rev-> 801 wrong
    absolute difference f(01, 72) = |01 - 72| = 71 -rev-> 17 wrong
    negated absolute difference f(29, 79) = -|29 - 79| = -50 -rev-> -05 wrong
    subtraction (a-b) f(01, 72) = 01 - 72 = -71 -rev-> -17 wrong
    reverse subtraction (b-a) f(29, 79) = 79 - 29 = 50 -rev-> 05 wrong
    multiplication f(01, 72) = (0 + 1) * 72 = 0 * 72 + 1 * 72 = 0 + 72 = 72 -rev-> 27 wrong
  Trying rare operations reversed operands [29->92 79->97, 01->10 72->27] and reversed result [expected (92,97)->-5, (10,27)->-71]:
    multiply+1 f(92, 97) = (90 + 2) * 97 + 1 = 90 * 97 + 2 * 97 + 1 = 8730 + 194 + 1 = 8924 + 1 = 8925 -rev-> 5298 wrong
    multiply-1 f(10, 27) = (10 + 0) * 27 - 1 = 10 * 27 + 0 * 27 - 1 = 270 + 0 - 1 = 270 - 1 = 269 -rev-> 962 wrong
    add+1 f(92, 97) = 92 + 97 + 1 = 190 -rev-> 091 wrong
    add-1 f(10, 27) = 10 + 27 - 1 = 36 -rev-> 63 wrong
    sub+1 f(92, 97) = 92 - 97 + 1 = -4 -rev-> -4 wrong
    sub-1 f(10, 27) = 10 - 27 - 1 = -18 -rev-> -81 wrong
    max mod min f(92, 97) = max(92,97) mod min(92,97) = 97 mod 92 = 5 -rev-> 5 wrong
    integer division (a/b) f(10, 27) = 10 / 27 = 0 -rev-> 0 wrong
    modulo (a mod b) f(92, 97) = 92 mod 97 = 92 -rev-> 29 wrong
    reverse division (b/a) f(10, 27) = 27 / 10 = 2 -rev-> 2 wrong
    reverse modulo (b mod a) f(92, 97) = 97 mod 92 = 5 -rev-> 5 wrong
    digit absolute diff f(10, 27) = |1-2| || |0-7| = 17 -rev-> 71 wrong
    digit add mod10 f(92, 97) = (9+9)%10 || (2+7)%10 = 89 -rev-> 98 wrong
    digit sub mod10 f(10, 27) = (1-2)%10 || (0-7)%10 = 93 -rev-> 39 wrong
    cross multiply f(92, 97) = 9*9 + 2*7 = 81 + 14 = 95 -rev-> 59 wrong
    cross multiply rev f(10, 27) = 1*7 + 0*2 = 7 + 0 = 7 -rev-> 7 wrong
    digit multiply f(92, 97) = 9*9 || 2*7 = 81 || 14 = 8114 -rev-> 4118 wrong
    digit multiply rev f(10, 27) = 1*7 || 0*2 = 7 || 0 = 70 -rev-> 07 wrong
    digit sum diff f(92, 97) = (9+2) - (9+7) = -5 -rev-> -5 match, f(10,27) -> (1+0) - (2+7) = -8 -rev-> -8 wrong
    digit sum sum f(10, 27) = (1+0) + (2+7) = 10 -rev-> 01 wrong
    digit product diff f(92, 97) = 9*2 - 9*7 = 18 - 63 = -45 -rev-> -54 wrong
    digit product sum f(10, 27) = 1*0 + 2*7 = 0 + 14 = 14 -rev-> 41 wrong
    determinant f(92, 97) = 9*7 - 2*9 = 63 - 18 = 45 -rev-> 54 wrong
    abs determinant f(10, 27) = |1*7 - 0*2| = |7 - 0| = 7 -rev-> 7 wrong
  Trying rare operations on identity [29 79, 01 72] [expected (29,79)->-5, (01,72)->-71]:
    multiply+1 f(29, 79) = (20 + 9) * 79 + 1 = 20 * 79 + 9 * 79 + 1 = 1580 + 711 + 1 = 2291 + 1 = 2292 wrong
    multiply-1 f(01, 72) = (0 + 1) * 72 - 1 = 0 * 72 + 1 * 72 - 1 = 0 + 72 - 1 = 72 - 1 = 71 wrong
    add+1 f(29, 79) = 29 + 79 + 1 = 109 wrong
    add-1 f(01, 72) = 01 + 72 - 1 = 72 wrong
    sub+1 f(29, 79) = 29 - 79 + 1 = -49 wrong
    sub-1 f(01, 72) = 01 - 72 - 1 = -72 wrong
    max mod min f(29, 79) = max(29,79) mod min(29,79) = 79 mod 29 = 21 wrong
    integer division (a/b) f(01, 72) = 01 / 72 = 0 wrong
    modulo (a mod b) f(29, 79) = 29 mod 79 = 29 wrong
    reverse division (b/a) f(01, 72) = 72 / 01 = 72 wrong
    reverse modulo (b mod a) f(29, 79) = 79 mod 29 = 21 wrong
    digit absolute diff f(01, 72) = |0-7| || |1-2| = 71 wrong
    digit add mod10 f(29, 79) = (2+7)%10 || (9+9)%10 = 98 wrong
    digit sub mod10 f(01, 72) = (0-7)%10 || (1-2)%10 = 39 wrong
    cross multiply f(29, 79) = 2*7 + 9*9 = 14 + 81 = 95 wrong
    cross multiply rev f(01, 72) = 0*2 + 1*7 = 0 + 7 = 7 wrong
    digit multiply f(29, 79) = 2*7 || 9*9 = 14 || 81 = 1481 wrong
    digit multiply rev f(01, 72) = 0*2 || 1*7 = 0 || 7 = 07 wrong
    digit sum diff f(29, 79) = (2+9) - (7+9) = -5 match, f(01,72) -> (0+1) - (7+2) = -8 wrong
    digit sum sum f(01, 72) = (0+1) + (7+2) = 10 wrong
    digit product diff f(29, 79) = 2*9 - 7*9 = 18 - 63 = -45 wrong
    digit product sum f(01, 72) = 0*1 + 7*2 = 0 + 14 = 14 wrong
    determinant f(29, 79) = 2*9 - 9*7 = 18 - 63 = -45 wrong
    abs determinant f(01, 72) = |0*2 - 1*7| = |0 - 7| = 7 wrong
  Trying rare operations reversed operands [29->92 79->97, 01->10 72->27] [expected (92,97)->-5, (10,27)->-71]:
    multiply+1 f(92, 97) = (90 + 2) * 97 + 1 = 90 * 97 + 2 * 97 + 1 = 8730 + 194 + 1 = 8924 + 1 = 8925 wrong
    multiply-1 f(10, 27) = (10 + 0) * 27 - 1 = 10 * 27 + 0 * 27 - 1 = 270 + 0 - 1 = 270 - 1 = 269 wrong
    add+1 f(92, 97) = 92 + 97 + 1 = 190 wrong
    add-1 f(10, 27) = 10 + 27 - 1 = 36 wrong
    sub+1 f(92, 97) = 92 - 97 + 1 = -4 wrong
    sub-1 f(10, 27) = 10 - 27 - 1 = -18 wrong
    max mod min f(92, 97) = max(92,97) mod min(92,97) = 97 mod 92 = 5 wrong
    integer division (a/b) f(10, 27) = 10 / 27 = 0 wrong
    modulo (a mod b) f(92, 97) = 92 mod 97 = 92 wrong
    reverse division (b/a) f(10, 27) = 27 / 10 = 2 wrong
    reverse modulo (b mod a) f(92, 97) = 97 mod 92 = 5 wrong
    digit absolute diff f(10, 27) = |1-2| || |0-7| = 17 wrong
    digit add mod10 f(92, 97) = (9+9)%10 || (2+7)%10 = 89 wrong
    digit sub mod10 f(10, 27) = (1-2)%10 || (0-7)%10 = 93 wrong
    cross multiply f(92, 97) = 9*9 + 2*7 = 81 + 14 = 95 wrong
    cross multiply rev f(10, 27) = 1*7 + 0*2 = 7 + 0 = 7 wrong
    digit multiply f(92, 97) = 9*9 || 2*7 = 81 || 14 = 8114 wrong
    digit multiply rev f(10, 27) = 1*7 || 0*2 = 7 || 0 = 70 wrong
    digit sum diff f(92, 97) = (9+2) - (9+7) = -5 match, f(10,27) -> (1+0) - (2+7) = -8 wrong
    digit sum sum f(10, 27) = (1+0) + (2+7) = 10 wrong
    digit product diff f(92, 97) = 9*2 - 9*7 = 18 - 63 = -45 wrong
    digit product sum f(10, 27) = 1*0 + 2*7 = 0 + 14 = 14 wrong
    determinant f(92, 97) = 9*7 - 2*9 = 63 - 18 = 45 wrong
    abs determinant f(10, 27) = |1*7 - 0*2| = |7 - 0| = 7 wrong
  Trying rare operations identity operands [29 79, 01 72] reversed result [expected (29,79)->-5, (01,72)->-71]:
    multiply+1 f(29, 79) = (20 + 9) * 79 + 1 = 20 * 79 + 9 * 79 + 1 = 1580 + 711 + 1 = 2291 + 1 = 2292 -rev-> 2922 wrong
    multiply-1 f(01, 72) = (0 + 1) * 72 - 1 = 0 * 72 + 1 * 72 - 1 = 0 + 72 - 1 = 72 - 1 = 71 -rev-> 17 wrong
    add+1 f(29, 79) = 29 + 79 + 1 = 109 -rev-> 901 wrong
    add-1 f(01, 72) = 01 + 72 - 1 = 72 -rev-> 27 wrong
    sub+1 f(29, 79) = 29 - 79 + 1 = -49 -rev-> -94 wrong
    sub-1 f(01, 72) = 01 - 72 - 1 = -72 -rev-> -27 wrong
    max mod min f(29, 79) = max(29,79) mod min(29,79) = 79 mod 29 = 21 -rev-> 12 wrong
    integer division (a/b) f(01, 72) = 01 / 72 = 0 -rev-> 0 wrong
    modulo (a mod b) f(29, 79) = 29 mod 79 = 29 -rev-> 92 wrong
    reverse division (b/a) f(01, 72) = 72 / 01 = 72 -rev-> 27 wrong
    reverse modulo (b mod a) f(29, 79) = 79 mod 29 = 21 -rev-> 12 wrong
    digit absolute diff f(01, 72) = |0-7| || |1-2| = 71 -rev-> 17 wrong
    digit add mod10 f(29, 79) = (2+7)%10 || (9+9)%10 = 98 -rev-> 89 wrong
    digit sub mod10 f(01, 72) = (0-7)%10 || (1-2)%10 = 39 -rev-> 93 wrong
    cross multiply f(29, 79) = 2*7 + 9*9 = 14 + 81 = 95 -rev-> 59 wrong
    cross multiply rev f(01, 72) = 0*2 + 1*7 = 0 + 7 = 7 -rev-> 7 wrong
    digit multiply f(29, 79) = 2*7 || 9*9 = 14 || 81 = 1481 -rev-> 1841 wrong
    digit multiply rev f(01, 72) = 0*2 || 1*7 = 0 || 7 = 07 -rev-> 70 wrong
    digit sum diff f(29, 79) = (2+9) - (7+9) = -5 -rev-> -5 match, f(01,72) -> (0+1) - (7+2) = -8 -rev-> -8 wrong
    digit sum sum f(01, 72) = (0+1) + (7+2) = 10 -rev-> 01 wrong
    digit product diff f(29, 79) = 2*9 - 7*9 = 18 - 63 = -45 -rev-> -54 wrong
    digit product sum f(01, 72) = 0*1 + 7*2 = 0 + 14 = 14 -rev-> 41 wrong
    determinant f(29, 79) = 2*9 - 9*7 = 18 - 63 = -45 -rev-> -54 wrong
    abs determinant f(01, 72) = |0*2 - 1*7| = |0 - 7| = 7 -rev-> 7 wrong

Applying to 85-92:
  reversed operands [85->58, 92->29] and reversed result
  negated absolute difference f(58, 29) = -|58 - 29| = -29 -rev-> -92
  Result is negative - we add back the operator prefix 【-】: -92 -> 【-92】
  Result: 【-92】

I will now return the answer in
The answer in  is
</think>
</think>
\boxed{-92}","In Alice's Wonderland, a secret set of transformation rules is applied to equations. Below are a few examples:
33*74 = 2551
29-79 = -5
17+69 = 861
01-72 = -71
42*38 = 3991
Now, determine the result for: 85-92",,,,92,92,92,92,92,-92
3a7dd604,bit_manipulation,01001010,01001011,01001010,"We need to deduce the transformation by matching the example outputs.

Output 0: 10111010
0 1
1 0
2 1
3 1
4 1
5 0
6 1
7 0

Output 1: 00000111
0 0
1 0
2 0
3 0
4 0
5 1
6 1
7 1

Output 2: 10100110
0 1
1 0
2 1
3 0
4 0
5 1
6 1
7 0

Output 3: 11100001
0 1
1 1
2 1
3 0
4 0
5 0
6 0
7 1

Output 4: 11000111
0 1
1 1
2 0
3 0
4 0
5 1
6 1
7 1

Output 5: 11101001
0 1
1 1
2 1
3 0
4 1
5 0
6 0
7 1

Output 6: 10111110
0 1
1 0
2 1
3 1
4 1
5 1
6 1
7 0

Output bit columns (with bitsum as hash)
0 1011111 6
1 0001110 3
2 1011011 5
3 1000001 2
4 1000011 3
5 0110101 4
6 1110101 5
7 0101110 4

Input 0: 00001011
0 0
1 0
2 0
3 0
4 1
5 0
6 1
7 1

Input 1: 01110001
0 0
1 1
2 1
3 1
4 0
5 0
6 0
7 1

Input 2: 00110011
0 0
1 0
2 1
3 1
4 0
5 0
6 1
7 1

Input 3: 10111111
0 1
1 0
2 1
3 1
4 1
5 1
6 1
7 1

Input 4: 11110011
0 1
1 1
2 1
3 1
4 0
5 0
6 1
7 1

Input 5: 00101100
0 0
1 0
2 1
3 0
4 1
5 1
6 0
7 0

Input 6: 00000011
0 0
1 0
2 0
3 0
4 0
5 0
6 1
7 1

When matching output
x: not in operator
y: wrong position

Identity
0 0001100 2
1 0100100 2
2 0111110 5
3 0111100 4
4 1001010 3
5 0001010 2
6 1011101 5
7 1111101 6

Matching output
0 absent
1 absent
2 absent
3 absent
4 absent
5 absent
6 absent
7 absent

Left
none
Best: none

Right
none
Best: none

NOT
0 1110011 5
1 1011011 5 match 2
2 1000001 2 match 3
3 1000011 3 match 4
4 0110101 4 match 5
5 1110101 5 match 6
6 0100010 2
7 0000010 1

Matching output
0 absent
1 absent
2 1
3 2
4 3
5 4
6 5
7 absent

Left
none
Best: none

Right
none
Best: none

Constant
0 0000000 a
1 1111111 a

Matching output
0 absent
1 absent
2 absent
3 absent
4 absent
5 absent
6 absent
7 absent

Left
none
Best: none

Right
none
Best: none

AND
01 10 0000100 1
12 21 0100100 2
23 32 0111100 4
34 43 0001000 1
45 54 0001010 2
56 65 0001000 1
67 76 1011101 5
70 07 0001100 2

02 20 0001100 2
13 31 0100100 2
24 42 0001010 2
35 53 0001000 1
46 64 1001000 2
57 75 0001000 1
60 06 0001100 2
71 17 0100100 2

03 30 0001100 2
14 41 0000000 a
25 52 0001010 2
36 63 0011100 3
47 74 1001000 2
50 05 0001000 1
61 16 0000100 1
72 27 0111100 4

04 40 0001000 1
15 51 0000000 a
26 62 0011100 3
37 73 0111100 4

Matching output
0 absent
1 absent
2 absent
3 absent
4 absent
5 absent
6 absent
7 absent

Left
none
Best: none

Right
none
Best: none

OR
01 10 0101100 3
12 21 0111110 5
23 32 0111110 5
34 43 1111110 6
45 54 1001010 3
56 65 1011111 6 match 0
67 76 1111101 6
70 07 1111101 6

02 20 0111110 5
13 31 0111100 4
24 42 1111110 6
35 53 0111110 5
46 64 1011111 6 match 0
57 75 1111111 a
60 06 1011101 5
71 17 1111101 6

03 30 0111100 4
14 41 1101110 5
25 52 0111110 5
36 63 1111101 6
47 74 1111111 a
50 05 0001110 3 match 1
61 16 1111101 6
72 27 1111111 a

04 40 1001110 4
15 51 0101110 4 match 7
26 62 1111111 a
37 73 1111101 6

Matching output
0 56 65 46 64
1 50 05
2 absent
3 absent
4 absent
5 absent
6 absent
7 15 51

Left
56 67x
65 76x
46 57x
64 75x
Best: OR56: 1

Right
15 04x
51 40x
Best: OR15: 1

XOR
01 10 0101000 2
12 21 0011010 3
23 32 0000010 1
34 43 1110110 5
45 54 1000000 1
56 65 1010111 5
67 76 0100000 1
70 07 1110001 4

02 20 0110010 3
13 31 0011000 2
24 42 1110100 4
35 53 0110110 4
46 64 0010111 4
57 75 1110111 6
60 06 1010001 3
71 17 1011001 4

03 30 0110000 2
14 41 1101110 5
25 52 0110100 3
36 63 1100001 3
47 74 0110111 5
50 05 0000110 2
61 16 1111001 5
72 27 1000011 3 match 4

04 40 1000110 3
15 51 0101110 4 match 7
26 62 1100011 4
37 73 1000001 2 match 3

Matching output
0 absent
1 absent
2 absent
3 37 73
4 72 27
5 absent
6 absent
7 15 51

Left
none
Best: none

Right
15 04x
51 40x
Best: XOR15: 1

AND-NOT
01 0001000 1
12 0000000 a
23 0000010 1
34 0110100 3
45 1000000 1
56 0000010 1
67 0000000 a
70 1110001 4

02 0000000 a
13 0000000 a
24 0110100 3
35 0110100 3
46 0000010 1
57 0000010 1
60 1010001 3
71 1011001 4

03 0000000 a
14 0100100 2
25 0110100 3
36 0100000 1
47 0000010 1
50 0000010 1
61 1011001 4
72 1000001 2 match 3

04 0000100 1
15 0100100 2
26 0100010 2
37 0000000 a
40 1000010 2
51 0001010 2
62 1000001 2 match 3
73 1000001 2 match 3

05 0000100 1
16 0100000 1
27 0000010 1
30 0110000 2
41 1001010 3
52 0000000 a
63 1000001 2 match 3
74 0110101 4 match 5

06 0000000 a
17 0000000 a
20 0110010 3
31 0011000 2
42 1000000 1
53 0000010 1
64 0010101 3
75 1110101 5 match 6

07 0000000 a
10 0100000 1
21 0011010 3
32 0000000 a
43 1000010 2
54 0000000 a
65 1010101 4
76 0100000 1

Matching output
0 absent
1 absent
2 absent
3 72 62 73 63
4 absent
5 74
6 75
7 absent

Left
none
Best: none

Right
none
Best: none

OR-NOT
01 1011111 6 match 0
12 1100101 4
23 1111111 a
34 0111101 5
45 1111111 a
56 0101010 3
67 1011111 6 match 0
70 1111111 a

02 1001101 4
13 1100111 5
24 0111111 6
35 1111101 6
46 1101010 4
57 0001010 2
60 1111111 a
71 1111111 a

03 1001111 5
14 0110101 4 match 5
25 1111111 a
36 0111110 5
47 1001010 3
50 1111011 6
61 1011111 6 match 0
72 1111101 6

04 0111101 5
15 1110101 5 match 6
26 0111110 5
37 0111110 5
40 1111011 6
51 1011011 5 match 2
62 1011101 5
73 1111111 a

05 1111101 6
16 0100110 3
27 0111110 5
30 1111111 a
41 1011011 5 match 2
52 1001011 4
63 1011111 6 match 0
74 1111101 6

06 0101110 4 match 7
17 0100110 3
20 1111111 a
31 1111111 a
42 1001011 4
53 1001011 4
64 1111101 6
75 1111101 6

07 0001110 3 match 1
10 1110111 6
21 1111111 a
32 1111101 6
43 1001011 4
54 0111111 6
65 1111101 6
76 1111111 a

Matching output
0 01 67 61 63
1 07
2 51 41
3 absent
4 absent
5 14
6 15
7 06

Left
01 12x
67 70x
61 72x
63 74x
Best: OR-NOT01: 1

Right
06 75x
Best: OR-NOT06: 1

XOR-NOT
01 1010111 5
12 1100101 4
23 1111101 6
34 0001001 2
45 0111111 6
56 0101000 2
67 1011111 6 match 0
70 0001110 3 match 1

02 1001101 4
13 1100111 5
24 0001011 3
35 1001001 3
46 1101000 3
57 0001000 1
60 0101110 4 match 7
71 0100110 3

03 1001111 5
14 0010001 2
25 1001011 4
36 0011110 4
47 1001000 2
50 1111001 5
61 0000110 2
72 0111100 4

04 0111001 4
15 1010001 3
26 0011100 3
37 0111110 5
40 0111001 4
51 1010001 3
62 0011100 3
73 0111110 5

05 1111001 5
16 0000110 2
27 0111100 4
30 1001111 5
41 0010001 2
52 1001011 4
63 0011110 4
74 1001000 2

06 0101110 4 match 7
17 0100110 3
20 1001101 4
31 1100111 5
42 0001011 3
53 1001001 3
64 1101000 3
75 0001000 1

07 0001110 3 match 1
10 1010111 5
21 1100101 4
32 1111101 6
43 0001001 2
54 0111111 6
65 0101000 2
76 1011111 6 match 0

Matching output
0 67 76
1 70 07
2 absent
3 absent
4 absent
5 absent
6 absent
7 60 06

Left
67 70 01x
76 07 10x
Best: XOR-NOT67 70: 2

Right
60 57x
06 75x
Best: XOR-NOT60: 1

Selecting

Lefts
Identity none
NOT none
Constant none
AND none
OR OR56: 1
XOR none
AND-NOT none
OR-NOT OR-NOT01: 1
XOR-NOT XOR-NOT67 70: 2

Rights
Identity none
NOT none
Constant none
AND none
OR OR15: 1
XOR XOR15: 1
AND-NOT none
OR-NOT OR-NOT06: 1
XOR-NOT XOR-NOT60: 1

Left longest: 2
Right longest: 1

Left winner: Identity no, NOT no, Constant no, AND no, OR no, XOR no, AND-NOT no, OR-NOT no, XOR-NOT yes
Right winner: Identity no, NOT no, Constant no, AND no, OR yes, XOR no, AND-NOT no, OR-NOT no, XOR-NOT no

Best left: XOR-NOT67 70: 2
Best right: OR15: 1

Truncated left: XOR-NOT67 70: 2
Truncated right: OR15: 1

Tentative from right
7 OR15
6 pending
5 pending
4 pending
3 pending
2 pending
1 pending
0 pending

Tentative
0 XOR-NOT67
1 XOR-NOT70
2 pending
3 pending
4 pending
5 pending
6 pending
7 OR15

Preferred from left
0 XOR-NOT67
1 XOR-NOT70
2 ?01
3 ?12
4 ?23
5 ?34
6 ?45
7 OR15

Preferred from right
7 OR15
6 ?45
5 ?34
4 ?23
3 ?12
2 ?01
1 XOR-NOT70
0 XOR-NOT67

Preferred
0 XOR-NOT67
1 XOR-NOT70
2 ?01 ?10
3 ?12 ?21
4 ?23 ?32
5 ?34 ?43
6 ?45 ?54
7 OR15

Matching
0 XOR-NOT67
1 XOR-NOT70
2 ?01 ?10 - Identity absent, NOT NOT1, Constant absent, AND absent, OR absent, XOR absent, AND-NOT absent, OR-NOT absent, XOR-NOT absent
3 ?12 ?21 - Identity absent, NOT NOT2, Constant absent, AND absent, OR absent, XOR absent, AND-NOT absent, OR-NOT absent, XOR-NOT absent
4 ?23 ?32 - Identity absent, NOT NOT3, Constant absent, AND absent, OR absent, XOR absent, AND-NOT absent, OR-NOT absent, XOR-NOT absent
5 ?34 ?43 - Identity absent, NOT NOT4, Constant absent, AND absent, OR absent, XOR absent, AND-NOT absent, OR-NOT absent, XOR-NOT absent
6 ?45 ?54 - Identity absent, NOT NOT5, Constant absent, AND absent, OR absent, XOR absent, AND-NOT absent, OR-NOT absent, XOR-NOT absent
7 OR15

Perfect match
Identity no
NOT yes
Constant no
AND no
OR no
XOR no
AND-NOT no
OR-NOT no
XOR-NOT no

Matched
0 XOR-NOT67
1 XOR-NOT70
2 NOT1
3 NOT2
4 NOT3
5 NOT4
6 NOT5
7 OR15

Selected
0 XOR-NOT67
1 XOR-NOT70
2 NOT1
3 NOT2
4 NOT3
5 NOT4
6 NOT5
7 OR15

Applying to 01101010
Input
0 0
1 1
2 1
3 0
4 1
5 0
6 1
7 0
Output
0 XOR-NOT67 = XOR(1,NOT(0)) = 0
1 XOR-NOT70 = XOR(0,NOT(0)) = 1
2 NOT1 = NOT(1) = 0
3 NOT2 = NOT(1) = 0
4 NOT3 = NOT(0) = 1
5 NOT4 = NOT(1) = 0
6 NOT5 = NOT(0) = 1
7 OR15 = OR(1,0) = 1

I will now return the answer in
The answer in  is
</think>
</think>
\boxed{01001011}","In Alice's Wonderland, a secret bit manipulation rule transforms 8-bit binary numbers. The transformation involves operations like bit shifts, rotations, XOR, AND, OR, NOT, and possibly majority or choice functions.

Here are some examples of input -> output:
00001011 -> 10111010
01110001 -> 00000111
00110011 -> 10100110
10111111 -> 11100001
11110011 -> 11000111
00101100 -> 11101001
00000011 -> 10111110

Now, determine the output for: 01101010",,bit_exact_global_ternary_unique_prediction,,01001011,01001011,01001010,01001010,01001010,01001011
3ace787f,bit_manipulation,11111011,11111111,11111011,"We need to deduce the transformation by matching the example outputs.

Output 0: 10100111
0 1
1 0
2 1
3 0
4 0
5 1
6 1
7 1

Output 1: 00001111
0 0
1 0
2 0
3 0
4 1
5 1
6 1
7 1

Output 2: 00100110
0 0
1 0
2 1
3 0
4 0
5 1
6 1
7 0

Output 3: 01001101
0 0
1 1
2 0
3 0
4 1
5 1
6 0
7 1

Output 4: 01100011
0 0
1 1
2 1
3 0
4 0
5 0
6 1
7 1

Output 5: 00101111
0 0
1 0
2 1
3 0
4 1
5 1
6 1
7 1

Output 6: 10101111
0 1
1 0
2 1
3 0
4 1
5 1
6 1
7 1

Output 7: 10001111
0 1
1 0
2 0
3 0
4 1
5 1
6 1
7 1

Output bit columns (with bitsum as hash)
0 10000011 3
1 00011000 2
2 10101110 5
3 00000000 a
4 01010111 5
5 11110111 7
6 11101111 7
7 11011111 7

Input 0: 11101100
0 1
1 1
2 1
3 0
4 1
5 1
6 0
7 0

Input 1: 11011000
0 1
1 1
2 0
3 1
4 1
5 0
6 0
7 0

Input 2: 11010101
0 1
1 1
2 0
3 1
4 0
5 1
6 0
7 1

Input 3: 00101111
0 0
1 0
2 1
3 0
4 1
5 1
6 1
7 1

Input 4: 01011001
0 0
1 1
2 0
3 1
4 1
5 0
6 0
7 1

Input 5: 11110101
0 1
1 1
2 1
3 1
4 0
5 1
6 0
7 1

Input 6: 11100101
0 1
1 1
2 1
3 0
4 0
5 1
6 0
7 1

Input 7: 01100101
0 0
1 1
2 1
3 0
4 0
5 1
6 0
7 1

When matching output
x: not in operator
y: wrong position

Identity
0 11100110 5
1 11101111 7 match 6
2 10010111 5
3 01101100 4
4 11011000 4
5 10110111 6
6 00010000 1
7 00111111 6

Matching output
0 absent
1 absent
2 absent
3 absent
4 absent
5 absent
6 1
7 absent

Left
none
Best: none

Right
none
Best: none

NOT
0 00011001 3
1 00010000 1
2 01101000 3
3 10010011 4
4 00100111 4
5 01001000 2
6 11101111 7 match 6
7 11000000 2

Matching output
0 absent
1 absent
2 absent
3 absent
4 absent
5 absent
6 6
7 absent

Left
none
Best: none

Right
none
Best: none

Constant
0 00000000 a match 3
1 11111111 a

Matching output
0 absent
1 absent
2 absent
3 C0
4 absent
5 absent
6 absent
7 absent

Left
none
Best: none

Right
none
Best: none

AND
01 10 11100110 5
12 21 10000111 4
23 32 00000100 1
34 43 01001000 2
45 54 10010000 2
56 65 00010000 1
67 76 00010000 1
70 07 00100110 3

02 20 10000110 3
13 31 01101100 4
24 42 10010000 2
35 53 00100100 2
46 64 00010000 1
57 75 00110111 5
60 06 00000000 a match 3
71 17 00101111 5

03 30 01100100 3
14 41 11001000 3
25 52 10010111 5
36 63 00000000 a match 3
47 74 00011000 2 match 1
50 05 10100110 4
61 16 00000000 a match 3
72 27 00010111 4

04 40 11000000 2
15 51 10100111 5
26 62 00010000 1
37 73 00101100 3

Matching output
0 absent
1 47 74
2 absent
3 60 06 36 63 61 16
4 absent
5 absent
6 absent
7 absent

Left
none
Best: none

Right
none
Best: none

OR
01 10 11101111 7 match 6
12 21 11111111 a
23 32 11111111 a
34 43 11111100 6
45 54 11111111 a
56 65 10110111 6
67 76 00111111 6
70 07 11111111 a

02 20 11110111 7 match 5
13 31 11101111 7 match 6
24 42 11011111 7 match 7
35 53 11111111 a
46 64 11011000 4
57 75 10111111 7
60 06 11110110 6
71 17 11111111 a

03 30 11101110 6
14 41 11111111 a
25 52 10110111 6
36 63 01111100 5
47 74 11111111 a
50 05 11110111 7 match 5
61 16 11111111 a
72 27 10111111 7

04 40 11111110 7
15 51 11111111 a
26 62 10010111 5
37 73 01111111 7

Matching output
0 absent
1 absent
2 absent
3 absent
4 absent
5 02 20 50 05
6 01 10 13 31
7 24 42

Left
none
Best: none

Right
24 13 02 71x
42 31 20 17x
Best: OR24 13 02: 3

XOR
01 10 00001001 2
12 21 01111000 4
23 32 11111011 7
34 43 10110100 4
45 54 01101111 6
56 65 10100111 5
67 76 00101111 5
70 07 11011001 5

02 20 01110001 4
13 31 10000011 3 match 0
24 42 01001111 5
35 53 11011011 6
46 64 11001000 3
57 75 10001000 2
60 06 11110110 6
71 17 11010000 3

03 30 10001010 3
14 41 00110111 5
25 52 00100000 1
36 63 01111100 5
47 74 11100111 6
50 05 01010001 3
61 16 11111111 a
72 27 10101000 3

04 40 00111110 5
15 51 01011000 3
26 62 10000111 4
37 73 01010011 4

Matching output
0 13 31
1 absent
2 absent
3 absent
4 absent
5 absent
6 absent
7 absent

Left
13 24x
31 42x
Best: XOR13: 1

Right
none
Best: none

AND-NOT
01 00000000 a match 3
12 01101000 3
23 10010011 4
34 00100100 2
45 01001000 2
56 10100111 5
67 00000000 a match 3
70 00011001 3

02 01100000 2
13 10000011 3 match 0
24 00000111 3
35 01001000 2
46 11001000 3
57 10000000 1
60 00010000 1
71 00010000 1

03 10000010 2
14 00100111 4
25 00000000 a match 3
36 01101100 4
47 11000000 2
50 00010001 2
61 00010000 1
72 00101000 2

04 00100110 3
15 01001000 2
26 10000111 4
37 01000000 1
40 00011000 2 match 1
51 00010000 1
62 00000000 a match 3
73 00010011 3

05 01000000 1
16 11101111 7 match 6
27 10000000 1
30 00001000 1
41 00010000 1
52 00100000 1
63 00010000 1
74 00100111 4

06 11100110 5
17 11000000 2
20 00010001 2
31 00000000 a match 3
42 01001000 2
53 10010011 4
64 00000000 a match 3
75 00001000 1

07 11000000 2
10 00001001 2
21 00010000 1
32 01101000 3
43 10010000 2
54 00100111 4
65 00000000 a match 3
76 00101111 5

Matching output
0 13
1 40
2 absent
3 01 67 25 62 31 64 65
4 absent
5 absent
6 16
7 absent

Left
13 24x
Best: AND-NOT13: 1

Right
none
Best: none

OR-NOT
01 11110110 6
12 11101111 7 match 6
23 10010111 5
34 01101111 6
45 11011000 4
56 11111111 a
67 11010000 3
70 00111111 6

02 11101110 6
13 11111111 a
24 10110111 6
35 01101100 4
46 11111111 a
57 11110111 7 match 5
60 00011001 3
71 00111111 6

03 11110111 7 match 5
14 11101111 7 match 6
25 11011111 7 match 7
36 11101111 7 match 6
47 11011000 4
50 10111111 7
61 00010000 1
72 01111111 7

04 11100111 6
15 11101111 7 match 6
26 11111111 a
37 11101100 5
40 11011001 5
51 10110111 6
62 01111000 4
73 10111111 7

05 11101110 6
16 11101111 7 match 6
27 11010111 6
30 01111101 6
41 11011000 4
52 11111111 a
63 10010011 4
74 00111111 6

06 11101111 7 match 6
17 11101111 7 match 6
20 10011111 6
31 01111100 5
42 11111000 5
53 10110111 6
64 00110111 5
75 01111111 7

07 11100110 5
10 11111111 a
21 10010111 5
32 01101100 4
43 11011011 6
54 10110111 6
65 01011000 3
76 11111111 a

Matching output
0 absent
1 absent
2 absent
3 absent
4 absent
5 57 03
6 12 14 36 15 16 06 17 06 17
7 25

Left
none
Best: none

Right
25 14 03 72x
Best: OR-NOT25 14 03: 3

XOR-NOT
01 11110110 6
12 10000111 4
23 00000100 1
34 01001011 4
45 10010000 2
56 01011000 3
67 11010000 3
70 00100110 3

02 10001110 4
13 01111100 5
24 10110000 3
35 00100100 2
46 00110111 5
57 01110111 6
60 00001001 2
71 00101111 5

03 01110101 5
14 11001000 3
25 11011111 7 match 7
36 10000011 3 match 0
47 00011000 2 match 1
50 10101110 5 match 2
61 00000000 a match 3
72 01010111 5 match 4

04 11000001 3
15 10100111 5
26 01111000 4
37 10101100 4
40 11000001 3
51 10100111 5
62 01111000 4
73 10101100 4

05 10101110 5 match 2
16 00000000 a match 3
27 01010111 5 match 4
30 01110101 5
41 11001000 3
52 11011111 7 match 7
63 10000011 3 match 0
74 00011000 2 match 1

06 00001001 2
17 00101111 5
20 10001110 4
31 01111100 5
42 10110000 3
53 00100100 2
64 00110111 5
75 01110111 6

07 00100110 3
10 11110110 6
21 10000111 4
32 00000100 1
43 01001011 4
54 10010000 2
65 01011000 3
76 11010000 3

Matching output
0 36 63
1 47 74
2 50 05
3 61 16
4 72 27
5 absent
6 absent
7 25 52

Left
36 47 50 61 72 03x
63 74 05 16 27 30x
Best: XOR-NOT36 47 50 61 72: 5

Right
25 14x
52 41x
Best: XOR-NOT25: 1

Selecting

Lefts
Identity none
NOT none
Constant none
AND none
OR none
XOR XOR13: 1
AND-NOT AND-NOT13: 1
OR-NOT none
XOR-NOT XOR-NOT36 47 50 61 72: 5

Rights
Identity none
NOT none
Constant none
AND none
OR OR24 13 02: 3
XOR none
AND-NOT none
OR-NOT OR-NOT25 14 03: 3
XOR-NOT XOR-NOT25: 1

Left longest: 5
Right longest: 3

Left winner: Identity no, NOT no, Constant no, AND no, OR no, XOR no, AND-NOT no, OR-NOT no, XOR-NOT yes
Right winner: Identity no, NOT no, Constant no, AND no, OR yes, XOR no, AND-NOT no, OR-NOT no, XOR-NOT no

Best left: XOR-NOT36 47 50 61 72: 5
Best right: OR24 13 02: 3

Truncated left: XOR-NOT36 47 50 61 72: 5
Truncated right: OR24 13 02: 3

Tentative from right
7 OR24
6 OR13
5 OR02
4 pending
3 pending
2 pending
1 pending
0 pending

Tentative
0 XOR-NOT36
1 XOR-NOT47
2 XOR-NOT50
3 XOR-NOT61
4 XOR-NOT72
5 OR02
6 OR13
7 OR24

Preferred from left
0 XOR-NOT36
1 XOR-NOT47
2 XOR-NOT50
3 XOR-NOT61
4 XOR-NOT72
5 OR02
6 OR13
7 OR24

Preferred from right
7 OR24
6 OR13
5 OR02
4 XOR-NOT72
3 XOR-NOT61
2 XOR-NOT50
1 XOR-NOT47
0 XOR-NOT36

Preferred
0 XOR-NOT36
1 XOR-NOT47
2 XOR-NOT50
3 XOR-NOT61
4 XOR-NOT72
5 OR02
6 OR13
7 OR24

Matching
0 XOR-NOT36
1 XOR-NOT47
2 XOR-NOT50
3 XOR-NOT61
4 XOR-NOT72
5 OR02
6 OR13
7 OR24

Perfect match
Identity no
NOT no
Constant no
AND no
OR no
XOR no
AND-NOT no
OR-NOT no
XOR-NOT no

Matched
0 XOR-NOT36
1 XOR-NOT47
2 XOR-NOT50
3 XOR-NOT61
4 XOR-NOT72
5 OR02
6 OR13
7 OR24

Selected
0 XOR-NOT36
1 XOR-NOT47
2 XOR-NOT50
3 XOR-NOT61
4 XOR-NOT72
5 OR02
6 OR13
7 OR24

Applying to 01111011
Input
0 0
1 1
2 1
3 1
4 1
5 0
6 1
7 1
Output
0 XOR-NOT36 = XOR(1,NOT(1)) = 1
1 XOR-NOT47 = XOR(1,NOT(1)) = 1
2 XOR-NOT50 = XOR(0,NOT(0)) = 1
3 XOR-NOT61 = XOR(1,NOT(1)) = 1
4 XOR-NOT72 = XOR(1,NOT(1)) = 1
5 OR02 = OR(0,1) = 1
6 OR13 = OR(1,1) = 1
7 OR24 = OR(1,1) = 1

I will now return the answer in
The answer in  is
</think>
</think>
\boxed{11111111}","In Alice's Wonderland, a secret bit manipulation rule transforms 8-bit binary numbers. The transformation involves operations like bit shifts, rotations, XOR, AND, OR, NOT, and possibly majority or choice functions.

Here are some examples of input -> output:
11101100 -> 10100111
11011000 -> 00001111
11010101 -> 00100110
00101111 -> 01001101
01011001 -> 01100011
11110101 -> 00101111
11100101 -> 10101111
01100101 -> 10001111

Now, determine the output for: 01111011",,bit_exact_global_ternary_unique_prediction,,11111111,11111111,11111011,11111011,11111011,11111111
4bb8c6cd,equation_transform,]}\!,],]}\!,"We need to infer the transformation rule from the examples.

【`!-|:】 = 【-]!】
  input: 【`】【!】【-】【|】【:】
  left:【`】【!】
  operator: 【-】
  right:【|】【:】
  output: 【-】【]】【!】
  concatenation: 【`】【!】【|】【:】 mismatch
  reverse concatenation: 【|】【:】【`】【!】 mismatch
  operator: 【-】unknown

【]/-]:】 = 【`】
  input: 【]】【/】【-】【]】【:】
  left:【]】【/】
  operator: 【-】
  right:【]】【:】
  output: 【`】
  concatenation: 【]】【/】【]】【:】 mismatch
  reverse concatenation: 【]】【:】【]】【/】 mismatch
  operator: 【-】unknown

【'`-\'】 = 【-`/】
  input: 【'】【`】【-】【\】【'】
  left:【'】【`】
  operator: 【-】
  right:【\】【'】
  output: 【-】【`】【/】
  concatenation: 【'】【`】【\】【'】 mismatch
  reverse concatenation: 【\】【'】【'】【`】 mismatch
  operator: 【-】unknown

【]`+\|】 = 【]`\|】
  input: 【]】【`】【+】【\】【|】
  left:【]】【`】
  operator: 【+】
  right:【\】【|】
  output: 【]】【`】【\】【|】
  concatenation: 【]】【`】【\】【|】 match
  reverse concatenation: 【\】【|】【]】【`】 mismatch
  operator: 【+】concatenation

【]^-|/】 = 【-`|】
  input: 【]】【^】【-】【|】【/】
  left:【]】【^】
  operator: 【-】
  right:【|】【/】
  output: 【-】【`】【|】
  concatenation: 【]】【^】【|】【/】 mismatch
  reverse concatenation: 【|】【/】【]】【^】 mismatch
  operator: 【-】unknown

Question【]}*\!】
  input: 【]】【}】【*】【\】【!】
  left:【]】【}】
  operator:【*】
  right:【\】【!】

The question operator is 【*】, which is unknown.
As the question operator is unknown, we default to concatenation.

  concatenation(【]】【}】, 【\】【!】) = 【]】【}】【\】【!】
  output: 【]}\!】-> 【{]}\!}】

I will now return the answer in
The answer in  is
</think>
</think>
\boxed{]}\!}","In Alice's Wonderland, a secret set of transformation rules is applied to equations. Below are a few examples:
`!-|: = -]!
]/-]: = `
'`-\' = -`/
]`+\| = ]`\|
]^-|/ = -`|
Now, determine the result for: ]}*\!",,,,]}\!,]}\!,]}\!,]}\!,]}\!,]}\!
4c327b55,bit_manipulation,11011100,11011110,11011100,"We need to deduce the transformation by matching the example outputs.

Output 0: 00011000
0 0
1 0
2 0
3 1
4 1
5 0
6 0
7 0

Output 1: 01000110
0 0
1 1
2 0
3 0
4 0
5 1
6 1
7 0

Output 2: 01011110
0 0
1 1
2 0
3 1
4 1
5 1
6 1
7 0

Output 3: 00111101
0 0
1 0
2 1
3 1
4 1
5 1
6 0
7 1

Output 4: 01001000
0 0
1 1
2 0
3 0
4 1
5 0
6 0
7 0

Output 5: 00000000
0 0
1 0
2 0
3 0
4 0
5 0
6 0
7 0

Output 6: 01010110
0 0
1 1
2 0
3 1
4 0
5 1
6 1
7 0

Output 7: 10101001
0 1
1 0
2 1
3 0
4 1
5 0
6 0
7 1

Output bit columns (with bitsum as hash)
0 00000001 1
1 01101010 4
2 00010001 2
3 10110010 4
4 10111001 5
5 01110010 4
6 01100010 3
7 00010001 2

Input 0: 10001000
0 1
1 0
2 0
3 0
4 1
5 0
6 0
7 0

Input 1: 10100110
0 1
1 0
2 1
3 0
4 0
5 1
6 1
7 0

Input 2: 00101110
0 0
1 0
2 1
3 0
4 1
5 1
6 1
7 0

Input 3: 10011010
0 1
1 0
2 0
3 1
4 1
5 0
6 1
7 0

Input 4: 10100001
0 1
1 0
2 1
3 0
4 0
5 0
6 0
7 1

Input 5: 00000000
0 0
1 0
2 0
3 0
4 0
5 0
6 0
7 0

Input 6: 10101110
0 1
1 0
2 1
3 0
4 1
5 1
6 1
7 0

Input 7: 11010010
0 1
1 1
2 0
3 1
4 0
5 0
6 1
7 0

When matching output
x: not in operator
y: wrong position

Identity
0 11011011 6
1 00000001 1 match 0
2 01101010 4 match 1
3 00010001 2 match 2 7
4 10110010 4 match 3
5 01100010 3 match 6
6 01110011 5
7 00001000 1

Matching output
0 1
1 2
2 3
3 4
4 absent
5 absent
6 5
7 3

Left
1 2 3 4 5y
Best: I1 2 3 4: 4

Right
3 2y
Best: I3: 1

NOT
0 00100100 2
1 11111110 7
2 10010101 4
3 11101110 6
4 01001101 4
5 10011101 5
6 10001100 3
7 11110111 7

Matching output
0 absent
1 absent
2 absent
3 absent
4 absent
5 absent
6 absent
7 absent

Left
none
Best: none

Right
none
Best: none

Constant
0 00000000 a
1 11111111 a

Matching output
0 absent
1 absent
2 absent
3 absent
4 absent
5 absent
6 absent
7 absent

Left
none
Best: none

Right
none
Best: none

AND
01 10 00000001 1 match 0
12 21 00000000 a
23 32 00000000 a
34 43 00010000 1
45 54 00100010 2
56 65 01100010 3 match 6
67 76 00000000 a
70 07 00001000 1

02 20 01001010 3
13 31 00000001 1 match 0
24 42 00100010 2
35 53 00000000 a
46 64 00110010 3
57 75 00000000 a
60 06 01010011 4
71 17 00000000 a

03 30 00010001 2 match 2 7
14 41 00000000 a
25 52 01100010 3 match 6
36 63 00010001 2 match 2 7
47 74 00000000 a
50 05 01000010 2
61 16 00000001 1 match 0
72 27 00001000 1

04 40 10010010 3
15 51 00000000 a
26 62 01100010 3 match 6
37 73 00000000 a

Matching output
0 01 10 13 31 61 16
1 absent
2 03 30 36 63
3 absent
4 absent
5 absent
6 56 65 25 52 26 62
7 03 30 36 63

Left
01 12x
10 21x
13 24x
31 42x
61 72x
16 27x
Best: AND01: 1

Right
03 72x
30 27x
36 25 14x
63 52 41x
Best: AND36 25: 2

OR
01 10 11011011 6
12 21 01101011 5
23 32 01111011 6
34 43 10110011 5
45 54 11110010 5
56 65 01110011 5
67 76 01111011 6
70 07 11011011 6

02 20 11111011 7
13 31 00010001 2 match 2 7
24 42 11111010 6
35 53 01110011 5
46 64 11110011 6
57 75 01101010 4 match 1
60 06 11111011 7
71 17 00001001 2

03 30 11011011 6
14 41 10110011 5
25 52 01101010 4 match 1
36 63 01110011 5
47 74 10111010 5
50 05 11111011 7
61 16 01110011 5
72 27 01101010 4 match 1

04 40 11111011 7
15 51 01100011 4
26 62 01111011 6
37 73 00011001 3

Matching output
0 absent
1 57 75 25 52 72 27
2 13 31
3 absent
4 absent
5 absent
6 absent
7 13 31

Left
none
Best: none

Right
13 02x
31 20x
Best: OR13: 1

XOR
01 10 11011010 5
12 21 01101011 5
23 32 01111011 6
34 43 10100011 4
45 54 11010000 3
56 65 00010001 2 match 2 7
67 76 01111011 6
70 07 11010011 5

02 20 10110001 4
13 31 00010000 1
24 42 11011000 4
35 53 01110011 5
46 64 11000001 3
57 75 01101010 4 match 1
60 06 10101000 3
71 17 00001001 2

03 30 11001010 4
14 41 10110011 5
25 52 00001000 1
36 63 01100010 3 match 6
47 74 10111010 5
50 05 10111001 5 match 4
61 16 01110010 4 match 5
72 27 01100010 3 match 6

04 40 01101001 4
15 51 01100011 4
26 62 00011001 3
37 73 00011001 3

Matching output
0 absent
1 57 75
2 56 65
3 absent
4 50 05
5 61 16
6 36 63 72 27
7 56 65

Left
none
Best: none

Right
56 45x
65 54x
Best: XOR56: 1

AND-NOT
01 11011010 5
12 00000001 1 match 0
23 01101010 4 match 1
34 00000001 1 match 0
45 10010000 2
56 00000000 a
67 01110011 5
70 00000000 a

02 10010001 3
13 00000000 a
24 01001000 2
35 00010001 2 match 2 7
46 10000000 1
57 01100010 3 match 6
60 00100000 1
71 00001000 1

03 11001010 4
14 00000001 1 match 0
25 00001000 1
36 00000000 a
47 10110010 4 match 3
50 00100000 1
61 01110010 4 match 5
72 00000000 a

04 01001001 3
15 00000001 1 match 0
26 00001000 1
37 00010001 2 match 2 7
40 00100000 1
51 01100010 3 match 6
62 00010001 2 match 2 7
73 00001000 1

05 10011001 4
16 00000000 a
27 01100010 3 match 6
30 00000000 a
41 10110010 4 match 3
52 00000000 a
63 01100010 3 match 6
74 00001000 1

06 10001000 2
17 00000001 1 match 0
20 00100000 1
31 00010000 1
42 10010000 2
53 01100010 3 match 6
64 01000001 2
75 00001000 1

07 11010011 5
10 00000000 a
21 01101010 4 match 1
32 00010001 2 match 2 7
43 10100010 3
54 01000000 1
65 00010001 2 match 2 7
76 00001000 1

Matching output
0 12 34 14 15 17
1 23 21
2 35 37 62 32 65
3 47 41
4 absent
5 61
6 57 51 27 63 53
7 35 37 62 32 65

Left
12 23 34y
34 45x
14 25x
15 26x
17 20x
Best: AND-NOT12 23: 2

Right
35 24x
37 26x
62 51 40x
32 21y
65 54x
Best: AND-NOT62 51: 2

OR-NOT
01 11111111 a
12 10010101 4
23 11101110 6
34 01011101 5
45 10111111 7
56 11101110 6
67 11110111 7
70 00101100 3

02 11011111 7
13 11101111 7
24 01101111 6
35 10011101 5
46 10111110 6
57 11110111 7
60 01110111 6
71 11111110 7

03 11111111 a
14 01001101 4
25 11111111 a
36 10011101 5
47 11110111 7
50 01100110 4
61 11111111 a
72 10011101 5

04 11011111 7
15 10011101 5
26 11101110 6
37 11110111 7
40 10110110 5
51 11111110 7
62 11110111 7
73 11101110 6

05 11011111 7
16 10001101 4
27 11111111 a
30 00110101 4
41 11111110 7
52 11110111 7
63 11111111 a
74 01001101 4

06 11011111 7
17 11110111 7
20 01101110 5
31 11111111 a
42 10110111 6
53 11101110 6
64 01111111 7
75 10011101 5

07 11111111 a
10 00100101 3
21 11111110 7
32 10010101 4
43 11111110 7
54 01101111 6
65 11111111 a
76 10001100 3

Matching output
0 absent
1 absent
2 absent
3 absent
4 absent
5 absent
6 absent
7 absent

Left
none
Best: none

Right
none
Best: none

XOR-NOT
01 00100101 3
12 10010100 3
23 10000100 2
34 01011100 4
45 00101111 5
56 11101110 6
67 10000100 2
70 00101100 3

02 01001110 4
13 11101111 7
24 00100111 4
35 10001100 3
46 00111110 5
57 10010101 4
60 01010111 5
71 11110110 6

03 00110101 4
14 01001100 3
25 11110111 7
36 10011101 5
47 01000101 3
50 01000110 3
61 10001101 4
72 10011101 5

04 10010110 4
15 10011100 4
26 11100110 5
37 11100110 5
40 10010110 4
51 10011100 4
62 11100110 5
73 11100110 5

05 01000110 3
16 10001101 4
27 10011101 5
30 00110101 4
41 01001100 3
52 11110111 7
63 10011101 5
74 01000101 3

06 01010111 5
17 11110110 6
20 01001110 4
31 11101111 7
42 00100111 4
53 10001100 3
64 00111110 5
75 10010101 4

07 00101100 3
10 00100101 3
21 10010100 3
32 10000100 2
43 01011100 4
54 00101111 5
65 11101110 6
76 10000100 2

Matching output
0 absent
1 absent
2 absent
3 absent
4 absent
5 absent
6 absent
7 absent

Left
none
Best: none

Right
none
Best: none

Selecting

Lefts
Identity I1 2 3 4: 4
NOT none
Constant none
AND AND01: 1
OR none
XOR none
AND-NOT AND-NOT12 23: 2
OR-NOT none
XOR-NOT none

Rights
Identity I3: 1
NOT none
Constant none
AND AND36 25: 2
OR OR13: 1
XOR XOR56: 1
AND-NOT AND-NOT62 51: 2
OR-NOT none
XOR-NOT none

Left longest: 4
Right longest: 2

Left winner: Identity yes, NOT no, Constant no, AND no, OR no, XOR no, AND-NOT no, OR-NOT no, XOR-NOT no
Right winner: Identity no, NOT no, Constant no, AND yes, OR no, XOR no, AND-NOT no, OR-NOT no, XOR-NOT no

Best left: I1 2 3 4: 4
Best right: AND36 25: 2

Truncated left: I1 2 3 4: 4
Truncated right: AND36 25: 2

Tentative from right
7 AND36
6 AND25
5 pending
4 pending
3 pending
2 pending
1 pending
0 pending

Tentative
0 I1
1 I2
2 I3
3 I4
4 pending
5 pending
6 AND25
7 AND36

Preferred from left
0 I1
1 I2
2 I3
3 I4
4 ?5?
5 ?6?
6 AND25
7 AND36

Preferred from right
7 AND36
6 AND25
5 ?6?
4 ?5?
3 I4
2 I3
1 I2
0 I1

Preferred
0 I1
1 I2
2 I3
3 I4
4 ?5?
5 ?6?
6 AND25
7 AND36

Matching
0 I1
1 I2
2 I3
3 I4
4 ?5? - Identity absent, NOT absent, Constant absent, AND absent, OR absent, XOR50, AND-NOT absent, OR-NOT absent, XOR-NOT absent
5 ?6? - Identity absent, NOT absent, Constant absent, AND absent, OR absent, XOR61, AND-NOT61, OR-NOT absent, XOR-NOT absent
6 AND25
7 AND36

Perfect match
Identity no
NOT no
Constant no
AND no
OR no
XOR yes
AND-NOT no
OR-NOT no
XOR-NOT no

Matched
0 I1
1 I2
2 I3
3 I4
4 XOR50
5 XOR61
6 AND25
7 AND36

Selected
0 I1
1 I2
2 I3
3 I4
4 XOR50
5 XOR61
6 AND25
7 AND36

Applying to 01101101
Input
0 0
1 1
2 1
3 0
4 1
5 1
6 0
7 1
Output
0 I1 = 1
1 I2 = 1
2 I3 = 0
3 I4 = 1
4 XOR50 = XOR(1,0) = 1
5 XOR61 = XOR(0,1) = 1
6 AND25 = AND(1,1) = 1
7 AND36 = AND(0,0) = 0

I will now return the answer in
The answer in  is
</think>
</think>
\boxed{11011110}","In Alice's Wonderland, a secret bit manipulation rule transforms 8-bit binary numbers. The transformation involves operations like bit shifts, rotations, XOR, AND, OR, NOT, and possibly majority or choice functions.

Here are some examples of input -> output:
10001000 -> 00011000
10100110 -> 01000110
00101110 -> 01011110
10011010 -> 00111101
10100001 -> 01001000
00000000 -> 00000000
10101110 -> 01010110
11010010 -> 10101001

Now, determine the output for: 01101101",bit_exact_global_binary_XOR,,,11011110,11011100,11011100,11011100,11011100,11011110
4ef88f92,bit_manipulation,01010111,01011111,01010111,"We need to deduce the transformation by matching the example outputs.

Output 0: 10010111
0 1
1 0
2 0
3 1
4 0
5 1
6 1
7 1

Output 1: 01111101
0 0
1 1
2 1
3 1
4 1
5 1
6 0
7 1

Output 2: 01011110
0 0
1 1
2 0
3 1
4 1
5 1
6 1
7 0

Output 3: 10111011
0 1
1 0
2 1
3 1
4 1
5 0
6 1
7 1

Output 4: 11100111
0 1
1 1
2 1
3 0
4 0
5 1
6 1
7 1

Output 5: 11000111
0 1
1 1
2 0
3 0
4 0
5 1
6 1
7 1

Output 6: 01000111
0 0
1 1
2 0
3 0
4 0
5 1
6 1
7 1

Output 7: 10010111
0 1
1 0
2 0
3 1
4 0
5 1
6 1
7 1

Output 8: 10001001
0 1
1 0
2 0
3 0
4 1
5 0
6 0
7 1

Output 9: 00101111
0 0
1 0
2 1
3 0
4 1
5 1
6 1
7 1

Output bit columns (with bitsum as hash)
0 1001110110 6
1 0110111000 5
2 0101100001 4
3 1111000100 5
4 0111000011 5
5 1110111101 8
6 1011111101 8
7 1101111111 9

Input 0: 01101101
0 0
1 1
2 1
3 0
4 1
5 1
6 0
7 1

Input 1: 01000001
0 0
1 1
2 0
3 0
4 0
5 0
6 0
7 1

Input 2: 11001110
0 1
1 1
2 0
3 0
4 1
5 1
6 1
7 0

Input 3: 10011110
0 1
1 0
2 0
3 1
4 1
5 1
6 1
7 0

Input 4: 01111010
0 0
1 1
2 1
3 1
4 1
5 0
6 1
7 0

Input 5: 01110101
0 0
1 1
2 1
3 1
4 0
5 1
6 0
7 1

Input 6: 00110100
0 0
1 0
2 1
3 1
4 0
5 1
6 0
7 0

Input 7: 01101100
0 0
1 1
2 1
3 0
4 1
5 1
6 0
7 0

Input 8: 10010101
0 1
1 0
2 0
3 1
4 0
5 1
6 0
7 1

Input 9: 11011000
0 1
1 1
2 0
3 1
4 1
5 0
6 0
7 0

When matching output
x: not in operator
y: wrong position

Identity
0 0011000011 4
1 1110110101 7
2 1000111100 5
3 0001111011 6
4 1011100101 6
5 1011011110 7
6 0011100000 3
7 1100010010 4

Matching output
0 absent
1 absent
2 absent
3 absent
4 absent
5 absent
6 absent
7 absent

Left
none
Best: none

Right
none
Best: none

NOT
0 1100111100 6
1 0001001010 3
2 0111000011 5 match 4
3 1110000100 4
4 0100011010 4
5 0100100001 3
6 1100011111 7
7 0011101101 6

Matching output
0 absent
1 absent
2 absent
3 absent
4 2
5 absent
6 absent
7 absent

Left
none
Best: none

Right
none
Best: none

Constant
0 0000000000 a
1 1111111111 a

Matching output
0 absent
1 absent
2 absent
3 absent
4 absent
5 absent
6 absent
7 absent

Left
none
Best: none

Right
none
Best: none

AND
01 10 0010000001 2
12 21 1000110100 4
23 32 0000111000 3
34 43 0001100001 3
45 54 1011000100 4
56 65 0011000000 2
67 76 0000000000 a
70 07 0000000010 1

02 20 0000000000 a
13 31 0000110001 3
24 42 1000100100 3
35 53 0001011010 4
46 64 0011100000 3
57 75 1000010010 3
60 06 0011000000 2
71 17 1100010000 3

03 30 0001000011 3
14 41 1010100101 5
25 52 1000011100 4
36 63 0001100000 2
47 74 1000000000 1
50 05 0011000010 3
61 16 0010100000 2
72 27 1000010000 2

04 40 0011000001 3
15 51 1010010100 4
26 62 0000100000 1
37 73 0000010010 2

Matching output
0 absent
1 absent
2 absent
3 absent
4 absent
5 absent
6 absent
7 absent

Left
none
Best: none

Right
none
Best: none

OR
01 10 1111110111 9
12 21 1110111101 8 match 5
23 32 1001111111 8
34 43 1011111111 9
45 54 1011111111 9
56 65 1011111110 8
67 76 1111110010 7
70 07 1111010011 7

02 20 1011111111 9
13 31 1111111111 a
24 42 1011111101 8 match 6
35 53 1011111111 9
46 64 1011100101 6
57 75 1111011110 8
60 06 0011100011 5
71 17 1110110111 8

03 30 0011111011 7
14 41 1111110101 8
25 52 1011111110 8
36 63 0011111011 7
47 74 1111110111 9
50 05 1011011111 8
61 16 1111110101 8
72 27 1100111110 7

04 40 1011100111 7
15 51 1111111111 a
26 62 1011111100 7
37 73 1101111011 8

Matching output
0 absent
1 absent
2 absent
3 absent
4 absent
5 12 21
6 24 42
7 absent

Left
none
Best: none

Right
none
Best: none

XOR
01 10 1101110110 7
12 21 0110001001 4
23 32 1001000111 5
34 43 1010011110 6
45 54 0000111011 5
56 65 1000111110 6
67 76 1111110010 7
70 07 1111010001 6

02 20 1011111111 9
13 31 1111001110 7
24 42 0011011001 5
35 53 1010100101 5
46 64 1000000101 3
57 75 0111001100 5
60 06 0000100011 3
71 17 0010100111 5

03 30 0010111000 4
14 41 0101010000 3
25 52 0011100010 4
36 63 0010011011 5
47 74 0111110111 8
50 05 1000011101 5
61 16 1101010101 6
72 27 0100101110 5

04 40 1000100110 4
15 51 0101101011 6
26 62 1011011100 6
37 73 1101101001 6

Matching output
0 absent
1 absent
2 absent
3 absent
4 absent
5 absent
6 absent
7 absent

Left
none
Best: none

Right
none
Best: none

AND-NOT
01 0001000010 2
12 0110000001 3
23 1000000100 2
34 0000011010 3
45 0000100001 2
56 1000011110 5
67 0011100000 3
70 1100010000 3

02 0011000011 4
13 1110000100 4
24 0000011000 2
35 0000100001 2
46 1000000101 3
57 0011001100 4
60 0000100000 1
71 0000000010 1

03 0010000000 1
14 0100010000 2
25 0000100000 1
36 0000011011 4
47 0011100101 5
50 1000011100 4
61 0001000000 1
72 0100000010 2

04 0000000010 1
15 0100100001 3
26 1000011100 4
37 0001101001 4
40 1000100100 3
51 0001001010 3
62 0011000000 2
73 1100000000 2

05 0000000001 1
16 1100010101 5
27 0000101100 3
30 0000111000 3
41 0001000000 1
52 0011000010 3
63 0010000000 1
74 0100010010 3

06 0000000011 2
17 0010100101 4
20 1000111100 5
31 0001001010 3
42 0011000001 3
53 1010000100 3
64 0000000000 a
75 0100000000 1

07 0011000001 3
10 1100110100 5
21 0000001000 1
32 0001000011 3
43 1010000100 3
54 0000011010 3
65 0000100000 1
76 1100010010 4

Matching output
0 absent
1 absent
2 absent
3 absent
4 absent
5 absent
6 absent
7 absent

Left
none
Best: none

Right
none
Best: none

OR-NOT
01 0011001011 5
12 1111110111 9
23 1110111100 7
34 0101111011 7
45 1111100101 7
56 1111011111 9
67 0011101101 6
70 1100111110 7

02 0111000011 5 match 4
13 1110110101 7
24 1100111110 7
35 0101111011 7
46 1111111111 a
57 1011111111 9
60 1111111100 8
71 1101011010 6

03 1111000111 7
14 1110111111 9
25 1100111101 7
36 1101111111 9 match 7
47 1011101101 7
50 1111111110 9
61 0011101010 5
72 1111010011 7

04 0111011011 7
15 1110110101 7
26 1100111111 8
37 0011111111 8
40 1111111101 9
51 1011011110 7
62 0111100011 6
73 1110010110 6

05 0111100011 6
16 1110111111 9
27 1011111101 8 match 6
30 1101111111 9 match 7
41 1011101111 8
52 1111011111 9
63 1111100100 6
74 1100011010 5

06 1111011111 9
17 1111111101 9
20 1100111100 6
31 0001111011 6
42 1111100111 8
53 1111011110 8
64 0111111010 7
75 1100110011 6

07 0011101111 7
10 1110111101 8 match 5
21 1001111110 7
32 0111111011 8
43 1111100101 7
54 1111011110 8
65 0111100001 5
76 1100011111 7

Matching output
0 absent
1 absent
2 absent
3 absent
4 02
5 10
6 27
7 36 30

Left
none
Best: none

Right
36 25x
30 27 16x
Best: OR-NOT30 27: 2

XOR-NOT
01 0010001001 3
12 1001110110 5 match 0
23 0110111000 5 match 1
34 0101100001 4 match 2
45 1111000100 5 match 3
56 0111000001 4
67 0000001101 3
70 0000101110 4

02 0100000000 1
13 0000110001 3
24 1100100110 5
35 0101011010 5
46 0111111010 7
57 1000110011 5
60 1111011100 7
71 1101011000 5

03 1101000111 6
14 1010101111 7
25 1100011101 6
36 1101100100 5
47 1000001000 2
50 0111100010 5
61 0010101010 4
72 1011010001 5

04 0111011001 6
15 1010010100 4
26 0100100011 4
37 0010010110 4
40 0111011001 6
51 1010010100 4
62 0100100011 4
73 0010010110 4

05 0111100010 5
16 0010101010 4
27 1011010001 5
30 1101000111 6
41 1010101111 7
52 1100011101 6
63 1101100100 5
74 1000001000 2

06 1111011100 7
17 1101011000 5
20 0100000000 1
31 0000110001 3
42 1100100110 5
53 0101011010 5
64 0111111010 7
75 1000110011 5

07 0000101110 4
10 0010001001 3
21 1001110110 5 match 0
32 0110111000 5 match 1
43 0101100001 4 match 2
54 1111000100 5 match 3
65 0111000001 4
76 0000001101 3

Matching output
0 12 21
1 23 32
2 34 43
3 45 54
4 absent
5 absent
6 absent
7 absent

Left
12 23 34 45 56x
21 32 43 54 65x
Best: XOR-NOT12 23 34 45: 4

Right
none
Best: none

Selecting

Lefts
Identity none
NOT none
Constant none
AND none
OR none
XOR none
AND-NOT none
OR-NOT none
XOR-NOT XOR-NOT12 23 34 45: 4

Rights
Identity none
NOT none
Constant none
AND none
OR none
XOR none
AND-NOT none
OR-NOT OR-NOT30 27: 2
XOR-NOT none

Left longest: 4
Right longest: 2

Left winner: Identity no, NOT no, Constant no, AND no, OR no, XOR no, AND-NOT no, OR-NOT no, XOR-NOT yes
Right winner: Identity no, NOT no, Constant no, AND no, OR no, XOR no, AND-NOT no, OR-NOT yes, XOR-NOT no

Best left: XOR-NOT12 23 34 45: 4
Best right: OR-NOT30 27: 2

Truncated left: XOR-NOT12 23 34 45: 4
Truncated right: OR-NOT30 27: 2

Tentative from right
7 OR-NOT30
6 OR-NOT27
5 pending
4 pending
3 pending
2 pending
1 pending
0 pending

Tentative
0 XOR-NOT12
1 XOR-NOT23
2 XOR-NOT34
3 XOR-NOT45
4 pending
5 pending
6 OR-NOT27
7 OR-NOT30

Preferred from left
0 XOR-NOT12
1 XOR-NOT23
2 XOR-NOT34
3 XOR-NOT45
4 ?56
5 ?67
6 OR-NOT27
7 OR-NOT30

Preferred from right
7 OR-NOT30
6 OR-NOT27
5 ?67
4 ?56
3 XOR-NOT45
2 XOR-NOT34
1 XOR-NOT23
0 XOR-NOT12

Preferred
0 XOR-NOT12
1 XOR-NOT23
2 XOR-NOT34
3 XOR-NOT45
4 ?56 ?65
5 ?67 ?76
6 OR-NOT27
7 OR-NOT30

Matching
0 XOR-NOT12
1 XOR-NOT23
2 XOR-NOT34
3 XOR-NOT45
4 ?56 ?65 - Identity absent, NOT absent, Constant absent, AND absent, OR absent, XOR absent, AND-NOT absent, OR-NOT absent, XOR-NOT absent
5 ?67 ?76 - Identity absent, NOT absent, Constant absent, AND absent, OR absent, XOR absent, AND-NOT absent, OR-NOT absent, XOR-NOT absent
6 OR-NOT27
7 OR-NOT30

Perfect match
Identity no
NOT no
Constant no
AND no
OR no
XOR no
AND-NOT no
OR-NOT no
XOR-NOT no

Matched
0 XOR-NOT12
1 XOR-NOT23
2 XOR-NOT34
3 XOR-NOT45
4 none
5 none
6 OR-NOT27
7 OR-NOT30

Selected
0 XOR-NOT12
1 XOR-NOT23
2 XOR-NOT34
3 XOR-NOT45
4 default 1
5 default 1
6 OR-NOT27
7 OR-NOT30

Applying to 00110011
Input
0 0
1 0
2 1
3 1
4 0
5 0
6 1
7 1
Output
0 XOR-NOT12 = XOR(0,NOT(1)) = 0
1 XOR-NOT23 = XOR(1,NOT(1)) = 1
2 XOR-NOT34 = XOR(1,NOT(0)) = 0
3 XOR-NOT45 = XOR(0,NOT(0)) = 1
4 default 1 = 1
5 default 1 = 1
6 OR-NOT27 = OR(1,NOT(1)) = 1
7 OR-NOT30 = OR(1,NOT(0)) = 1

I will now return the answer in
The answer in  is
</think>
</think>
\boxed{01011111}","In Alice's Wonderland, a secret bit manipulation rule transforms 8-bit binary numbers. The transformation involves operations like bit shifts, rotations, XOR, AND, OR, NOT, and possibly majority or choice functions.

Here are some examples of input -> output:
01101101 -> 10010111
01000001 -> 01111101
11001110 -> 01011110
10011110 -> 10111011
01111010 -> 11100111
01110101 -> 11000111
00110100 -> 01000111
01101100 -> 10010111
10010101 -> 10001001
11011000 -> 00101111

Now, determine the output for: 00110011",,bit_exact_global_ternary_unique_prediction,,01010011,01010011,01010111,01010111,01010111,01010011
528ec0d8,equation_transform,-39,39,-39,"We need to infer the transformation rule from the examples.

Examples:
  38(96 = 3648
  13(43 = 559
  42#38 = 81
  41(94 = 3854

The inputs are 38, 96, 13, 43, 42, 38, 41, 94

The outputs are 3648, 559, 81, 3854
No outputs have a symbol prefix or suffix.

Looking at the input of the examples
38(96 -> (
13(43 -> (
42#38 -> #
41(94 -> (

The operators
(
#

Looking at the question
11-50 -> -
The question operator is not found in the examples. Investigating the most common example operator 【(】 instead. We will use absolute difference for the question operator.

Looking at operator 【(】 [38(96 = 3648, 13(43 = 559, 41(94 = 3854]:
  Trying common operations reversed operands [38->83 96->69, 13->31 43->34, 41->14 94->49] and reversed result [expected (83,69)->3648, (31,34)->559, (14,49)->3854]:
    concatenation f(83, 69) = 83 || 69 = 8369 -rev-> 9638 wrong
    reverse concatenation f(31, 34) = 34 || 31 = 3431 -rev-> 1343 wrong
    addition f(14, 49) = 14 + 49 = 63 -rev-> 36 wrong
    absolute difference f(83, 69) = |83 - 69| = 14 -rev-> 41 wrong
    negated absolute difference f(31, 34) = -|31 - 34| = -3 -rev-> -3 wrong
    subtraction (a-b) f(14, 49) = 14 - 49 = -35 -rev-> -53 wrong
    reverse subtraction (b-a) f(83, 69) = 69 - 83 = -14 -rev-> -41 wrong
    multiplication f(31, 34) = (30 + 1) * 34 = 30 * 34 + 1 * 34 = 1020 + 34 = 1054 -rev-> 4501 wrong
  Trying common operations on identity [38 96, 13 43, 41 94] [expected (38,96)->3648, (13,43)->559, (41,94)->3854]:
    concatenation f(38, 96) = 38 || 96 = 3896 wrong
    reverse concatenation f(13, 43) = 43 || 13 = 4313 wrong
    addition f(41, 94) = 41 + 94 = 135 wrong
    absolute difference f(38, 96) = |38 - 96| = 58 wrong
    negated absolute difference f(13, 43) = -|13 - 43| = -30 wrong
    subtraction (a-b) f(41, 94) = 41 - 94 = -53 wrong
    reverse subtraction (b-a) f(38, 96) = 96 - 38 = 58 wrong
    multiplication f(13, 43) = (10 + 3) * 43 = 10 * 43 + 3 * 43 = 430 + 129 = 559 match, f(41,94) -> (40 + 1) * 94 = 40 * 94 + 1 * 94 = 3760 + 94 = 3854 match, f(38,96) -> (30 + 8) * 96 = 30 * 96 + 8 * 96 = 2880 + 768 = 3648 match, correct, actions: multiplication
  Trying common operations reversed operands [38->83 96->69, 13->31 43->34, 41->14 94->49] [expected (83,69)->3648, (31,34)->559, (14,49)->3854]:
    concatenation f(83, 69) = 83 || 69 = 8369 wrong
    reverse concatenation f(31, 34) = 34 || 31 = 3431 wrong
    addition f(14, 49) = 14 + 49 = 63 wrong
    absolute difference f(83, 69) = |83 - 69| = 14 wrong
    negated absolute difference f(31, 34) = -|31 - 34| = -3 wrong
    subtraction (a-b) f(14, 49) = 14 - 49 = -35 wrong
    reverse subtraction (b-a) f(83, 69) = 69 - 83 = -14 wrong
    multiplication f(31, 34) = (30 + 1) * 34 = 30 * 34 + 1 * 34 = 1020 + 34 = 1054 wrong
  Trying common operations identity operands [38 96, 13 43, 41 94] reversed result [expected (38,96)->3648, (13,43)->559, (41,94)->3854]:
    concatenation f(38, 96) = 38 || 96 = 3896 -rev-> 6983 wrong
    reverse concatenation f(13, 43) = 43 || 13 = 4313 -rev-> 3134 wrong
    addition f(41, 94) = 41 + 94 = 135 -rev-> 531 wrong
    absolute difference f(38, 96) = |38 - 96| = 58 -rev-> 85 wrong
    negated absolute difference f(13, 43) = -|13 - 43| = -30 -rev-> -03 wrong
    subtraction (a-b) f(41, 94) = 41 - 94 = -53 -rev-> -35 wrong
    reverse subtraction (b-a) f(38, 96) = 96 - 38 = 58 -rev-> 85 wrong
    multiplication f(13, 43) = (10 + 3) * 43 = 10 * 43 + 3 * 43 = 430 + 129 = 559 -rev-> 955 wrong
  Trying rare operations reversed operands [38->83 96->69, 13->31 43->34, 41->14 94->49] and reversed result [expected (83,69)->3648, (31,34)->559, (14,49)->3854]:
    multiply+1 f(83, 69) = (80 + 3) * 69 + 1 = 80 * 69 + 3 * 69 + 1 = 5520 + 207 + 1 = 5727 + 1 = 5728 -rev-> 8275 wrong
    multiply-1 f(31, 34) = (30 + 1) * 34 - 1 = 30 * 34 + 1 * 34 - 1 = 1020 + 34 - 1 = 1054 - 1 = 1053 -rev-> 3501 wrong
    add+1 f(14, 49) = 14 + 49 + 1 = 64 -rev-> 46 wrong
    add-1 f(83, 69) = 83 + 69 - 1 = 151 -rev-> 151 wrong
    sub+1 f(31, 34) = 31 - 34 + 1 = -2 -rev-> -2 wrong
    sub-1 f(14, 49) = 14 - 49 - 1 = -36 -rev-> -63 wrong
    max mod min f(83, 69) = max(83,69) mod min(83,69) = 83 mod 69 = 14 -rev-> 41 wrong
    integer division (a/b) f(31, 34) = 31 / 34 = 0 -rev-> 0 wrong
    modulo (a mod b) f(14, 49) = 14 mod 49 = 14 -rev-> 41 wrong
    reverse division (b/a) f(83, 69) = 69 / 83 = 0 -rev-> 0 wrong
    reverse modulo (b mod a) f(31, 34) = 34 mod 31 = 3 -rev-> 3 wrong
    digit absolute diff f(14, 49) = |1-4| || |4-9| = 35 -rev-> 53 wrong
    digit add mod10 f(83, 69) = (8+6)%10 || (3+9)%10 = 42 -rev-> 24 wrong
    digit sub mod10 f(31, 34) = (3-3)%10 || (1-4)%10 = 07 -rev-> 70 wrong
    cross multiply f(14, 49) = 1*4 + 4*9 = 4 + 36 = 40 -rev-> 04 wrong
    cross multiply rev f(83, 69) = 8*9 + 3*6 = 72 + 18 = 90 -rev-> 09 wrong
    digit multiply f(31, 34) = 3*3 || 1*4 = 9 || 4 = 94 -rev-> 49 wrong
    digit multiply rev f(14, 49) = 1*9 || 4*4 = 9 || 16 = 916 -rev-> 619 wrong
    digit sum diff f(83, 69) = (8+3) - (6+9) = -4 -rev-> -4 wrong
    digit sum sum f(31, 34) = (3+1) + (3+4) = 11 -rev-> 11 wrong
    digit product diff f(14, 49) = 1*4 - 4*9 = 4 - 36 = -32 -rev-> -23 wrong
    digit product sum f(83, 69) = 8*3 + 6*9 = 24 + 54 = 78 -rev-> 87 wrong
    determinant f(31, 34) = 3*4 - 1*3 = 12 - 3 = 9 -rev-> 9 wrong
    abs determinant f(14, 49) = |1*9 - 4*4| = |9 - 16| = 7 -rev-> 7 wrong
  Trying rare operations on identity [38 96, 13 43, 41 94] [expected (38,96)->3648, (13,43)->559, (41,94)->3854]:
    multiply+1 f(38, 96) = (30 + 8) * 96 + 1 = 30 * 96 + 8 * 96 + 1 = 2880 + 768 + 1 = 3648 + 1 = 3649 wrong
    multiply-1 f(13, 43) = (10 + 3) * 43 - 1 = 10 * 43 + 3 * 43 - 1 = 430 + 129 - 1 = 559 - 1 = 558 wrong
    add+1 f(41, 94) = 41 + 94 + 1 = 136 wrong
    add-1 f(38, 96) = 38 + 96 - 1 = 133 wrong
    sub+1 f(13, 43) = 13 - 43 + 1 = -29 wrong
    sub-1 f(41, 94) = 41 - 94 - 1 = -54 wrong
    max mod min f(38, 96) = max(38,96) mod min(38,96) = 96 mod 38 = 20 wrong
    integer division (a/b) f(13, 43) = 13 / 43 = 0 wrong
    modulo (a mod b) f(41, 94) = 41 mod 94 = 41 wrong
    reverse division (b/a) f(38, 96) = 96 / 38 = 2 wrong
    reverse modulo (b mod a) f(13, 43) = 43 mod 13 = 4 wrong
    digit absolute diff f(41, 94) = |4-9| || |1-4| = 53 wrong
    digit add mod10 f(38, 96) = (3+9)%10 || (8+6)%10 = 24 wrong
    digit sub mod10 f(13, 43) = (1-4)%10 || (3-3)%10 = 70 wrong
    cross multiply f(41, 94) = 4*9 + 1*4 = 36 + 4 = 40 wrong
    cross multiply rev f(38, 96) = 3*6 + 8*9 = 18 + 72 = 90 wrong
    digit multiply f(13, 43) = 1*4 || 3*3 = 4 || 9 = 49 wrong
    digit multiply rev f(41, 94) = 4*4 || 1*9 = 16 || 9 = 169 wrong
    digit sum diff f(38, 96) = (3+8) - (9+6) = -4 wrong
    digit sum sum f(13, 43) = (1+3) + (4+3) = 11 wrong
    digit product diff f(41, 94) = 4*1 - 9*4 = 4 - 36 = -32 wrong
    digit product sum f(38, 96) = 3*8 + 9*6 = 24 + 54 = 78 wrong
    determinant f(13, 43) = 1*3 - 3*4 = 3 - 12 = -9 wrong
    abs determinant f(41, 94) = |4*4 - 1*9| = |16 - 9| = 7 wrong
  Trying rare operations reversed operands [38->83 96->69, 13->31 43->34, 41->14 94->49] [expected (83,69)->3648, (31,34)->559, (14,49)->3854]:
    multiply+1 f(83, 69) = (80 + 3) * 69 + 1 = 80 * 69 + 3 * 69 + 1 = 5520 + 207 + 1 = 5727 + 1 = 5728 wrong
    multiply-1 f(31, 34) = (30 + 1) * 34 - 1 = 30 * 34 + 1 * 34 - 1 = 1020 + 34 - 1 = 1054 - 1 = 1053 wrong
    add+1 f(14, 49) = 14 + 49 + 1 = 64 wrong
    add-1 f(83, 69) = 83 + 69 - 1 = 151 wrong
    sub+1 f(31, 34) = 31 - 34 + 1 = -2 wrong
    sub-1 f(14, 49) = 14 - 49 - 1 = -36 wrong
    max mod min f(83, 69) = max(83,69) mod min(83,69) = 83 mod 69 = 14 wrong
    integer division (a/b) f(31, 34) = 31 / 34 = 0 wrong
    modulo (a mod b) f(14, 49) = 14 mod 49 = 14 wrong
    reverse division (b/a) f(83, 69) = 69 / 83 = 0 wrong
    reverse modulo (b mod a) f(31, 34) = 34 mod 31 = 3 wrong
    digit absolute diff f(14, 49) = |1-4| || |4-9| = 35 wrong
    digit add mod10 f(83, 69) = (8+6)%10 || (3+9)%10 = 42 wrong
    digit sub mod10 f(31, 34) = (3-3)%10 || (1-4)%10 = 07 wrong
    cross multiply f(14, 49) = 1*4 + 4*9 = 4 + 36 = 40 wrong
    cross multiply rev f(83, 69) = 8*9 + 3*6 = 72 + 18 = 90 wrong
    digit multiply f(31, 34) = 3*3 || 1*4 = 9 || 4 = 94 wrong
    digit multiply rev f(14, 49) = 1*9 || 4*4 = 9 || 16 = 916 wrong
    digit sum diff f(83, 69) = (8+3) - (6+9) = -4 wrong
    digit sum sum f(31, 34) = (3+1) + (3+4) = 11 wrong
    digit product diff f(14, 49) = 1*4 - 4*9 = 4 - 36 = -32 wrong
    digit product sum f(83, 69) = 8*3 + 6*9 = 24 + 54 = 78 wrong
    determinant f(31, 34) = 3*4 - 1*3 = 12 - 3 = 9 wrong
    abs determinant f(14, 49) = |1*9 - 4*4| = |9 - 16| = 7 wrong
  Trying rare operations identity operands [38 96, 13 43, 41 94] reversed result [expected (38,96)->3648, (13,43)->559, (41,94)->3854]:
    multiply+1 f(38, 96) = (30 + 8) * 96 + 1 = 30 * 96 + 8 * 96 + 1 = 2880 + 768 + 1 = 3648 + 1 = 3649 -rev-> 9463 wrong
    multiply-1 f(13, 43) = (10 + 3) * 43 - 1 = 10 * 43 + 3 * 43 - 1 = 430 + 129 - 1 = 559 - 1 = 558 -rev-> 855 wrong
    add+1 f(41, 94) = 41 + 94 + 1 = 136 -rev-> 631 wrong
    add-1 f(38, 96) = 38 + 96 - 1 = 133 -rev-> 331 wrong
    sub+1 f(13, 43) = 13 - 43 + 1 = -29 -rev-> -92 wrong
    sub-1 f(41, 94) = 41 - 94 - 1 = -54 -rev-> -45 wrong
    max mod min f(38, 96) = max(38,96) mod min(38,96) = 96 mod 38 = 20 -rev-> 02 wrong
    integer division (a/b) f(13, 43) = 13 / 43 = 0 -rev-> 0 wrong
    modulo (a mod b) f(41, 94) = 41 mod 94 = 41 -rev-> 14 wrong
    reverse division (b/a) f(38, 96) = 96 / 38 = 2 -rev-> 2 wrong
    reverse modulo (b mod a) f(13, 43) = 43 mod 13 = 4 -rev-> 4 wrong
    digit absolute diff f(41, 94) = |4-9| || |1-4| = 53 -rev-> 35 wrong
    digit add mod10 f(38, 96) = (3+9)%10 || (8+6)%10 = 24 -rev-> 42 wrong
    digit sub mod10 f(13, 43) = (1-4)%10 || (3-3)%10 = 70 -rev-> 07 wrong
    cross multiply f(41, 94) = 4*9 + 1*4 = 36 + 4 = 40 -rev-> 04 wrong
    cross multiply rev f(38, 96) = 3*6 + 8*9 = 18 + 72 = 90 -rev-> 09 wrong
    digit multiply f(13, 43) = 1*4 || 3*3 = 4 || 9 = 49 -rev-> 94 wrong
    digit multiply rev f(41, 94) = 4*4 || 1*9 = 16 || 9 = 169 -rev-> 961 wrong
    digit sum diff f(38, 96) = (3+8) - (9+6) = -4 -rev-> -4 wrong
    digit sum sum f(13, 43) = (1+3) + (4+3) = 11 -rev-> 11 wrong
    digit product diff f(41, 94) = 4*1 - 9*4 = 4 - 36 = -32 -rev-> -23 wrong
    digit product sum f(38, 96) = 3*8 + 9*6 = 24 + 54 = 78 -rev-> 87 wrong
    determinant f(13, 43) = 1*3 - 3*4 = 3 - 12 = -9 -rev-> -9 wrong
    abs determinant f(41, 94) = |4*4 - 1*9| = |16 - 9| = 7 -rev-> 7 wrong

Applying to 11-50:
  We recall that the question operator is not found in the examples. We will use the absolute difference as the operator.
  identity
  absolute difference f(11, 50) = |11 - 50| = 39
  Result: 【39】

I will now return the answer in
The answer in  is
</think>
</think>
\boxed{39}","In Alice's Wonderland, a secret set of transformation rules is applied to equations. Below are a few examples:
38(96 = 3648
13(43 = 559
42#38 = 81
41(94 = 3854
Now, determine the result for: 11-50",,,,-39,-39,-39,-39,-39,39
55d834d1,bit_manipulation,00111111,10111111,00111111,"We need to deduce the transformation by matching the example outputs.

Output 0: 11110101
0 1
1 1
2 1
3 1
4 0
5 1
6 0
7 1

Output 1: 01011110
0 0
1 1
2 0
3 1
4 1
5 1
6 1
7 0

Output 2: 10011011
0 1
1 0
2 0
3 1
4 1
5 0
6 1
7 1

Output 3: 01101110
0 0
1 1
2 1
3 0
4 1
5 1
6 1
7 0

Output 4: 00110111
0 0
1 0
2 1
3 1
4 0
5 1
6 1
7 1

Output 5: 11011011
0 1
1 1
2 0
3 1
4 1
5 0
6 1
7 1

Output 6: 11111101
0 1
1 1
2 1
3 1
4 1
5 1
6 0
7 1

Output bit columns (with bitsum as hash)
0 1010011 4
1 1101011 5
2 1001101 4
3 1110111 6
4 0111011 5
5 1101101 5
6 0111110 5
7 1010111 5

Input 0: 10100000
0 1
1 0
2 1
3 0
4 0
5 0
6 0
7 0

Input 1: 11110011
0 1
1 1
2 1
3 1
4 0
5 0
6 1
7 1

Input 2: 11011111
0 1
1 1
2 0
3 1
4 1
5 1
6 1
7 1

Input 3: 00110001
0 0
1 0
2 1
3 1
4 0
5 0
6 0
7 1

Input 4: 10001100
0 1
1 0
2 0
3 0
4 1
5 1
6 0
7 0

Input 5: 01000010
0 0
1 1
2 0
3 0
4 0
5 0
6 1
7 0

Input 6: 01100000
0 0
1 1
2 1
3 0
4 0
5 0
6 0
7 0

When matching output
x: not in operator
y: wrong position

Identity
0 1110100 4
1 0110011 4
2 1101001 4
3 0111000 3
4 0010100 2
5 0010100 2
6 0110010 3
7 0111000 3

Matching output
0 absent
1 absent
2 absent
3 absent
4 absent
5 absent
6 absent
7 absent

Left
none
Best: none

Right
none
Best: none

NOT
0 0001011 3
1 1001100 3
2 0010110 3
3 1000111 4
4 1101011 5 match 1
5 1101011 5 match 1
6 1001101 4 match 2
7 1000111 4

Matching output
0 absent
1 4 5
2 6
3 absent
4 absent
5 absent
6 absent
7 absent

Left
none
Best: none

Right
none
Best: none

Constant
0 0000000 a
1 1111111 a

Matching output
0 absent
1 absent
2 absent
3 absent
4 absent
5 absent
6 absent
7 absent

Left
none
Best: none

Right
none
Best: none

AND
01 10 0110000 2
12 21 0100001 2
23 32 0101000 2
34 43 0010000 1
45 54 0010100 2
56 65 0010000 1
67 76 0110000 2
70 07 0110000 2

02 20 1100000 2
13 31 0110000 2
24 42 0000000 a
35 53 0010000 1
46 64 0010000 1
57 75 0010000 1
60 06 0110000 2
71 17 0110000 2

03 30 0110000 2
14 41 0010000 1
25 52 0000000 a
36 63 0110000 2
47 74 0010000 1
50 05 0010100 2
61 16 0110010 3
72 27 0101000 2

04 40 0010100 2
15 51 0010000 1
26 62 0100000 1
37 73 0111000 3

Matching output
0 absent
1 absent
2 absent
3 absent
4 absent
5 absent
6 absent
7 absent

Left
none
Best: none

Right
none
Best: none

OR
01 10 1110111 6 match 3
12 21 1111011 6
23 32 1111001 5
34 43 0111100 4
45 54 0010100 2
56 65 0110110 4
67 76 0111010 4
70 07 1111100 5

02 20 1111101 6
13 31 0111011 5 match 4
24 42 1111101 6
35 53 0111100 4
46 64 0110110 4
57 75 0111100 4
60 06 1110110 5
71 17 0111011 5 match 4

03 30 1111100 5
14 41 0110111 5
25 52 1111101 6
36 63 0111010 4
47 74 0111100 4
50 05 1110100 4
61 16 0110011 4
72 27 1111001 5

04 40 1110100 4
15 51 0110111 5
26 62 1111011 6
37 73 0111000 3

Matching output
0 absent
1 absent
2 absent
3 01 10
4 13 31 71 17
5 absent
6 absent
7 absent

Left
none
Best: none

Right
none
Best: none

XOR
01 10 1000111 4
12 21 1011010 4
23 32 1010001 3
34 43 0101100 3
45 54 0000000 a
56 65 0100110 3
67 76 0001010 2
70 07 1001100 3

02 20 0011101 4
13 31 0001011 3
24 42 1111101 6
35 53 0101100 3
46 64 0100110 3
57 75 0101100 3
60 06 1000110 3
71 17 0001011 3

03 30 1001100 3
14 41 0100111 4
25 52 1111101 6
36 63 0001010 2
47 74 0101100 3
50 05 1100000 2
61 16 0000001 1
72 27 1010001 3

04 40 1100000 2
15 51 0100111 4
26 62 1011011 5
37 73 0000000 a

Matching output
0 absent
1 absent
2 absent
3 absent
4 absent
5 absent
6 absent
7 absent

Left
none
Best: none

Right
none
Best: none

AND-NOT
01 1000100 2
12 0010010 2
23 1000001 2
34 0101000 2
45 0000000 a
56 0000100 1
67 0000010 1
70 0001000 1

02 0010100 2
13 0000011 2
24 1101001 4
35 0101000 2
46 0000100 1
57 0000100 1
60 0000010 1
71 0001000 1

03 1000100 2
14 0100011 3
25 1101001 4
36 0001000 1
47 0000100 1
50 0000000 a
61 0000000 a
72 0010000 1

04 1100000 2
15 0100011 3
26 1001001 3
37 0000000 a
40 0000000 a
51 0000100 1
62 0010010 2
73 0000000 a

05 1100000 2
16 0000001 1
27 1000001 2
30 0001000 1
41 0000100 1
52 0010100 2
63 0000010 1
74 0101000 2

06 1000100 2
17 0000011 2
20 0001001 2
31 0001000 1
42 0010100 2
53 0000100 1
64 0100010 2
75 0101000 2

07 1000100 2
10 0000011 2
21 1001000 2
32 0010000 1
43 0000100 1
54 0000000 a
65 0100010 2
76 0001000 1

Matching output
0 absent
1 absent
2 absent
3 absent
4 absent
5 absent
6 absent
7 absent

Left
none
Best: none

Right
none
Best: none

OR-NOT
01 1111100 5
12 0110111 5
23 1101111 6
34 1111011 6
45 1111111 a
56 1011101 5
67 1110111 6 match 3
70 0111011 5 match 4

02 1110110 5
13 1110111 6 match 3
24 1101011 5 match 1
35 1111011 6
46 1011101 5
57 1010111 5 match 7
60 0111011 5 match 4
71 1111100 5

03 1110111 6 match 3
14 1111011 6
25 1101011 5 match 1
36 1111101 6
47 1010111 5 match 7
50 0011111 5
61 1111110 6
72 0111110 5 match 6

04 1111111 a
15 1111011 6
26 1101101 5 match 5
37 1111111 a
40 0011111 5
51 1011100 4
62 0110110 4
73 1111111 a

05 1111111 a
16 1111111 a
27 1101111 6
30 0111011 5 match 4
41 1011100 4
52 0010110 3
63 1110111 6 match 3
74 1111011 6

06 1111101 6
17 1110111 6 match 3
20 1101011 5 match 1
31 1111100 5
42 0010110 3
53 1010111 5 match 7
64 1111011 6
75 1111011 6

07 1110111 6 match 3
10 0111011 5 match 4
21 1101101 5 match 5
32 0111110 5 match 6
43 1010111 5 match 7
54 1111111 a
65 1111011 6
76 1111101 6

Matching output
0 absent
1 24 25 20
2 absent
3 67 13 03 63 17 07
4 70 60 30 10
5 26 21
6 72 32
7 57 47 53 43

Left
none
Best: none

Right
57 46x
47 36x
53 42x
43 32 21 10 07 76x
Best: OR-NOT43 32 21 10 07: 5

XOR-NOT
01 0111000 3
12 0100101 3
23 0101110 4
34 1010011 4 match 0
45 1111111 a
56 1011001 4
67 1110101 5
70 0110011 4

02 1100010 3
13 1110100 4
24 0000010 1
35 1010011 4 match 0
46 1011001 4
57 1010011 4 match 0
60 0111001 4
71 1110100 4

03 0110011 4
14 1011000 3
25 0000010 1
36 1110101 5
47 1010011 4 match 0
50 0011111 5
61 1111110 6
72 0101110 4

04 0011111 5
15 1011000 3
26 0100100 2
37 1111111 a
40 0011111 5
51 1011000 3
62 0100100 2
73 1111111 a

05 0011111 5
16 1111110 6
27 0101110 4
30 0110011 4
41 1011000 3
52 0000010 1
63 1110101 5
74 1010011 4 match 0

06 0111001 4
17 1110100 4
20 1100010 3
31 1110100 4
42 0000010 1
53 1010011 4 match 0
64 1011001 4
75 1010011 4 match 0

07 0110011 4
10 0111000 3
21 0100101 3
32 0101110 4
43 1010011 4 match 0
54 1111111 a
65 1011001 4
76 1110101 5

Matching output
0 34 35 57 47 74 53 75 43
1 absent
2 absent
3 absent
4 absent
5 absent
6 absent
7 absent

Left
34 45x
35 46x
57 60x
47 50x
74 05x
53 64x
75 06x
43 54x
Best: XOR-NOT34: 1

Right
none
Best: none

Selecting

Lefts
Identity none
NOT none
Constant none
AND none
OR none
XOR none
AND-NOT none
OR-NOT none
XOR-NOT XOR-NOT34: 1

Rights
Identity none
NOT none
Constant none
AND none
OR none
XOR none
AND-NOT none
OR-NOT OR-NOT43 32 21 10 07: 5
XOR-NOT none

Left longest: 1
Right longest: 5

Right winner: Identity no, NOT no, Constant no, AND no, OR no, XOR no, AND-NOT no, OR-NOT yes, XOR-NOT no
Left winner: Identity no, NOT no, Constant no, AND no, OR no, XOR no, AND-NOT no, OR-NOT no, XOR-NOT yes

Best right: OR-NOT43 32 21 10 07: 5
Best left: XOR-NOT34: 1

Truncated right: OR-NOT43 32 21 10 07: 5
Truncated left: XOR-NOT34: 1

Tentative from right
7 OR-NOT43
6 OR-NOT32
5 OR-NOT21
4 OR-NOT10
3 OR-NOT07
2 pending
1 pending
0 pending

Tentative
0 XOR-NOT34
1 pending
2 pending
3 OR-NOT07
4 OR-NOT10
5 OR-NOT21
6 OR-NOT32
7 OR-NOT43

Preferred from right
7 OR-NOT43
6 OR-NOT32
5 OR-NOT21
4 OR-NOT10
3 OR-NOT07
2 ?76
1 ?65
0 XOR-NOT34

Preferred from left
0 XOR-NOT34
1 ?65
2 ?76
3 OR-NOT07
4 OR-NOT10
5 OR-NOT21
6 OR-NOT32
7 OR-NOT43

Preferred
0 XOR-NOT34
1 ?65 ?56
2 ?76 ?67
3 OR-NOT07
4 OR-NOT10
5 OR-NOT21
6 OR-NOT32
7 OR-NOT43

Matching
0 XOR-NOT34
1 ?65 ?56 - Identity absent, NOT NOT5, Constant absent, AND absent, OR absent, XOR absent, AND-NOT absent, OR-NOT absent, XOR-NOT absent
2 ?76 ?67 - Identity absent, NOT NOT6, Constant absent, AND absent, OR absent, XOR absent, AND-NOT absent, OR-NOT absent, XOR-NOT absent
3 OR-NOT07
4 OR-NOT10
5 OR-NOT21
6 OR-NOT32
7 OR-NOT43

Perfect match
Identity no
NOT yes
Constant no
AND no
OR no
XOR no
AND-NOT no
OR-NOT no
XOR-NOT no

Matched
0 XOR-NOT34
1 NOT5
2 NOT6
3 OR-NOT07
4 OR-NOT10
5 OR-NOT21
6 OR-NOT32
7 OR-NOT43

Selected
0 XOR-NOT34
1 NOT5
2 NOT6
3 OR-NOT07
4 OR-NOT10
5 OR-NOT21
6 OR-NOT32
7 OR-NOT43

Applying to 00011100
Input
0 0
1 0
2 0
3 1
4 1
5 1
6 0
7 0
Output
0 XOR-NOT34 = XOR(1,NOT(1)) = 1
1 NOT5 = NOT(1) = 0
2 NOT6 = NOT(0) = 1
3 OR-NOT07 = OR(0,NOT(0)) = 1
4 OR-NOT10 = OR(0,NOT(0)) = 1
5 OR-NOT21 = OR(0,NOT(0)) = 1
6 OR-NOT32 = OR(1,NOT(0)) = 1
7 OR-NOT43 = OR(1,NOT(1)) = 1

I will now return the answer in
The answer in  is
</think>
</think>
\boxed{10111111}","In Alice's Wonderland, a secret bit manipulation rule transforms 8-bit binary numbers. The transformation involves operations like bit shifts, rotations, XOR, AND, OR, NOT, and possibly majority or choice functions.

Here are some examples of input -> output:
10100000 -> 11110101
11110011 -> 01011110
11011111 -> 10011011
00110001 -> 01101110
10001100 -> 00110111
01000010 -> 11011011
01100000 -> 11111101

Now, determine the output for: 00011100",,bit_exact_global_ternary_unique_prediction,,10111111,10111111,00111111,00111111,00111111,10111111
5ba26f21,bit_manipulation,01011100,01111110,01011100,"We need to deduce the transformation by matching the example outputs.

Output 0: 00010001
0 0
1 0
2 0
3 1
4 0
5 0
6 0
7 1

Output 1: 00110001
0 0
1 0
2 1
3 1
4 0
5 0
6 0
7 1

Output 2: 11000010
0 1
1 1
2 0
3 0
4 0
5 0
6 1
7 0

Output 3: 00101000
0 0
1 0
2 1
3 0
4 1
5 0
6 0
7 0

Output 4: 01101111
0 0
1 1
2 1
3 0
4 1
5 1
6 1
7 1

Output 5: 00101000
0 0
1 0
2 1
3 0
4 1
5 0
6 0
7 0

Output 6: 01101101
0 0
1 1
2 1
3 0
4 1
5 1
6 0
7 1

Output 7: 01001011
0 0
1 1
2 0
3 0
4 1
5 0
6 1
7 1

Output bit columns (with bitsum as hash)
0 00100000 1
1 00101011 4
2 01011110 5
3 11000000 2
4 00011111 5
5 00001010 2
6 00101001 3
7 11001011 5

Input 0: 00110011
0 0
1 0
2 1
3 1
4 0
5 0
6 1
7 1

Input 1: 01010011
0 0
1 1
2 0
3 1
4 0
5 0
6 1
7 1

Input 2: 00001101
0 0
1 0
2 0
3 0
4 1
5 1
6 0
7 1

Input 3: 10000010
0 1
1 0
2 0
3 0
4 0
5 0
6 1
7 0

Input 4: 01011101
0 0
1 1
2 0
3 1
4 1
5 1
6 0
7 1

Input 5: 11000010
0 1
1 1
2 0
3 0
4 0
5 0
6 1
7 0

Input 6: 01010100
0 0
1 1
2 0
3 1
4 0
5 1
6 0
7 0

Input 7: 10110010
0 1
1 0
2 1
3 1
4 0
5 0
6 1
7 0

When matching output
x: not in operator
y: wrong position

Identity
0 00010101 3
1 01001110 4
2 10000001 2
3 11001011 5 match 7
4 00101000 2
5 00101010 3
6 11010101 5
7 11101000 4

Matching output
0 absent
1 absent
2 absent
3 absent
4 absent
5 absent
6 absent
7 3

Left
none
Best: none

Right
3 2x
Best: I3: 1

NOT
0 11101010 5
1 10110001 4
2 01111110 6
3 00110100 3
4 11010111 6
5 11010101 5
6 00101010 3
7 00010111 4

Matching output
0 absent
1 absent
2 absent
3 absent
4 absent
5 absent
6 absent
7 absent

Left
none
Best: none

Right
none
Best: none

Constant
0 00000000 a
1 11111111 a

Matching output
0 absent
1 absent
2 absent
3 absent
4 absent
5 absent
6 absent
7 absent

Left
none
Best: none

Right
none
Best: none

AND
01 10 00000100 1
12 21 00000000 a
23 32 10000001 2
34 43 00001000 1
45 54 00101000 2
56 65 00000000 a
67 76 11000000 2 match 3
70 07 00000000 a

02 20 00000001 1
13 31 01001010 3
24 42 00000000 a
35 53 00001010 2 match 5
46 64 00000000 a
57 75 00101000 2
60 06 00010101 3
71 17 01001000 2

03 30 00000001 1
14 41 00001000 1
25 52 00000000 a
36 63 11000001 3
47 74 00101000 2
50 05 00000000 a
61 16 01000100 2
72 27 10000000 1

04 40 00000000 a
15 51 00001010 2 match 5
26 62 10000001 2
37 73 11001000 3

Matching output
0 absent
1 absent
2 absent
3 67 76
4 absent
5 35 53 15 51
6 absent
7 absent

Left
none
Best: none

Right
none
Best: none

OR
01 10 01011111 6
12 21 11001111 6
23 32 11001011 5 match 7
34 43 11101011 6
45 54 00101010 3
56 65 11111111 a
67 76 11111101 7
70 07 11111101 7

02 20 10010101 4
13 31 11001111 6
24 42 10101001 4
35 53 11101011 6
46 64 11111101 7
57 75 11101010 5
60 06 11010101 5
71 17 11101110 6

03 30 11011111 7
14 41 01101110 5
25 52 10101011 5
36 63 11011111 7
47 74 11101000 4
50 05 00111111 6
61 16 11011111 7
72 27 11101001 5

04 40 00111101 5
15 51 01101110 5
26 62 11010101 5
37 73 11101011 6

Matching output
0 absent
1 absent
2 absent
3 absent
4 absent
5 absent
6 absent
7 23 32

Left
none
Best: none

Right
23 12x
32 21x
Best: OR23: 1

XOR
01 10 01011011 5
12 21 11001111 6
23 32 01001010 3
34 43 11100011 5
45 54 00000010 1
56 65 11111111 a
67 76 00111101 5
70 07 11111101 7

02 20 10010100 3
13 31 10000101 3
24 42 10101001 4
35 53 11100001 4
46 64 11111101 7
57 75 11000010 3
60 06 11000000 2 match 3
71 17 10100110 4

03 30 11011110 6
14 41 01100110 4
25 52 10101011 5
36 63 00011110 4
47 74 11000000 2 match 3
50 05 00111111 6
61 16 10011011 5
72 27 01101001 4

04 40 00111101 5
15 51 01100100 3
26 62 01010100 3
37 73 00100011 3

Matching output
0 absent
1 absent
2 absent
3 60 06 47 74
4 absent
5 absent
6 absent
7 absent

Left
none
Best: none

Right
none
Best: none

AND-NOT
01 00010001 2
12 01001110 4
23 00000000 a
34 11000011 4
45 00000000 a
56 00101010 3
67 00010101 3
70 11101000 4

02 00010100 2
13 00000100 1
24 10000001 2
35 11000001 3
46 00101000 2
57 00000010 1
60 11000000 2 match 3
71 10100000 2

03 00010100 2
14 01000110 3
25 10000001 2
36 00001010 2 match 5
47 00000000 a
50 00101010 3
61 10010001 3
72 01101000 3

04 00010101 3
15 01000100 2
26 00000000 a
37 00000011 2
40 00101000 2
51 00100000 1 match 0
62 01010100 3
73 00100000 1 match 0

05 00010101 3
16 00001010 2 match 5
27 00000001 1
30 11001010 4
41 00100000 1 match 0
52 00101010 3
63 00010100 2
74 11000000 2 match 3

06 00000000 a
17 00000110 2
20 10000000 1
31 10000001 2
42 00101000 2
53 00100000 1 match 0
64 11010101 5
75 11000000 2 match 3

07 00010101 3
10 01001010 3
21 10000001 2
32 01001010 3
43 00100000 1 match 0
54 00000010 1
65 11010101 5
76 00101000 2

Matching output
0 51 73 41 53 43
1 absent
2 absent
3 60 74 75
4 absent
5 36 16
6 absent
7 absent

Left
51 62x
73 04x
41 52x
53 64x
43 54x
Best: AND-NOT51: 1

Right
none
Best: none

OR-NOT
01 10110101 5
12 01111110 6
23 10110101 5
34 11011111 7
45 11111101 7
56 00101010 3
67 11010111 6
70 11101010 5

02 01111111 7
13 01111110 6
24 11010111 6
35 11011111 7
46 00101010 3
57 00111111 6
60 11111111 a
71 11111001 6

03 00110101 4
14 11011111 7
25 11010101 5
36 11101011 6
47 00111111 6
50 11101010 5
61 11110101 6
72 11111110 7

04 11010111 6
15 11011111 7
26 10101011 5
37 11011111 7
40 11101010 5
51 10111011 6
62 11111111 a
73 11111100 6

05 11010101 5
16 01101110 5
27 10010111 5
30 11101011 6
41 10111001 5
52 01111110 6
63 11110101 6
74 11111111 a

06 00111111 6
17 01011111 6
20 11101011 6
31 11111011 7
42 01111110 6
53 00111110 5
64 11010111 6
75 11111101 7

07 00010111 4
10 11101110 6
21 10110001 4
32 11111111 a
43 00111100 4
54 11111111 a
65 11010101 5
76 11101010 5

Matching output
0 absent
1 absent
2 absent
3 absent
4 absent
5 absent
6 absent
7 absent

Left
none
Best: none

Right
none
Best: none

XOR-NOT
01 10100100 3
12 00110000 2
23 10110101 5
34 00011100 3
45 11111101 7
56 00000000 a
67 11000010 3
70 00000010 1

02 01101011 5
13 01111010 5
24 01010110 4
35 00011110 4
46 00000010 1
57 00111101 5
60 00111111 6
71 01011001 4

03 00100001 2
14 10011001 4
25 01010100 3
36 11100001 4
47 00111111 6
50 11000000 2 match 3
61 01100100 3
72 10010110 4

04 11000010 3
15 10011011 5
26 10101011 5
37 11011100 5
40 11000010 3
51 10011011 5
62 10101011 5
73 11011100 5

05 11000000 2 match 3
16 01100100 3
27 10010110 4
30 00100001 2
41 10011001 4
52 01010100 3
63 11100001 4
74 00111111 6

06 00111111 6
17 01011001 4
20 01101011 5
31 01111010 5
42 01010110 4
53 00011110 4
64 00000010 1
75 00111101 5

07 00000010 1
10 10100100 3
21 00110000 2
32 10110101 5
43 00011100 3
54 11111101 7
65 00000000 a
76 11000010 3

Matching output
0 absent
1 absent
2 absent
3 50 05
4 absent
5 absent
6 absent
7 absent

Left
none
Best: none

Right
none
Best: none

Selecting

Lefts
Identity none
NOT none
Constant none
AND none
OR none
XOR none
AND-NOT AND-NOT51: 1
OR-NOT none
XOR-NOT none

Rights
Identity I3: 1
NOT none
Constant none
AND none
OR OR23: 1
XOR none
AND-NOT none
OR-NOT none
XOR-NOT none

Left longest: 1
Right longest: 1

Left winner: Identity no, NOT no, Constant no, AND no, OR no, XOR no, AND-NOT yes, OR-NOT no, XOR-NOT no
Right winner: Identity yes, NOT no, Constant no, AND no, OR no, XOR no, AND-NOT no, OR-NOT no, XOR-NOT no

Best left: AND-NOT51: 1
Best right: I3: 1

Truncated left: AND-NOT51: 1
Truncated right: I3: 1

Tentative from right
7 I3
6 pending
5 pending
4 pending
3 pending
2 pending
1 pending
0 pending

Tentative
0 AND-NOT51
1 pending
2 pending
3 pending
4 pending
5 pending
6 pending
7 I3

Preferred from left
0 AND-NOT51
1 ?62
2 ?73
3 ?04
4 ?15
5 ?26
6 ?37
7 I3

Preferred from right
7 I3
6 ?37
5 ?26
4 ?15
3 ?04
2 ?73
1 ?62
0 AND-NOT51

Preferred
0 AND-NOT51
1 ?62 ?26
2 ?73 ?37
3 ?04 ?40
4 ?15 ?51
5 ?26 ?62
6 ?37 ?73
7 I3

Matching
0 AND-NOT51
1 ?62 ?26 - Identity absent, NOT absent, Constant absent, AND absent, OR absent, XOR absent, AND-NOT absent, OR-NOT absent, XOR-NOT absent
2 ?73 ?37 - Identity absent, NOT absent, Constant absent, AND absent, OR absent, XOR absent, AND-NOT absent, OR-NOT absent, XOR-NOT absent
3 ?04 ?40 - Identity absent, NOT absent, Constant absent, AND absent, OR absent, XOR absent, AND-NOT absent, OR-NOT absent, XOR-NOT absent
4 ?15 ?51 - Identity absent, NOT absent, Constant absent, AND absent, OR absent, XOR absent, AND-NOT absent, OR-NOT absent, XOR-NOT absent
5 ?26 ?62 - Identity absent, NOT absent, Constant absent, AND absent, OR absent, XOR absent, AND-NOT absent, OR-NOT absent, XOR-NOT absent
6 ?37 ?73 - Identity absent, NOT absent, Constant absent, AND absent, OR absent, XOR absent, AND-NOT absent, OR-NOT absent, XOR-NOT absent
7 I3

Perfect match
Identity no
NOT no
Constant no
AND no
OR no
XOR no
AND-NOT no
OR-NOT no
XOR-NOT no

Matched
0 AND-NOT51
1 none
2 none
3 none
4 none
5 none
6 none
7 I3

Selected
0 AND-NOT51
1 default 1
2 default 1
3 default 1
4 default 1
5 default 1
6 default 1
7 I3

Applying to 11101001
Input
0 1
1 1
2 1
3 0
4 1
5 0
6 0
7 1
Output
0 AND-NOT51 = AND(0,NOT(1)) = 0
1 default 1 = 1
2 default 1 = 1
3 default 1 = 1
4 default 1 = 1
5 default 1 = 1
6 default 1 = 1
7 I3 = 0

I will now return the answer in
The answer in  is
</think>
</think>
\boxed{01111110}","In Alice's Wonderland, a secret bit manipulation rule transforms 8-bit binary numbers. The transformation involves operations like bit shifts, rotations, XOR, AND, OR, NOT, and possibly majority or choice functions.

Here are some examples of input -> output:
00110011 -> 00010001
01010011 -> 00110001
00001101 -> 11000010
10000010 -> 00101000
01011101 -> 01101111
11000010 -> 00101000
01010100 -> 01101101
10110010 -> 01001011

Now, determine the output for: 11101001",,,bit_fullbyte_ternary_op_CHO,01111110,01111110,01111110,01011100,01111110,01111110
7192535b,bit_manipulation,00000010,00001010,00000010,"We need to deduce the transformation by matching the example outputs.

Output 0: 00000000
0 0
1 0
2 0
3 0
4 0
5 0
6 0
7 0

Output 1: 00000010
0 0
1 0
2 0
3 0
4 0
5 0
6 1
7 0

Output 2: 00001000
0 0
1 0
2 0
3 0
4 1
5 0
6 0
7 0

Output 3: 00000001
0 0
1 0
2 0
3 0
4 0
5 0
6 0
7 1

Output 4: 01100111
0 0
1 1
2 1
3 0
4 0
5 1
6 1
7 1

Output 5: 00001000
0 0
1 0
2 0
3 0
4 1
5 0
6 0
7 0

Output 6: 00010001
0 0
1 0
2 0
3 1
4 0
5 0
6 0
7 1

Output 7: 00000100
0 0
1 0
2 0
3 0
4 0
5 1
6 0
7 0

Output 8: 10001100
0 1
1 0
2 0
3 0
4 1
5 1
6 0
7 0

Output bit columns (with bitsum as hash)
0 000000001 1
1 000010000 1
2 000010000 1
3 000000100 1
4 001001001 3
5 000010011 3
6 010010000 2
7 000110100 3

Input 0: 01001000
0 0
1 1
2 0
3 0
4 1
5 0
6 0
7 0

Input 1: 00101101
0 0
1 0
2 1
3 0
4 1
5 1
6 0
7 1

Input 2: 10100100
0 1
1 0
2 1
3 0
4 0
5 1
6 0
7 0

Input 3: 00011100
0 0
1 0
2 0
3 1
4 1
5 1
6 0
7 0

Input 4: 00111011
0 0
1 0
2 1
3 1
4 1
5 0
6 1
7 1

Input 5: 11010000
0 1
1 1
2 0
3 1
4 0
5 0
6 0
7 0

Input 6: 10011000
0 1
1 0
2 0
3 1
4 1
5 0
6 0
7 0

Input 7: 01001010
0 0
1 1
2 0
3 0
4 1
5 0
6 1
7 0

Input 8: 11000110
0 1
1 1
2 0
3 0
4 0
5 1
6 1
7 0

When matching output
x: not in operator
y: wrong position

Identity
0 001001101 4
1 100001011 4
2 011010000 3
3 000111100 4
4 110110110 6
5 011100001 4
6 000010011 3 match 5
7 010010000 2 match 6

Matching output
0 absent
1 absent
2 absent
3 absent
4 absent
5 6
6 7
7 absent

Left
none
Best: none

Right
none
Best: none

NOT
0 110110010 5
1 011110100 5
2 100101111 6
3 111000011 5
4 001001001 3 match 4
5 100011110 5
6 111101100 6
7 101101111 7

Matching output
0 absent
1 absent
2 absent
3 absent
4 4
5 absent
6 absent
7 absent

Left
none
Best: none

Right
none
Best: none

Constant
0 000000000 a
1 111111111 a

Matching output
0 absent
1 absent
2 absent
3 absent
4 absent
5 absent
6 absent
7 absent

Left
none
Best: none

Right
none
Best: none

AND
01 10 000001001 2
12 21 000000000 a
23 32 000010000 1 match 1 2
34 43 000110100 3 match 7
45 54 010100000 2
56 65 000000001 1 match 0
67 76 000010000 1 match 1 2
70 07 000000000 a

02 20 001000000 1
13 31 000001000 1
24 42 010010000 2 match 6
35 53 000100000 1
46 64 000010010 2
57 75 010000000 1
60 06 000000001 1 match 0
71 17 000000000 a

03 30 000001100 2
14 41 100000010 2
25 52 011000000 2
36 63 000010000 1 match 1 2
47 74 010010000 2 match 6
50 05 001000001 2
61 16 000000011 2
72 27 010010000 2 match 6

04 40 000000100 1 match 3
15 51 000000001 1 match 0
26 62 000010000 1 match 1 2
37 73 000010000 1 match 1 2

Matching output
0 56 65 60 06 15 51
1 23 32 67 76 36 63 26 62 37 73
2 23 32 67 76 36 63 26 62 37 73
3 04 40
4 absent
5 absent
6 24 42 47 74 72 27
7 34 43

Left
56 67 70x
65 76 07x
60 71x
06 17x
15 26 37 40 51y
51 62 73 04 15y
Best: AND15 26 37 40: 4

Right
34 23y
43 32y
Best: AND34: 1

OR
01 10 101001111 6
12 21 111011011 7
23 32 011111100 6
34 43 110111110 7
45 54 111110111 8
56 65 011110011 6
67 76 010010011 4
70 07 011011101 6

02 20 011011101 6
13 31 100111111 7
24 42 111110110 7
35 53 011111101 7
46 64 110110111 7
57 75 011110001 5
60 06 001011111 6
71 17 110011011 6

03 30 001111101 6
14 41 110111111 8
25 52 011110001 5
36 63 000111111 6
47 74 110110110 6
50 05 011101101 6
61 16 100011011 5
72 27 011010000 3

04 40 111111111 a
15 51 111101011 7
26 62 011010011 5
37 73 010111100 5

Matching output
0 absent
1 absent
2 absent
3 absent
4 absent
5 absent
6 absent
7 absent

Left
none
Best: none

Right
none
Best: none

XOR
01 10 101000110 4
12 21 111011011 7
23 32 011101100 5
34 43 110001010 4
45 54 101010111 6
56 65 011110010 5
67 76 010000011 3
70 07 011011101 6

02 20 010011101 5
13 31 100110111 6
24 42 101100110 5
35 53 011011101 6
46 64 110100101 5
57 75 001110001 4
60 06 001011110 5
71 17 110011011 6

03 30 001110001 4
14 41 010111101 6
25 52 000110001 3
36 63 000101111 5
47 74 100100110 4
50 05 010101100 4
61 16 100011000 3
72 27 001000000 1

04 40 111111011 8
15 51 111101010 6
26 62 011000011 4
37 73 010101100 4

Matching output
0 absent
1 absent
2 absent
3 absent
4 absent
5 absent
6 absent
7 absent

Left
none
Best: none

Right
none
Best: none

AND-NOT
01 001000100 2
12 100001011 4
23 011000000 2
34 000001000 1
45 100010110 4
56 011100000 3
67 000000011 2
70 010010000 2 match 6

02 000001101 3
13 100000011 3
24 001000000 1
35 000011100 3
46 110100100 4
57 001100001 3
60 000010010 2
71 010010000 2 match 6

03 001000001 2
14 000001001 2
25 000010000 1 match 1 2
36 000101100 3
47 100100110 4
50 010100000 2
61 000010000 1 match 1 2
72 000000000 a

04 001001001 3 match 4
15 100001010 3
26 011000000 2
37 000101100 3
40 110110010 5
51 011100000 3
62 000000011 2
73 010000000 1

05 000001100 2
16 100001000 2
27 001000000 1
30 000110000 2
41 010110100 4
52 000100001 2
63 000000011 2
74 000000000 a

06 001001100 3
17 100001011 4
20 010010000 2 match 6
31 000110100 3 match 7
42 100100110 4
53 011000001 3
64 000000001 1 match 0
75 000010000 1 match 1 2

07 001001101 4
10 100000010 2
21 011010000 3
32 000101100 3
43 110000010 3
54 001000001 2
65 000010010 2
76 010000000 1

Matching output
0 64
1 25 61 75
2 25 61 75
3 absent
4 04
5 absent
6 70 71 20
7 31

Left
64 75 06x
Best: AND-NOT64 75: 2

Right
31 20 17x
Best: AND-NOT31 20: 2

OR-NOT
01 011111101 7
12 100101111 6
23 111010011 6
34 001111101 6
45 110111110 7
56 111101101 7
67 101111111 8
70 110110010 5

02 101101111 7
13 111001011 6
24 011011001 5
35 100111110 6
46 111111110 8
57 111101111 8
60 110110011 6
71 011110100 5

03 111001111 7
14 101001011 5
25 111011110 7
36 111111100 7
47 111111111 a
50 111110011 7
61 011110111 7
72 110111111 8

04 001001101 4
15 100011111 6
26 111111100 7
37 101111111 8
40 110110110 6
51 011110101 6
62 100111111 7
73 111010011 6

05 101011111 7
16 111101111 8
27 111111111 a
30 110111110 7
41 111110110 7
52 111101111 8
63 111010011 6
74 011011001 5

06 111101101 7
17 101101111 7
20 111110010 6
31 011111100 6
42 110111111 8
53 111100011 6
64 001011011 5
75 110011110 6

07 101101111 7
10 110111011 7
21 011110100 5
32 100111111 7
43 111110111 8
54 011101001 5
65 100011111 6
76 111111100 7

Matching output
0 absent
1 absent
2 absent
3 absent
4 absent
5 absent
6 absent
7 absent

Left
none
Best: none

Right
none
Best: none

XOR-NOT
01 010111001 5
12 000100100 2
23 100010011 4
34 001110101 5
45 010101000 3
56 100001101 4
67 101111100 6
70 100100010 3

02 101100010 4
13 011001000 3
24 010011001 4
35 100100010 3
46 001011010 4
57 110001110 5
60 110100001 4
71 001100100 3

03 110001110 5
14 101000010 3
25 111001110 6
36 111010000 4
47 011011001 5
50 101010011 5
61 011100111 6
72 110111111 8

04 000000100 1 match 3
15 000010101 3
26 100111100 5
37 101010011 5
40 000000100 1 match 3
51 000010101 3
62 100111100 5
73 101010011 5

05 101010011 5
16 011100111 6
27 110111111 8
30 110001110 5
41 101000010 3
52 111001110 6
63 111010000 4
74 011011001 5

06 110100001 4
17 001100100 3
20 101100010 4
31 011001000 3
42 010011001 4
53 100100010 3
64 001011010 4
75 110001110 5

07 100100010 3
10 010111001 5
21 000100100 2
32 100010011 4
43 001110101 5
54 010101000 3
65 100001101 4
76 101111100 6

Matching output
0 absent
1 absent
2 absent
3 04 40
4 absent
5 absent
6 absent
7 absent

Left
none
Best: none

Right
none
Best: none

Selecting

Lefts
Identity none
NOT none
Constant none
AND AND15 26 37 40: 4
OR none
XOR none
AND-NOT AND-NOT64 75: 2
OR-NOT none
XOR-NOT none

Rights
Identity none
NOT none
Constant none
AND AND34: 1
OR none
XOR none
AND-NOT AND-NOT31 20: 2
OR-NOT none
XOR-NOT none

Left longest: 4
Right longest: 2

Left winner: Identity no, NOT no, Constant no, AND yes, OR no, XOR no, AND-NOT no, OR-NOT no, XOR-NOT no
Right winner: Identity no, NOT no, Constant no, AND no, OR no, XOR no, AND-NOT yes, OR-NOT no, XOR-NOT no

Best left: AND15 26 37 40: 4
Best right: AND-NOT31 20: 2

Truncated left: AND15 26 37 40: 4
Truncated right: AND-NOT31 20: 2

Tentative from right
7 AND-NOT31
6 AND-NOT20
5 pending
4 pending
3 pending
2 pending
1 pending
0 pending

Tentative
0 AND15
1 AND26
2 AND37
3 AND40
4 pending
5 pending
6 AND-NOT20
7 AND-NOT31

Preferred from left
0 AND15
1 AND26
2 AND37
3 AND40
4 ?51
5 ?62
6 AND-NOT20
7 AND-NOT31

Preferred from right
7 AND-NOT31
6 AND-NOT20
5 ?62
4 ?51
3 AND40
2 AND37
1 AND26
0 AND15

Preferred
0 AND15
1 AND26
2 AND37
3 AND40
4 ?51 ?15
5 ?62 ?26
6 AND-NOT20
7 AND-NOT31

Matching
0 AND15
1 AND26
2 AND37
3 AND40
4 ?51 ?15 - Identity absent, NOT absent, Constant absent, AND absent, OR absent, XOR absent, AND-NOT absent, OR-NOT absent, XOR-NOT absent
5 ?62 ?26 - Identity I6, NOT absent, Constant absent, AND absent, OR absent, XOR absent, AND-NOT absent, OR-NOT absent, XOR-NOT absent
6 AND-NOT20
7 AND-NOT31

Perfect match
Identity no
NOT no
Constant no
AND no
OR no
XOR no
AND-NOT no
OR-NOT no
XOR-NOT no

Matched
0 AND15
1 AND26
2 AND37
3 AND40
4 none
5 I6
6 AND-NOT20
7 AND-NOT31

Selected
0 AND15
1 AND26
2 AND37
3 AND40
4 default 1
5 I6
6 AND-NOT20
7 AND-NOT31

Applying to 00100101
Input
0 0
1 0
2 1
3 0
4 0
5 1
6 0
7 1
Output
0 AND15 = AND(0,1) = 0
1 AND26 = AND(1,0) = 0
2 AND37 = AND(0,1) = 0
3 AND40 = AND(0,0) = 0
4 default 1 = 1
5 I6 = 0
6 AND-NOT20 = AND(1,NOT(0)) = 1
7 AND-NOT31 = AND(0,NOT(0)) = 0

I will now return the answer in
The answer in  is
</think>
</think>
\boxed{00001010}","In Alice's Wonderland, a secret bit manipulation rule transforms 8-bit binary numbers. The transformation involves operations like bit shifts, rotations, XOR, AND, OR, NOT, and possibly majority or choice functions.

Here are some examples of input -> output:
01001000 -> 00000000
00101101 -> 00000010
10100100 -> 00001000
00011100 -> 00000001
00111011 -> 01100111
11010000 -> 00001000
10011000 -> 00010001
01001010 -> 00000100
11000110 -> 10001100

Now, determine the output for: 00100101",,,bit_fullbyte_ternary_op_MAJ3,00001010,00001010,00001010,00000010,00001010,00001010
7688e06e,equation_transform,-55,55,-55,"We need to infer the transformation rule from the examples.

Examples:
  06-63 = 42
  96-32 = 64
  87-15 = 72
  58-64 = 93
  87-63 = 24

The inputs are 06, 63, 96, 32, 87, 15, 58, 64, 87, 63

The outputs are 42, 64, 72, 93, 24
No outputs have a symbol prefix or suffix.

Looking at the input of the examples
06-63 -> -
96-32 -> -
87-15 -> -
58-64 -> -
87-63 -> -

The operators
-

Looking at the question
63-19 -> -
The question operator is found in the examples.

Looking at operator 【-】 [06-63 = 42, 96-32 = 64, 87-15 = 72, 58-64 = 93, 87-63 = 24]:
  Trying common operations reversed operands [06->60 63->36, 96->69 32->23, 87->78 15->51, 58->85 64->46, 87->78 63->36] and reversed result [expected (60,36)->42, (69,23)->64, (78,51)->72, (85,46)->93, (78,36)->24]:
    concatenation f(60, 36) = 60 || 36 = 6036 -rev-> 6306 wrong
    reverse concatenation f(69, 23) = 23 || 69 = 2369 -rev-> 9632 wrong
    addition f(78, 51) = 78 + 51 = 129 -rev-> 921 wrong
    absolute difference f(85, 46) = |85 - 46| = 39 -rev-> 93 match, f(78,36) -> |78 - 36| = 42 -rev-> 24 match, f(60,36) -> |60 - 36| = 24 -rev-> 42 match, f(69,23) -> |69 - 23| = 46 -rev-> 64 match, f(78,51) -> |78 - 51| = 27 -rev-> 72 match, correct, actions: reversed operands, reversed result, absolute difference
    negated absolute difference f(78, 36) = -|78 - 36| = -42 -rev-> -24 wrong
    subtraction (a-b) f(60, 36) = 60 - 36 = 24 -rev-> 42 match, f(69,23) -> 69 - 23 = 46 -rev-> 64 match, f(78,51) -> 78 - 51 = 27 -rev-> 72 match, f(85,46) -> 85 - 46 = 39 -rev-> 93 match, f(78,36) -> 78 - 36 = 42 -rev-> 24 match, correct, but skipping
    reverse subtraction (b-a) f(69, 23) = 23 - 69 = -46 -rev-> -64 wrong
    multiplication f(78, 51) = (70 + 8) * 51 = 70 * 51 + 8 * 51 = 3570 + 408 = 3978 -rev-> 8793 wrong
  Trying common operations on identity [06 63, 96 32, 87 15, 58 64, 87 63] [expected (06,63)->42, (96,32)->64, (87,15)->72, (58,64)->93, (87,63)->24]:
    concatenation f(06, 63) = 06 || 63 = 0663 wrong
    reverse concatenation f(96, 32) = 32 || 96 = 3296 wrong
    addition f(87, 15) = 87 + 15 = 102 wrong
    absolute difference f(58, 64) = |58 - 64| = 6 wrong
    negated absolute difference f(87, 63) = -|87 - 63| = -24 wrong
    subtraction (a-b) f(06, 63) = 06 - 63 = -57 wrong
    reverse subtraction (b-a) f(96, 32) = 32 - 96 = -64 wrong
    multiplication f(87, 15) = (80 + 7) * 15 = 80 * 15 + 7 * 15 = 1200 + 105 = 1305 wrong
  Trying common operations reversed operands [06->60 63->36, 96->69 32->23, 87->78 15->51, 58->85 64->46, 87->78 63->36] [expected (60,36)->42, (69,23)->64, (78,51)->72, (85,46)->93, (78,36)->24]:
    concatenation f(60, 36) = 60 || 36 = 6036 wrong
    reverse concatenation f(69, 23) = 23 || 69 = 2369 wrong
    addition f(78, 51) = 78 + 51 = 129 wrong
    absolute difference f(85, 46) = |85 - 46| = 39 wrong
    negated absolute difference f(78, 36) = -|78 - 36| = -42 wrong
    subtraction (a-b) f(60, 36) = 60 - 36 = 24 wrong
    reverse subtraction (b-a) f(69, 23) = 23 - 69 = -46 wrong
    multiplication f(78, 51) = (70 + 8) * 51 = 70 * 51 + 8 * 51 = 3570 + 408 = 3978 wrong
  Trying common operations identity operands [06 63, 96 32, 87 15, 58 64, 87 63] reversed result [expected (06,63)->42, (96,32)->64, (87,15)->72, (58,64)->93, (87,63)->24]:
    concatenation f(06, 63) = 06 || 63 = 0663 -rev-> 3660 wrong
    reverse concatenation f(96, 32) = 32 || 96 = 3296 -rev-> 6923 wrong
    addition f(87, 15) = 87 + 15 = 102 -rev-> 201 wrong
    absolute difference f(58, 64) = |58 - 64| = 6 -rev-> 6 wrong
    negated absolute difference f(87, 63) = -|87 - 63| = -24 -rev-> -42 wrong
    subtraction (a-b) f(06, 63) = 06 - 63 = -57 -rev-> -75 wrong
    reverse subtraction (b-a) f(96, 32) = 32 - 96 = -64 -rev-> -46 wrong
    multiplication f(87, 15) = (80 + 7) * 15 = 80 * 15 + 7 * 15 = 1200 + 105 = 1305 -rev-> 5031 wrong
  Trying rare operations reversed operands [06->60 63->36, 96->69 32->23, 87->78 15->51, 58->85 64->46, 87->78 63->36] and reversed result [expected (60,36)->42, (69,23)->64, (78,51)->72, (85,46)->93, (78,36)->24]:
    multiply+1 f(60, 36) = (60 + 0) * 36 + 1 = 60 * 36 + 0 * 36 + 1 = 2160 + 0 + 1 = 2160 + 1 = 2161 -rev-> 1612 wrong
    multiply-1 f(69, 23) = (60 + 9) * 23 - 1 = 60 * 23 + 9 * 23 - 1 = 1380 + 207 - 1 = 1587 - 1 = 1586 -rev-> 6851 wrong
    add+1 f(78, 51) = 78 + 51 + 1 = 130 -rev-> 031 wrong
    add-1 f(85, 46) = 85 + 46 - 1 = 130 -rev-> 031 wrong
    sub+1 f(78, 36) = 78 - 36 + 1 = 43 -rev-> 34 wrong
    sub-1 f(60, 36) = 60 - 36 - 1 = 23 -rev-> 32 wrong
    max mod min f(69, 23) = max(69,23) mod min(69,23) = 69 mod 23 = 0 -rev-> 0 wrong
    integer division (a/b) f(78, 51) = 78 / 51 = 1 -rev-> 1 wrong
    modulo (a mod b) f(85, 46) = 85 mod 46 = 39 -rev-> 93 match, f(78,36) -> 78 mod 36 = 6 -rev-> 6 wrong
    reverse division (b/a) f(78, 36) = 36 / 78 = 0 -rev-> 0 wrong
    reverse modulo (b mod a) f(60, 36) = 36 mod 60 = 36 -rev-> 63 wrong
    digit absolute diff f(69, 23) = |6-2| || |9-3| = 46 -rev-> 64 match, f(78,51) -> |7-5| || |8-1| = 27 -rev-> 72 match, f(85,46) -> |8-4| || |5-6| = 41 -rev-> 14 wrong
    digit add mod10 f(78, 51) = (7+5)%10 || (8+1)%10 = 29 -rev-> 92 wrong
    digit sub mod10 f(85, 46) = (8-4)%10 || (5-6)%10 = 49 -rev-> 94 wrong
    cross multiply f(78, 36) = 7*3 + 8*6 = 21 + 48 = 69 -rev-> 96 wrong
    cross multiply rev f(60, 36) = 6*6 + 0*3 = 36 + 0 = 36 -rev-> 63 wrong
    digit multiply f(69, 23) = 6*2 || 9*3 = 12 || 27 = 1227 -rev-> 7221 wrong
    digit multiply rev f(78, 51) = 7*1 || 8*5 = 7 || 40 = 740 -rev-> 047 wrong
    digit sum diff f(85, 46) = (8+5) - (4+6) = 3 -rev-> 3 wrong
    digit sum sum f(78, 36) = (7+8) + (3+6) = 24 -rev-> 42 wrong
    digit product diff f(60, 36) = 6*0 - 3*6 = 0 - 18 = -18 -rev-> -81 wrong
    digit product sum f(69, 23) = 6*9 + 2*3 = 54 + 6 = 60 -rev-> 06 wrong
    determinant f(78, 51) = 7*1 - 8*5 = 7 - 40 = -33 -rev-> -33 wrong
    abs determinant f(85, 46) = |8*6 - 5*4| = |48 - 20| = 28 -rev-> 82 wrong
  Trying rare operations on identity [06 63, 96 32, 87 15, 58 64, 87 63] [expected (06,63)->42, (96,32)->64, (87,15)->72, (58,64)->93, (87,63)->24]:
    multiply+1 f(06, 63) = (0 + 6) * 63 + 1 = 0 * 63 + 6 * 63 + 1 = 0 + 378 + 1 = 378 + 1 = 379 wrong
    multiply-1 f(96, 32) = (90 + 6) * 32 - 1 = 90 * 32 + 6 * 32 - 1 = 2880 + 192 - 1 = 3072 - 1 = 3071 wrong
    add+1 f(87, 15) = 87 + 15 + 1 = 103 wrong
    add-1 f(58, 64) = 58 + 64 - 1 = 121 wrong
    sub+1 f(87, 63) = 87 - 63 + 1 = 25 wrong
    sub-1 f(06, 63) = 06 - 63 - 1 = -58 wrong
    max mod min f(96, 32) = max(96,32) mod min(96,32) = 96 mod 32 = 0 wrong
    integer division (a/b) f(87, 15) = 87 / 15 = 5 wrong
    modulo (a mod b) f(58, 64) = 58 mod 64 = 58 wrong
    reverse division (b/a) f(87, 63) = 63 / 87 = 0 wrong
    reverse modulo (b mod a) f(06, 63) = 63 mod 06 = 3 wrong
    digit absolute diff f(96, 32) = |9-3| || |6-2| = 64 match, f(87,15) -> |8-1| || |7-5| = 72 match, f(58,64) -> |5-6| || |8-4| = 14 wrong
    digit add mod10 f(87, 15) = (8+1)%10 || (7+5)%10 = 92 wrong
    digit sub mod10 f(58, 64) = (5-6)%10 || (8-4)%10 = 94 wrong
    cross multiply f(87, 63) = 8*6 + 7*3 = 48 + 21 = 69 wrong
    cross multiply rev f(06, 63) = 0*3 + 6*6 = 0 + 36 = 36 wrong
    digit multiply f(96, 32) = 9*3 || 6*2 = 27 || 12 = 2712 wrong
    digit multiply rev f(87, 15) = 8*5 || 7*1 = 40 || 7 = 407 wrong
    digit sum diff f(58, 64) = (5+8) - (6+4) = 3 wrong
    digit sum sum f(87, 15) = (8+7) + (1+5) = 21 wrong
    digit product diff f(87, 63) = 8*7 - 6*3 = 56 - 18 = 38 wrong
    digit product sum f(06, 63) = 0*6 + 6*3 = 0 + 18 = 18 wrong
    determinant f(96, 32) = 9*2 - 6*3 = 18 - 18 = 0 wrong
    abs determinant f(87, 15) = |8*5 - 7*1| = |40 - 7| = 33 wrong
  Trying rare operations reversed operands [06->60 63->36, 96->69 32->23, 87->78 15->51, 58->85 64->46, 87->78 63->36] [expected (60,36)->42, (69,23)->64, (78,51)->72, (85,46)->93, (78,36)->24]:
    multiply+1 f(60, 36) = (60 + 0) * 36 + 1 = 60 * 36 + 0 * 36 + 1 = 2160 + 0 + 1 = 2160 + 1 = 2161 wrong
    multiply-1 f(69, 23) = (60 + 9) * 23 - 1 = 60 * 23 + 9 * 23 - 1 = 1380 + 207 - 1 = 1587 - 1 = 1586 wrong
    add+1 f(78, 51) = 78 + 51 + 1 = 130 wrong
    add-1 f(85, 46) = 85 + 46 - 1 = 130 wrong
    sub+1 f(78, 36) = 78 - 36 + 1 = 43 wrong
    sub-1 f(60, 36) = 60 - 36 - 1 = 23 wrong
    max mod min f(69, 23) = max(69,23) mod min(69,23) = 69 mod 23 = 0 wrong
    integer division (a/b) f(78, 51) = 78 / 51 = 1 wrong
    modulo (a mod b) f(85, 46) = 85 mod 46 = 39 wrong
    reverse division (b/a) f(78, 36) = 36 / 78 = 0 wrong
    reverse modulo (b mod a) f(60, 36) = 36 mod 60 = 36 wrong
    digit absolute diff f(69, 23) = |6-2| || |9-3| = 46 wrong
    digit add mod10 f(78, 51) = (7+5)%10 || (8+1)%10 = 29 wrong
    digit sub mod10 f(85, 46) = (8-4)%10 || (5-6)%10 = 49 wrong
    cross multiply f(78, 36) = 7*3 + 8*6 = 21 + 48 = 69 wrong
    cross multiply rev f(60, 36) = 6*6 + 0*3 = 36 + 0 = 36 wrong
    digit multiply f(69, 23) = 6*2 || 9*3 = 12 || 27 = 1227 wrong
    digit multiply rev f(78, 51) = 7*1 || 8*5 = 7 || 40 = 740 wrong
    digit sum diff f(85, 46) = (8+5) - (4+6) = 3 wrong
    digit sum sum f(78, 36) = (7+8) + (3+6) = 24 wrong
    digit product diff f(60, 36) = 6*0 - 3*6 = 0 - 18 = -18 wrong
    digit product sum f(69, 23) = 6*9 + 2*3 = 54 + 6 = 60 wrong
    determinant f(78, 51) = 7*1 - 8*5 = 7 - 40 = -33 wrong
    abs determinant f(85, 46) = |8*6 - 5*4| = |48 - 20| = 28 wrong
  Trying rare operations identity operands [06 63, 96 32, 87 15, 58 64, 87 63] reversed result [expected (06,63)->42, (96,32)->64, (87,15)->72, (58,64)->93, (87,63)->24]:
    multiply+1 f(06, 63) = (0 + 6) * 63 + 1 = 0 * 63 + 6 * 63 + 1 = 0 + 378 + 1 = 378 + 1 = 379 -rev-> 973 wrong
    multiply-1 f(96, 32) = (90 + 6) * 32 - 1 = 90 * 32 + 6 * 32 - 1 = 2880 + 192 - 1 = 3072 - 1 = 3071 -rev-> 1703 wrong
    add+1 f(87, 15) = 87 + 15 + 1 = 103 -rev-> 301 wrong
    add-1 f(58, 64) = 58 + 64 - 1 = 121 -rev-> 121 wrong
    sub+1 f(87, 63) = 87 - 63 + 1 = 25 -rev-> 52 wrong
    sub-1 f(06, 63) = 06 - 63 - 1 = -58 -rev-> -85 wrong
    max mod min f(96, 32) = max(96,32) mod min(96,32) = 96 mod 32 = 0 -rev-> 0 wrong
    integer division (a/b) f(87, 15) = 87 / 15 = 5 -rev-> 5 wrong
    modulo (a mod b) f(58, 64) = 58 mod 64 = 58 -rev-> 85 wrong
    reverse division (b/a) f(87, 63) = 63 / 87 = 0 -rev-> 0 wrong
    reverse modulo (b mod a) f(06, 63) = 63 mod 06 = 3 -rev-> 3 wrong
    digit absolute diff f(96, 32) = |9-3| || |6-2| = 64 -rev-> 46 wrong
    digit add mod10 f(87, 15) = (8+1)%10 || (7+5)%10 = 92 -rev-> 29 wrong
    digit sub mod10 f(58, 64) = (5-6)%10 || (8-4)%10 = 94 -rev-> 49 wrong
    cross multiply f(87, 63) = 8*6 + 7*3 = 48 + 21 = 69 -rev-> 96 wrong
    cross multiply rev f(06, 63) = 0*3 + 6*6 = 0 + 36 = 36 -rev-> 63 wrong
    digit multiply f(96, 32) = 9*3 || 6*2 = 27 || 12 = 2712 -rev-> 2172 wrong
    digit multiply rev f(87, 15) = 8*5 || 7*1 = 40 || 7 = 407 -rev-> 704 wrong
    digit sum diff f(58, 64) = (5+8) - (6+4) = 3 -rev-> 3 wrong
    digit sum sum f(87, 15) = (8+7) + (1+5) = 21 -rev-> 12 wrong
    digit product diff f(87, 63) = 8*7 - 6*3 = 56 - 18 = 38 -rev-> 83 wrong
    digit product sum f(06, 63) = 0*6 + 6*3 = 0 + 18 = 18 -rev-> 81 wrong
    determinant f(96, 32) = 9*2 - 6*3 = 18 - 18 = 0 -rev-> 0 wrong
    abs determinant f(87, 15) = |8*5 - 7*1| = |40 - 7| = 33 -rev-> 33 wrong

Applying to 63-19:
  reversed operands [63->36, 19->91] and reversed result
  absolute difference f(36, 91) = |36 - 91| = 55 -rev-> 55
  Result: 【55】

I will now return the answer in
The answer in  is
</think>
</think>
\boxed{55}","In Alice's Wonderland, a secret set of transformation rules is applied to equations. Below are a few examples:
06-63 = 42
96-32 = 64
87-15 = 72
58-64 = 93
87-63 = 24
Now, determine the result for: 63-19",,,,-55,-55,-55,-55,-55,55
78d02fc5,bit_manipulation,11001001,11001011,11001001,"We need to deduce the transformation by matching the example outputs.

Output 0: 01110010
0 0
1 1
2 1
3 1
4 0
5 0
6 1
7 0

Output 1: 00110111
0 0
1 0
2 1
3 1
4 0
5 1
6 1
7 1

Output 2: 11110011
0 1
1 1
2 1
3 1
4 0
5 0
6 1
7 1

Output 3: 01011101
0 0
1 1
2 0
3 1
4 1
5 1
6 0
7 1

Output 4: 01010101
0 0
1 1
2 0
3 1
4 0
5 1
6 0
7 1

Output 5: 11000111
0 1
1 1
2 0
3 0
4 0
5 1
6 1
7 1

Output 6: 10010011
0 1
1 0
2 0
3 1
4 0
5 0
6 1
7 1

Output 7: 00010111
0 0
1 0
2 0
3 1
4 0
5 1
6 1
7 1

Output 8: 01101101
0 0
1 1
2 1
3 0
4 1
5 1
6 0
7 1

Output bit columns (with bitsum as hash)
0 001001100 3
1 101111001 6
2 111000001 4
3 111110110 7
4 000100001 2
5 010111011 6
6 111001110 6
7 011111111 8

Input 0: 01010011
0 0
1 1
2 0
3 1
4 0
5 0
6 1
7 1

Input 1: 00010010
0 0
1 0
2 0
3 1
4 0
5 0
6 1
7 0

Input 2: 00110011
0 0
1 0
2 1
3 1
4 0
5 0
6 1
7 1

Input 3: 11101000
0 1
1 1
2 1
3 0
4 1
5 0
6 0
7 0

Input 4: 11001010
0 1
1 1
2 0
3 0
4 1
5 0
6 1
7 0

Input 5: 00101110
0 0
1 0
2 1
3 0
4 1
5 1
6 1
7 0

Input 6: 00101011
0 0
1 0
2 1
3 0
4 1
5 0
6 1
7 1

Input 7: 00011010
0 0
1 0
2 0
3 1
4 1
5 0
6 1
7 0

Input 8: 11100100
0 1
1 1
2 1
3 0
4 0
5 1
6 0
7 0

When matching output
x: not in operator
y: wrong position

Identity
0 000110001 3
1 100110001 4
2 001101101 5
3 111000010 4
4 000111110 5
5 000001001 2
6 111011110 7
7 101000100 3

Matching output
0 absent
1 absent
2 absent
3 absent
4 absent
5 absent
6 absent
7 absent

Left
none
Best: none

Right
none
Best: none

NOT
0 111001110 6 match 6
1 011001110 5
2 110010010 4
3 000111101 5
4 111000001 4 match 2
5 111110110 7 match 3
6 000100001 2 match 4
7 010111011 6 match 5

Matching output
0 absent
1 absent
2 4
3 5
4 6
5 7
6 0
7 absent

Left
none
Best: none

Right
none
Best: none

Constant
0 000000000 a
1 111111111 a

Matching output
0 absent
1 absent
2 absent
3 absent
4 absent
5 absent
6 absent
7 absent

Left
none
Best: none

Right
none
Best: none

AND
01 10 000110001 3
12 21 000100001 2 match 4
23 32 001000000 1
34 43 000000010 1
45 54 000001000 1
56 65 000001000 1
67 76 101000100 3
70 07 000000000 a

02 20 000100001 2 match 4
13 31 100000000 1
24 42 000101100 3
35 53 000000000 a
46 64 000011110 4
57 75 000000000 a
60 06 000010000 1
71 17 100000000 1

03 30 000000000 a
14 41 000110000 2
25 52 000001001 2
36 63 111000010 4
47 74 000000100 1
50 05 000000001 1
61 16 100010000 2
72 27 001000100 2

04 40 000110000 2
15 51 000000001 1
26 62 001001100 3 match 0
37 73 101000000 2

Matching output
0 26 62
1 absent
2 absent
3 absent
4 12 21 02 20
5 absent
6 absent
7 absent

Left
26 37x
62 73x
Best: AND26: 1

Right
none
Best: none

OR
01 10 100110001 4
12 21 101111101 7
23 32 111101111 8
34 43 111111110 8
45 54 000111111 6
56 65 111011111 8
67 76 111011110 7
70 07 101110101 6

02 20 001111101 6
13 31 111110011 7
24 42 001111111 7
35 53 111001011 6
46 64 111111110 8
57 75 101001101 5
60 06 111111111 a
71 17 101110101 6

03 30 111110011 7
14 41 100111111 7
25 52 001101101 5
36 63 111011110 7
47 74 101111110 7
50 05 000111001 4
61 16 111111111 a
72 27 101101101 6

04 40 000111111 6
15 51 100111001 5
26 62 111111111 a
37 73 111000110 5

Matching output
0 absent
1 absent
2 absent
3 absent
4 absent
5 absent
6 absent
7 absent

Left
none
Best: none

Right
none
Best: none

XOR
01 10 100000000 1
12 21 101011100 5
23 32 110101111 7
34 43 111111100 7
45 54 000110111 5
56 65 111010111 7
67 76 010011010 4
70 07 101110101 6

02 20 001011100 4
13 31 011110011 6
24 42 001010011 4
35 53 111001011 6
46 64 111100000 4
57 75 101001101 5
60 06 111101111 8
71 17 001110101 5

03 30 111110011 7
14 41 100001111 5
25 52 001100100 3
36 63 000011100 3
47 74 101111010 6
50 05 000111000 3
61 16 011101111 7
72 27 100101001 4

04 40 000001111 4
15 51 100111000 4
26 62 110110011 6
37 73 010000110 3

Matching output
0 absent
1 absent
2 absent
3 absent
4 absent
5 absent
6 absent
7 absent

Left
none
Best: none

Right
none
Best: none

AND-NOT
01 000000000 a
12 100010000 2
23 000101101 4
34 111000000 3
45 000110110 4
56 000000001 1
67 010011010 4
70 101000100 3

02 000010000 1
13 000110001 3
24 001000001 2
35 111000010 4
46 000100000 1
57 000001001 2
60 111001110 6 match 6
71 001000100 2

03 000110001 3
14 100000001 2
25 001100100 3
36 000000000 a
47 000111010 4
50 000001000 1
61 011001110 5
72 100000000 1

04 000000001 1
15 100110000 3
26 000100001 2 match 4
37 010000010 2
40 000001110 3
51 000001000 1
62 110010010 4
73 000000100 1

05 000110000 2
16 000100001 2 match 4
27 000101001 3
30 111000010 4
41 000001110 3
52 000000000 a
63 000011100 3
74 101000000 2

06 000100001 2 match 4
17 000110001 3
20 001001100 3 match 0
31 011000010 3
42 000010010 2
53 000001001 2
64 111000000 3
75 101000100 3

07 000110001 3
10 100000000 1
21 001001100 3 match 0
32 110000010 3
43 000111100 4
54 000000001 1
65 111010110 6
76 000000000 a

Matching output
0 20 21
1 absent
2 absent
3 absent
4 26 16 06
5 absent
6 60
7 absent

Left
20 31x
21 32x
Best: AND-NOT20: 1

Right
none
Best: none

OR-NOT
01 011111111 8 match 7
12 110110011 6
23 001111101 6
34 111000011 5
45 111111110 8
56 000101001 3
67 111111111 a
70 111001110 6 match 6

02 110110011 6
13 100111101 6
24 111101101 7
35 111110110 7 match 3
46 000111111 6
57 010111011 6 match 5
60 111011110 7
71 111001110 6 match 6

03 000111101 5
14 111110001 6
25 111111111 a
36 111100011 6
47 010111111 7
50 111001111 7
61 111011110 7
72 111010110 6

04 111110001 6
15 111110111 8
26 001101101 5
37 111111011 8
40 111111110 8
51 011001111 6
62 111011110 7
73 101111101 7

05 111110111 8
16 100110001 4
27 011111111 8 match 7
30 111001110 6 match 6
41 011111110 7
52 110011011 6
63 111111111 a
74 111000101 5

06 000110001 3
17 110111011 7
20 111101111 8
31 111001110 6 match 6
42 110111110 7
53 000111101 5
64 111011111 8
75 111110110 7 match 3

07 010111011 6 match 5
10 111111111 a
21 011101111 7
32 111010010 5
43 000111111 6
54 111001001 5
65 111111110 8
76 101100101 5

Matching output
0 absent
1 absent
2 absent
3 35 75
4 absent
5 57 07
6 70 71 30 31
7 01 27

Left
none
Best: none

Right
01 70 67x
27 16x
Best: OR-NOT01 70: 2

XOR-NOT
01 011111111 8 match 7
12 010100011 4
23 001010000 2
34 000000011 2
45 111001000 4
56 000101000 2
67 101100101 5
70 010001010 3

02 110100011 5
13 100001100 3
24 110101100 5
35 000110100 3
46 000011111 5
57 010110010 4
60 000010000 1
71 110001010 4

03 000001100 2
14 011110000 4
25 110011011 6
36 111100011 6
47 010000101 3
50 111000111 6
61 100010000 2
72 011010110 5

04 111110000 5
15 011000111 5
26 001001100 3 match 0
37 101111001 6 match 1
40 111110000 5
51 011000111 5
62 001001100 3 match 0
73 101111001 6 match 1

05 111000111 6
16 100010000 2
27 011010110 5
30 000001100 2
41 011110000 4
52 110011011 6
63 111100011 6
74 010000101 3

06 000010000 1
17 110001010 4
20 110100011 5
31 100001100 3
42 110101100 5
53 000110100 3
64 000011111 5
75 010110010 4

07 010001010 3
10 011111111 8 match 7
21 010100011 4
32 001010000 2
43 000000011 2
54 111001000 4
65 000101000 2
76 101100101 5

Matching output
0 26 62
1 37 73
2 absent
3 absent
4 absent
5 absent
6 absent
7 01 10

Left
26 37 40x
62 73 04x
Best: XOR-NOT26 37: 2

Right
01 70x
10 07x
Best: XOR-NOT01: 1

Selecting

Lefts
Identity none
NOT none
Constant none
AND AND26: 1
OR none
XOR none
AND-NOT AND-NOT20: 1
OR-NOT none
XOR-NOT XOR-NOT26 37: 2

Rights
Identity none
NOT none
Constant none
AND none
OR none
XOR none
AND-NOT none
OR-NOT OR-NOT01 70: 2
XOR-NOT XOR-NOT01: 1

Left longest: 2
Right longest: 2

Left winner: Identity no, NOT no, Constant no, AND no, OR no, XOR no, AND-NOT no, OR-NOT no, XOR-NOT yes
Right winner: Identity no, NOT no, Constant no, AND no, OR no, XOR no, AND-NOT no, OR-NOT yes, XOR-NOT no

Best left: XOR-NOT26 37: 2
Best right: OR-NOT01 70: 2

Truncated left: XOR-NOT26 37: 2
Truncated right: OR-NOT01 70: 2

Tentative from right
7 OR-NOT01
6 OR-NOT70
5 pending
4 pending
3 pending
2 pending
1 pending
0 pending

Tentative
0 XOR-NOT26
1 XOR-NOT37
2 pending
3 pending
4 pending
5 pending
6 OR-NOT70
7 OR-NOT01

Preferred from left
0 XOR-NOT26
1 XOR-NOT37
2 ?40
3 ?51
4 ?62
5 ?73
6 OR-NOT70
7 OR-NOT01

Preferred from right
7 OR-NOT01
6 OR-NOT70
5 ?73
4 ?62
3 ?51
2 ?40
1 XOR-NOT37
0 XOR-NOT26

Preferred
0 XOR-NOT26
1 XOR-NOT37
2 ?40 ?04
3 ?51 ?15
4 ?62 ?26
5 ?73 ?37
6 OR-NOT70
7 OR-NOT01

Matching
0 XOR-NOT26
1 XOR-NOT37
2 ?40 ?04 - Identity absent, NOT NOT4, Constant absent, AND absent, OR absent, XOR absent, AND-NOT absent, OR-NOT absent, XOR-NOT absent
3 ?51 ?15 - Identity absent, NOT NOT5, Constant absent, AND absent, OR absent, XOR absent, AND-NOT absent, OR-NOT absent, XOR-NOT absent
4 ?62 ?26 - Identity absent, NOT NOT6, Constant absent, AND absent, OR absent, XOR absent, AND-NOT26, OR-NOT absent, XOR-NOT absent
5 ?73 ?37 - Identity absent, NOT NOT7, Constant absent, AND absent, OR absent, XOR absent, AND-NOT absent, OR-NOT absent, XOR-NOT absent
6 OR-NOT70
7 OR-NOT01

Perfect match
Identity no
NOT yes
Constant no
AND no
OR no
XOR no
AND-NOT no
OR-NOT no
XOR-NOT no

Matched
0 XOR-NOT26
1 XOR-NOT37
2 NOT4
3 NOT5
4 NOT6
5 NOT7
6 OR-NOT70
7 OR-NOT01

Selected
0 XOR-NOT26
1 XOR-NOT37
2 NOT4
3 NOT5
4 NOT6
5 NOT7
6 OR-NOT70
7 OR-NOT01

Applying to 11011101
Input
0 1
1 1
2 0
3 1
4 1
5 1
6 0
7 1
Output
0 XOR-NOT26 = XOR(0,NOT(0)) = 1
1 XOR-NOT37 = XOR(1,NOT(1)) = 1
2 NOT4 = NOT(1) = 0
3 NOT5 = NOT(1) = 0
4 NOT6 = NOT(0) = 1
5 NOT7 = NOT(1) = 0
6 OR-NOT70 = OR(1,NOT(1)) = 1
7 OR-NOT01 = OR(1,NOT(1)) = 1

I will now return the answer in
The answer in  is
</think>
</think>
\boxed{11001011}","In Alice's Wonderland, a secret bit manipulation rule transforms 8-bit binary numbers. The transformation involves operations like bit shifts, rotations, XOR, AND, OR, NOT, and possibly majority or choice functions.

Here are some examples of input -> output:
01010011 -> 01110010
00010010 -> 00110111
00110011 -> 11110011
11101000 -> 01011101
11001010 -> 01010101
00101110 -> 11000111
00101011 -> 10010011
00011010 -> 00010111
11100100 -> 01101101

Now, determine the output for: 11011101",,bit_exact_global_ternary_unique_prediction,,11001011,11001011,11001001,11001001,11001001,11001011
82ae858c,bit_manipulation,11001101,11111101,11001101,"We need to deduce the transformation by matching the example outputs.

Output 0: 11101010
0 1
1 1
2 1
3 0
4 1
5 0
6 1
7 0

Output 1: 11111110
0 1
1 1
2 1
3 1
4 1
5 1
6 1
7 0

Output 2: 01000101
0 0
1 1
2 0
3 0
4 0
5 1
6 0
7 1

Output 3: 00101110
0 0
1 0
2 1
3 0
4 1
5 1
6 1
7 0

Output 4: 01111011
0 0
1 1
2 1
3 1
4 1
5 0
6 1
7 1

Output 5: 11111101
0 1
1 1
2 1
3 1
4 1
5 1
6 0
7 1

Output 6: 00110011
0 0
1 0
2 1
3 1
4 0
5 0
6 1
7 1

Output 7: 00111101
0 0
1 0
2 1
3 1
4 1
5 1
6 0
7 1

Output 8: 01101110
0 0
1 1
2 1
3 0
4 1
5 1
6 1
7 0

Output 9: 10110101
0 1
1 0
2 1
3 1
4 0
5 1
6 0
7 1

Output bit columns (with bitsum as hash)
0 1100010001 4
1 1110110010 6
2 1101111111 9
3 0100111101 6
4 1101110110 7
5 0111010111 7
6 1101101010 6
7 0010111101 6

Input 0: 10001001
0 1
1 0
2 0
3 0
4 1
5 0
6 0
7 1

Input 1: 11011010
0 1
1 1
2 0
3 1
4 1
5 0
6 1
7 0

Input 2: 00010111
0 0
1 0
2 0
3 1
4 0
5 1
6 1
7 1

Input 3: 10101011
0 1
1 0
2 1
3 0
4 1
5 0
6 1
7 1

Input 4: 00100000
0 0
1 0
2 1
3 0
4 0
5 0
6 0
7 0

Input 5: 11110111
0 1
1 1
2 1
3 1
4 0
5 1
6 1
7 1

Input 6: 10000111
0 1
1 0
2 0
3 0
4 0
5 1
6 1
7 1

Input 7: 10010100
0 1
1 0
2 0
3 1
4 0
5 1
6 0
7 0

Input 8: 10111011
0 1
1 0
2 1
3 1
4 1
5 0
6 1
7 1

Input 9: 11010001
0 1
1 1
2 0
3 1
4 0
5 0
6 0
7 1

When matching output
x: not in operator
y: wrong position

Identity
0 1101011111 8
1 0100010001 3
2 0001110010 4
3 0110010111 6
4 1101000010 4
5 0010011100 4
6 0111011010 6
7 1011011011 7

Matching output
0 absent
1 absent
2 absent
3 absent
4 absent
5 absent
6 absent
7 absent

Left
none
Best: none

Right
none
Best: none

NOT
0 0010100000 2
1 1011101110 7
2 1110001101 6
3 1001101000 4
4 0010111101 6 match 7
5 1101100011 6
6 1000100101 4
7 0100100100 3

Matching output
0 absent
1 absent
2 absent
3 absent
4 absent
5 absent
6 absent
7 4

Left
none
Best: none

Right
4 3x
Best: NOT4: 1

Constant
0 0000000000 a
1 1111111111 a

Matching output
0 absent
1 absent
2 absent
3 absent
4 absent
5 absent
6 absent
7 absent

Left
none
Best: none

Right
none
Best: none

AND
01 10 0100010001 3
12 21 0000010000 1
23 32 0000010010 2
34 43 0100000010 2
45 54 0000000000 a
56 65 0010011000 3
67 76 0011011010 5
70 07 1001011011 6

02 20 0001010010 3
13 31 0100010001 3
24 42 0001000010 2
35 53 0010010100 3
46 64 0101000010 3
57 75 0010011000 3
60 06 0101011010 5
71 17 0000010001 2

03 30 0100010111 5
14 41 0100000000 1
25 52 0000010000 1
36 63 0110010010 4
47 74 1001000010 3
50 05 0000011100 3
61 16 0100010000 2
72 27 0001010010 3

04 40 1101000010 4
15 51 0000010000 1
26 62 0001010010 3
37 73 0010010011 4

Matching output
0 absent
1 absent
2 absent
3 absent
4 absent
5 absent
6 absent
7 absent

Left
none
Best: none

Right
none
Best: none

OR
01 10 1101011111 8
12 21 0101110011 6
23 32 0111110111 8
34 43 1111010111 8
45 54 1111011110 8
56 65 0111011110 7
67 76 1111011011 8
70 07 1111011111 9

02 20 1101111111 9 match 2
13 31 0110010111 6
24 42 1101110010 6
35 53 0110011111 7
46 64 1111011010 7
57 75 1011011111 8
60 06 1111011111 9
71 17 1111011011 8

03 30 1111011111 9
14 41 1101010011 6
25 52 0011111110 7
36 63 0111011111 8
47 74 1111011011 8
50 05 1111011111 9
61 16 0111011011 7
72 27 1011111011 8

04 40 1101011111 8
15 51 0110011101 6
26 62 0111111010 7
37 73 1111011111 9

Matching output
0 absent
1 absent
2 02 20
3 absent
4 absent
5 absent
6 absent
7 absent

Left
none
Best: none

Right
none
Best: none

XOR
01 10 1001001110 5
12 21 0101100011 5
23 32 0111100101 6
34 43 1011010101 6
45 54 1111011110 8
56 65 0101000110 4
67 76 1100000001 3
70 07 0110000100 3

02 20 1100101101 6
13 31 0010000110 3
24 42 1100110000 4
35 53 0100001011 4
46 64 1010011000 4
57 75 1001000111 5
60 06 1010000101 4
71 17 1111001010 6

03 30 1011001000 4
14 41 1001010011 5
25 52 0011101110 6
36 63 0001001101 4
47 74 0110011001 5
50 05 1111000011 6
61 16 0011001011 5
72 27 1010101001 5

04 40 0000011101 4
15 51 0110001101 5
26 62 0110101000 4
37 73 1101001100 5

Matching output
0 absent
1 absent
2 absent
3 absent
4 absent
5 absent
6 absent
7 absent

Left
none
Best: none

Right
none
Best: none

AND-NOT
01 1001001110 5
12 0100000001 2
23 0001100000 2
34 0010010101 4
45 1101000010 4
56 0000000100 1
67 0100000000 1
70 0010000000 1

02 1100001101 5
13 0000000000 a
24 0000110000 2
35 0100000011 3
46 1000000000 1
57 0000000100 1
60 0010000000 1
71 1011001010 5

03 1001001000 3
14 0000010001 2
25 0001100010 3
36 0000000101 2
47 0100000000 1
50 0010000000 1
61 0011001010 4
72 1010001001 4

04 0000011101 4
15 0100000001 2
26 0000100000 1
37 0100000100 2
40 0000000000 a
51 0010001100 3
62 0110001000 3
73 1001001000 3

05 1101000011 5
16 0000000001 1
27 0000100000 1
30 0010000000 1
41 1001000010 3
52 0010001100 3
63 0001001000 2
74 0010011001 4

06 1000000101 3
17 0100000000 1
20 0000100000 1
31 0010000110 3
42 1100000000 2
53 0000001000 1
64 0010011000 3
75 1001000011 4

07 0100000100 2
10 0000000000 a
21 0001100010 3
32 0110000101 4
43 1001000000 2
54 0010011100 4
65 0101000010 3
76 1000000001 2

Matching output
0 absent
1 absent
2 absent
3 absent
4 absent
5 absent
6 absent
7 absent

Left
none
Best: none

Right
none
Best: none

OR-NOT
01 1111111111 a
12 1110011101 7
23 1001111010 6
34 0110111111 8
45 1101100011 6
56 1010111101 7
67 0111111110 8
70 1011111011 8

02 1111011111 9
13 1101111001 7
24 0011111111 8
35 1111110111 9
46 1101100111 7
57 0110111100 6
60 0111111010 7
71 1011111111 9

03 1101111111 9 match 2
14 0110111101 7
25 1101110011 7
36 1110110111 8
47 1101100110 6
50 0010111100 5
61 1111111110 9
72 1111011111 9

04 1111111111 a
15 1101110011 7
26 1001110111 7
37 0110110111 7
40 1111100010 6
51 1011111110 8
62 1111011111 9
73 1011111011 8

05 1101111111 9 match 2
16 1100110101 6
27 0101110110 6
30 0110110111 7
41 1111101110 8
52 1110011101 7
63 1111111010 8
74 1011111111 9

06 1101111111 9 match 2
17 0100110101 5
20 0011110010 5
31 1111111111 a
42 1111001111 8
53 1011111100 7
64 0111111111 9
75 1111111011 9

07 1101111111 9 match 2
10 0110110001 5
21 1011111110 8
32 1110011111 8
43 1101101010 6 match 6
54 0010111101 6 match 7
65 1111111011 9
76 1011111111 9

Matching output
0 absent
1 absent
2 03 05 06 07
3 absent
4 absent
5 absent
6 43
7 54

Left
none
Best: none

Right
54 43 32x
Best: OR-NOT54 43: 2

XOR-NOT
01 0110110001 5
12 1010011100 5
23 1000011010 4
34 0100101010 4
45 0000100001 2
56 1010111001 6
67 0011111110 7
70 1001111011 7

02 0011010010 4
13 1101111001 7
24 0011001111 6
35 1011110100 6
46 0101100111 6
57 0110111000 5
60 0101111010 6
71 0000110101 4

03 0100110111 6
14 0110101100 5
25 1100010001 4 match 0
36 1110110010 6 match 1
47 1001100110 5
50 0000111100 4
61 1100110100 5
72 0101010110 5

04 1111100010 6
15 1001110010 5
26 1001010111 6
37 0010110011 5
40 1111100010 6
51 1001110010 5
62 1001010111 6
73 0010110011 5

05 0000111100 4
16 1100110100 5
27 0101010110 5
30 0100110111 6
41 0110101100 5
52 1100010001 4 match 0
63 1110110010 6 match 1
74 1001100110 5

06 0101111010 6
17 0000110101 4
20 0011010010 4
31 1101111001 7
42 0011001111 6
53 1011110100 6
64 0101100111 6
75 0110111000 5

07 1001111011 7
10 0110110001 5
21 1010011100 5
32 1000011010 4
43 0100101010 4
54 0000100001 2
65 1010111001 6
76 0011111110 7

Matching output
0 25 52
1 36 63
2 absent
3 absent
4 absent
5 absent
6 absent
7 absent

Left
25 36 47x
52 63 74x
Best: XOR-NOT25 36: 2

Right
none
Best: none

Selecting

Lefts
Identity none
NOT none
Constant none
AND none
OR none
XOR none
AND-NOT none
OR-NOT none
XOR-NOT XOR-NOT25 36: 2

Rights
Identity none
NOT NOT4: 1
Constant none
AND none
OR none
XOR none
AND-NOT none
OR-NOT OR-NOT54 43: 2
XOR-NOT none

Left longest: 2
Right longest: 2

Left winner: Identity no, NOT no, Constant no, AND no, OR no, XOR no, AND-NOT no, OR-NOT no, XOR-NOT yes
Right winner: Identity no, NOT no, Constant no, AND no, OR no, XOR no, AND-NOT no, OR-NOT yes, XOR-NOT no

Best left: XOR-NOT25 36: 2
Best right: OR-NOT54 43: 2

Truncated left: XOR-NOT25 36: 2
Truncated right: OR-NOT54 43: 2

Tentative from right
7 OR-NOT54
6 OR-NOT43
5 pending
4 pending
3 pending
2 pending
1 pending
0 pending

Tentative
0 XOR-NOT25
1 XOR-NOT36
2 pending
3 pending
4 pending
5 pending
6 OR-NOT43
7 OR-NOT54

Preferred from left
0 XOR-NOT25
1 XOR-NOT36
2 ?47
3 ?50
4 ?61
5 ?72
6 OR-NOT43
7 OR-NOT54

Preferred from right
7 OR-NOT54
6 OR-NOT43
5 ?72
4 ?61
3 ?50
2 ?47
1 XOR-NOT36
0 XOR-NOT25

Preferred
0 XOR-NOT25
1 XOR-NOT36
2 ?47 ?74
3 ?50 ?05
4 ?61 ?16
5 ?72 ?27
6 OR-NOT43
7 OR-NOT54

Matching
0 XOR-NOT25
1 XOR-NOT36
2 ?47 ?74 - Identity absent, NOT absent, Constant absent, AND absent, OR absent, XOR absent, AND-NOT absent, OR-NOT absent, XOR-NOT absent
3 ?50 ?05 - Identity absent, NOT absent, Constant absent, AND absent, OR absent, XOR absent, AND-NOT absent, OR-NOT absent, XOR-NOT absent
4 ?61 ?16 - Identity absent, NOT absent, Constant absent, AND absent, OR absent, XOR absent, AND-NOT absent, OR-NOT absent, XOR-NOT absent
5 ?72 ?27 - Identity absent, NOT absent, Constant absent, AND absent, OR absent, XOR absent, AND-NOT absent, OR-NOT absent, XOR-NOT absent
6 OR-NOT43
7 OR-NOT54

Perfect match
Identity no
NOT no
Constant no
AND no
OR no
XOR no
AND-NOT no
OR-NOT no
XOR-NOT no

Matched
0 XOR-NOT25
1 XOR-NOT36
2 none
3 none
4 none
5 none
6 OR-NOT43
7 OR-NOT54

Selected
0 XOR-NOT25
1 XOR-NOT36
2 default 1
3 default 1
4 default 1
5 default 1
6 OR-NOT43
7 OR-NOT54

Applying to 00110111
Input
0 0
1 0
2 1
3 1
4 0
5 1
6 1
7 1
Output
0 XOR-NOT25 = XOR(1,NOT(1)) = 1
1 XOR-NOT36 = XOR(1,NOT(1)) = 1
2 default 1 = 1
3 default 1 = 1
4 default 1 = 1
5 default 1 = 1
6 OR-NOT43 = OR(0,NOT(1)) = 0
7 OR-NOT54 = OR(1,NOT(0)) = 1

I will now return the answer in
The answer in  is
</think>
</think>
\boxed{11111101}","In Alice's Wonderland, a secret bit manipulation rule transforms 8-bit binary numbers. The transformation involves operations like bit shifts, rotations, XOR, AND, OR, NOT, and possibly majority or choice functions.

Here are some examples of input -> output:
10001001 -> 11101010
11011010 -> 11111110
00010111 -> 01000101
10101011 -> 00101110
00100000 -> 01111011
11110111 -> 11111101
10000111 -> 00110011
10010100 -> 00111101
10111011 -> 01101110
11010001 -> 10110101

Now, determine the output for: 00110111",,bit_exact_global_ternary_unique_prediction,,11111101,11111101,11001101,11001101,11001101,11111101
8740ed31,bit_manipulation,01101000,01111000,01101000,"We need to deduce the transformation by matching the example outputs.

Output 0: 00010000
0 0
1 0
2 0
3 1
4 0
5 0
6 0
7 0

Output 1: 10101010
0 1
1 0
2 1
3 0
4 1
5 0
6 1
7 0

Output 2: 00011000
0 0
1 0
2 0
3 1
4 1
5 0
6 0
7 0

Output 3: 01010001
0 0
1 1
2 0
3 1
4 0
5 0
6 0
7 1

Output 4: 11011001
0 1
1 1
2 0
3 1
4 1
5 0
6 0
7 1

Output 5: 00001000
0 0
1 0
2 0
3 0
4 1
5 0
6 0
7 0

Output 6: 10001110
0 1
1 0
2 0
3 0
4 1
5 1
6 1
7 0

Output bit columns (with bitsum as hash)
0 0100101 3
1 0001100 2
2 0100000 1
3 1011100 4
4 0110111 5
5 0000001 1
6 0100001 2
7 0001100 2

Input 0: 00100110
0 0
1 0
2 1
3 0
4 0
5 1
6 1
7 0

Input 1: 01010101
0 0
1 1
2 0
3 1
4 0
5 1
6 0
7 1

Input 2: 01100011
0 0
1 1
2 1
3 0
4 0
5 0
6 1
7 1

Input 3: 10011010
0 1
1 0
2 0
3 1
4 1
5 0
6 1
7 0

Input 4: 10011011
0 1
1 0
2 0
3 1
4 1
5 0
6 1
7 1

Input 5: 11010000
0 1
1 1
2 0
3 1
4 0
5 0
6 0
7 0

Input 6: 00111101
0 0
1 0
2 1
3 1
4 1
5 1
6 0
7 1

When matching output
x: not in operator
y: wrong position

Identity
0 0001110 3
1 0110010 3
2 1010001 3
3 0101111 5
4 0001101 3
5 1100001 3
6 1011100 4 match 3
7 0110101 4

Matching output
0 absent
1 absent
2 absent
3 6
4 absent
5 absent
6 absent
7 absent

Left
none
Best: none

Right
none
Best: none

NOT
0 1110001 4
1 1001101 4
2 0101110 4
3 1010000 2
4 1110010 4
5 0011110 4
6 0100011 3
7 1001010 3

Matching output
0 absent
1 absent
2 absent
3 absent
4 absent
5 absent
6 absent
7 absent

Left
none
Best: none

Right
none
Best: none

Constant
0 0000000 a
1 1111111 a

Matching output
0 absent
1 absent
2 absent
3 absent
4 absent
5 absent
6 absent
7 absent

Left
none
Best: none

Right
none
Best: none

AND
01 10 0000010 1
12 21 0010000 1
23 32 0000001 1 match 5
34 43 0001101 3
45 54 0000001 1 match 5
56 65 1000000 1
67 76 0010100 2
70 07 0000100 1

02 20 0000000 a
13 31 0100010 2
24 42 0000001 1 match 5
35 53 0100001 2 match 6
46 64 0001100 2 match 1 7
57 75 0100001 2 match 6
60 06 0001100 2 match 1 7
71 17 0110000 2

03 30 0001110 3
14 41 0000000 a
25 52 1000001 2
36 63 0001100 2 match 1 7
47 74 0000101 2
50 05 0000000 a
61 16 0010000 1
72 27 0010001 2

04 40 0001100 2 match 1 7
15 51 0100000 1 match 2
26 62 1010000 2
37 73 0100101 3 match 0

Matching output
0 37 73
1 46 64 60 06 36 63 04 40
2 15 51
3 absent
4 absent
5 23 32 45 54 24 42
6 35 53 57 75
7 46 64 60 06 36 63 04 40

Left
37 40 51 62x
73 04 15 26x
Best: AND37 40 51: 3

Right
46 35 24 13x
64 53 42 31x
60 57 46y
06 75 64y
36 25x
63 52x
04 73y
40 37y
Best: AND46 35 24: 3

OR
01 10 0111110 5
12 21 1110011 5
23 32 1111111 a
34 43 0101111 5
45 54 1101101 5
56 65 1111101 6
67 76 1111101 6
70 07 0111111 6

02 20 1011111 6
13 31 0111111 6
24 42 1011101 5
35 53 1101111 6
46 64 1011101 5
57 75 1110101 5
60 06 1011110 5
71 17 0110111 5 match 4

03 30 0101111 5
14 41 0111111 6
25 52 1110001 4
36 63 1111111 a
47 74 0111101 5
50 05 1101111 6
61 16 1111110 6
72 27 1110101 5

04 40 0001111 4
15 51 1110011 5
26 62 1011101 5
37 73 0111111 6

Matching output
0 absent
1 absent
2 absent
3 absent
4 71 17
5 absent
6 absent
7 absent

Left
none
Best: none

Right
none
Best: none

XOR
01 10 0111100 4
12 21 1100011 4
23 32 1111110 6
34 43 0100010 2
45 54 1101100 4
56 65 0111101 5
67 76 1101001 4
70 07 0111011 5

02 20 1011111 6
13 31 0011101 4
24 42 1011100 4 match 3
35 53 1001110 4
46 64 1010001 3
57 75 1010100 3
60 06 1010010 3
71 17 0000111 3

03 30 0100001 2 match 6
14 41 0111111 6
25 52 0110000 2
36 63 1110011 5
47 74 0111000 3
50 05 1101111 6
61 16 1101110 5
72 27 1100100 3

04 40 0000011 2
15 51 1010011 4
26 62 0001101 3
37 73 0011010 3

Matching output
0 absent
1 absent
2 absent
3 24 42
4 absent
5 absent
6 03 30
7 absent

Left
none
Best: none

Right
none
Best: none

AND-NOT
01 0001100 2 match 1 7
12 0100010 2
23 1010000 2
34 0100010 2
45 0001100 2 match 1 7
56 0100001 2 match 6
67 1001000 2
70 0110001 3

02 0001110 3
13 0010000 1
24 1010000 2
35 0001110 3
46 0000001 1 match 5
57 1000000 1
60 1010000 2
71 0000101 2

03 0000000 a
14 0110010 3
25 0010000 1
36 0100011 3
47 0001000 1
50 1100001 3
61 1001100 3
72 0100100 2

04 0000010 1
15 0010010 2
26 0000001 1 match 5
37 0001010 2
40 0000001 1 match 5
51 1000001 2
62 0001100 2 match 1 7
73 0010000 1

05 0001110 3
16 0100010 2
27 1000000 1
30 0100001 2 match 6
41 0001101 3
52 0100000 1 match 2
63 1010000 2
74 0110000 2

06 0000010 1
17 0000010 1
20 1010001 3
31 0001101 3
42 0001100 2 match 1 7
53 1000000 1
64 1010000 2
75 0010100 2

07 0001010 2
10 0110000 2
21 1000001 2
32 0101110 4
43 0000000 a
54 1100000 2
65 0011100 3
76 0100001 2 match 6

Matching output
0 absent
1 01 45 62 42
2 52
3 absent
4 absent
5 46 26 40
6 56 30 76
7 01 45 62 42

Left
none
Best: none

Right
01 70x
45 34x
62 51x
42 31x
Best: AND-NOT01: 1

OR-NOT
01 1001111 5
12 0111110 5
23 1010001 3
34 1111111 a
45 0011111 5
56 1100011 4
67 1011110 5
70 1110101 5

02 0101110 4
13 1110010 4
24 1110011 5
35 0111111 6
46 0101111 5
57 1101011 5
60 1111101 6
71 1111101 6

03 1011110 5
14 1110010 4
25 1011111 6
36 0101111 5
47 1001111 5
50 1110001 4
61 1011101 5
72 0111111 6

04 1111110 6
15 0111110 5
26 1110011 5
37 1101111 6
40 1111101 6
51 1101101 5
62 1111110 6
73 1110101 5

05 0011110 4
16 0110011 4
27 1011011 5
30 1111111 a
41 1001101 4
52 1101111 6
63 1011100 4 match 3
74 1110111 6

06 0101111 5
17 1111010 5
20 1110001 4
31 1101111 6
42 0101111 5
53 1110001 4
64 1111110 6
75 0111111 6

07 1001110 4
10 1110011 5
21 1011101 5
32 0101111 5
43 1011101 5
54 1110011 5
65 1011110 5
76 0110111 5 match 4

Matching output
0 absent
1 absent
2 absent
3 63
4 76
5 absent
6 absent
7 absent

Left
none
Best: none

Right
none
Best: none

XOR-NOT
01 1000011 3
12 0011100 3
23 0000001 1 match 5
34 1011101 5
45 0010011 3
56 1000010 2
67 0010110 3
70 1000100 2

02 0100000 1 match 2
13 1100010 3
24 0100011 3
35 0110001 3
46 0101110 4
57 0101011 4
60 0101101 4
71 1111000 4

03 1011110 5
14 1000000 1
25 1001111 5
36 0001100 2 match 1 7
47 1000111 4
50 0010000 1
61 0010001 2
72 0011011 4

04 1111100 5
15 0101100 3
26 1110010 4
37 1100101 4
40 1111100 5
51 0101100 3
62 1110010 4
73 1100101 4

05 0010000 1
16 0010001 2
27 0011011 4
30 1011110 5
41 1000000 1
52 1001111 5
63 0001100 2 match 1 7
74 1000111 4

06 0101101 4
17 1111000 4
20 0100000 1 match 2
31 1100010 3
42 0100011 3
53 0110001 3
64 0101110 4
75 0101011 4

07 1000100 2
10 1000011 3
21 0011100 3
32 0000001 1 match 5
43 1011101 5
54 0010011 3
65 1000010 2
76 0010110 3

Matching output
0 absent
1 36 63
2 02 20
3 absent
4 absent
5 23 32
6 absent
7 36 63

Left
none
Best: none

Right
36 25x
63 52x
Best: XOR-NOT36: 1

Selecting

Lefts
Identity none
NOT none
Constant none
AND AND37 40 51: 3
OR none
XOR none
AND-NOT none
OR-NOT none
XOR-NOT none

Rights
Identity none
NOT none
Constant none
AND AND46 35 24: 3
OR none
XOR none
AND-NOT AND-NOT01: 1
OR-NOT none
XOR-NOT XOR-NOT36: 1

Left longest: 3
Right longest: 3

Left winner: Identity no, NOT no, Constant no, AND yes, OR no, XOR no, AND-NOT no, OR-NOT no, XOR-NOT no
Right winner: Identity no, NOT no, Constant no, AND yes, OR no, XOR no, AND-NOT no, OR-NOT no, XOR-NOT no

Best left: AND37 40 51: 3
Best right: AND46 35 24: 3

Truncated left: AND37 40 51: 3
Truncated right: AND46 35 24: 3

Tentative from right
7 AND46
6 AND35
5 AND24
4 pending
3 pending
2 pending
1 pending
0 pending

Tentative
0 AND37
1 AND40
2 AND51
3 pending
4 pending
5 AND24
6 AND35
7 AND46

Preferred from left
0 AND37
1 AND40
2 AND51
3 ?62
4 ?73
5 AND24
6 AND35
7 AND46

Preferred from right
7 AND46
6 AND35
5 AND24
4 ?73
3 ?62
2 AND51
1 AND40
0 AND37

Preferred
0 AND37
1 AND40
2 AND51
3 ?62 ?26
4 ?73 ?37
5 AND24
6 AND35
7 AND46

Matching
0 AND37
1 AND40
2 AND51
3 ?62 ?26 - Identity absent, NOT absent, Constant absent, AND absent, OR absent, XOR absent, AND-NOT absent, OR-NOT absent, XOR-NOT absent
4 ?73 ?37 - Identity absent, NOT absent, Constant absent, AND absent, OR absent, XOR absent, AND-NOT absent, OR-NOT absent, XOR-NOT absent
5 AND24
6 AND35
7 AND46

Perfect match
Identity no
NOT no
Constant no
AND no
OR no
XOR no
AND-NOT no
OR-NOT no
XOR-NOT no

Matched
0 AND37
1 AND40
2 AND51
3 none
4 none
5 AND24
6 AND35
7 AND46

Selected
0 AND37
1 AND40
2 AND51
3 default 1
4 default 1
5 AND24
6 AND35
7 AND46

Applying to 11001101
Input
0 1
1 1
2 0
3 0
4 1
5 1
6 0
7 1
Output
0 AND37 = AND(0,1) = 0
1 AND40 = AND(1,1) = 1
2 AND51 = AND(1,1) = 1
3 default 1 = 1
4 default 1 = 1
5 AND24 = AND(0,1) = 0
6 AND35 = AND(0,1) = 0
7 AND46 = AND(1,0) = 0

I will now return the answer in
The answer in  is
</think>
</think>
\boxed{01111000}","In Alice's Wonderland, a secret bit manipulation rule transforms 8-bit binary numbers. The transformation involves operations like bit shifts, rotations, XOR, AND, OR, NOT, and possibly majority or choice functions.

Here are some examples of input -> output:
00100110 -> 00010000
01010101 -> 10101010
01100011 -> 00011000
10011010 -> 01010001
10011011 -> 11011001
11010000 -> 00001000
00111101 -> 10001110

Now, determine the output for: 11001101",,,,01101000,01101000,01101000,01101000,01101000,01101000
99d6a3b5,equation_transform,?()<,(<)),?()<,"We need to infer the transformation rule from the examples.

【#[%[<】 = 【#{^<】
  input: 【#】【[】【%】【[】【<】
  left:【#】【[】
  operator: 【%】
  right:【[】【<】
  output: 【#】【{】【^】【<】
  concatenation: 【#】【[】【[】【<】 mismatch
  reverse concatenation: 【[】【<】【#】【[】 mismatch
  operator: 【%】unknown

【[)%![】 = 【!)?(】
  input: 【[】【)】【!】【[】【!】
  left:【[】【)】
  operator: 【!】
  right:【[】【!】
  output: 【!】【)】【?】【(】
  concatenation: 【[】【)】【[】【!】 mismatch
  reverse concatenation: 【[】【!】【[】【)】 mismatch
  operator: 【!】unknown

【))%??】 = 【[(`】
  input: 【)】【)】【%】【?】【?】
  left:【)】【)】
  operator: 【%】
  right:【?】【?】
  output: 【[】【(】【`】
  concatenation: 【)】【)】【?】【?】 mismatch
  reverse concatenation: 【?】【?】【)】【)】 mismatch
  operator: 【%】unknown

【)#%`?】 = 【{([<】
  input: 【)】【#】【%】【`】【?】
  left:【)】【#】
  operator: 【%】
  right:【`】【?】
  output: 【{】【(】【[】【<】
  concatenation: 【)】【#】【`】【?】 mismatch
  reverse concatenation: 【`】【?】【)】【#】 mismatch
  operator: 【%】unknown

Question【(<%))】
  input: 【(】【<】【%】【)】【)】
  left:【(】【<】
  operator:【%】
  right:【)】【)】

The question operator is 【%】, which is unknown.
As the question operator is unknown, we default to concatenation.

  concatenation(【(】【<】, 【)】【)】) = 【(】【<】【)】【)】
  output: 【(<))】-> 【{(<))}】

I will now return the answer in
The answer in  is
</think>
</think>
\boxed{(<))}","In Alice's Wonderland, a secret set of transformation rules is applied to equations. Below are a few examples:
#[%[< = #{^<
[)%![ = !)?(
))%?? = [(`
)#%`? = {([<
Now, determine the result for: (<%))",,,,?()<,?()<,?()<,?()<,?()<,(<))
a6192d29,bit_manipulation,00001000,01111110,00001000,"We need to deduce the transformation by matching the example outputs.

Output 0: 00010100
0 0
1 0
2 0
3 1
4 0
5 1
6 0
7 0

Output 1: 01100110
0 0
1 1
2 1
3 0
4 0
5 1
6 1
7 0

Output 2: 01001000
0 0
1 1
2 0
3 0
4 1
5 0
6 0
7 0

Output 3: 11110000
0 1
1 1
2 1
3 1
4 0
5 0
6 0
7 0

Output 4: 00000110
0 0
1 0
2 0
3 0
4 0
5 1
6 1
7 0

Output 5: 01001011
0 0
1 1
2 0
3 0
4 1
5 0
6 1
7 1

Output 6: 00000000
0 0
1 0
2 0
3 0
4 0
5 0
6 0
7 0

Output 7: 00011010
0 0
1 0
2 0
3 1
4 1
5 0
6 1
7 0

Output 8: 00000111
0 0
1 0
2 0
3 0
4 0
5 1
6 1
7 1

Output 9: 01110110
0 0
1 1
2 1
3 1
4 0
5 1
6 1
7 0

Output bit columns (with bitsum as hash)
0 0001000000 1
1 0111010001 5
2 0101000001 3
3 1001000101 4
4 0010010100 3
5 1100100011 5
6 0100110111 6
7 0000010010 2

Input 0: 00101010
0 0
1 0
2 1
3 0
4 1
5 0
6 1
7 0

Input 1: 10011011
0 1
1 0
2 0
3 1
4 1
5 0
6 1
7 1

Input 2: 00110001
0 0
1 0
2 1
3 1
4 0
5 0
6 0
7 1

Input 3: 11100011
0 1
1 1
2 1
3 0
4 0
5 0
6 1
7 1

Input 4: 00011001
0 0
1 0
2 0
3 1
4 1
5 0
6 0
7 1

Input 5: 10100111
0 1
1 0
2 1
3 0
4 0
5 1
6 1
7 1

Input 6: 10000000
0 1
1 0
2 0
3 0
4 0
5 0
6 0
7 0

Input 7: 01101100
0 0
1 1
2 1
3 0
4 1
5 1
6 0
7 0

Input 8: 10001110
0 1
1 0
2 0
3 0
4 1
5 1
6 1
7 0

Input 9: 11011001
0 1
1 1
2 0
3 1
4 1
5 0
6 0
7 1

When matching output
x: not in operator
y: wrong position

Identity
0 0101011011 6
1 0001000101 3
2 1011010100 5
3 0110100001 4
4 1100100111 6
5 0000010110 3
6 1101010010 5
7 0111110001 6

Matching output
0 absent
1 absent
2 absent
3 absent
4 absent
5 absent
6 absent
7 absent

Left
none
Best: none

Right
none
Best: none

NOT
0 1010100100 4
1 1110111010 7
2 0100101011 5
3 1001011110 6
4 0011011000 4
5 1111101001 7
6 0010101101 5
7 1000001110 4

Matching output
0 absent
1 absent
2 absent
3 absent
4 absent
5 absent
6 absent
7 absent

Left
none
Best: none

Right
none
Best: none

Constant
0 0000000000 a
1 1111111111 a

Matching output
0 absent
1 absent
2 absent
3 absent
4 absent
5 absent
6 absent
7 absent

Left
none
Best: none

Right
none
Best: none

AND
01 10 0001000001 2
12 21 0001000100 2
23 32 0010000000 1
34 43 0100100001 3
45 54 0000000110 2
56 65 0000010010 2 match 7
67 76 0101010000 3
70 07 0101010001 4

02 20 0001010000 2
13 31 0000000001 1
24 42 1000000100 2
35 53 0000000000 a
46 64 1100000010 3
57 75 0000010000 1
60 06 0101010010 4
71 17 0001000001 2

03 30 0100000001 2
14 41 0000000101 2
25 52 0000010100 2
36 63 0100000000 1
47 74 0100100001 3
50 05 0000010010 2 match 7
61 16 0001000000 1 match 0
72 27 0011010000 3

04 40 0100000011 3
15 51 0000000100 1
26 62 1001010000 3
37 73 0110100001 4

Matching output
0 61 16
1 absent
2 absent
3 absent
4 absent
5 absent
6 absent
7 56 65 50 05

Left
61 72x
16 27x
Best: AND61: 1

Right
56 45x
65 54x
50 47x
05 74x
Best: AND56: 1

OR
01 10 0101011111 7
12 21 1011010101 6
23 32 1111110101 8
34 43 1110100111 7
45 54 1100110111 7
56 65 1101010110 6
67 76 1111110011 8
70 07 0111111011 8

02 20 1111011111 9
13 31 0111100101 6
24 42 1111110111 9
35 53 0110110111 7
46 64 1101110111 8
57 75 0111110111 8
60 06 1101011011 7
71 17 0111110101 7

03 30 0111111011 8
14 41 1101100111 7
25 52 1011010110 6
36 63 1111110011 8
47 74 1111110111 9
50 05 0101011111 7
61 16 1101010111 7
72 27 1111110101 8

04 40 1101111111 9
15 51 0001010111 5
26 62 1111010110 7
37 73 0111110001 6

Matching output
0 absent
1 absent
2 absent
3 absent
4 absent
5 absent
6 absent
7 absent

Left
none
Best: none

Right
none
Best: none

XOR
01 10 0100011110 5
12 21 1010010001 4
23 32 1101110101 7
34 43 1010000110 4
45 54 1100110001 5
56 65 1101000100 4
67 76 1010100011 5
70 07 0010101010 4

02 20 1110001111 7
13 31 0111100100 5
24 42 0111110011 7
35 53 0110110111 7
46 64 0001110101 5
57 75 0111100111 7
60 06 1000001001 3
71 17 0110110100 5

03 30 0011111010 6
14 41 1101100010 5
25 52 1011000010 4
36 63 1011110011 7
47 74 1011010110 6
50 05 0101001101 5
61 16 1100010111 6
72 27 1100100101 5

04 40 1001111100 6
15 51 0001010011 4
26 62 0110000110 4
37 73 0001010000 2

Matching output
0 absent
1 absent
2 absent
3 absent
4 absent
5 absent
6 absent
7 absent

Left
none
Best: none

Right
none
Best: none

AND-NOT
01 0100011010 4
12 0000000001 1
23 1001010100 4
34 0010000000 1
45 1100100001 4
56 0000000100 1
67 1000000010 2
70 0010100000 2

02 0100001011 4
13 0001000100 2
24 0011010000 3
35 0110100001 4
46 0000100101 3
57 0000000110 2
60 1000000000 1
71 0110110000 4

03 0001011010 4
14 0001000000 1 match 0
25 1011000000 3
36 0010100001 3
47 1000000110 3
50 0000000100 1
61 1100010010 4
72 0100100001 3

04 0001011000 3
15 0001000001 2
26 0010000100 2
37 0000000000 a
40 1000100100 3
51 0000010010 2 match 7
62 0100000010 2
73 0001010000 2

05 0101001001 4
16 0000000101 2
27 1000000100 2
30 0010100000 2
41 1100100010 4
52 0000000010 1
63 1001010010 4
74 0011010000 3

06 0000001001 2
17 0000000100 1
20 1010000100 3
31 0110100000 3
42 0100100011 4
53 0000010110 3
64 0001010000 2
75 0111100001 5

07 0000001010 2
10 0000000100 1
21 1010010000 3
32 0100100001 3
43 1000000110 3
54 0000010000 1
65 1101000000 3
76 0010100001 3

Matching output
0 14
1 absent
2 absent
3 absent
4 absent
5 absent
6 absent
7 51

Left
14 25x
Best: AND-NOT14: 1

Right
51 40x
Best: AND-NOT51: 1

OR-NOT
01 1111111011 9
12 0101101111 7
23 1011011110 7
34 0111111001 7
45 1111101111 9
56 0010111111 7
67 1101011110 7
70 1111110101 8

02 0101111011 7
13 1001011111 7
24 1011011100 6
35 1111101001 7
46 1110101111 8
57 1000011110 5
60 1111110110 8
71 1111111011 9

03 1101011111 8
14 0011011101 6
25 1111111101 9
36 0110101101 6
47 1100101111 7
50 1010110110 6
61 1111111010 8
72 0111111011 8

04 0111011011 7
15 1111101101 8
26 1011111101 8
37 1110101111 8
40 1110100111 7
51 1110111110 8
62 1101111011 8
73 1111111111 a

05 1111111011 9
16 0011101101 6
27 1011011110 7
30 1110100101 6
41 1110111111 9
52 0100111111 7
63 1101011110 7
74 0111111001 7

06 0111111111 9
17 1001001111 6
20 1011110100 6
31 1110111011 8
42 1100101111 7
53 1001011110 6
64 1111011010 7
75 1111111001 8

07 1101011111 8
10 1011100101 6
21 1111111110 9
32 0110101011 6
43 1101111111 9
54 0011011110 6
65 1111111011 9
76 0111111101 8

Matching output
0 absent
1 absent
2 absent
3 absent
4 absent
5 absent
6 absent
7 absent

Left
none
Best: none

Right
none
Best: none

XOR-NOT
01 1011100001 5
12 0101101110 6
23 0010001010 3
34 0101111001 6
45 0011001110 5
56 0010111011 6
67 0101011100 5
70 1101010101 6

02 0001110000 3
13 1000011011 5
24 1000001100 3
35 1001001000 3
46 1110001010 5
57 1000011000 3
60 0111110110 7
71 1001001011 5

03 1100000101 4
14 0010011101 5
25 0100111101 6
36 0100001100 3
47 0100101001 4
50 1010110010 5
61 0011101000 4
72 0011011010 5

04 0110000011 4
15 1110101100 6
26 1001111001 6
37 1110101111 8
40 0110000011 4
51 1110101100 6
62 1001111001 6
73 1110101111 8

05 1010110010 5
16 0011101000 4
27 0011011010 5
30 1100000101 4
41 0010011101 5
52 0100111101 6
63 0100001100 3
74 0100101001 4

06 0111110110 7
17 1001001011 5
20 0001110000 3
31 1000011011 5
42 1000001100 3
53 1001001000 3
64 1110001010 5
75 1000011000 3

07 1101010101 6
10 1011100001 5
21 0101101110 6
32 0010001010 3
43 0101111001 6
54 0011001110 5
65 0010111011 6
76 0101011100 5

Matching output
0 absent
1 absent
2 absent
3 absent
4 absent
5 absent
6 absent
7 absent

Left
none
Best: none

Right
none
Best: none

Selecting

Lefts
Identity none
NOT none
Constant none
AND AND61: 1
OR none
XOR none
AND-NOT AND-NOT14: 1
OR-NOT none
XOR-NOT none

Rights
Identity none
NOT none
Constant none
AND AND56: 1
OR none
XOR none
AND-NOT AND-NOT51: 1
OR-NOT none
XOR-NOT none

Left longest: 1
Right longest: 1

Left winner: Identity no, NOT no, Constant no, AND yes, OR no, XOR no, AND-NOT no, OR-NOT no, XOR-NOT no
Right winner: Identity no, NOT no, Constant no, AND yes, OR no, XOR no, AND-NOT no, OR-NOT no, XOR-NOT no

Best left: AND61: 1
Best right: AND56: 1

Truncated left: AND61: 1
Truncated right: AND56: 1

Tentative from right
7 AND56
6 pending
5 pending
4 pending
3 pending
2 pending
1 pending
0 pending

Tentative
0 AND61
1 pending
2 pending
3 pending
4 pending
5 pending
6 pending
7 AND56

Preferred from left
0 AND61
1 ?72
2 ?03
3 ?14
4 ?25
5 ?36
6 ?47
7 AND56

Preferred from right
7 AND56
6 ?47
5 ?36
4 ?25
3 ?14
2 ?03
1 ?72
0 AND61

Preferred
0 AND61
1 ?72 ?27
2 ?03 ?30
3 ?14 ?41
4 ?25 ?52
5 ?36 ?63
6 ?47 ?74
7 AND56

Matching
0 AND61
1 ?72 ?27 - Identity absent, NOT absent, Constant absent, AND absent, OR absent, XOR absent, AND-NOT absent, OR-NOT absent, XOR-NOT absent
2 ?03 ?30 - Identity absent, NOT absent, Constant absent, AND absent, OR absent, XOR absent, AND-NOT absent, OR-NOT absent, XOR-NOT absent
3 ?14 ?41 - Identity absent, NOT absent, Constant absent, AND absent, OR absent, XOR absent, AND-NOT absent, OR-NOT absent, XOR-NOT absent
4 ?25 ?52 - Identity absent, NOT absent, Constant absent, AND absent, OR absent, XOR absent, AND-NOT absent, OR-NOT absent, XOR-NOT absent
5 ?36 ?63 - Identity absent, NOT absent, Constant absent, AND absent, OR absent, XOR absent, AND-NOT absent, OR-NOT absent, XOR-NOT absent
6 ?47 ?74 - Identity absent, NOT absent, Constant absent, AND absent, OR absent, XOR absent, AND-NOT absent, OR-NOT absent, XOR-NOT absent
7 AND56

Perfect match
Identity no
NOT no
Constant no
AND no
OR no
XOR no
AND-NOT no
OR-NOT no
XOR-NOT no

Matched
0 AND61
1 none
2 none
3 none
4 none
5 none
6 none
7 AND56

Selected
0 AND61
1 default 1
2 default 1
3 default 1
4 default 1
5 default 1
6 default 1
7 AND56

Applying to 00110000
Input
0 0
1 0
2 1
3 1
4 0
5 0
6 0
7 0
Output
0 AND61 = AND(0,0) = 0
1 default 1 = 1
2 default 1 = 1
3 default 1 = 1
4 default 1 = 1
5 default 1 = 1
6 default 1 = 1
7 AND56 = AND(0,0) = 0

I will now return the answer in
The answer in  is
</think>
</think>
\boxed{01111110}","In Alice's Wonderland, a secret bit manipulation rule transforms 8-bit binary numbers. The transformation involves operations like bit shifts, rotations, XOR, AND, OR, NOT, and possibly majority or choice functions.

Here are some examples of input -> output:
00101010 -> 00010100
10011011 -> 01100110
00110001 -> 01001000
11100011 -> 11110000
00011001 -> 00000110
10100111 -> 01001011
10000000 -> 00000000
01101100 -> 00011010
10001110 -> 00000111
11011001 -> 01110110

Now, determine the output for: 00110000",,,bit_fullbyte_ternary_op_MAJ3,01111110,01111110,01111110,00001000,01111110,01111110
a6704625,bit_manipulation,00001101,00011111,00001101,"We need to deduce the transformation by matching the example outputs.

Output 0: 11001110
0 1
1 1
2 0
3 0
4 1
5 1
6 1
7 0

Output 1: 10001111
0 1
1 0
2 0
3 0
4 1
5 1
6 1
7 1

Output 2: 01101111
0 0
1 1
2 1
3 0
4 1
5 1
6 1
7 1

Output 3: 00010111
0 0
1 0
2 0
3 1
4 0
5 1
6 1
7 1

Output 4: 01110111
0 0
1 1
2 1
3 1
4 0
5 1
6 1
7 1

Output 5: 11001111
0 1
1 1
2 0
3 0
4 1
5 1
6 1
7 1

Output 6: 11111101
0 1
1 1
2 1
3 1
4 1
5 1
6 0
7 1

Output 7: 01001111
0 0
1 1
2 0
3 0
4 1
5 1
6 1
7 1

Output 8: 01001110
0 0
1 1
2 0
3 0
4 1
5 1
6 1
7 0

Output 9: 01011010
0 0
1 1
2 0
3 1
4 1
5 0
6 1
7 0

Output bit columns (with bitsum as hash)
0 1100011000 4
1 1010111111 8
2 0010101000 3
3 0001101001 4
4 1110011111 8
5 1111111110 9
6 1111110111 9
7 0111111100 7

Input 0: 00010001
0 0
1 0
2 0
3 1
4 0
5 0
6 0
7 1

Input 1: 01111000
0 0
1 1
2 1
3 1
4 1
5 0
6 0
7 0

Input 2: 01100101
0 0
1 1
2 1
3 0
4 0
5 1
6 0
7 1

Input 3: 10111000
0 1
1 0
2 1
3 1
4 1
5 0
6 0
7 0

Input 4: 10001000
0 1
1 0
2 0
3 0
4 1
5 0
6 0
7 0

Input 5: 01111100
0 0
1 1
2 1
3 1
4 1
5 1
6 0
7 0

Input 6: 10100100
0 1
1 0
2 1
3 0
4 0
5 1
6 0
7 0

Input 7: 01100111
0 0
1 1
2 1
3 0
4 0
5 1
6 1
7 1

Input 8: 01110101
0 0
1 1
2 1
3 1
4 0
5 1
6 0
7 1

Input 9: 11010001
0 1
1 1
2 0
3 1
4 0
5 0
6 0
7 1

When matching output
x: not in operator
y: wrong position

Identity
0 0001101001 4 match 3
1 0110010111 6
2 0111011110 7
3 1101010011 6
4 0101110000 4
5 0010011110 5
6 0000000100 1
7 1010000111 5

Matching output
0 absent
1 absent
2 absent
3 0
4 absent
5 absent
6 absent
7 absent

Left
none
Best: none

Right
none
Best: none

NOT
0 1110010110 6
1 1001101000 4
2 1000100001 3
3 0010101100 4
4 1010001111 6
5 1101100001 5
6 1111111011 9
7 0101111000 5

Matching output
0 absent
1 absent
2 absent
3 absent
4 absent
5 absent
6 absent
7 absent

Left
none
Best: none

Right
none
Best: none

Constant
0 0000000000 a
1 1111111111 a

Matching output
0 absent
1 absent
2 absent
3 absent
4 absent
5 absent
6 absent
7 absent

Left
none
Best: none

Right
none
Best: none

AND
01 10 0000000001 1
12 21 0110010110 5
23 32 0101010010 4
34 43 0101010000 3
45 54 0000010000 1
56 65 0000000100 1
67 76 0000000100 1
70 07 0000000001 1

02 20 0001001000 2
13 31 0100010011 4
24 42 0101010000 3
35 53 0000010010 2
46 64 0000000000 a
57 75 0010000110 3
60 06 0000000000 a
71 17 0010000111 4

03 30 0001000001 2
14 41 0100010000 2
25 52 0010011110 5
36 63 0000000000 a
47 74 0000000000 a
50 05 0000001000 1
61 16 0000000100 1
72 27 0010000110 3

04 40 0001100000 2
15 51 0010010110 4
26 62 0000000100 1
37 73 1000000011 3

Matching output
0 absent
1 absent
2 absent
3 absent
4 absent
5 absent
6 absent
7 absent

Left
none
Best: none

Right
none
Best: none

OR
01 10 0111111111 9
12 21 0111011111 8
23 32 1111011111 9
34 43 1101110011 7
45 54 0111111110 8
56 65 0010011110 5
67 76 1010000111 5
70 07 1011101111 8

02 20 0111111111 9
13 31 1111010111 8
24 42 0111111110 8
35 53 1111011111 9
46 64 0101110100 5
57 75 1010011111 7
60 06 0001101101 5
71 17 1110010111 7

03 30 1101111011 8
14 41 0111110111 8
25 52 0111011110 7
36 63 1101010111 7
47 74 1111110111 9 match 6
50 05 0011111111 8
61 16 0110010111 6
72 27 1111011111 9

04 40 0101111001 6
15 51 0110011111 7
26 62 0111011110 7
37 73 1111010111 8

Matching output
0 absent
1 absent
2 absent
3 absent
4 absent
5 absent
6 47 74
7 absent

Left
none
Best: none

Right
none
Best: none

XOR
01 10 0111111110 8
12 21 0001001001 3
23 32 1010001101 5
34 43 1000100011 4
45 54 0111101110 7
56 65 0010011010 4
67 76 1010000011 4
70 07 1011101110 7

02 20 0110110111 7
13 31 1011000100 4
24 42 0010101110 5
35 53 1111001101 7
46 64 0101110100 5
57 75 1000011001 4
60 06 0001101101 5
71 17 1100010000 3

03 30 1100111010 6
14 41 0011100111 6
25 52 0101000000 2
36 63 1101010111 7
47 74 1111110111 9 match 6
50 05 0011110111 7
61 16 0110010011 5
72 27 1101011001 6

04 40 0100011001 4
15 51 0100001001 3
26 62 0111011010 6
37 73 0111010100 5

Matching output
0 absent
1 absent
2 absent
3 absent
4 absent
5 absent
6 47 74
7 absent

Left
none
Best: none

Right
none
Best: none

AND-NOT
01 0001101000 3
12 0000000001 1
23 0010001100 3
34 1000000011 3
45 0101100000 3
56 0010011010 4
67 0000000000 a
70 1010000110 4

02 0000100001 2
13 0010000100 2
24 0010001110 4
35 1101000001 4
46 0101110000 4
57 0000011000 2
60 0000000100 1
71 1000000000 1

03 0000101000 2
14 0010000111 4
25 0101000000 2
36 1101010011 6
47 0101110000 4
50 0010010110 4
61 0000000000 a
72 1000000001 2

04 0000001001 2
15 0100000001 2
26 0111011010 6
37 0101010000 3
40 0100010000 2
51 0000001000 1
62 0000000000 a
73 0010000100 2

05 0001100001 3
16 0110010011 5
27 0101011000 4
30 1100010010 4
41 0001100000 2
52 0000000000 a
63 0000000100 1
74 1010000111 5

06 0001101001 4 match 3
17 0100010000 2
20 0110010110 5
31 1001000000 2
42 0000100000 1
53 0010001100 3
64 0000000100 1
75 1000000001 2

07 0001101000 3
10 0110010110 5
21 0001001000 2
32 1000000001 2
43 0000100000 1
54 0010001110 4
65 0000000000 a
76 1010000011 4

Matching output
0 absent
1 absent
2 absent
3 06
4 absent
5 absent
6 absent
7 absent

Left
none
Best: none

Right
none
Best: none

OR-NOT
01 1001101001 5
12 1110110111 8
23 0111111110 8
34 1111011111 9
45 1101110001 6
56 1111111111 a
67 0101111100 6
70 1110010111 7

02 1001101001 5
13 0110111111 8
24 1111011111 9
35 1101110011 7
46 1111111011 9
57 0111111110 8
60 1110010110 6
71 1011101111 8

03 0011101101 6
14 1110011111 8 match 4
25 1111111111 a
36 1111111011 9
47 0101111000 5
50 1110011110 7
61 1001101100 5
72 1010100111 6

04 1011101111 8
15 1111110111 9 match 6
26 1111111111 a
37 1101111011 8
40 1111110110 8
51 1011111110 8
62 1000100101 4
73 1010101111 7

05 1101101001 6
16 1111111111 a
27 0111111110 8
30 1111010111 8
41 1101111000 6
52 1010111111 8 match 1
63 0010101100 4
74 1010001111 6

06 1111111011 9
17 0111111111 9
20 1111011110 8
31 1101111011 8
42 1101110001 6
53 0010111110 6
64 1010001111 6
75 1111100111 8

07 0101111001 6
10 1110010111 7
21 1111111110 9 match 5
32 1101110011 7
43 0111111100 7 match 7
54 1010011111 7
65 1101100101 6
76 1111111111 a

Matching output
0 absent
1 52
2 absent
3 absent
4 14
5 21
6 15
7 43

Left
none
Best: none

Right
43 32x
Best: OR-NOT43: 1

XOR-NOT
01 1000000001 2
12 1110110110 7
23 0101110010 5
34 0111011100 6
45 1000010001 3
56 1101100101 6
67 0101111100 6
70 0100010001 3

02 1001001000 3
13 0100111011 6
24 1101010001 5
35 0000110010 3
46 1010001011 5
57 0111100110 6
60 1110010010 5
71 0011101111 7

03 0011000101 4
14 1100011000 4 match 0
25 1010111111 8 match 1
36 0010101000 3 match 2
47 0000001000 1
50 1100001000 3
61 1001101100 5
72 0010100110 4

04 1011100110 6
15 1011110110 7
26 1000100101 4
37 1000101011 5
40 1011100110 6
51 1011110110 7
62 1000100101 4
73 1000101011 5

05 1100001000 3
16 1001101100 5
27 0010100110 4
30 0011000101 4
41 1100011000 4 match 0
52 1010111111 8 match 1
63 0010101000 3 match 2
74 0000001000 1

06 1110010010 5
17 0011101111 7
20 1001001000 3
31 0100111011 6
42 1101010001 5
53 0000110010 3
64 1010001011 5
75 0111100110 6

07 0100010001 3
10 1000000001 2
21 1110110110 7
32 0101110010 5
43 0111011100 6
54 1000010001 3
65 1101100101 6
76 0101111100 6

Matching output
0 14 41
1 25 52
2 36 63
3 absent
4 absent
5 absent
6 absent
7 absent

Left
14 25 36 47x
41 52 63 74x
Best: XOR-NOT14 25 36: 3

Right
none
Best: none

Selecting

Lefts
Identity none
NOT none
Constant none
AND none
OR none
XOR none
AND-NOT none
OR-NOT none
XOR-NOT XOR-NOT14 25 36: 3

Rights
Identity none
NOT none
Constant none
AND none
OR none
XOR none
AND-NOT none
OR-NOT OR-NOT43: 1
XOR-NOT none

Left longest: 3
Right longest: 1

Left winner: Identity no, NOT no, Constant no, AND no, OR no, XOR no, AND-NOT no, OR-NOT no, XOR-NOT yes
Right winner: Identity no, NOT no, Constant no, AND no, OR no, XOR no, AND-NOT no, OR-NOT yes, XOR-NOT no

Best left: XOR-NOT14 25 36: 3
Best right: OR-NOT43: 1

Truncated left: XOR-NOT14 25 36: 3
Truncated right: OR-NOT43: 1

Tentative from right
7 OR-NOT43
6 pending
5 pending
4 pending
3 pending
2 pending
1 pending
0 pending

Tentative
0 XOR-NOT14
1 XOR-NOT25
2 XOR-NOT36
3 pending
4 pending
5 pending
6 pending
7 OR-NOT43

Preferred from left
0 XOR-NOT14
1 XOR-NOT25
2 XOR-NOT36
3 ?47
4 ?50
5 ?61
6 ?72
7 OR-NOT43

Preferred from right
7 OR-NOT43
6 ?72
5 ?61
4 ?50
3 ?47
2 XOR-NOT36
1 XOR-NOT25
0 XOR-NOT14

Preferred
0 XOR-NOT14
1 XOR-NOT25
2 XOR-NOT36
3 ?47 ?74
4 ?50 ?05
5 ?61 ?16
6 ?72 ?27
7 OR-NOT43

Matching
0 XOR-NOT14
1 XOR-NOT25
2 XOR-NOT36
3 ?47 ?74 - Identity absent, NOT absent, Constant absent, AND absent, OR absent, XOR absent, AND-NOT absent, OR-NOT absent, XOR-NOT absent
4 ?50 ?05 - Identity absent, NOT absent, Constant absent, AND absent, OR absent, XOR absent, AND-NOT absent, OR-NOT absent, XOR-NOT absent
5 ?61 ?16 - Identity absent, NOT absent, Constant absent, AND absent, OR absent, XOR absent, AND-NOT absent, OR-NOT absent, XOR-NOT absent
6 ?72 ?27 - Identity absent, NOT absent, Constant absent, AND absent, OR absent, XOR absent, AND-NOT absent, OR-NOT absent, XOR-NOT absent
7 OR-NOT43

Perfect match
Identity no
NOT no
Constant no
AND no
OR no
XOR no
AND-NOT no
OR-NOT no
XOR-NOT no

Matched
0 XOR-NOT14
1 XOR-NOT25
2 XOR-NOT36
3 none
4 none
5 none
6 none
7 OR-NOT43

Selected
0 XOR-NOT14
1 XOR-NOT25
2 XOR-NOT36
3 default 1
4 default 1
5 default 1
6 default 1
7 OR-NOT43

Applying to 01000111
Input
0 0
1 1
2 0
3 0
4 0
5 1
6 1
7 1
Output
0 XOR-NOT14 = XOR(1,NOT(0)) = 0
1 XOR-NOT25 = XOR(0,NOT(1)) = 0
2 XOR-NOT36 = XOR(0,NOT(1)) = 0
3 default 1 = 1
4 default 1 = 1
5 default 1 = 1
6 default 1 = 1
7 OR-NOT43 = OR(0,NOT(0)) = 1

I will now return the answer in
The answer in  is
</think>
</think>
\boxed{00011111}","In Alice's Wonderland, a secret bit manipulation rule transforms 8-bit binary numbers. The transformation involves operations like bit shifts, rotations, XOR, AND, OR, NOT, and possibly majority or choice functions.

Here are some examples of input -> output:
00010001 -> 11001110
01111000 -> 10001111
01100101 -> 01101111
10111000 -> 00010111
10001000 -> 01110111
01111100 -> 11001111
10100100 -> 11111101
01100111 -> 01001111
01110101 -> 01001110
11010001 -> 01011010

Now, determine the output for: 01000111",,bit_exact_global_ternary_unique_prediction,,00011111,00011111,00001101,00001101,00001101,00011111
b8722d19,bit_manipulation,00100100,11110100,00100100,"We need to deduce the transformation by matching the example outputs.

Output 0: 10001100
0 1
1 0
2 0
3 0
4 1
5 1
6 0
7 0

Output 1: 01110111
0 0
1 1
2 1
3 1
4 0
5 1
6 1
7 1

Output 2: 01010101
0 0
1 1
2 0
3 1
4 0
5 1
6 0
7 1

Output 3: 00000101
0 0
1 0
2 0
3 0
4 0
5 1
6 0
7 1

Output 4: 00111001
0 0
1 0
2 1
3 1
4 1
5 0
6 0
7 1

Output 5: 10001000
0 1
1 0
2 0
3 0
4 1
5 0
6 0
7 0

Output 6: 11011100
0 1
1 1
2 0
3 1
4 1
5 1
6 0
7 0

Output bit columns (with bitsum as hash)
0 1000011 3
1 0110001 3
2 0100100 2
3 0110101 4
4 1000111 4
5 1111001 5
6 0100000 1
7 0111100 4

Input 0: 00011101
0 0
1 0
2 0
3 1
4 1
5 1
6 0
7 1

Input 1: 11101011
0 1
1 1
2 1
3 0
4 1
5 0
6 1
7 1

Input 2: 10101100
0 1
1 0
2 1
3 0
4 1
5 1
6 0
7 0

Input 3: 10100000
0 1
1 0
2 1
3 0
4 0
5 0
6 0
7 0

Input 4: 00110101
0 0
1 0
2 1
3 1
4 0
5 1
6 0
7 1

Input 5: 00011110
0 0
1 0
2 0
3 1
4 1
5 1
6 1
7 0

Input 6: 10010010
0 1
1 0
2 0
3 1
4 0
5 0
6 1
7 0

When matching output
x: not in operator
y: wrong position

Identity
0 0111001 4
1 0100000 1 match 6
2 0111100 4 match 7
3 1000111 4 match 4
4 1110010 4
5 1010110 4
6 0100011 3
7 1100100 3

Matching output
0 absent
1 absent
2 absent
3 absent
4 3
5 absent
6 1
7 2

Left
none
Best: none

Right
2 1 0x
Best: I2 1: 2

NOT
0 1000110 3
1 1011111 6
2 1000011 3 match 0
3 0111000 3
4 0001101 3
5 0101001 3
6 1011100 4
7 0011011 4

Matching output
0 2
1 absent
2 absent
3 absent
4 absent
5 absent
6 absent
7 absent

Left
2 3x
Best: NOT2: 1

Right
none
Best: none

Constant
0 0000000 a
1 1111111 a

Matching output
0 absent
1 absent
2 absent
3 absent
4 absent
5 absent
6 absent
7 absent

Left
none
Best: none

Right
none
Best: none

AND
01 10 0100000 1 match 6
12 21 0100000 1 match 6
23 32 0000100 1
34 43 1000010 2
45 54 1010010 3
56 65 0000010 1
67 76 0100000 1 match 6
70 07 0100000 1 match 6

02 20 0111000 3
13 31 0000000 a
24 42 0110000 2
35 53 1000110 3
46 64 0100010 2
57 75 1000100 2
60 06 0100001 2
71 17 0100000 1 match 6

03 30 0000001 1
14 41 0100000 1 match 6
25 52 0010100 2
36 63 0000011 2
47 74 1100000 2
50 05 0010000 1
61 16 0100000 1 match 6
72 27 0100100 2 match 2

04 40 0110000 2
15 51 0000000 a
26 62 0100000 1 match 6
37 73 1000100 2

Matching output
0 absent
1 absent
2 72 27
3 absent
4 absent
5 absent
6 01 10 12 21 67 76 70 07 71 17 14 41 61 16 26 62
7 absent

Left
none
Best: none

Right
none
Best: none

OR
01 10 0111001 4
12 21 0111100 4 match 7
23 32 1111111 a
34 43 1110111 6
45 54 1110110 5
56 65 1110111 6
67 76 1100111 5
70 07 1111101 6

02 20 0111101 5
13 31 1100111 5
24 42 1111110 6
35 53 1010111 5
46 64 1110011 5
57 75 1110110 5
60 06 0111011 5
71 17 1100100 3

03 30 1111111 a
14 41 1110010 4
25 52 1111110 6
36 63 1100111 5
47 74 1110110 5
50 05 1111111 a
61 16 0100011 3
72 27 1111100 5

04 40 1111011 6
15 51 1110110 5
26 62 0111111 6
37 73 1100111 5

Matching output
0 absent
1 absent
2 absent
3 absent
4 absent
5 absent
6 absent
7 12 21

Left
none
Best: none

Right
12 01x
21 10x
Best: OR12: 1

XOR
01 10 0011001 3
12 21 0011100 3
23 32 1111011 6
34 43 0110101 4 match 3
45 54 0100100 2 match 2
56 65 1110101 5
67 76 1000111 4 match 4
70 07 1011101 5

02 20 0000101 2
13 31 1100111 5
24 42 1001110 4
35 53 0010001 2
46 64 1010001 3
57 75 0110010 3
60 06 0011010 3
71 17 1000100 2

03 30 1111110 6
14 41 1010010 3
25 52 1101010 4
36 63 1100100 3
47 74 0010110 3
50 05 1101111 6
61 16 0000011 2
72 27 1011000 3

04 40 1001011 4
15 51 1110110 5
26 62 0011111 5
37 73 0100011 3

Matching output
0 absent
1 absent
2 45 54
3 34 43
4 67 76
5 absent
6 absent
7 absent

Left
none
Best: none

Right
none
Best: none

AND-NOT
01 0011001 3
12 0000000 a
23 0111000 3
34 0000101 2
45 0100000 1 match 6
56 1010100 3
67 0000011 2
70 1000100 2

02 0000001 1
13 0100000 1 match 6
24 0001100 2
35 0000001 1
46 1010000 2
57 0010010 2
60 0000010 1
71 1000100 2

03 0111000 3
14 0000000 a
25 0101000 2
36 1000100 2
47 0010010 2
50 1000110 3
61 0000011 2
72 1000000 1

04 0001001 2
15 0100000 1 match 6
26 0011100 3
37 0000011 2
40 1000010 2
51 1010110 4
62 0000011 2
73 0100000 1 match 6

05 0101001 3
16 0000000 a
27 0011000 2
30 1000110 3
41 1010010 3
52 1000010 2
63 0100000 1 match 6
74 0000100 1

06 0011000 2
17 0000000 a
20 0000100 1
31 1000111 4 match 4
42 1000010 2
53 0010000 1
64 0000001 1
75 0100000 1 match 6

07 0011001 3
10 0000000 a
21 0011100 3
32 1000011 3 match 0
43 0110000 2
54 0000100 1
65 0100001 2
76 1000100 2

Matching output
0 32
1 absent
2 absent
3 absent
4 31
5 absent
6 45 13 15 73 63 75
7 absent

Left
32 43x
Best: AND-NOT32: 1

Right
none
Best: none

OR-NOT
01 1111111 a
12 1100011 4
23 0111100 4 match 7
34 1001111 5
45 1111011 6
56 1011110 5
67 0111011 5
70 1100110 4

02 1111011 6
13 0111000 3
24 0111101 5
35 1101111 6
46 1111110 6
57 1011111 6
60 1100111 5
71 1111111 a

03 0111001 4
14 0101101 4
25 0111101 5
36 1011111 6
47 1111011 6
50 1010110 4
61 1111111 a
72 1100111 5

04 0111101 5
15 0101001 3
26 1111100 5
37 1011111 6
40 1110110 5
51 1011111 6
62 1100011 4
73 1111100 5

05 0111001 4
16 1111100 5
27 0111111 6
30 1000111 4 match 4
41 1111111 a
52 1010111 5
63 0111011 5
74 1101101 5

06 1111101 6
17 0111011 5
20 1111110 6
31 1011111 6
42 1110011 5
53 1111110 6
64 0101111 5
75 1101101 5

07 0111011 5
10 1100110 4
21 1111111 a
32 1000111 4 match 4
43 1111010 5
54 1011111 6
65 0101011 4
76 1111100 5

Matching output
0 absent
1 absent
2 absent
3 absent
4 30 32
5 absent
6 absent
7 23

Left
none
Best: none

Right
23 12x
Best: OR-NOT23: 1

XOR-NOT
01 1100110 4
12 1100011 4
23 0000100 1
34 1001010 3
45 1011011 5
56 0001010 2
67 0111000 3
70 0100010 2

02 1111010 5
13 0011000 2
24 0110001 3 match 1
35 1101110 5
46 0101110 4
57 1001101 4
60 1100101 4
71 0111011 5

03 0000001 1
14 0101101 4
25 0010101 3
36 0011011 4
47 1101001 4
50 0010000 1
61 1111100 5
72 0100111 4

04 0110100 3
15 0001001 2
26 1100000 2
37 1011100 4
40 0110100 3
51 0001001 2
62 1100000 2
73 1011100 4

05 0010000 1
16 1111100 5
27 0100111 4
30 0000001 1
41 0101101 4
52 0010101 3
63 0011011 4
74 1101001 4

06 1100101 4
17 0111011 5
20 1111010 5
31 0011000 2
42 0110001 3 match 1
53 1101110 5
64 0101110 4
75 1001101 4

07 0100010 2
10 1100110 4
21 1100011 4
32 0000100 1
43 1001010 3
54 1011011 5
65 0001010 2
76 0111000 3

Matching output
0 absent
1 24 42
2 absent
3 absent
4 absent
5 absent
6 absent
7 absent

Left
none
Best: none

Right
none
Best: none

Selecting

Lefts
Identity none
NOT NOT2: 1
Constant none
AND none
OR none
XOR none
AND-NOT AND-NOT32: 1
OR-NOT none
XOR-NOT none

Rights
Identity I2 1: 2
NOT none
Constant none
AND none
OR OR12: 1
XOR none
AND-NOT none
OR-NOT OR-NOT23: 1
XOR-NOT none

Left longest: 1
Right longest: 2

Right winner: Identity yes, NOT no, Constant no, AND no, OR no, XOR no, AND-NOT no, OR-NOT no, XOR-NOT no
Left winner: Identity no, NOT yes, Constant no, AND no, OR no, XOR no, AND-NOT no, OR-NOT no, XOR-NOT no

Best right: I2 1: 2
Best left: NOT2: 1

Truncated right: I2 1: 2
Truncated left: NOT2: 1

Tentative from right
7 I2
6 I1
5 pending
4 pending
3 pending
2 pending
1 pending
0 pending

Tentative
0 NOT2
1 pending
2 pending
3 pending
4 pending
5 pending
6 I1
7 I2

Preferred from right
7 I2
6 I1
5 ??0
4 ??7
3 ??6
2 ??5
1 ??4
0 NOT2

Preferred from left
0 NOT2
1 ?34
2 ?45
3 ?56
4 ?67
5 ?70
6 I1
7 I2

Preferred
0 NOT2
1 ?34 ?43
2 ?45 ?54
3 ?56 ?65
4 ?67 ?76
5 ?70 ?07
6 I1
7 I2

Matching
0 NOT2
1 ?34 ?43 - Identity absent, NOT absent, Constant absent, AND absent, OR absent, XOR absent, AND-NOT absent, OR-NOT absent, XOR-NOT absent
2 ?45 ?54 - Identity absent, NOT absent, Constant absent, AND absent, OR absent, XOR45, AND-NOT absent, OR-NOT absent, XOR-NOT absent
3 ?56 ?65 - Identity absent, NOT absent, Constant absent, AND absent, OR absent, XOR absent, AND-NOT absent, OR-NOT absent, XOR-NOT absent
4 ?67 ?76 - Identity absent, NOT absent, Constant absent, AND absent, OR absent, XOR67, AND-NOT absent, OR-NOT absent, XOR-NOT absent
5 ?70 ?07 - Identity absent, NOT absent, Constant absent, AND absent, OR absent, XOR absent, AND-NOT absent, OR-NOT absent, XOR-NOT absent
6 I1
7 I2

Perfect match
Identity no
NOT no
Constant no
AND no
OR no
XOR no
AND-NOT no
OR-NOT no
XOR-NOT no

Matched
0 NOT2
1 none
2 XOR45
3 none
4 XOR67
5 none
6 I1
7 I2

Selected
0 NOT2
1 default 1
2 XOR45
3 default 1
4 XOR67
5 default 1
6 I1
7 I2

Applying to 10000100
Input
0 1
1 0
2 0
3 0
4 0
5 1
6 0
7 0
Output
0 NOT2 = NOT(0) = 1
1 default 1 = 1
2 XOR45 = XOR(0,1) = 1
3 default 1 = 1
4 XOR67 = XOR(0,0) = 0
5 default 1 = 1
6 I1 = 0
7 I2 = 0

I will now return the answer in
The answer in  is
</think>
</think>
\boxed{11110100}","In Alice's Wonderland, a secret bit manipulation rule transforms 8-bit binary numbers. The transformation involves operations like bit shifts, rotations, XOR, AND, OR, NOT, and possibly majority or choice functions.

Here are some examples of input -> output:
00011101 -> 10001100
11101011 -> 01110111
10101100 -> 01010101
10100000 -> 00000101
00110101 -> 00111001
00011110 -> 10001000
10010010 -> 11011100

Now, determine the output for: 10000100",,,bit_fullbyte_ternary_op_CHO,11110100,11110100,11110100,00100100,11110100,11110100
b8aa3072,bit_manipulation,00000011,00000111,00000011,"We need to deduce the transformation by matching the example outputs.

Output 0: 11000110
0 1
1 1
2 0
3 0
4 0
5 1
6 1
7 0

Output 1: 00000111
0 0
1 0
2 0
3 0
4 0
5 1
6 1
7 1

Output 2: 00010001
0 0
1 0
2 0
3 1
4 0
5 0
6 0
7 1

Output 3: 00101010
0 0
1 0
2 1
3 0
4 1
5 0
6 1
7 0

Output 4: 00000011
0 0
1 0
2 0
3 0
4 0
5 0
6 1
7 1

Output 5: 01011001
0 0
1 1
2 0
3 1
4 1
5 0
6 0
7 1

Output 6: 00010101
0 0
1 0
2 0
3 1
4 0
5 1
6 0
7 1

Output bit columns (with bitsum as hash)
0 1000000 1
1 1000010 2
2 0001000 1
3 0010011 3
4 0001010 2
5 1100001 3
6 1101100 4
7 0110111 5

Input 0: 11001101
0 1
1 1
2 0
3 0
4 1
5 1
6 0
7 1

Input 1: 01111111
0 0
1 1
2 1
3 1
4 1
5 1
6 1
7 1

Input 2: 00110010
0 0
1 0
2 1
3 1
4 0
5 0
6 1
7 0

Input 3: 11110100
0 1
1 1
2 1
3 1
4 0
5 1
6 0
7 0

Input 4: 00110110
0 0
1 0
2 1
3 1
4 0
5 1
6 1
7 0

Input 5: 10100010
0 1
1 0
2 1
3 0
4 0
5 0
6 1
7 0

Input 6: 00111010
0 0
1 0
2 1
3 1
4 1
5 0
6 1
7 0

When matching output
x: not in operator
y: wrong position

Identity
0 1001010 3
1 1101000 3
2 0111111 6
3 0111101 5
4 1100001 3 match 5
5 1101100 4 match 6
6 0110111 5 match 7
7 1100000 2

Matching output
0 absent
1 absent
2 absent
3 absent
4 absent
5 4
6 5
7 6

Left
none
Best: none

Right
6 5 4 3x
Best: I6 5 4: 3

NOT
0 0110101 4
1 0010111 4
2 1000000 1 match 0
3 1000010 2 match 1
4 0011110 4
5 0010011 3 match 3
6 1001000 2
7 0011111 5

Matching output
0 2
1 3
2 absent
3 5
4 absent
5 absent
6 absent
7 absent

Left
2 3 4x
Best: NOT2 3: 2

Right
none
Best: none

Constant
0 0000000 a
1 1111111 a

Matching output
0 absent
1 absent
2 absent
3 absent
4 absent
5 absent
6 absent
7 absent

Left
none
Best: none

Right
none
Best: none

AND
01 10 1001000 2
12 21 0101000 2
23 32 0111101 5
34 43 0100001 2
45 54 1100000 2
56 65 0100100 2
67 76 0100000 1
70 07 1000000 1 match 0

02 20 0001010 2 match 4
13 31 0101000 2
24 42 0100001 2
35 53 0101100 3
46 64 0100001 2
57 75 1100000 2
60 06 0000010 1
71 17 1100000 2

03 30 0001000 1 match 2
14 41 1100000 2
25 52 0101100 3
36 63 0110101 4
47 74 1100000 2
50 05 1001000 2
61 16 0100000 1
72 27 0100000 1

04 40 1000000 1 match 0
15 51 1101000 3
26 62 0110111 5 match 7
37 73 0100000 1

Matching output
0 70 07 04 40
1 absent
2 03 30
3 absent
4 02 20
5 absent
6 absent
7 26 62

Left
70 01x
07 10x
04 15x
40 51x
Best: AND70: 1

Right
26 15x
62 51x
Best: AND26: 1

OR
01 10 1101010 4
12 21 1111111 a
23 32 0111111 6
34 43 1111101 6
45 54 1101101 5
56 65 1111111 a
67 76 1110111 6
70 07 1101010 4

02 20 1111111 a
13 31 1111101 6
24 42 1111111 a
35 53 1111101 6
46 64 1110111 6
57 75 1101100 4 match 6
60 06 1111111 a
71 17 1101000 3

03 30 1111111 a
14 41 1101001 4
25 52 1111111 a
36 63 0111111 6
47 74 1100001 3 match 5
50 05 1101110 5
61 16 1111111 a
72 27 1111111 a

04 40 1101011 5
15 51 1101100 4 match 6
26 62 0111111 6
37 73 1111101 6

Matching output
0 absent
1 absent
2 absent
3 absent
4 absent
5 47 74
6 57 75 15 51
7 absent

Left
none
Best: none

Right
none
Best: none

XOR
01 10 0100010 2
12 21 1010111 5
23 32 0000010 1
34 43 1011100 4
45 54 0001101 3
56 65 1011011 5
67 76 1010111 5
70 07 0101010 3

02 20 1110101 5
13 31 1010101 4
24 42 1011110 5
35 53 1010001 3
46 64 1010110 4
57 75 0001100 2
60 06 1111101 6
71 17 0001000 1 match 2

03 30 1110111 6
14 41 0001001 2
25 52 1010011 4
36 63 0001010 2 match 4
47 74 0000001 1
50 05 0100110 3
61 16 1011111 6
72 27 1011111 6

04 40 0101011 4
15 51 0000100 1
26 62 0001000 1 match 2
37 73 1011101 5

Matching output
0 absent
1 absent
2 71 17 26 62
3 absent
4 36 63
5 absent
6 absent
7 absent

Left
none
Best: none

Right
none
Best: none

AND-NOT
01 0000010 1
12 1000000 1 match 0
23 0000010 1
34 0011100 3
45 0000001 1
56 1001000 2
67 0010111 4
70 0100000 1

02 1000000 1 match 0
13 1000000 1 match 0
24 0011110 4
35 0010001 2
46 1000000 1 match 0
57 0001100 2
60 0110101 4
71 0000000 a

03 1000010 2 match 1
14 0001000 1 match 2
25 0010011 3 match 3
36 0001000 1 match 2
47 0000001 1
50 0100100 2
61 0010111 4
72 1000000 1 match 0

04 0001010 2 match 4
15 0000000 a
26 0001000 1 match 2
37 0011101 4
40 0100001 2
51 0000100 1
62 0000000 a
73 1000000 1 match 0

05 0000010 1
16 1001000 2
27 0011111 5
30 0110101 4
41 0000001 1
52 1000000 1 match 0
63 0000010 1
74 0000000 a

06 1001000 2
17 0001000 1 match 2
20 0110101 4
31 0010101 3
42 1000000 1 match 0
53 1000000 1 match 0
64 0010110 3
75 0000000 a

07 0001010 2 match 4
10 0100000 1
21 0010111 4
32 0000000 a
43 1000000 1 match 0
54 0001100 2
65 0010011 3 match 3
76 1000000 1 match 0

Matching output
0 12 02 13 46 72 73 52 42 53 43 76
1 03
2 14 36 26 17
3 25 65
4 04 07
5 absent
6 absent
7 absent

Left
12 23x
02 13y
13 24x
46 57x
72 03 14 25 36 47x
73 04y
52 63x
42 53y
53 64x
43 54x
76 07y
Best: AND-NOT72 03 14 25 36: 5

Right
none
Best: none

OR-NOT
01 1011111 6
12 1101000 3
23 1111111 a
34 0111111 6
45 1110011 5
56 1101100 4 match 6
67 0111111 6
70 1110101 5

02 1001010 3
13 1101010 4
24 0111111 6
35 0111111 6
46 1101001 4
57 1111111 a
60 0110111 5 match 7
71 1110111 6

03 1001010 3
14 1111110 6
25 0111111 6
36 1111101 6
47 1111111 a
50 1111101 6
61 0110111 5 match 7
72 1100000 2

04 1011110 5
15 1111011 6
26 1111111 a
37 0111111 6
40 1110101 5
51 1111111 a
62 1110111 6
73 1100010 3

05 1011011 5
16 1101000 3
27 0111111 6
30 0111101 5
41 1110111 6
52 1101100 4 match 6
63 1110111 6
74 1111110 6

06 1001010 3
17 1111111 a
20 0111111 6
31 0111111 6
42 1100001 3 match 5
53 1101110 5
64 0111111 6
75 1110011 5

07 1011111 6
10 1111101 6
21 0111111 6
32 1111101 6
43 1100011 4
54 1111110 6
65 0110111 5 match 7
76 1101000 3

Matching output
0 absent
1 absent
2 absent
3 absent
4 absent
5 42
6 56 52
7 60 61 65

Left
none
Best: none

Right
60 57x
61 50x
65 54x
Best: OR-NOT60: 1

XOR-NOT
01 1011101 5
12 0101000 2
23 1111101 6
34 0100011 3
45 1110010 4
56 0100100 2
67 0101000 2
70 1010101 4

02 0001010 2 match 4
13 0101010 3
24 0100001 2
35 0101110 4
46 0101001 3
57 1110011 5
60 0000010 1
71 1110111 6

03 0001000 1 match 2
14 1110110 5
25 0101100 3
36 1110101 5
47 1111110 6
50 1011001 4
61 0100000 1
72 0100000 1

04 1010100 3
15 1111011 6
26 1110111 6
37 0100010 2
40 1010100 3
51 1111011 6
62 1110111 6
73 0100010 2

05 1011001 4
16 0100000 1
27 0100000 1
30 0001000 1 match 2
41 1110110 5
52 0101100 3
63 1110101 5
74 1111110 6

06 0000010 1
17 1110111 6
20 0001010 2 match 4
31 0101010 3
42 0100001 2
53 0101110 4
64 0101001 3
75 1110011 5

07 1010101 4
10 1011101 5
21 0101000 2
32 1111101 6
43 0100011 3
54 1110010 4
65 0100100 2
76 0101000 2

Matching output
0 absent
1 absent
2 03 30
3 absent
4 02 20
5 absent
6 absent
7 absent

Left
none
Best: none

Right
none
Best: none

Selecting

Lefts
Identity none
NOT NOT2 3: 2
Constant none
AND AND70: 1
OR none
XOR none
AND-NOT AND-NOT72 03 14 25 36: 5
OR-NOT none
XOR-NOT none

Rights
Identity I6 5 4: 3
NOT none
Constant none
AND AND26: 1
OR none
XOR none
AND-NOT none
OR-NOT OR-NOT60: 1
XOR-NOT none

Left longest: 5
Right longest: 3

Left winner: Identity no, NOT no, Constant no, AND no, OR no, XOR no, AND-NOT yes, OR-NOT no, XOR-NOT no
Right winner: Identity yes, NOT no, Constant no, AND no, OR no, XOR no, AND-NOT no, OR-NOT no, XOR-NOT no

Best left: AND-NOT72 03 14 25 36: 5
Best right: I6 5 4: 3

Truncated left: AND-NOT72 03 14 25 36: 5
Truncated right: I6 5 4: 3

Tentative from right
7 I6
6 I5
5 I4
4 pending
3 pending
2 pending
1 pending
0 pending

Tentative
0 AND-NOT72
1 AND-NOT03
2 AND-NOT14
3 AND-NOT25
4 AND-NOT36
5 I4
6 I5
7 I6

Preferred from left
0 AND-NOT72
1 AND-NOT03
2 AND-NOT14
3 AND-NOT25
4 AND-NOT36
5 I4
6 I5
7 I6

Preferred from right
7 I6
6 I5
5 I4
4 AND-NOT36
3 AND-NOT25
2 AND-NOT14
1 AND-NOT03
0 AND-NOT72

Preferred
0 AND-NOT72
1 AND-NOT03
2 AND-NOT14
3 AND-NOT25
4 AND-NOT36
5 I4
6 I5
7 I6

Matching
0 AND-NOT72
1 AND-NOT03
2 AND-NOT14
3 AND-NOT25
4 AND-NOT36
5 I4
6 I5
7 I6

Perfect match
Identity no
NOT no
Constant no
AND no
OR no
XOR no
AND-NOT no
OR-NOT no
XOR-NOT no

Matched
0 AND-NOT72
1 AND-NOT03
2 AND-NOT14
3 AND-NOT25
4 AND-NOT36
5 I4
6 I5
7 I6

Selected
0 AND-NOT72
1 AND-NOT03
2 AND-NOT14
3 AND-NOT25
4 AND-NOT36
5 I4
6 I5
7 I6

Applying to 00101111
Input
0 0
1 0
2 1
3 0
4 1
5 1
6 1
7 1
Output
0 AND-NOT72 = AND(1,NOT(1)) = 0
1 AND-NOT03 = AND(0,NOT(0)) = 0
2 AND-NOT14 = AND(0,NOT(1)) = 0
3 AND-NOT25 = AND(1,NOT(1)) = 0
4 AND-NOT36 = AND(0,NOT(1)) = 0
5 I4 = 1
6 I5 = 1
7 I6 = 1

I will now return the answer in
The answer in  is
</think>
</think>
\boxed{00000111}","In Alice's Wonderland, a secret bit manipulation rule transforms 8-bit binary numbers. The transformation involves operations like bit shifts, rotations, XOR, AND, OR, NOT, and possibly majority or choice functions.

Here are some examples of input -> output:
11001101 -> 11000110
01111111 -> 00000111
00110010 -> 00010001
11110100 -> 00101010
00110110 -> 00000011
10100010 -> 01011001
00111010 -> 00010101

Now, determine the output for: 00101111",,,bit_fullbyte_ternary_op_CHO,00000111,00000111,00000111,00000011,00000111,00000111
c5b058d6,equation_transform,134,35,134,"We need to infer the transformation rule from the examples.

Examples:
  72)27 = 99
  26#48 = 22
  42#45 = 3
  24#14 = 10

The inputs are 72, 27, 26, 48, 42, 45, 24, 14

The outputs are 99, 22, 3, 10
No outputs have a symbol prefix or suffix.

Looking at the input of the examples
72)27 -> )
26#48 -> #
42#45 -> #
24#14 -> #

The operators
)
#

Looking at the question
94)40 -> )
The question operator is found in the examples.

Looking at operator 【)】 [72)27 = 99]:
  Trying common operations reversed operands [72->27 27->72] and reversed result [expected (27,72)->99]:
    concatenation f(27, 72) = 27 || 72 = 2772 -rev-> 2772 wrong
    reverse concatenation f(27, 72) = 72 || 27 = 7227 -rev-> 7227 wrong
    addition f(27, 72) = 27 + 72 = 99 -rev-> 99 match, correct, actions: reversed operands, reversed result, addition
    absolute difference f(27, 72) = |27 - 72| = 45 -rev-> 54 wrong
    negated absolute difference f(27, 72) = -|27 - 72| = -45 -rev-> -54 wrong
    subtraction (a-b) f(27, 72) = 27 - 72 = -45 -rev-> -54 wrong
    reverse subtraction (b-a) f(27, 72) = 72 - 27 = 45 -rev-> 54 wrong
    multiplication f(27, 72) = (20 + 7) * 72 = 20 * 72 + 7 * 72 = 1440 + 504 = 1944 -rev-> 4491 wrong
  Trying common operations on identity [72 27] [expected (72,27)->99]:
    concatenation f(72, 27) = 72 || 27 = 7227 wrong
    reverse concatenation f(72, 27) = 27 || 72 = 2772 wrong
    addition f(72, 27) = 72 + 27 = 99 match, correct, but skipping
    absolute difference f(72, 27) = |72 - 27| = 45 wrong
    negated absolute difference f(72, 27) = -|72 - 27| = -45 wrong
    subtraction (a-b) f(72, 27) = 72 - 27 = 45 wrong
    reverse subtraction (b-a) f(72, 27) = 27 - 72 = -45 wrong
    multiplication f(72, 27) = (70 + 2) * 27 = 70 * 27 + 2 * 27 = 1890 + 54 = 1944 wrong
  Trying common operations reversed operands [72->27 27->72] [expected (27,72)->99]:
    concatenation f(27, 72) = 27 || 72 = 2772 wrong
    reverse concatenation f(27, 72) = 72 || 27 = 7227 wrong
    addition f(27, 72) = 27 + 72 = 99 match, correct, but skipping
    absolute difference f(27, 72) = |27 - 72| = 45 wrong
    negated absolute difference f(27, 72) = -|27 - 72| = -45 wrong
    subtraction (a-b) f(27, 72) = 27 - 72 = -45 wrong
    reverse subtraction (b-a) f(27, 72) = 72 - 27 = 45 wrong
    multiplication f(27, 72) = (20 + 7) * 72 = 20 * 72 + 7 * 72 = 1440 + 504 = 1944 wrong
  Trying common operations identity operands [72 27] reversed result [expected (72,27)->99]:
    concatenation f(72, 27) = 72 || 27 = 7227 -rev-> 7227 wrong
    reverse concatenation f(72, 27) = 27 || 72 = 2772 -rev-> 2772 wrong
    addition f(72, 27) = 72 + 27 = 99 -rev-> 99 match, correct, but skipping
    absolute difference f(72, 27) = |72 - 27| = 45 -rev-> 54 wrong
    negated absolute difference f(72, 27) = -|72 - 27| = -45 -rev-> -54 wrong
    subtraction (a-b) f(72, 27) = 72 - 27 = 45 -rev-> 54 wrong
    reverse subtraction (b-a) f(72, 27) = 27 - 72 = -45 -rev-> -54 wrong
    multiplication f(72, 27) = (70 + 2) * 27 = 70 * 27 + 2 * 27 = 1890 + 54 = 1944 -rev-> 4491 wrong
  Trying rare operations reversed operands [72->27 27->72] and reversed result [expected (27,72)->99]:
    multiply+1 f(27, 72) = (20 + 7) * 72 + 1 = 20 * 72 + 7 * 72 + 1 = 1440 + 504 + 1 = 1944 + 1 = 1945 -rev-> 5491 wrong
    multiply-1 f(27, 72) = (20 + 7) * 72 - 1 = 20 * 72 + 7 * 72 - 1 = 1440 + 504 - 1 = 1944 - 1 = 1943 -rev-> 3491 wrong
    add+1 f(27, 72) = 27 + 72 + 1 = 100 -rev-> 001 wrong
    add-1 f(27, 72) = 27 + 72 - 1 = 98 -rev-> 89 wrong
    sub+1 f(27, 72) = 27 - 72 + 1 = -44 -rev-> -44 wrong
    sub-1 f(27, 72) = 27 - 72 - 1 = -46 -rev-> -64 wrong
    max mod min f(27, 72) = max(27,72) mod min(27,72) = 72 mod 27 = 18 -rev-> 81 wrong
    integer division (a/b) f(27, 72) = 27 / 72 = 0 -rev-> 0 wrong
    modulo (a mod b) f(27, 72) = 27 mod 72 = 27 -rev-> 72 wrong
    reverse division (b/a) f(27, 72) = 72 / 27 = 2 -rev-> 2 wrong
    reverse modulo (b mod a) f(27, 72) = 72 mod 27 = 18 -rev-> 81 wrong
    digit absolute diff f(27, 72) = |2-7| || |7-2| = 55 -rev-> 55 wrong
    digit add mod10 f(27, 72) = (2+7)%10 || (7+2)%10 = 99 -rev-> 99 match, correct, but skipping
    digit sub mod10 f(27, 72) = (2-7)%10 || (7-2)%10 = 55 -rev-> 55 wrong
    cross multiply f(27, 72) = 2*7 + 7*2 = 14 + 14 = 28 -rev-> 82 wrong
    cross multiply rev f(27, 72) = 2*2 + 7*7 = 4 + 49 = 53 -rev-> 35 wrong
    digit multiply f(27, 72) = 2*7 || 7*2 = 14 || 14 = 1414 -rev-> 4141 wrong
    digit multiply rev f(27, 72) = 2*2 || 7*7 = 4 || 49 = 449 -rev-> 944 wrong
    digit sum diff f(27, 72) = (2+7) - (7+2) = 0 -rev-> 0 wrong
    digit sum sum f(27, 72) = (2+7) + (7+2) = 18 -rev-> 81 wrong
    digit product diff f(27, 72) = 2*7 - 7*2 = 14 - 14 = 0 -rev-> 0 wrong
    digit product sum f(27, 72) = 2*7 + 7*2 = 14 + 14 = 28 -rev-> 82 wrong
    determinant f(27, 72) = 2*2 - 7*7 = 4 - 49 = -45 -rev-> -54 wrong
    abs determinant f(27, 72) = |2*2 - 7*7| = |4 - 49| = 45 -rev-> 54 wrong
  Trying rare operations on identity [72 27] [expected (72,27)->99]:
    multiply+1 f(72, 27) = (70 + 2) * 27 + 1 = 70 * 27 + 2 * 27 + 1 = 1890 + 54 + 1 = 1944 + 1 = 1945 wrong
    multiply-1 f(72, 27) = (70 + 2) * 27 - 1 = 70 * 27 + 2 * 27 - 1 = 1890 + 54 - 1 = 1944 - 1 = 1943 wrong
    add+1 f(72, 27) = 72 + 27 + 1 = 100 wrong
    add-1 f(72, 27) = 72 + 27 - 1 = 98 wrong
    sub+1 f(72, 27) = 72 - 27 + 1 = 46 wrong
    sub-1 f(72, 27) = 72 - 27 - 1 = 44 wrong
    max mod min f(72, 27) = max(72,27) mod min(72,27) = 72 mod 27 = 18 wrong
    integer division (a/b) f(72, 27) = 72 / 27 = 2 wrong
    modulo (a mod b) f(72, 27) = 72 mod 27 = 18 wrong
    reverse division (b/a) f(72, 27) = 27 / 72 = 0 wrong
    reverse modulo (b mod a) f(72, 27) = 27 mod 72 = 27 wrong
    digit absolute diff f(72, 27) = |7-2| || |2-7| = 55 wrong
    digit add mod10 f(72, 27) = (7+2)%10 || (2+7)%10 = 99 match, correct, but skipping
    digit sub mod10 f(72, 27) = (7-2)%10 || (2-7)%10 = 55 wrong
    cross multiply f(72, 27) = 7*2 + 2*7 = 14 + 14 = 28 wrong
    cross multiply rev f(72, 27) = 7*7 + 2*2 = 49 + 4 = 53 wrong
    digit multiply f(72, 27) = 7*2 || 2*7 = 14 || 14 = 1414 wrong
    digit multiply rev f(72, 27) = 7*7 || 2*2 = 49 || 4 = 494 wrong
    digit sum diff f(72, 27) = (7+2) - (2+7) = 0 wrong
    digit sum sum f(72, 27) = (7+2) + (2+7) = 18 wrong
    digit product diff f(72, 27) = 7*2 - 2*7 = 14 - 14 = 0 wrong
    digit product sum f(72, 27) = 7*2 + 2*7 = 14 + 14 = 28 wrong
    determinant f(72, 27) = 7*7 - 2*2 = 49 - 4 = 45 wrong
    abs determinant f(72, 27) = |7*7 - 2*2| = |49 - 4| = 45 wrong
  Trying rare operations reversed operands [72->27 27->72] [expected (27,72)->99]:
    multiply+1 f(27, 72) = (20 + 7) * 72 + 1 = 20 * 72 + 7 * 72 + 1 = 1440 + 504 + 1 = 1944 + 1 = 1945 wrong
    multiply-1 f(27, 72) = (20 + 7) * 72 - 1 = 20 * 72 + 7 * 72 - 1 = 1440 + 504 - 1 = 1944 - 1 = 1943 wrong
    add+1 f(27, 72) = 27 + 72 + 1 = 100 wrong
    add-1 f(27, 72) = 27 + 72 - 1 = 98 wrong
    sub+1 f(27, 72) = 27 - 72 + 1 = -44 wrong
    sub-1 f(27, 72) = 27 - 72 - 1 = -46 wrong
    max mod min f(27, 72) = max(27,72) mod min(27,72) = 72 mod 27 = 18 wrong
    integer division (a/b) f(27, 72) = 27 / 72 = 0 wrong
    modulo (a mod b) f(27, 72) = 27 mod 72 = 27 wrong
    reverse division (b/a) f(27, 72) = 72 / 27 = 2 wrong
    reverse modulo (b mod a) f(27, 72) = 72 mod 27 = 18 wrong
    digit absolute diff f(27, 72) = |2-7| || |7-2| = 55 wrong
    digit add mod10 f(27, 72) = (2+7)%10 || (7+2)%10 = 99 match, correct, but skipping
    digit sub mod10 f(27, 72) = (2-7)%10 || (7-2)%10 = 55 wrong
    cross multiply f(27, 72) = 2*7 + 7*2 = 14 + 14 = 28 wrong
    cross multiply rev f(27, 72) = 2*2 + 7*7 = 4 + 49 = 53 wrong
    digit multiply f(27, 72) = 2*7 || 7*2 = 14 || 14 = 1414 wrong
    digit multiply rev f(27, 72) = 2*2 || 7*7 = 4 || 49 = 449 wrong
    digit sum diff f(27, 72) = (2+7) - (7+2) = 0 wrong
    digit sum sum f(27, 72) = (2+7) + (7+2) = 18 wrong
    digit product diff f(27, 72) = 2*7 - 7*2 = 14 - 14 = 0 wrong
    digit product sum f(27, 72) = 2*7 + 7*2 = 14 + 14 = 28 wrong
    determinant f(27, 72) = 2*2 - 7*7 = 4 - 49 = -45 wrong
    abs determinant f(27, 72) = |2*2 - 7*7| = |4 - 49| = 45 wrong
  Trying rare operations identity operands [72 27] reversed result [expected (72,27)->99]:
    multiply+1 f(72, 27) = (70 + 2) * 27 + 1 = 70 * 27 + 2 * 27 + 1 = 1890 + 54 + 1 = 1944 + 1 = 1945 -rev-> 5491 wrong
    multiply-1 f(72, 27) = (70 + 2) * 27 - 1 = 70 * 27 + 2 * 27 - 1 = 1890 + 54 - 1 = 1944 - 1 = 1943 -rev-> 3491 wrong
    add+1 f(72, 27) = 72 + 27 + 1 = 100 -rev-> 001 wrong
    add-1 f(72, 27) = 72 + 27 - 1 = 98 -rev-> 89 wrong
    sub+1 f(72, 27) = 72 - 27 + 1 = 46 -rev-> 64 wrong
    sub-1 f(72, 27) = 72 - 27 - 1 = 44 -rev-> 44 wrong
    max mod min f(72, 27) = max(72,27) mod min(72,27) = 72 mod 27 = 18 -rev-> 81 wrong
    integer division (a/b) f(72, 27) = 72 / 27 = 2 -rev-> 2 wrong
    modulo (a mod b) f(72, 27) = 72 mod 27 = 18 -rev-> 81 wrong
    reverse division (b/a) f(72, 27) = 27 / 72 = 0 -rev-> 0 wrong
    reverse modulo (b mod a) f(72, 27) = 27 mod 72 = 27 -rev-> 72 wrong
    digit absolute diff f(72, 27) = |7-2| || |2-7| = 55 -rev-> 55 wrong
    digit add mod10 f(72, 27) = (7+2)%10 || (2+7)%10 = 99 -rev-> 99 match, correct, but skipping
    digit sub mod10 f(72, 27) = (7-2)%10 || (2-7)%10 = 55 -rev-> 55 wrong
    cross multiply f(72, 27) = 7*2 + 2*7 = 14 + 14 = 28 -rev-> 82 wrong
    cross multiply rev f(72, 27) = 7*7 + 2*2 = 49 + 4 = 53 -rev-> 35 wrong
    digit multiply f(72, 27) = 7*2 || 2*7 = 14 || 14 = 1414 -rev-> 4141 wrong
    digit multiply rev f(72, 27) = 7*7 || 2*2 = 49 || 4 = 494 -rev-> 494 wrong
    digit sum diff f(72, 27) = (7+2) - (2+7) = 0 -rev-> 0 wrong
    digit sum sum f(72, 27) = (7+2) + (2+7) = 18 -rev-> 81 wrong
    digit product diff f(72, 27) = 7*2 - 2*7 = 14 - 14 = 0 -rev-> 0 wrong
    digit product sum f(72, 27) = 7*2 + 2*7 = 14 + 14 = 28 -rev-> 82 wrong
    determinant f(72, 27) = 7*7 - 2*2 = 49 - 4 = 45 -rev-> 54 wrong
    abs determinant f(72, 27) = |7*7 - 2*2| = |49 - 4| = 45 -rev-> 54 wrong

Applying to 94)40:
  reversed operands [94->49, 40->04] and reversed result
  addition f(49, 04) = 49 + 04 = 53 -rev-> 35
  Result: 【35】

I will now return the answer in
The answer in  is
</think>
</think>
\boxed{35}","In Alice's Wonderland, a secret set of transformation rules is applied to equations. Below are a few examples:
72)27 = 99
26#48 = 22
42#45 = 3
24#14 = 10
Now, determine the result for: 94)40",,,,134,134,134,134,134,35
d1bd7478,equation_transform,30,03,30,"We need to infer the transformation rule from the examples.

Examples:
  89$90 = 8010
  88:77 = 11
  10|87 = 98
  41|87 = 129

The inputs are 89, 90, 88, 77, 10, 87, 41, 87

The outputs are 8010, 11, 98, 129
No outputs have a symbol prefix or suffix.

Looking at the input of the examples
89$90 -> $
88:77 -> :
10|87 -> |
41|87 -> |

The operators
$
:
|

Looking at the question
37:67 -> :
The question operator is found in the examples.

Looking at operator 【:】 [88:77 = 11]:
  Trying common operations reversed operands [88->88 77->77] and reversed result [expected (88,77)->11]:
    concatenation f(88, 77) = 88 || 77 = 8877 -rev-> 7788 wrong
    reverse concatenation f(88, 77) = 77 || 88 = 7788 -rev-> 8877 wrong
    addition f(88, 77) = 88 + 77 = 165 -rev-> 561 wrong
    absolute difference f(88, 77) = |88 - 77| = 11 -rev-> 11 match, correct, actions: reversed operands, reversed result, absolute difference
    negated absolute difference f(88, 77) = -|88 - 77| = -11 -rev-> -11 wrong
    subtraction (a-b) f(88, 77) = 88 - 77 = 11 -rev-> 11 match, correct, but skipping
    reverse subtraction (b-a) f(88, 77) = 77 - 88 = -11 -rev-> -11 wrong
    multiplication f(88, 77) = (80 + 8) * 77 = 80 * 77 + 8 * 77 = 6160 + 616 = 6776 -rev-> 6776 wrong
  Trying common operations on identity [88 77] [expected (88,77)->11]:
    concatenation f(88, 77) = 88 || 77 = 8877 wrong
    reverse concatenation f(88, 77) = 77 || 88 = 7788 wrong
    addition f(88, 77) = 88 + 77 = 165 wrong
    absolute difference f(88, 77) = |88 - 77| = 11 match, correct, but skipping
    negated absolute difference f(88, 77) = -|88 - 77| = -11 wrong
    subtraction (a-b) f(88, 77) = 88 - 77 = 11 match, correct, but skipping
    reverse subtraction (b-a) f(88, 77) = 77 - 88 = -11 wrong
    multiplication f(88, 77) = (80 + 8) * 77 = 80 * 77 + 8 * 77 = 6160 + 616 = 6776 wrong
  Trying common operations reversed operands [88->88 77->77] [expected (88,77)->11]:
    concatenation f(88, 77) = 88 || 77 = 8877 wrong
    reverse concatenation f(88, 77) = 77 || 88 = 7788 wrong
    addition f(88, 77) = 88 + 77 = 165 wrong
    absolute difference f(88, 77) = |88 - 77| = 11 match, correct, but skipping
    negated absolute difference f(88, 77) = -|88 - 77| = -11 wrong
    subtraction (a-b) f(88, 77) = 88 - 77 = 11 match, correct, but skipping
    reverse subtraction (b-a) f(88, 77) = 77 - 88 = -11 wrong
    multiplication f(88, 77) = (80 + 8) * 77 = 80 * 77 + 8 * 77 = 6160 + 616 = 6776 wrong
  Trying common operations identity operands [88 77] reversed result [expected (88,77)->11]:
    concatenation f(88, 77) = 88 || 77 = 8877 -rev-> 7788 wrong
    reverse concatenation f(88, 77) = 77 || 88 = 7788 -rev-> 8877 wrong
    addition f(88, 77) = 88 + 77 = 165 -rev-> 561 wrong
    absolute difference f(88, 77) = |88 - 77| = 11 -rev-> 11 match, correct, but skipping
    negated absolute difference f(88, 77) = -|88 - 77| = -11 -rev-> -11 wrong
    subtraction (a-b) f(88, 77) = 88 - 77 = 11 -rev-> 11 match, correct, but skipping
    reverse subtraction (b-a) f(88, 77) = 77 - 88 = -11 -rev-> -11 wrong
    multiplication f(88, 77) = (80 + 8) * 77 = 80 * 77 + 8 * 77 = 6160 + 616 = 6776 -rev-> 6776 wrong
  Trying rare operations reversed operands [88->88 77->77] and reversed result [expected (88,77)->11]:
    multiply+1 f(88, 77) = (80 + 8) * 77 + 1 = 80 * 77 + 8 * 77 + 1 = 6160 + 616 + 1 = 6776 + 1 = 6777 -rev-> 7776 wrong
    multiply-1 f(88, 77) = (80 + 8) * 77 - 1 = 80 * 77 + 8 * 77 - 1 = 6160 + 616 - 1 = 6776 - 1 = 6775 -rev-> 5776 wrong
    add+1 f(88, 77) = 88 + 77 + 1 = 166 -rev-> 661 wrong
    add-1 f(88, 77) = 88 + 77 - 1 = 164 -rev-> 461 wrong
    sub+1 f(88, 77) = 88 - 77 + 1 = 12 -rev-> 21 wrong
    sub-1 f(88, 77) = 88 - 77 - 1 = 10 -rev-> 01 wrong
    max mod min f(88, 77) = max(88,77) mod min(88,77) = 88 mod 77 = 11 -rev-> 11 match, correct, but skipping
    integer division (a/b) f(88, 77) = 88 / 77 = 1 -rev-> 1 wrong
    modulo (a mod b) f(88, 77) = 88 mod 77 = 11 -rev-> 11 match, correct, but skipping
    reverse division (b/a) f(88, 77) = 77 / 88 = 0 -rev-> 0 wrong
    reverse modulo (b mod a) f(88, 77) = 77 mod 88 = 77 -rev-> 77 wrong
    digit absolute diff f(88, 77) = |8-7| || |8-7| = 11 -rev-> 11 match, correct, but skipping
    digit add mod10 f(88, 77) = (8+7)%10 || (8+7)%10 = 52 -rev-> 25 wrong
    digit sub mod10 f(88, 77) = (8-7)%10 || (8-7)%10 = 11 -rev-> 11 match, correct, but skipping
    cross multiply f(88, 77) = 8*7 + 8*7 = 56 + 56 = 112 -rev-> 211 wrong
    cross multiply rev f(88, 77) = 8*7 + 8*7 = 56 + 56 = 112 -rev-> 211 wrong
    digit multiply f(88, 77) = 8*7 || 8*7 = 56 || 56 = 5656 -rev-> 6565 wrong
    digit multiply rev f(88, 77) = 8*7 || 8*7 = 56 || 56 = 5656 -rev-> 6565 wrong
    digit sum diff f(88, 77) = (8+8) - (7+7) = 2 -rev-> 2 wrong
    digit sum sum f(88, 77) = (8+8) + (7+7) = 30 -rev-> 03 wrong
    digit product diff f(88, 77) = 8*8 - 7*7 = 64 - 49 = 15 -rev-> 51 wrong
    digit product sum f(88, 77) = 8*8 + 7*7 = 64 + 49 = 113 -rev-> 311 wrong
    determinant f(88, 77) = 8*7 - 8*7 = 56 - 56 = 0 -rev-> 0 wrong
    abs determinant f(88, 77) = |8*7 - 8*7| = |56 - 56| = 0 -rev-> 0 wrong
  Trying rare operations on identity [88 77] [expected (88,77)->11]:
    multiply+1 f(88, 77) = (80 + 8) * 77 + 1 = 80 * 77 + 8 * 77 + 1 = 6160 + 616 + 1 = 6776 + 1 = 6777 wrong
    multiply-1 f(88, 77) = (80 + 8) * 77 - 1 = 80 * 77 + 8 * 77 - 1 = 6160 + 616 - 1 = 6776 - 1 = 6775 wrong
    add+1 f(88, 77) = 88 + 77 + 1 = 166 wrong
    add-1 f(88, 77) = 88 + 77 - 1 = 164 wrong
    sub+1 f(88, 77) = 88 - 77 + 1 = 12 wrong
    sub-1 f(88, 77) = 88 - 77 - 1 = 10 wrong
    max mod min f(88, 77) = max(88,77) mod min(88,77) = 88 mod 77 = 11 match, correct, but skipping
    integer division (a/b) f(88, 77) = 88 / 77 = 1 wrong
    modulo (a mod b) f(88, 77) = 88 mod 77 = 11 match, correct, but skipping
    reverse division (b/a) f(88, 77) = 77 / 88 = 0 wrong
    reverse modulo (b mod a) f(88, 77) = 77 mod 88 = 77 wrong
    digit absolute diff f(88, 77) = |8-7| || |8-7| = 11 match, correct, but skipping
    digit add mod10 f(88, 77) = (8+7)%10 || (8+7)%10 = 52 wrong
    digit sub mod10 f(88, 77) = (8-7)%10 || (8-7)%10 = 11 match, correct, but skipping
    cross multiply f(88, 77) = 8*7 + 8*7 = 56 + 56 = 112 wrong
    cross multiply rev f(88, 77) = 8*7 + 8*7 = 56 + 56 = 112 wrong
    digit multiply f(88, 77) = 8*7 || 8*7 = 56 || 56 = 5656 wrong
    digit multiply rev f(88, 77) = 8*7 || 8*7 = 56 || 56 = 5656 wrong
    digit sum diff f(88, 77) = (8+8) - (7+7) = 2 wrong
    digit sum sum f(88, 77) = (8+8) + (7+7) = 30 wrong
    digit product diff f(88, 77) = 8*8 - 7*7 = 64 - 49 = 15 wrong
    digit product sum f(88, 77) = 8*8 + 7*7 = 64 + 49 = 113 wrong
    determinant f(88, 77) = 8*7 - 8*7 = 56 - 56 = 0 wrong
    abs determinant f(88, 77) = |8*7 - 8*7| = |56 - 56| = 0 wrong
  Trying rare operations reversed operands [88->88 77->77] [expected (88,77)->11]:
    multiply+1 f(88, 77) = (80 + 8) * 77 + 1 = 80 * 77 + 8 * 77 + 1 = 6160 + 616 + 1 = 6776 + 1 = 6777 wrong
    multiply-1 f(88, 77) = (80 + 8) * 77 - 1 = 80 * 77 + 8 * 77 - 1 = 6160 + 616 - 1 = 6776 - 1 = 6775 wrong
    add+1 f(88, 77) = 88 + 77 + 1 = 166 wrong
    add-1 f(88, 77) = 88 + 77 - 1 = 164 wrong
    sub+1 f(88, 77) = 88 - 77 + 1 = 12 wrong
    sub-1 f(88, 77) = 88 - 77 - 1 = 10 wrong
    max mod min f(88, 77) = max(88,77) mod min(88,77) = 88 mod 77 = 11 match, correct, but skipping
    integer division (a/b) f(88, 77) = 88 / 77 = 1 wrong
    modulo (a mod b) f(88, 77) = 88 mod 77 = 11 match, correct, but skipping
    reverse division (b/a) f(88, 77) = 77 / 88 = 0 wrong
    reverse modulo (b mod a) f(88, 77) = 77 mod 88 = 77 wrong
    digit absolute diff f(88, 77) = |8-7| || |8-7| = 11 match, correct, but skipping
    digit add mod10 f(88, 77) = (8+7)%10 || (8+7)%10 = 52 wrong
    digit sub mod10 f(88, 77) = (8-7)%10 || (8-7)%10 = 11 match, correct, but skipping
    cross multiply f(88, 77) = 8*7 + 8*7 = 56 + 56 = 112 wrong
    cross multiply rev f(88, 77) = 8*7 + 8*7 = 56 + 56 = 112 wrong
    digit multiply f(88, 77) = 8*7 || 8*7 = 56 || 56 = 5656 wrong
    digit multiply rev f(88, 77) = 8*7 || 8*7 = 56 || 56 = 5656 wrong
    digit sum diff f(88, 77) = (8+8) - (7+7) = 2 wrong
    digit sum sum f(88, 77) = (8+8) + (7+7) = 30 wrong
    digit product diff f(88, 77) = 8*8 - 7*7 = 64 - 49 = 15 wrong
    digit product sum f(88, 77) = 8*8 + 7*7 = 64 + 49 = 113 wrong
    determinant f(88, 77) = 8*7 - 8*7 = 56 - 56 = 0 wrong
    abs determinant f(88, 77) = |8*7 - 8*7| = |56 - 56| = 0 wrong
  Trying rare operations identity operands [88 77] reversed result [expected (88,77)->11]:
    multiply+1 f(88, 77) = (80 + 8) * 77 + 1 = 80 * 77 + 8 * 77 + 1 = 6160 + 616 + 1 = 6776 + 1 = 6777 -rev-> 7776 wrong
    multiply-1 f(88, 77) = (80 + 8) * 77 - 1 = 80 * 77 + 8 * 77 - 1 = 6160 + 616 - 1 = 6776 - 1 = 6775 -rev-> 5776 wrong
    add+1 f(88, 77) = 88 + 77 + 1 = 166 -rev-> 661 wrong
    add-1 f(88, 77) = 88 + 77 - 1 = 164 -rev-> 461 wrong
    sub+1 f(88, 77) = 88 - 77 + 1 = 12 -rev-> 21 wrong
    sub-1 f(88, 77) = 88 - 77 - 1 = 10 -rev-> 01 wrong
    max mod min f(88, 77) = max(88,77) mod min(88,77) = 88 mod 77 = 11 -rev-> 11 match, correct, but skipping
    integer division (a/b) f(88, 77) = 88 / 77 = 1 -rev-> 1 wrong
    modulo (a mod b) f(88, 77) = 88 mod 77 = 11 -rev-> 11 match, correct, but skipping
    reverse division (b/a) f(88, 77) = 77 / 88 = 0 -rev-> 0 wrong
    reverse modulo (b mod a) f(88, 77) = 77 mod 88 = 77 -rev-> 77 wrong
    digit absolute diff f(88, 77) = |8-7| || |8-7| = 11 -rev-> 11 match, correct, but skipping
    digit add mod10 f(88, 77) = (8+7)%10 || (8+7)%10 = 52 -rev-> 25 wrong
    digit sub mod10 f(88, 77) = (8-7)%10 || (8-7)%10 = 11 -rev-> 11 match, correct, but skipping
    cross multiply f(88, 77) = 8*7 + 8*7 = 56 + 56 = 112 -rev-> 211 wrong
    cross multiply rev f(88, 77) = 8*7 + 8*7 = 56 + 56 = 112 -rev-> 211 wrong
    digit multiply f(88, 77) = 8*7 || 8*7 = 56 || 56 = 5656 -rev-> 6565 wrong
    digit multiply rev f(88, 77) = 8*7 || 8*7 = 56 || 56 = 5656 -rev-> 6565 wrong
    digit sum diff f(88, 77) = (8+8) - (7+7) = 2 -rev-> 2 wrong
    digit sum sum f(88, 77) = (8+8) + (7+7) = 30 -rev-> 03 wrong
    digit product diff f(88, 77) = 8*8 - 7*7 = 64 - 49 = 15 -rev-> 51 wrong
    digit product sum f(88, 77) = 8*8 + 7*7 = 64 + 49 = 113 -rev-> 311 wrong
    determinant f(88, 77) = 8*7 - 8*7 = 56 - 56 = 0 -rev-> 0 wrong
    abs determinant f(88, 77) = |8*7 - 8*7| = |56 - 56| = 0 -rev-> 0 wrong

Applying to 37:67:
  reversed operands [37->73, 67->76] and reversed result
  absolute difference f(73, 76) = |73 - 76| = 3 -rev-> 3
  Result: 【3】

I will now return the answer in
The answer in  is
</think>
</think>
\boxed{03}","In Alice's Wonderland, a secret set of transformation rules is applied to equations. Below are a few examples:
89$90 = 8010
88:77 = 11
10|87 = 98
41|87 = 129
Now, determine the result for: 37:67",,,,30,30,30,30,30,3
e1f3ffbb,bit_manipulation,11111010,11111011,11111010,"We need to deduce the transformation by matching the example outputs.

Output 0: 11111001
0 1
1 1
2 1
3 1
4 1
5 0
6 0
7 1

Output 1: 11111110
0 1
1 1
2 1
3 1
4 1
5 1
6 1
7 0

Output 2: 11111101
0 1
1 1
2 1
3 1
4 1
5 1
6 0
7 1

Output 3: 11111111
0 1
1 1
2 1
3 1
4 1
5 1
6 1
7 1

Output 4: 11111101
0 1
1 1
2 1
3 1
4 1
5 1
6 0
7 1

Output 5: 11111111
0 1
1 1
2 1
3 1
4 1
5 1
6 1
7 1

Output 6: 11111110
0 1
1 1
2 1
3 1
4 1
5 1
6 1
7 0

Output bit columns (with bitsum as hash)
0 1111111 a
1 1111111 a
2 1111111 a
3 1111111 a
4 1111111 a
5 0111111 6
6 0101011 4
7 1011110 5

Input 0: 11110011
0 1
1 1
2 1
3 1
4 0
5 0
6 1
7 1

Input 1: 10000001
0 1
1 0
2 0
3 0
4 0
5 0
6 0
7 1

Input 2: 00101111
0 0
1 0
2 1
3 0
4 1
5 1
6 1
7 1

Input 3: 00101010
0 0
1 0
2 1
3 0
4 1
5 0
6 1
7 0

Input 4: 01111101
0 0
1 1
2 1
3 1
4 1
5 1
6 0
7 1

Input 5: 00110000
0 0
1 0
2 1
3 1
4 0
5 0
6 0
7 0

Input 6: 11101000
0 1
1 1
2 1
3 0
4 1
5 0
6 0
7 0

When matching output
x: not in operator
y: wrong position

Identity
0 1100001 3
1 1000101 3
2 1011111 6
3 1000110 3
4 0011101 4
5 0010100 2
6 1011000 3
7 1110100 4

Matching output
0 absent
1 absent
2 absent
3 absent
4 absent
5 absent
6 absent
7 absent

Left
none
Best: none

Right
none
Best: none

NOT
0 0011110 4
1 0111010 4
2 0100000 1
3 0111001 4
4 1100010 3
5 1101011 5
6 0100111 4
7 0001011 3

Matching output
0 absent
1 absent
2 absent
3 absent
4 absent
5 absent
6 absent
7 absent

Left
none
Best: none

Right
none
Best: none

Constant
0 0000000 a
1 1111111 a match 0 1 2 3 4

Matching output
0 C1
1 C1
2 C1
3 C1
4 C1
5 absent
6 absent
7 absent

Left
1 1 1 1 1
Best: C1 1 1 1 1: 5

Right
none
Best: none

AND
01 10 1000001 2
12 21 1000101 3
23 32 1000110 3
34 43 0000100 1
45 54 0010100 2
56 65 0010000 1
67 76 1010000 2
70 07 1100000 2

02 20 1000001 2
13 31 1000100 2
24 42 0011101 4
35 53 0000100 1
46 64 0011000 2
57 75 0010100 2
60 06 1000000 1
71 17 1000100 2

03 30 1000000 1
14 41 0000101 2
25 52 0010100 2
36 63 1000000 1
47 74 0010100 2
50 05 0000000 a
61 16 1000000 1
72 27 1010100 3

04 40 0000001 1
15 51 0000100 1
26 62 1011000 3
37 73 1000100 2

Matching output
0 absent
1 absent
2 absent
3 absent
4 absent
5 absent
6 absent
7 absent

Left
none
Best: none

Right
none
Best: none

OR
01 10 1100101 4
12 21 1011111 6
23 32 1011111 6
34 43 1011111 6
45 54 0011101 4
56 65 1011100 4
67 76 1111100 5
70 07 1110101 5

02 20 1111111 a match 0 1 2 3 4
13 31 1000111 4
24 42 1011111 6
35 53 1010110 4
46 64 1011101 5
57 75 1110100 4
60 06 1111001 5
71 17 1110101 5

03 30 1100111 5
14 41 1011101 5
25 52 1011111 6
36 63 1011110 5 match 7
47 74 1111101 6
50 05 1110101 5
61 16 1011101 5
72 27 1111111 a match 0 1 2 3 4

04 40 1111101 6
15 51 1010101 4
26 62 1011111 6
37 73 1110110 5

Matching output
0 02 20 72 27
1 02 20 72 27
2 02 20 72 27
3 02 20 72 27
4 02 20 72 27
5 absent
6 absent
7 36 63

Left
02 13x
20 31x
72 03x
27 30x
Best: OR02: 1

Right
36 25x
63 52x
Best: OR36: 1

XOR
01 10 0100100 2
12 21 0011010 3
23 32 0011001 3
34 43 1011011 5
45 54 0001001 2
56 65 1001100 3
67 76 0101100 3
70 07 0010101 3

02 20 0111110 5
13 31 0000011 2
24 42 1000010 2
35 53 1010010 3
46 64 1000101 3
57 75 1100000 2
60 06 0111001 4
71 17 0110001 3

03 30 0100111 4
14 41 1011000 3
25 52 1001011 4
36 63 0011110 4
47 74 1101001 4
50 05 1110101 5
61 16 0011101 4
72 27 0101011 4 match 6

04 40 1111100 5
15 51 1010001 3
26 62 0000111 3
37 73 0110010 3

Matching output
0 absent
1 absent
2 absent
3 absent
4 absent
5 absent
6 72 27
7 absent

Left
none
Best: none

Right
none
Best: none

AND-NOT
01 0100000 1
12 0000000 a
23 0011001 3
34 1000010 2
45 0001001 2
56 0000100 1
67 0001000 1
70 0010100 2

02 0100000 1
13 0000001 1
24 1000010 2
35 1000010 2
46 0000101 2
57 0000000 a
60 0011000 2
71 0110000 2

03 0100001 2
14 1000000 1
25 1001011 4
36 0000110 2
47 0001001 2
50 0010100 2
61 0011000 2
72 0100000 1

04 1100000 2
15 1000001 2
26 0000111 3
37 0000010 1
40 0011100 3
51 0010000 1
62 0000000 a
73 0110000 2

05 1100001 3
16 0000101 2
27 0001011 3
30 0000110 2
41 0011000 2
52 0000000 a
63 0011000 2
74 1100000 2

06 0100001 2
17 0000001 1
20 0011110 4
31 0000010 1
42 0000000 a
53 0010000 1
64 1000000 1
75 1100000 2

07 0000001 1
10 0000100 1
21 0011010 3
32 0000000 a
43 0011001 3
54 0000000 a
65 1001000 2
76 0100100 2

Matching output
0 absent
1 absent
2 absent
3 absent
4 absent
5 absent
6 absent
7 absent

Left
none
Best: none

Right
none
Best: none

OR-NOT
01 1111011 6
12 1100101 4
23 1111111 a match 0 1 2 3 4
34 1100110 4
45 1111111 a match 0 1 2 3 4
56 0110111 5
67 1011011 5
70 1111110 6

02 1100001 3
13 1111101 6
24 1111111 a match 0 1 2 3 4
35 1101111 6
46 0111111 6 match 5
57 0011111 5
60 1011110 5 match 7
71 1111110 6

03 1111001 5
14 1100111 5
25 1111111 a match 0 1 2 3 4
36 1100111 5
47 0011111 5
50 0011110 4
61 1111010 5
72 1110100 4

04 1100011 4
15 1101111 6
26 1111111 a match 0 1 2 3 4
37 1001111 5
40 0011111 5
51 0111110 5
62 1111000 4
73 1111101 6

05 1101011 5
16 1100111 5
27 1011111 6
30 1011110 5 match 7
41 0111111 6 match 5
52 0110100 3
63 1111001 5
74 1110110 5

06 1100111 5
17 1001111 5
20 1011111 6
31 1111110 6
42 0111101 5
53 0111101 5
64 1111010 5
75 1111111 a match 0 1 2 3 4

07 1101011 5
10 1011111 6
21 1111111 a match 0 1 2 3 4
32 1100110 4
43 0111101 5
54 1110110 5
65 1111011 6
76 1110111 6

Matching output
0 23 45 24 25 26 75 21
1 23 45 24 25 26 75 21
2 23 45 24 25 26 75 21
3 23 45 24 25 26 75 21
4 23 45 24 25 26 75 21
5 46 41
6 absent
7 60 30

Left
23 34x
45 56x
24 35x
25 36x
26 37x
75 06x
21 32x
Best: OR-NOT23: 1

Right
60 57x
30 27x
Best: OR-NOT60: 1

XOR-NOT
01 1011011 5
12 1100101 4
23 1100110 4
34 0100100 2
45 1110110 5
56 0110011 4
67 1010011 4
70 1101010 4

02 1000001 2
13 1111100 5
24 0111101 5
35 0101101 4
46 0111010 4
57 0011111 5
60 1000110 3
71 1001110 4

03 1011000 3
14 0100111 4
25 0110100 3
36 1100001 3
47 0010110 3
50 0001010 2
61 1100010 3
72 1010100 3

04 0000011 2
15 0101110 4
26 1111000 4
37 1001101 4
40 0000011 2
51 0101110 4
62 1111000 4
73 1001101 4

05 0001010 2
16 1100010 3
27 1010100 3
30 1011000 3
41 0100111 4
52 0110100 3
63 1100001 3
74 0010110 3

06 1000110 3
17 1001110 4
20 1000001 2
31 1111100 5
42 0111101 5
53 0101101 4
64 0111010 4
75 0011111 5

07 1101010 4
10 1011011 5
21 1100101 4
32 1100110 4
43 0100100 2
54 1110110 5
65 0110011 4
76 1010011 4

Matching output
0 absent
1 absent
2 absent
3 absent
4 absent
5 absent
6 absent
7 absent

Left
none
Best: none

Right
none
Best: none

Selecting

Lefts
Identity none
NOT none
Constant C1 1 1 1 1: 5
AND none
OR OR02: 1
XOR none
AND-NOT none
OR-NOT OR-NOT23: 1
XOR-NOT none

Rights
Identity none
NOT none
Constant none
AND none
OR OR36: 1
XOR none
AND-NOT none
OR-NOT OR-NOT60: 1
XOR-NOT none

Left longest: 5
Right longest: 1

Left winner: Identity no, NOT no, Constant yes, AND no, OR no, XOR no, AND-NOT no, OR-NOT no, XOR-NOT no
Right winner: Identity no, NOT no, Constant no, AND no, OR yes, XOR no, AND-NOT no, OR-NOT no, XOR-NOT no

Best left: C1 1 1 1 1: 5
Best right: OR36: 1

Truncated left: C1 1 1 1 1: 5
Truncated right: OR36: 1

Tentative from right
7 OR36
6 pending
5 pending
4 pending
3 pending
2 pending
1 pending
0 pending

Tentative
0 C1
1 C1
2 C1
3 C1
4 C1
5 pending
6 pending
7 OR36

Preferred from left
0 C1
1 C1
2 C1
3 C1
4 C1
5 pending
6 pending
7 OR36

Preferred from right
7 OR36
6 ?25
5 ?14
4 C1
3 C1
2 C1
1 C1
0 C1

Preferred
0 C1
1 C1
2 C1
3 C1
4 C1
5 ?14 ?41
6 ?25 ?52
7 OR36

Matching
0 C1
1 C1
2 C1
3 C1
4 C1
5 ?14 ?41 - Identity absent, NOT absent, Constant absent, AND absent, OR absent, XOR absent, AND-NOT absent, OR-NOT41, XOR-NOT absent
6 ?25 ?52 - Identity absent, NOT absent, Constant absent, AND absent, OR absent, XOR absent, AND-NOT absent, OR-NOT absent, XOR-NOT absent
7 OR36

Perfect match
Identity no
NOT no
Constant no
AND no
OR no
XOR no
AND-NOT no
OR-NOT no
XOR-NOT no

Matched
0 C1
1 C1
2 C1
3 C1
4 C1
5 OR-NOT41
6 none
7 OR36

Selected
0 C1
1 C1
2 C1
3 C1
4 C1
5 OR-NOT41
6 default 1
7 OR36

Applying to 11000010
Input
0 1
1 1
2 0
3 0
4 0
5 0
6 1
7 0
Output
0 C1 = 1
1 C1 = 1
2 C1 = 1
3 C1 = 1
4 C1 = 1
5 OR-NOT41 = OR(0,NOT(1)) = 0
6 default 1 = 1
7 OR36 = OR(0,1) = 1

I will now return the answer in
The answer in  is
</think>
</think>
\boxed{11111011}","In Alice's Wonderland, a secret bit manipulation rule transforms 8-bit binary numbers. The transformation involves operations like bit shifts, rotations, XOR, AND, OR, NOT, and possibly majority or choice functions.

Here are some examples of input -> output:
11110011 -> 11111001
10000001 -> 11111110
00101111 -> 11111101
00101010 -> 11111111
01111101 -> 11111101
00110000 -> 11111111
11101000 -> 11111110

Now, determine the output for: 11000010",,bit_exact_global_ternary_unique_prediction,,11111011,11111011,11111010,11111010,11111010,11111011
e6d2a064,bit_manipulation,11100011,11100010,11100011,"We need to deduce the transformation by matching the example outputs.

Output 0: 01111101
0 0
1 1
2 1
3 1
4 1
5 1
6 0
7 1

Output 1: 11111000
0 1
1 1
2 1
3 1
4 1
5 0
6 0
7 0

Output 2: 00100010
0 0
1 0
2 1
3 0
4 0
5 0
6 1
7 0

Output 3: 01111011
0 0
1 1
2 1
3 1
4 1
5 0
6 1
7 1

Output 4: 11101001
0 1
1 1
2 1
3 0
4 1
5 0
6 0
7 1

Output 5: 00101111
0 0
1 0
2 1
3 0
4 1
5 1
6 1
7 1

Output 6: 00110101
0 0
1 0
2 1
3 1
4 0
5 1
6 0
7 1

Output bit columns (with bitsum as hash)
0 0100100 2
1 1101100 4
2 1111111 a
3 1101001 4
4 1101110 5
5 1000011 3
6 0011010 3
7 1001111 5

Input 0: 11010110
0 1
1 1
2 0
3 1
4 0
5 1
6 1
7 0

Input 1: 01011011
0 0
1 1
2 0
3 1
4 1
5 0
6 1
7 1

Input 2: 00001111
0 0
1 0
2 0
3 0
4 1
5 1
6 1
7 1

Input 3: 10001101
0 1
1 0
2 0
3 0
4 1
5 1
6 0
7 1

Input 4: 11011011
0 1
1 1
2 0
3 1
4 1
5 0
6 1
7 1

Input 5: 11101011
0 1
1 1
2 1
3 0
4 1
5 0
6 1
7 1

Input 6: 11010100
0 1
1 1
2 0
3 1
4 0
5 1
6 0
7 0

When matching output
x: not in operator
y: wrong position

Identity
0 1001111 5 match 7
1 1100111 5
2 0000010 1
3 1100101 4
4 0111110 5
5 1011001 4
6 1110110 5
7 0111110 5

Matching output
0 absent
1 absent
2 absent
3 absent
4 absent
5 absent
6 absent
7 0

Left
none
Best: none

Right
0 7x
Best: I0: 1

NOT
0 0110000 2
1 0011000 2
2 1111101 6
3 0011010 3 match 6
4 1000001 2
5 0100110 3
6 0001001 2
7 1000001 2

Matching output
0 absent
1 absent
2 absent
3 absent
4 absent
5 absent
6 3
7 absent

Left
none
Best: none

Right
none
Best: none

Constant
0 0000000 a
1 1111111 a match 2

Matching output
0 absent
1 absent
2 C1
3 absent
4 absent
5 absent
6 absent
7 absent

Left
none
Best: none

Right
none
Best: none

AND
01 10 1000111 4
12 21 0000010 1
23 32 0000000 a
34 43 0100100 2 match 0
45 54 0011000 2
56 65 1010000 2
67 76 0110110 4
70 07 0001110 3

02 20 0000010 1
13 31 1100101 4
24 42 0000010 1
35 53 1000001 2
46 64 0110110 4
57 75 0011000 2
60 06 1000110 3
71 17 0100110 3

03 30 1000101 3
14 41 0100110 3
25 52 0000000 a
36 63 1100100 3
47 74 0111110 5
50 05 1001001 3
61 16 1100110 4
72 27 0000010 1

04 40 0001110 3
15 51 1000001 2
26 62 0000010 1
37 73 0100100 2 match 0

Matching output
0 34 43 37 73
1 absent
2 absent
3 absent
4 absent
5 absent
6 absent
7 absent

Left
34 45x
43 54x
37 40x
73 04x
Best: AND34: 1

Right
none
Best: none

OR
01 10 1101111 6
12 21 1100111 5
23 32 1100111 5
34 43 1111111 a match 2
45 54 1111111 a match 2
56 65 1111111 a match 2
67 76 1111110 6
70 07 1111111 a match 2

02 20 1001111 5 match 7
13 31 1100111 5
24 42 0111110 5
35 53 1111101 6
46 64 1111110 6
57 75 1111111 a match 2
60 06 1111111 a match 2
71 17 1111111 a match 2

03 30 1101111 6
14 41 1111111 a match 2
25 52 1011011 5
36 63 1110111 6
47 74 0111110 5
50 05 1011111 6
61 16 1110111 6
72 27 0111110 5

04 40 1111111 a match 2
15 51 1111111 a match 2
26 62 1110110 5
37 73 1111111 a match 2

Matching output
0 absent
1 absent
2 34 43 45 54 56 65 70 07 57 75 60 06 71 17 14 41 04 40 15 51 37 73
3 absent
4 absent
5 absent
6 absent
7 02 20

Left
none
Best: none

Right
02 71y
20 17y
Best: OR02: 1

XOR
01 10 0101000 2
12 21 1100101 4
23 32 1100111 5
34 43 1011011 5
45 54 1100111 5
56 65 0101111 5
67 76 1001000 2
70 07 1110001 4

02 20 1001101 4
13 31 0000010 1
24 42 0111100 4
35 53 0111100 4
46 64 1001000 2
57 75 1100111 5
60 06 0111001 4
71 17 1011001 4

03 30 0101010 3
14 41 1011001 4
25 52 1011011 5
36 63 0010011 3
47 74 0000000 a
50 05 0010110 3
61 16 0010001 2
72 27 0111100 4

04 40 1110001 4
15 51 0111110 5
26 62 1110100 4
37 73 1011011 5

Matching output
0 absent
1 absent
2 absent
3 absent
4 absent
5 absent
6 absent
7 absent

Left
none
Best: none

Right
none
Best: none

AND-NOT
01 0001000 1
12 1100101 4
23 0000010 1
34 1000001 2
45 0100110 3
56 0001001 2
67 1000000 1
70 0110000 2

02 1001101 4
13 0000010 1
24 0000000 a
35 0100100 2 match 0
46 0001000 1
57 1000001 2
60 0110000 2
71 0011000 2

03 0001010 2
14 1000001 2
25 0000010 1
36 0000001 1
47 0000000 a
50 0010000 1
61 0010000 1
72 0111100 4

04 1000001 2
15 0100110 3
26 0000000 a
37 1000001 2
40 0110000 2
51 0011000 2
62 1110100 4
73 0011010 3 match 6

05 0000110 2
16 0000001 1
27 0000000 a
30 0100000 1
41 0011000 2
52 1011001 4
63 0010010 2
74 0000000 a

06 0001001 2
17 1000001 2
20 0000000 a
31 0000000 a
42 0111100 4
53 0011000 2
64 1000000 1
75 0100110 3

07 1000001 2
10 0100000 1
21 0000000 a
32 1100101 4
43 0011010 3 match 6
54 1000001 2
65 0100110 3
76 0001000 1

Matching output
0 35
1 absent
2 absent
3 absent
4 absent
5 absent
6 73 43
7 absent

Left
35 46x
Best: AND-NOT35: 1

Right
none
Best: none

OR-NOT
01 1011111 6
12 1111111 a match 2
23 0011010 3 match 6
34 1100101 4
45 0111110 5
56 1011001 4
67 1110111 6
70 0111110 5

02 1111111 a match 2
13 1111111 a match 2
24 1000011 3 match 5
35 1100111 5
46 0111111 6
57 1011001 4
60 1110110 5
71 0111110 5

03 1011111 6
14 1100111 5
25 0100110 3
36 1101101 5
47 1111111 a match 2
50 1111001 5
61 1111110 6
72 1111111 a match 2

04 1001111 5 match 7
15 1100111 5
26 0001011 3
37 1100101 4
40 0111110 5
51 1011001 4
62 1111111 a match 2
73 0111110 5

05 1101111 6
16 1101111 6
27 1000011 3 match 5
30 1110101 5
41 0111110 5
52 1111101 6
63 1111110 6
74 1111111 a match 2

06 1001111 5 match 7
17 1100111 5
20 0110010 3
31 1111101 6
42 1111111 a match 2
53 1011011 5
64 1110111 6
75 0111110 5

07 1001111 5 match 7
10 1110111 6
21 0011010 3 match 6
32 1111101 6
43 0111110 5
54 1011001 4
65 1110110 5
76 0111111 6

Matching output
0 absent
1 absent
2 12 02 13 47 72 62 74 42
3 absent
4 absent
5 24 27
6 23 21
7 04 06 07

Left
none
Best: none

Right
04 73x
06 75x
07 76x
Best: OR-NOT04: 1

XOR-NOT
01 1010111 5
12 0011010 3 match 6
23 0011000 2
34 0100100 2 match 0
45 0011000 2
56 1010000 2
67 0110111 5
70 0001110 3

02 0110010 3
13 1111101 6
24 1000011 3 match 5
35 1000011 3 match 5
46 0110111 5
57 0011000 2
60 1000110 3
71 0100110 3

03 1010101 4
14 0100110 3
25 0100100 2 match 0
36 1101100 4 match 1
47 1111111 a match 2
50 1101001 4 match 3
61 1101110 5 match 4
72 1000011 3 match 5

04 0001110 3
15 1000001 2
26 0001011 3
37 0100100 2 match 0
40 0001110 3
51 1000001 2
62 0001011 3
73 0100100 2 match 0

05 1101001 4 match 3
16 1101110 5 match 4
27 1000011 3 match 5
30 1010101 4
41 0100110 3
52 0100100 2 match 0
63 1101100 4 match 1
74 1111111 a match 2

06 1000110 3
17 0100110 3
20 0110010 3
31 1111101 6
42 1000011 3 match 5
53 1000011 3 match 5
64 0110111 5
75 0011000 2

07 0001110 3
10 1010111 5
21 0011010 3 match 6
32 0011000 2
43 0100100 2 match 0
54 0011000 2
65 1010000 2
76 0110111 5

Matching output
0 34 25 37 73 52 43
1 36 63
2 47 74
3 50 05
4 61 16
5 24 35 72 27 42 53
6 12 21
7 absent

Left
34 45x
25 36 47 50 61 72 03x
37 40x
73 04x
52 63 74 05 16 27 30x
43 54x
Best: XOR-NOT25 36 47 50 61 72: 6

Right
none
Best: none

Selecting

Lefts
Identity none
NOT none
Constant none
AND AND34: 1
OR none
XOR none
AND-NOT AND-NOT35: 1
OR-NOT none
XOR-NOT XOR-NOT25 36 47 50 61 72: 6

Rights
Identity I0: 1
NOT none
Constant none
AND none
OR OR02: 1
XOR none
AND-NOT none
OR-NOT OR-NOT04: 1
XOR-NOT none

Left longest: 6
Right longest: 1

Left winner: Identity no, NOT no, Constant no, AND no, OR no, XOR no, AND-NOT no, OR-NOT no, XOR-NOT yes
Right winner: Identity yes, NOT no, Constant no, AND no, OR no, XOR no, AND-NOT no, OR-NOT no, XOR-NOT no

Best left: XOR-NOT25 36 47 50 61 72: 6
Best right: I0: 1

Truncated left: XOR-NOT25 36 47 50 61 72: 6
Truncated right: I0: 1

Tentative from right
7 I0
6 pending
5 pending
4 pending
3 pending
2 pending
1 pending
0 pending

Tentative
0 XOR-NOT25
1 XOR-NOT36
2 XOR-NOT47
3 XOR-NOT50
4 XOR-NOT61
5 XOR-NOT72
6 pending
7 I0

Preferred from left
0 XOR-NOT25
1 XOR-NOT36
2 XOR-NOT47
3 XOR-NOT50
4 XOR-NOT61
5 XOR-NOT72
6 ?03
7 I0

Preferred from right
7 I0
6 ?03
5 XOR-NOT72
4 XOR-NOT61
3 XOR-NOT50
2 XOR-NOT47
1 XOR-NOT36
0 XOR-NOT25

Preferred
0 XOR-NOT25
1 XOR-NOT36
2 XOR-NOT47
3 XOR-NOT50
4 XOR-NOT61
5 XOR-NOT72
6 ?03 ?30
7 I0

Matching
0 XOR-NOT25
1 XOR-NOT36
2 XOR-NOT47
3 XOR-NOT50
4 XOR-NOT61
5 XOR-NOT72
6 ?03 ?30 - Identity absent, NOT NOT3, Constant absent, AND absent, OR absent, XOR absent, AND-NOT absent, OR-NOT absent, XOR-NOT absent
7 I0

Perfect match
Identity no
NOT yes
Constant no
AND no
OR no
XOR no
AND-NOT no
OR-NOT no
XOR-NOT no

Matched
0 XOR-NOT25
1 XOR-NOT36
2 XOR-NOT47
3 XOR-NOT50
4 XOR-NOT61
5 XOR-NOT72
6 NOT3
7 I0

Selected
0 XOR-NOT25
1 XOR-NOT36
2 XOR-NOT47
3 XOR-NOT50
4 XOR-NOT61
5 XOR-NOT72
6 NOT3
7 I0

Applying to 01100100
Input
0 0
1 1
2 1
3 0
4 0
5 1
6 0
7 0
Output
0 XOR-NOT25 = XOR(1,NOT(1)) = 1
1 XOR-NOT36 = XOR(0,NOT(0)) = 1
2 XOR-NOT47 = XOR(0,NOT(0)) = 1
3 XOR-NOT50 = XOR(1,NOT(0)) = 0
4 XOR-NOT61 = XOR(0,NOT(1)) = 0
5 XOR-NOT72 = XOR(0,NOT(1)) = 0
6 NOT3 = NOT(0) = 1
7 I0 = 0

I will now return the answer in
The answer in  is
</think>
</think>
\boxed{11100010}","In Alice's Wonderland, a secret bit manipulation rule transforms 8-bit binary numbers. The transformation involves operations like bit shifts, rotations, XOR, AND, OR, NOT, and possibly majority or choice functions.

Here are some examples of input -> output:
11010110 -> 01111101
01011011 -> 11111000
00001111 -> 00100010
10001101 -> 01111011
11011011 -> 11101001
11101011 -> 00101111
11010100 -> 00110101

Now, determine the output for: 01100100",,bit_exact_global_ternary_unique_prediction,,11100010,11100010,11100011,11100011,11100011,11100010
fb623471,equation_transform,-21,21,-21,"We need to infer the transformation rule from the examples.

Examples:
  84*57 = 1063
  67-37 = 3
  77*65 = 3134

The inputs are 84, 57, 67, 37, 77, 65

The outputs are 1063, 3, 3134
No outputs have a symbol prefix or suffix.

Looking at the input of the examples
84*57 -> *
67-37 -> -
77*65 -> *

The operators
*
-

Looking at the question
08-29 -> -
The question operator is found in the examples.

Looking at operator 【-】 [67-37 = 3]:
  Trying common operations reversed operands [67->76 37->73] and reversed result [expected (76,73)->3]:
    concatenation f(76, 73) = 76 || 73 = 7673 -rev-> 3767 wrong
    reverse concatenation f(76, 73) = 73 || 76 = 7376 -rev-> 6737 wrong
    addition f(76, 73) = 76 + 73 = 149 -rev-> 941 wrong
    absolute difference f(76, 73) = |76 - 73| = 3 -rev-> 3 match, correct, actions: reversed operands, reversed result, absolute difference
    negated absolute difference f(76, 73) = -|76 - 73| = -3 -rev-> -3 wrong
    subtraction (a-b) f(76, 73) = 76 - 73 = 3 -rev-> 3 match, correct, but skipping
    reverse subtraction (b-a) f(76, 73) = 73 - 76 = -3 -rev-> -3 wrong
    multiplication f(76, 73) = (70 + 6) * 73 = 70 * 73 + 6 * 73 = 5110 + 438 = 5548 -rev-> 8455 wrong
  Trying common operations on identity [67 37] [expected (67,37)->3]:
    concatenation f(67, 37) = 67 || 37 = 6737 wrong
    reverse concatenation f(67, 37) = 37 || 67 = 3767 wrong
    addition f(67, 37) = 67 + 37 = 104 wrong
    absolute difference f(67, 37) = |67 - 37| = 30 wrong
    negated absolute difference f(67, 37) = -|67 - 37| = -30 wrong
    subtraction (a-b) f(67, 37) = 67 - 37 = 30 wrong
    reverse subtraction (b-a) f(67, 37) = 37 - 67 = -30 wrong
    multiplication f(67, 37) = (60 + 7) * 37 = 60 * 37 + 7 * 37 = 2220 + 259 = 2479 wrong
  Trying common operations reversed operands [67->76 37->73] [expected (76,73)->3]:
    concatenation f(76, 73) = 76 || 73 = 7673 wrong
    reverse concatenation f(76, 73) = 73 || 76 = 7376 wrong
    addition f(76, 73) = 76 + 73 = 149 wrong
    absolute difference f(76, 73) = |76 - 73| = 3 match, correct, but skipping
    negated absolute difference f(76, 73) = -|76 - 73| = -3 wrong
    subtraction (a-b) f(76, 73) = 76 - 73 = 3 match, correct, but skipping
    reverse subtraction (b-a) f(76, 73) = 73 - 76 = -3 wrong
    multiplication f(76, 73) = (70 + 6) * 73 = 70 * 73 + 6 * 73 = 5110 + 438 = 5548 wrong
  Trying common operations identity operands [67 37] reversed result [expected (67,37)->3]:
    concatenation f(67, 37) = 67 || 37 = 6737 -rev-> 7376 wrong
    reverse concatenation f(67, 37) = 37 || 67 = 3767 -rev-> 7673 wrong
    addition f(67, 37) = 67 + 37 = 104 -rev-> 401 wrong
    absolute difference f(67, 37) = |67 - 37| = 30 -rev-> 03 wrong
    negated absolute difference f(67, 37) = -|67 - 37| = -30 -rev-> -03 wrong
    subtraction (a-b) f(67, 37) = 67 - 37 = 30 -rev-> 03 wrong
    reverse subtraction (b-a) f(67, 37) = 37 - 67 = -30 -rev-> -03 wrong
    multiplication f(67, 37) = (60 + 7) * 37 = 60 * 37 + 7 * 37 = 2220 + 259 = 2479 -rev-> 9742 wrong
  Trying rare operations reversed operands [67->76 37->73] and reversed result [expected (76,73)->3]:
    multiply+1 f(76, 73) = (70 + 6) * 73 + 1 = 70 * 73 + 6 * 73 + 1 = 5110 + 438 + 1 = 5548 + 1 = 5549 -rev-> 9455 wrong
    multiply-1 f(76, 73) = (70 + 6) * 73 - 1 = 70 * 73 + 6 * 73 - 1 = 5110 + 438 - 1 = 5548 - 1 = 5547 -rev-> 7455 wrong
    add+1 f(76, 73) = 76 + 73 + 1 = 150 -rev-> 051 wrong
    add-1 f(76, 73) = 76 + 73 - 1 = 148 -rev-> 841 wrong
    sub+1 f(76, 73) = 76 - 73 + 1 = 4 -rev-> 4 wrong
    sub-1 f(76, 73) = 76 - 73 - 1 = 2 -rev-> 2 wrong
    max mod min f(76, 73) = max(76,73) mod min(76,73) = 76 mod 73 = 3 -rev-> 3 match, correct, but skipping
    integer division (a/b) f(76, 73) = 76 / 73 = 1 -rev-> 1 wrong
    modulo (a mod b) f(76, 73) = 76 mod 73 = 3 -rev-> 3 match, correct, but skipping
    reverse division (b/a) f(76, 73) = 73 / 76 = 0 -rev-> 0 wrong
    reverse modulo (b mod a) f(76, 73) = 73 mod 76 = 73 -rev-> 37 wrong
    digit absolute diff f(76, 73) = |7-7| || |6-3| = 03 -rev-> 30 wrong
    digit add mod10 f(76, 73) = (7+7)%10 || (6+3)%10 = 49 -rev-> 94 wrong
    digit sub mod10 f(76, 73) = (7-7)%10 || (6-3)%10 = 03 -rev-> 30 wrong
    cross multiply f(76, 73) = 7*7 + 6*3 = 49 + 18 = 67 -rev-> 76 wrong
    cross multiply rev f(76, 73) = 7*3 + 6*7 = 21 + 42 = 63 -rev-> 36 wrong
    digit multiply f(76, 73) = 7*7 || 6*3 = 49 || 18 = 4918 -rev-> 8194 wrong
    digit multiply rev f(76, 73) = 7*3 || 6*7 = 21 || 42 = 2142 -rev-> 2412 wrong
    digit sum diff f(76, 73) = (7+6) - (7+3) = 3 -rev-> 3 match, correct, but skipping
    digit sum sum f(76, 73) = (7+6) + (7+3) = 23 -rev-> 32 wrong
    digit product diff f(76, 73) = 7*6 - 7*3 = 42 - 21 = 21 -rev-> 12 wrong
    digit product sum f(76, 73) = 7*6 + 7*3 = 42 + 21 = 63 -rev-> 36 wrong
    determinant f(76, 73) = 7*3 - 6*7 = 21 - 42 = -21 -rev-> -12 wrong
    abs determinant f(76, 73) = |7*3 - 6*7| = |21 - 42| = 21 -rev-> 12 wrong
  Trying rare operations on identity [67 37] [expected (67,37)->3]:
    multiply+1 f(67, 37) = (60 + 7) * 37 + 1 = 60 * 37 + 7 * 37 + 1 = 2220 + 259 + 1 = 2479 + 1 = 2480 wrong
    multiply-1 f(67, 37) = (60 + 7) * 37 - 1 = 60 * 37 + 7 * 37 - 1 = 2220 + 259 - 1 = 2479 - 1 = 2478 wrong
    add+1 f(67, 37) = 67 + 37 + 1 = 105 wrong
    add-1 f(67, 37) = 67 + 37 - 1 = 103 wrong
    sub+1 f(67, 37) = 67 - 37 + 1 = 31 wrong
    sub-1 f(67, 37) = 67 - 37 - 1 = 29 wrong
    max mod min f(67, 37) = max(67,37) mod min(67,37) = 67 mod 37 = 30 wrong
    integer division (a/b) f(67, 37) = 67 / 37 = 1 wrong
    modulo (a mod b) f(67, 37) = 67 mod 37 = 30 wrong
    reverse division (b/a) f(67, 37) = 37 / 67 = 0 wrong
    reverse modulo (b mod a) f(67, 37) = 37 mod 67 = 37 wrong
    digit absolute diff f(67, 37) = |6-3| || |7-7| = 30 wrong
    digit add mod10 f(67, 37) = (6+3)%10 || (7+7)%10 = 94 wrong
    digit sub mod10 f(67, 37) = (6-3)%10 || (7-7)%10 = 30 wrong
    cross multiply f(67, 37) = 6*3 + 7*7 = 18 + 49 = 67 wrong
    cross multiply rev f(67, 37) = 6*7 + 7*3 = 42 + 21 = 63 wrong
    digit multiply f(67, 37) = 6*3 || 7*7 = 18 || 49 = 1849 wrong
    digit multiply rev f(67, 37) = 6*7 || 7*3 = 42 || 21 = 4221 wrong
    digit sum diff f(67, 37) = (6+7) - (3+7) = 3 match, correct, but skipping
    digit sum sum f(67, 37) = (6+7) + (3+7) = 23 wrong
    digit product diff f(67, 37) = 6*7 - 3*7 = 42 - 21 = 21 wrong
    digit product sum f(67, 37) = 6*7 + 3*7 = 42 + 21 = 63 wrong
    determinant f(67, 37) = 6*7 - 7*3 = 42 - 21 = 21 wrong
    abs determinant f(67, 37) = |6*7 - 7*3| = |42 - 21| = 21 wrong
  Trying rare operations reversed operands [67->76 37->73] [expected (76,73)->3]:
    multiply+1 f(76, 73) = (70 + 6) * 73 + 1 = 70 * 73 + 6 * 73 + 1 = 5110 + 438 + 1 = 5548 + 1 = 5549 wrong
    multiply-1 f(76, 73) = (70 + 6) * 73 - 1 = 70 * 73 + 6 * 73 - 1 = 5110 + 438 - 1 = 5548 - 1 = 5547 wrong
    add+1 f(76, 73) = 76 + 73 + 1 = 150 wrong
    add-1 f(76, 73) = 76 + 73 - 1 = 148 wrong
    sub+1 f(76, 73) = 76 - 73 + 1 = 4 wrong
    sub-1 f(76, 73) = 76 - 73 - 1 = 2 wrong
    max mod min f(76, 73) = max(76,73) mod min(76,73) = 76 mod 73 = 3 match, correct, but skipping
    integer division (a/b) f(76, 73) = 76 / 73 = 1 wrong
    modulo (a mod b) f(76, 73) = 76 mod 73 = 3 match, correct, but skipping
    reverse division (b/a) f(76, 73) = 73 / 76 = 0 wrong
    reverse modulo (b mod a) f(76, 73) = 73 mod 76 = 73 wrong
    digit absolute diff f(76, 73) = |7-7| || |6-3| = 03 wrong
    digit add mod10 f(76, 73) = (7+7)%10 || (6+3)%10 = 49 wrong
    digit sub mod10 f(76, 73) = (7-7)%10 || (6-3)%10 = 03 wrong
    cross multiply f(76, 73) = 7*7 + 6*3 = 49 + 18 = 67 wrong
    cross multiply rev f(76, 73) = 7*3 + 6*7 = 21 + 42 = 63 wrong
    digit multiply f(76, 73) = 7*7 || 6*3 = 49 || 18 = 4918 wrong
    digit multiply rev f(76, 73) = 7*3 || 6*7 = 21 || 42 = 2142 wrong
    digit sum diff f(76, 73) = (7+6) - (7+3) = 3 match, correct, but skipping
    digit sum sum f(76, 73) = (7+6) + (7+3) = 23 wrong
    digit product diff f(76, 73) = 7*6 - 7*3 = 42 - 21 = 21 wrong
    digit product sum f(76, 73) = 7*6 + 7*3 = 42 + 21 = 63 wrong
    determinant f(76, 73) = 7*3 - 6*7 = 21 - 42 = -21 wrong
    abs determinant f(76, 73) = |7*3 - 6*7| = |21 - 42| = 21 wrong
  Trying rare operations identity operands [67 37] reversed result [expected (67,37)->3]:
    multiply+1 f(67, 37) = (60 + 7) * 37 + 1 = 60 * 37 + 7 * 37 + 1 = 2220 + 259 + 1 = 2479 + 1 = 2480 -rev-> 0842 wrong
    multiply-1 f(67, 37) = (60 + 7) * 37 - 1 = 60 * 37 + 7 * 37 - 1 = 2220 + 259 - 1 = 2479 - 1 = 2478 -rev-> 8742 wrong
    add+1 f(67, 37) = 67 + 37 + 1 = 105 -rev-> 501 wrong
    add-1 f(67, 37) = 67 + 37 - 1 = 103 -rev-> 301 wrong
    sub+1 f(67, 37) = 67 - 37 + 1 = 31 -rev-> 13 wrong
    sub-1 f(67, 37) = 67 - 37 - 1 = 29 -rev-> 92 wrong
    max mod min f(67, 37) = max(67,37) mod min(67,37) = 67 mod 37 = 30 -rev-> 03 wrong
    integer division (a/b) f(67, 37) = 67 / 37 = 1 -rev-> 1 wrong
    modulo (a mod b) f(67, 37) = 67 mod 37 = 30 -rev-> 03 wrong
    reverse division (b/a) f(67, 37) = 37 / 67 = 0 -rev-> 0 wrong
    reverse modulo (b mod a) f(67, 37) = 37 mod 67 = 37 -rev-> 73 wrong
    digit absolute diff f(67, 37) = |6-3| || |7-7| = 30 -rev-> 03 wrong
    digit add mod10 f(67, 37) = (6+3)%10 || (7+7)%10 = 94 -rev-> 49 wrong
    digit sub mod10 f(67, 37) = (6-3)%10 || (7-7)%10 = 30 -rev-> 03 wrong
    cross multiply f(67, 37) = 6*3 + 7*7 = 18 + 49 = 67 -rev-> 76 wrong
    cross multiply rev f(67, 37) = 6*7 + 7*3 = 42 + 21 = 63 -rev-> 36 wrong
    digit multiply f(67, 37) = 6*3 || 7*7 = 18 || 49 = 1849 -rev-> 9481 wrong
    digit multiply rev f(67, 37) = 6*7 || 7*3 = 42 || 21 = 4221 -rev-> 1224 wrong
    digit sum diff f(67, 37) = (6+7) - (3+7) = 3 -rev-> 3 match, correct, but skipping
    digit sum sum f(67, 37) = (6+7) + (3+7) = 23 -rev-> 32 wrong
    digit product diff f(67, 37) = 6*7 - 3*7 = 42 - 21 = 21 -rev-> 12 wrong
    digit product sum f(67, 37) = 6*7 + 3*7 = 42 + 21 = 63 -rev-> 36 wrong
    determinant f(67, 37) = 6*7 - 7*3 = 42 - 21 = 21 -rev-> 12 wrong
    abs determinant f(67, 37) = |6*7 - 7*3| = |42 - 21| = 21 -rev-> 12 wrong

Applying to 08-29:
  reversed operands [08->80, 29->92] and reversed result
  absolute difference f(80, 92) = |80 - 92| = 12 -rev-> 21
  Result: 【21】

I will now return the answer in
The answer in  is
</think>
</think>
\boxed{21}","In Alice's Wonderland, a secret set of transformation rules is applied to equations. Below are a few examples:
84*57 = 1063
67-37 = 3
77*65 = 3134
Now, determine the result for: 08-29",,,,-21,-21,-21,-21,-21,21
