id,family,prompt_sha256,prompt_normalized_sha256,prompt
00066667,bit_manipulation,2c755c84dbad88319af8808dcd10153de99889bc933fdad6ffe7feb790d78a93,b5986358b911d2512d0b1f63f5aeb9491d1756dd8f30efbc7c05b37a0814454d,"In Alice's Wonderland, a secret bit manipulation rule transforms 8-bit binary numbers. The transformation involves operations like bit shifts, rotations, XOR, AND, OR, NOT, and possibly majority or choice functions.

Here are some examples of input -> output:
01010001 -> 11011101
00001001 -> 01101101
00010101 -> 01010101
11111111 -> 10000001
10011101 -> 01000101
00111011 -> 00001001
10111101 -> 00000101
00100110 -> 10110011

Now, determine the output for: 00110100"
000b53cf,bit_manipulation,88200d78056b245780c0f4ac702a17d23c357709ecc204e446cfd4a6f135ae45,66c4dc3388cc5f86aa83403e2211d9c70c52c6ea39df4a65d267b413b40128e2,"In Alice's Wonderland, a secret bit manipulation rule transforms 8-bit binary numbers. The transformation involves operations like bit shifts, rotations, XOR, AND, OR, NOT, and possibly majority or choice functions.

Here are some examples of input -> output:
10001110 -> 00100110
10011001 -> 01000100
01100100 -> 00010001
10000010 -> 00001010
00011011 -> 01001100
00111010 -> 10011100
01101111 -> 00110111
10010110 -> 01011010
00001010 -> 00101100

Now, determine the output for: 11100000"
0031df9c,bit_manipulation,3f9417de9d4dae6c83757ba2b16243763ce28f8a8583018a7a423c6cb98a7950,96392fa3857c6485109293573abf2f5abe260985747f0fa01eee57258cae5f6f,"In Alice's Wonderland, a secret bit manipulation rule transforms 8-bit binary numbers. The transformation involves operations like bit shifts, rotations, XOR, AND, OR, NOT, and possibly majority or choice functions.

Here are some examples of input -> output:
00000000 -> 00000000
11001011 -> 11110010
11110010 -> 10111100
01001000 -> 00010010
01101000 -> 00011010
01011101 -> 01010111
10111001 -> 01101110
11011111 -> 11110111
11110101 -> 01111101
01111001 -> 01011110

Now, determine the output for: 11010000"
004ef7c7,bit_manipulation,d8e9a1cba8827ba3b6886301b04401ed47440eae081dd247f82e4f8dc865a929,b4f0b8f0794c09a7691f0d843ae2ed7eb94790df6c6a86457137764640b7139f,"In Alice's Wonderland, a secret bit manipulation rule transforms 8-bit binary numbers. The transformation involves operations like bit shifts, rotations, XOR, AND, OR, NOT, and possibly majority or choice functions.

Here are some examples of input -> output:
11101001 -> 01111101
11010100 -> 11111110
00110011 -> 00000111
00111000 -> 01001111
00101011 -> 11110101
00100010 -> 10101111
10000010 -> 11111010
00001010 -> 10111011

Now, determine the output for: 01010101"
00754598,bit_manipulation,5a06adc18b653eba704cf4977147f86aa4306213f2b11c8a11af511e54be4341,54080ffaf470f69bb488f7a43693ff6c103338b126bc0053189da8bd6e1ebf40,"In Alice's Wonderland, a secret bit manipulation rule transforms 8-bit binary numbers. The transformation involves operations like bit shifts, rotations, XOR, AND, OR, NOT, and possibly majority or choice functions.

Here are some examples of input -> output:
10101001 -> 01100010
00110011 -> 10010100
00100111 -> 00110001
11011100 -> 11010111
01110010 -> 10001100
01010001 -> 10011100
00100101 -> 00100001
00100001 -> 00000000
10011111 -> 11011111

Now, determine the output for: 01111110"
00890aff,bit_manipulation,1a6a9b0e9d57372d7157edddbf530b47aff45a3a6c720e106056b82e04f3fa8f,4c56a8806418145028dddfa1d737b9f3123e7a8bffcd81bf53a48c2ebc0122c8,"In Alice's Wonderland, a secret bit manipulation rule transforms 8-bit binary numbers. The transformation involves operations like bit shifts, rotations, XOR, AND, OR, NOT, and possibly majority or choice functions.

Here are some examples of input -> output:
01110000 -> 00011000
11101010 -> 10111000
00001011 -> 00000100
00111101 -> 01011110
01010101 -> 01010100
01111001 -> 01111100
11001001 -> 01100100
01101110 -> 10111011
10111001 -> 01101100
01111110 -> 10111111

Now, determine the output for: 11100101"
008b52fd,bit_manipulation,899c9139912808b3510cb769e6f1f380d1205b49e30d83cd7585e872d240a50c,85b2a22014ffda13c1a9f4af58c57184b6de46eab28fc4fed14a571e9d00f13e,"In Alice's Wonderland, a secret bit manipulation rule transforms 8-bit binary numbers. The transformation involves operations like bit shifts, rotations, XOR, AND, OR, NOT, and possibly majority or choice functions.

Here are some examples of input -> output:
10011001 -> 01001110
10110101 -> 00010110
10011101 -> 01000110
10011110 -> 11000010
10111000 -> 10001110
11010000 -> 01011111
00110001 -> 00011101
11000111 -> 11110011
11110001 -> 10011111
11010001 -> 11011111

Now, determine the output for: 00001101"
009a74b6,bit_manipulation,176df01e6f44e86c527c6ed396fc789f2e5c9aaeec0b1de016fcbe9943099e53,cce93d1d39edc5cef6aa5ca7e9fd162f38665ac789c381820d4ee82e53d4f0b5,"In Alice's Wonderland, a secret bit manipulation rule transforms 8-bit binary numbers. The transformation involves operations like bit shifts, rotations, XOR, AND, OR, NOT, and possibly majority or choice functions.

Here are some examples of input -> output:
01110101 -> 00000111
01101101 -> 10000110
10001000 -> 01101110
11101010 -> 00001110
10100101 -> 00011011
10001011 -> 00111110
10101101 -> 10011010
11101101 -> 10011110
10110001 -> 11011011
01100001 -> 11000111

Now, determine the output for: 00110000"
00c032a8,equation_transform,1bf267b98c4e3ce85c258119af7a9c2191417b3f4ae197fa9a00afb12ae49a81,b601bef7672a38de651d3cec9b9c873ba5d59febba523df25d8036228a0d25ca,"In Alice's Wonderland, a secret set of transformation rules is applied to equations. Below are a few examples:
}`]?( = ())
}#<)\ = #?
?(!&& = #@@#
(?!@` = )#))
Now, determine the result for: ))!\)"
00d8b3db,equation_transform,114479ef76dbb0f37d2cf63fdebf9c0a704370a004633c95fa728486ee9ef551,d649b71665fa107ab2e557974344f48712e5499a4836c90e53f6b4a4bb16b65d,"In Alice's Wonderland, a secret set of transformation rules is applied to equations. Below are a few examples:
34/44 = 1
41/32 = 9
34|25 = 69
87\64 = 8853
Now, determine the result for: 69/52"
012cab1f,equation_transform,6f5ef31615e7262a3a2a116d3180511e1cd33c459ebf45ad3c58a86753a745a5,4ea58f94218708c48f59f4fd3383e4d3f169a1ea3a74603b3f5acc4f3295ff5b,"In Alice's Wonderland, a secret set of transformation rules is applied to equations. Below are a few examples:
`(]&: = %@#:
&{>`% = {{
(""'%: = {@{
:%>&: = :""
`('""@ = %@{
Now, determine the result for: {`'(&"
012fb81b,bit_manipulation,3faa5993afed4a0d9541afb67e89e1a5a3d154d4424d5b62f3397ae8bde4ffe4,327b6ce0211956a108193e918d58db5432049ad023ec71384ab09648f1b5be7e,"In Alice's Wonderland, a secret bit manipulation rule transforms 8-bit binary numbers. The transformation involves operations like bit shifts, rotations, XOR, AND, OR, NOT, and possibly majority or choice functions.

Here are some examples of input -> output:
10000100 -> 00000000
01101111 -> 10100011
01001111 -> 10100010
00010010 -> 00000000
10010100 -> 00000000
00101000 -> 00000000
01011001 -> 00100000
00010100 -> 00000000
00111000 -> 00000000
01110000 -> 00000000

Now, determine the output for: 10101101"
0133bcec,equation_transform,7cb6494ae02306fc301e9a8ca814cc0b6d085e53b257fb9541dcb645ffb59b83,50193ef64ea9c4d4e9862641161e0dd69782662810d7b647ad17c5b28c44aa67,"In Alice's Wonderland, a secret set of transformation rules is applied to equations. Below are a few examples:
%|*""| = %|""|
\(*[^ = \([^
(%+[@ = (%[@
|[*([ = |[([
[^-[( = -^
Now, determine the result for: \(*[#"
016c474c,bit_manipulation,a7b9d2e28accf806fbce455aa926b3142f7254365afc16775a89353b74bf2bee,05a65fa80d12bc19e1e548e0f7b012d1adb654238780bd239e87f7c325795f2b,"In Alice's Wonderland, a secret bit manipulation rule transforms 8-bit binary numbers. The transformation involves operations like bit shifts, rotations, XOR, AND, OR, NOT, and possibly majority or choice functions.

Here are some examples of input -> output:
11000011 -> 00001010
01100100 -> 10010011
01110000 -> 11000011
00001010 -> 00101000
01010100 -> 01010010
01111101 -> 11110111
10110111 -> 11011001
11001100 -> 00110110
10110100 -> 11010101
10000111 -> 00011000

Now, determine the output for: 00000001"
017a871e,equation_transform,3ded8aa9e54cde9cd1e0abf78c2625bc28b4d8acdcbed0acf20295e09f729136,60666d04131c0fab70d50ac93448ac334897c7fd488a8a0721ebe1aec9a1caa8,"In Alice's Wonderland, a secret set of transformation rules is applied to equations. Below are a few examples:
#]+\# = ""!
#^-{] = ]#
\{*\! = #\^:
Now, determine the result for: #!-""^"
01b2aa67,equation_transform,04fe6f0dccc41f9e351bc42e817014f7ff98134c1e12574057bba4e53c60bc0c,fd178d5341f4e08c4fcd5b29e08eeb57c1bbeee5ec8c4a0035ace117b2b08385,"In Alice's Wonderland, a secret set of transformation rules is applied to equations. Below are a few examples:
:|+>\ = {]
|}&{> = """"@]
@:^]] = {|
|{&{{ = ""{:@
Now, determine the result for: |}+@}"
01cd504a,equation_transform,041134387d5d94d236f392cb3144a502dab6ef8fb25d729840deb4539dbd669e,bd45c23fc3cee7f820c8623cb599cf40fd0ba1ab271974157bdebdeef6945ac7,"In Alice's Wonderland, a secret set of transformation rules is applied to equations. Below are a few examples:
64-65 = 201
28-68 = 861
82/15 = 8241
Now, determine the result for: 85/77"
01d894fb,bit_manipulation,a591462a707a79762cb33e29e159c0c78abaab12eb365617339a57c0ffa90281,f9dde2b0f48745b10b2f31792e36386f74ede9e1fddde0e9330b8fdd2a4f0946,"In Alice's Wonderland, a secret bit manipulation rule transforms 8-bit binary numbers. The transformation involves operations like bit shifts, rotations, XOR, AND, OR, NOT, and possibly majority or choice functions.

Here are some examples of input -> output:
10001101 -> 00100100
01001001 -> 00000000
01101100 -> 00100000
01000111 -> 00011000
01100101 -> 00000000
00111111 -> 11111000
01111001 -> 11000000
10110111 -> 10011100

Now, determine the output for: 01111000"
01e09228,bit_manipulation,cf90e097504d962f2057372a76aa18ae36a7e19d33b47971f1c1cc323f9ee607,f55b71d1db5236d2f3d7c8d43921f505d25a49eed98fec629cb9b8b1311105f0,"In Alice's Wonderland, a secret bit manipulation rule transforms 8-bit binary numbers. The transformation involves operations like bit shifts, rotations, XOR, AND, OR, NOT, and possibly majority or choice functions.

Here are some examples of input -> output:
01000111 -> 01110000
00100010 -> 00101010
10101100 -> 01101010
10000110 -> 01100000
01100010 -> 00101110
00100011 -> 00111010
00001011 -> 10010000
11100110 -> 01111110

Now, determine the output for: 01011001"
01e395d0,bit_manipulation,e2037c7f159db1d58b5fa378a3e1d346403a9321fbc712df75670a858b53180f,7660e96169fbc10289bd39fdb052b9231e75eb5f4a1246a2991a5c382b00e429,"In Alice's Wonderland, a secret bit manipulation rule transforms 8-bit binary numbers. The transformation involves operations like bit shifts, rotations, XOR, AND, OR, NOT, and possibly majority or choice functions.

Here are some examples of input -> output:
10111100 -> 00011011
00101100 -> 10011110
10001101 -> 00011011
11101000 -> 10111110
01101010 -> 10101110
01000001 -> 01110101
01111111 -> 10000111
00110010 -> 01101111

Now, determine the output for: 11010100"
01ef1e3e,equation_transform,dabe5ecf032ed82cba696c60d57051208b0013111b51c5466acb2f026db778df,d1c04f27ec08ddf604576840849824d27100049576f63ab93b4cdd8a3f3c8e43,"In Alice's Wonderland, a secret set of transformation rules is applied to equations. Below are a few examples:
'(-^} = }`
}'-]` = `<
[/*^< = /([
^}*'< = ^`['
^]*}] = ][(`
Now, determine the result for: ''+`!"
0201e198,bit_manipulation,5437cb0013afa56f642452d92fb11a96ffb4228659d7dff81e8ad76e7a4d942e,bf1d78f922fee2de07d73ba6f6a0565140efaa9ba179f2ad7aff9879e180c261,"In Alice's Wonderland, a secret bit manipulation rule transforms 8-bit binary numbers. The transformation involves operations like bit shifts, rotations, XOR, AND, OR, NOT, and possibly majority or choice functions.

Here are some examples of input -> output:
01010111 -> 10111010
11100010 -> 00010111
00111100 -> 11100001
00001110 -> 01110000
10000111 -> 00111100
10111000 -> 11000101
10100110 -> 00110101
00101110 -> 01110001
01011001 -> 11001010

Now, determine the output for: 10111110"
02021540,bit_manipulation,3ac1ade884d08c56bcef6b28af220d1a007069c43f982ad078c07a44c5ae12b5,74633266127bb5a8dd5bc313c5f43b9bbb4ee7ec9e5a5fbb5fcf862f765ff21b,"In Alice's Wonderland, a secret bit manipulation rule transforms 8-bit binary numbers. The transformation involves operations like bit shifts, rotations, XOR, AND, OR, NOT, and possibly majority or choice functions.

Here are some examples of input -> output:
10110100 -> 01000100
00100000 -> 01001000
10101111 -> 01110100
10100010 -> 01101101
11101001 -> 11101001
11011100 -> 10001110
10001011 -> 00110101

Now, determine the output for: 11101101"
021ed764,bit_manipulation,9d03dddb3cee9975f25ac1554e8c118cf1b2940312e3255e5e57f65ebd8a5350,417af360f4bc16b787db9d2dc2d7b47d7e5f16629469356a9a74aa04fdb9c4a3,"In Alice's Wonderland, a secret bit manipulation rule transforms 8-bit binary numbers. The transformation involves operations like bit shifts, rotations, XOR, AND, OR, NOT, and possibly majority or choice functions.

Here are some examples of input -> output:
00110000 -> 11111111
01101111 -> 11111010
10101110 -> 11110111
10001110 -> 11110101
11111001 -> 11111011
01001101 -> 11111010
11101111 -> 11110010
01000100 -> 11111110
01110010 -> 11111111

Now, determine the output for: 10000100"
0228335b,bit_manipulation,3ec9e7d8816973beee54d87e36dd780aa40b25fcbe94140dd452df3612809e43,7df9dbbc29b337c2a7911ea3cc600f7671ac989db0d28fe8794ced52e6eaf79c,"In Alice's Wonderland, a secret bit manipulation rule transforms 8-bit binary numbers. The transformation involves operations like bit shifts, rotations, XOR, AND, OR, NOT, and possibly majority or choice functions.

Here are some examples of input -> output:
01000000 -> 00010010
10110111 -> 11101000
11010010 -> 10110010
11110001 -> 01111011
00001001 -> 01000010
10101111 -> 11101110
10111110 -> 10101010
01100111 -> 11011010
10010110 -> 10100001

Now, determine the output for: 01100011"
022c4d73,equation_transform,45776b2ff4cfebba82fdae4d8974ccf4a8e42b7d7999ee1fc4cb106c7a22c11c,53f157201b4d5d05f17003c03c0fc3b8a72fb3706f1b14591f55d77cac3aa3a7,"In Alice's Wonderland, a secret set of transformation rules is applied to equations. Below are a few examples:
//?|[ = ?:/
)\?`| = ?':
[)$|: = !:'
:)$!: = )!'
Now, determine the result for: :!?'/"
02324ba1,bit_manipulation,51fb6a747c29a1bf438e81b161dc0047e0d1927f1567d881135ab6ee0bb11322,6ef3a82e5302e23b271c6d143d3194d916efbd6020e00a752b9648a04e122351,"In Alice's Wonderland, a secret bit manipulation rule transforms 8-bit binary numbers. The transformation involves operations like bit shifts, rotations, XOR, AND, OR, NOT, and possibly majority or choice functions.

Here are some examples of input -> output:
10000010 -> 11110111
10011111 -> 11100111
00010101 -> 11111110
00000101 -> 11111111
11111110 -> 11111111
01010111 -> 11111010
01100101 -> 11111101
10111100 -> 11110111
11000100 -> 11111011

Now, determine the output for: 11011001"
024101d9,bit_manipulation,153b267aaae2d29e85801855f2a7d39c597483829d534505a583e3fe17f5a173,84879db20058cffdb0d7ace648dbfb66923b854139ca6175febe337fd0c4a280,"In Alice's Wonderland, a secret bit manipulation rule transforms 8-bit binary numbers. The transformation involves operations like bit shifts, rotations, XOR, AND, OR, NOT, and possibly majority or choice functions.

Here are some examples of input -> output:
11000011 -> 10000111
11001110 -> 10011101
00110101 -> 01101010
01000010 -> 10000100
01011100 -> 10111000
00010101 -> 00101010
00111101 -> 01111010

Now, determine the output for: 00010000"
0245b9bb,bit_manipulation,85b3cb0d7e6f5153f9db06c1c12f8bebf25fc4031c1ff4706e1a8b07492cc535,731b4f69e37243995761dda44dc15155afe9d53af5266158806d178fd325b2c6,"In Alice's Wonderland, a secret bit manipulation rule transforms 8-bit binary numbers. The transformation involves operations like bit shifts, rotations, XOR, AND, OR, NOT, and possibly majority or choice functions.

Here are some examples of input -> output:
10011111 -> 01100011
11011010 -> 00111111
11010100 -> 11111110
01001111 -> 00111011
01101010 -> 11111111
01000101 -> 10111010
01100011 -> 01001110
00101100 -> 10001111

Now, determine the output for: 10001101"
025abbbb,bit_manipulation,752d447c7a98aad3cc1c8b3896b364175880948ed0a9e02791ead42006381660,03ae2c6dec4ab20eaa5a074b14c6e0e20e68da69b9e16ee93d3a58347d47f6d3,"In Alice's Wonderland, a secret bit manipulation rule transforms 8-bit binary numbers. The transformation involves operations like bit shifts, rotations, XOR, AND, OR, NOT, and possibly majority or choice functions.

Here are some examples of input -> output:
11010101 -> 01000001
11000010 -> 10000001
11010001 -> 01000001
00101011 -> 11000000
00010000 -> 00000000
00011010 -> 10000000
11101010 -> 10000001
01001111 -> 11000000

Now, determine the output for: 10001100"
026106f5,equation_transform,f2e860cb878b91030fda6df92498382a64dcf7aa6211320ac8879a2570439ec3,e3e370d6a181f3b72b5d6345cca0f9cea636d1cc4456b2dcb4b1bb1aca4c4304,"In Alice's Wonderland, a secret set of transformation rules is applied to equations. Below are a few examples:
52{43 = 9
31*15 = 46
37{26 = 11
17{92 = 24
Now, determine the result for: 75*97"
02664ad5,equation_transform,e7ce06d0e45a2435aa15f5ac08bf7c893d58064d453870bf02a07cb43fab4f97,a85ad9d26a28a48db12f0dc54497fc07ce16b6bdda71b96e525e36ce0cd9ea3f,"In Alice's Wonderland, a secret set of transformation rules is applied to equations. Below are a few examples:
`[-^[ = `(
:'-') = (#
}#+'} = [}
Now, determine the result for: !}-(!"
02778bd7,bit_manipulation,a935f574008b12c3afe744bddbdedfdbd408a00858b4b9b2ff641c635c180267,ad31a6df75c728c2dbf63d31aab15ee87d2b2e9c364bc043b3e94527979f534f,"In Alice's Wonderland, a secret bit manipulation rule transforms 8-bit binary numbers. The transformation involves operations like bit shifts, rotations, XOR, AND, OR, NOT, and possibly majority or choice functions.

Here are some examples of input -> output:
11100111 -> 00000000
00110010 -> 00000000
10101001 -> 10000000
00100010 -> 00000000
01011100 -> 00000000
10110110 -> 00000000
01001001 -> 10000000

Now, determine the output for: 00010110"
02a04b59,equation_transform,6956e07070824d680f72acb9f2515d558ec803cc6dafca0914d7d1c157333644,46b1c705255714a34c577de079ce46c12663d3594e60c68fe57c93259976d3ba,"In Alice's Wonderland, a secret set of transformation rules is applied to equations. Below are a few examples:
#""*/[ = #""/[
]>+\$ = #[$
\/+/[ = #<>
Now, determine the result for: #>*]#"
02a5a1ca,bit_manipulation,936e8eb7b5855f707908023fc42822e10a887271ec1697d0e7319fa946a1569c,6d71baf728741323975076b65dc7c358529a231b431b7941282703d56d052d8c,"In Alice's Wonderland, a secret bit manipulation rule transforms 8-bit binary numbers. The transformation involves operations like bit shifts, rotations, XOR, AND, OR, NOT, and possibly majority or choice functions.

Here are some examples of input -> output:
10111001 -> 00101110
10111110 -> 11111111
11001010 -> 11110110
01011111 -> 11111111
01101100 -> 00011011
10110111 -> 10111101
00001011 -> 11000110

Now, determine the output for: 10110001"
02a66bcb,bit_manipulation,7d856965cfa88c51bd189a4eb7a85b6fd2b409d13380906abf82bc80d063aeb6,6b5b544995704e5c36d3649b783ddb486ccb2ce5ccb151c27261cbf1bcabd0e9,"In Alice's Wonderland, a secret bit manipulation rule transforms 8-bit binary numbers. The transformation involves operations like bit shifts, rotations, XOR, AND, OR, NOT, and possibly majority or choice functions.

Here are some examples of input -> output:
10011100 -> 01111010
01100110 -> 10011001
11110101 -> 11111010
00100000 -> 00000000
00101111 -> 00011110
10111010 -> 01111100
00001100 -> 00010000
11010110 -> 01101011

Now, determine the output for: 00100111"
02b8d816,equation_transform,802fc397b864d36d65293618e30b8d8838e627f8d2df5051d137c9f24d557fdb,e7dc451ca618390fd4dcfa9ac84cf5f321bf891279f8eda8afbd0f7c3150a25a,"In Alice's Wonderland, a secret set of transformation rules is applied to equations. Below are a few examples:
`$+%/ = `$%/
!$*""% = \\!""
%`-\[ = -`>
Now, determine the result for: >$+$>"
02c15453,equation_transform,a7e3ab06d8e79567304aa13fd475066302e736be4f31b16f0c48dd9d59c462db,ffff5350c34d5e972dcc23c11650e909f51ce06af0cda9843b213d84b5ab6d85,"In Alice's Wonderland, a secret set of transformation rules is applied to equations. Below are a few examples:
(""-]] = '(
""%-!@ = ""
(""-%' = ])
\@-'% = >""
Now, determine the result for: >'-]'"
02e871e4,equation_transform,a3a9d082cfe093315bb7dec737114c612c9e6c2ade0f2171b3a2fce47761caed,fd499d2a31d0c325b94f6f26fe3fd5cb4e7434f47dadbf1f1070ca1237159233,"In Alice's Wonderland, a secret set of transformation rules is applied to equations. Below are a few examples:
$?+?# = ^#'
>^+/^ = >#
'#*]< = ]</$
]\+<> = ^]'
Now, determine the result for: \]-]#"
030479a6,bit_manipulation,4ab4d820b62b6026d6fa8c9942926c7040b80a1fdde9a5c4640eafa93bb8fa15,8a9de39b78765138629537e1ab252fbd7e59a83b5130760b5e1fca51b09c520a,"In Alice's Wonderland, a secret bit manipulation rule transforms 8-bit binary numbers. The transformation involves operations like bit shifts, rotations, XOR, AND, OR, NOT, and possibly majority or choice functions.

Here are some examples of input -> output:
00011011 -> 11000000
01001001 -> 01000010
00001100 -> 00000000
11010111 -> 11000110
11011001 -> 01000110
00000011 -> 11000000
11100111 -> 11000111
00100011 -> 11000001
01001011 -> 11000010
11100011 -> 11000111

Now, determine the output for: 11010001"
0311b798,bit_manipulation,44d9741202864f7ef85c51eef17dfb5fac3ec93a79e04f4db7fa6d406297deb9,061085b2394278af17aa29067dab7bbae3a68a8e3361c65746483476d17b78f8,"In Alice's Wonderland, a secret bit manipulation rule transforms 8-bit binary numbers. The transformation involves operations like bit shifts, rotations, XOR, AND, OR, NOT, and possibly majority or choice functions.

Here are some examples of input -> output:
11010101 -> 10101000
11010010 -> 00011000
10011001 -> 00001001
00001111 -> 01100000
11100000 -> 00001100
11100111 -> 00111100
00111101 -> 10100011

Now, determine the output for: 01100110"
032fc96f,bit_manipulation,56c87dc1a96537f24c0f721f78cbdf9c5c75de1e9c9f8c324f6e2ea4ddfb2761,8ea7086355a6a211e26b783b100e477204128f5d9f5d1e5819b2d962b5434a61,"In Alice's Wonderland, a secret bit manipulation rule transforms 8-bit binary numbers. The transformation involves operations like bit shifts, rotations, XOR, AND, OR, NOT, and possibly majority or choice functions.

Here are some examples of input -> output:
11010011 -> 11101001
10100000 -> 11000010
01110110 -> 00110101
00001000 -> 00110000
00001011 -> 00111010
01010011 -> 11101011
01011110 -> 11000101
00100110 -> 11010100
01010100 -> 11111001

Now, determine the output for: 00010101"
0334b2bf,bit_manipulation,9104ccb1a80fa82701c23a524842e1ff04492fd3aec1a8a377bcd6d82ee1306b,3de2bac14f43ddf2dbae64f2575d608ffeb04bdd1e5ff4bfa89baa6050a06577,"In Alice's Wonderland, a secret bit manipulation rule transforms 8-bit binary numbers. The transformation involves operations like bit shifts, rotations, XOR, AND, OR, NOT, and possibly majority or choice functions.

Here are some examples of input -> output:
01100011 -> 11010111
10000111 -> 10110111
11000101 -> 10000111
11000001 -> 11100111
11110111 -> 00110111
11011011 -> 10010111
11001100 -> 01011111
01000001 -> 11100111

Now, determine the output for: 01101010"
034930e2,bit_manipulation,2aedf449e8143352081dd76f86f9c7128d793e6c4d49a0b6cf752b387edd4d78,f4a3c31d71c5176a0df4f5e3254d2c3d0f1f41d89203f6f25778d2bd29f7db78,"In Alice's Wonderland, a secret bit manipulation rule transforms 8-bit binary numbers. The transformation involves operations like bit shifts, rotations, XOR, AND, OR, NOT, and possibly majority or choice functions.

Here are some examples of input -> output:
10010110 -> 01011010
10010001 -> 01000110
10100001 -> 10000110
11010000 -> 01000011
10001000 -> 00100010
11110001 -> 11000111
01100001 -> 10000101
00000001 -> 00000100
00101010 -> 10101000

Now, determine the output for: 11000101"
034fb629,bit_manipulation,62b8cf8bc260985373d58401d5ade700fa96ae8214031ab669d7cd69af7827e8,0bd659244c641bf406cc67d0343f5f9889b9f378cc5c9842f3cb9d2d45f3f3de,"In Alice's Wonderland, a secret bit manipulation rule transforms 8-bit binary numbers. The transformation involves operations like bit shifts, rotations, XOR, AND, OR, NOT, and possibly majority or choice functions.

Here are some examples of input -> output:
00001101 -> 00100001
11100000 -> 00011100
11110110 -> 11011110
01011100 -> 00001011
00101101 -> 10100101
11001000 -> 00011001
11100100 -> 10011100
10111011 -> 01110111
01000000 -> 00001000

Now, determine the output for: 11001011"
035c4c40,equation_transform,9cda9f67d7f75908fb079dd80abfab6788191e89eae1cf317004a0633cf00c21,698beb98ddc01cf95d906664bf0cf8d5b1f30548f12e278a390b4f46e0d40181,"In Alice's Wonderland, a secret set of transformation rules is applied to equations. Below are a few examples:
#>*%< = /(``
/?-`< = -<
|`->( = -/?
##*|# = ((#
>`*|> = /<|
Now, determine the result for: ?<-'#"
03f07b43,equation_transform,ca8a54de317d36f5090d21997bdcaaffb2abe681dca345c4c91d625d55ff4337,0d359bcb7f5b5b7f1f57d7a2c1a3fcc42d0d03de6bb339f46e77dd8817fd9380,"In Alice's Wonderland, a secret set of transformation rules is applied to equations. Below are a few examples:
55`39 = 16
61\65 = 126
42>23 = 4223
17\21 = 38
Now, determine the result for: 81`20"
04171e29,equation_transform,8015f907b1454c650bef0f8c0f9204342d79bacbb98ec500b061ae4b998a60c9,be837ff3c04d46803915016b19c85fc5be4e27d93dc02243357e6bec9519b495,"In Alice's Wonderland, a secret set of transformation rules is applied to equations. Below are a few examples:
34-73 = 6
28*71 = 4931
56-45 = 11
13*39 = 3882
57*67 = 0075
Now, determine the result for: 97-65"
04183bf9,bit_manipulation,4e2e8b711bc7ee906a779b76fae169592571b44692dee043982f0c674c10a3c9,54146335d228a1b298c38de27eadcbe9155f8dc54f0a5d6a83ea250411c7d3e4,"In Alice's Wonderland, a secret bit manipulation rule transforms 8-bit binary numbers. The transformation involves operations like bit shifts, rotations, XOR, AND, OR, NOT, and possibly majority or choice functions.

Here are some examples of input -> output:
01100011 -> 10001101
00001000 -> 00100000
11000000 -> 00000011
10011000 -> 01100010
00001110 -> 00111000
10101011 -> 10101110
00110000 -> 11000000

Now, determine the output for: 00100100"
042f1e53,equation_transform,4587b1a6250d57dfd1d2a60e5bbfede51a814560cb39cf81e6f81f0b3af800b1,b56e2353045358aab792a2e747c6f52aa29edd5ec0b645583befccda38238f35,"In Alice's Wonderland, a secret set of transformation rules is applied to equations. Below are a few examples:
/%*""} = /%""}
[/+}"" = /%
&<-[} = [|
//*<< = //<<
Now, determine the result for: &&-&?"
04322d27,equation_transform,4a600a9cf1499c37164e7900741a14110cb8d3409e9a6ecd8354d8143c5d3789,d7b7cb4649cef931d9860713d832ec379b1ed0de88c5fe983befa44b1db38b65,"In Alice's Wonderland, a secret set of transformation rules is applied to equations. Below are a few examples:
96$54 = 5184
50$41 = 2050
51$95 = 4845
89$47 = 4183
Now, determine the result for: 59$49"
0454705a,equation_transform,2a878044d9ed510501b1f46253853671b26cbe4776ccacb180b4226f53ed76e1,fc158d79b9ce124ce27125a50e12fbc61d03e776d1c814fe6be6b85a4a9efd30,"In Alice's Wonderland, a secret set of transformation rules is applied to equations. Below are a few examples:
|?'|< = }:%^
|?+?@ = +}?
%<+(} = +/(
<|-<@ = }/|
Now, determine the result for: (}'}|"
046e8532,bit_manipulation,acb8d59626fb70b73a2c0e01e3816aaa40994d057a67c3a72f9bf11b6143ed12,baf3c111b388a341c4e521cf6197bb6312aafcc8e39f9081d2e4cb6fd43a3fd6,"In Alice's Wonderland, a secret bit manipulation rule transforms 8-bit binary numbers. The transformation involves operations like bit shifts, rotations, XOR, AND, OR, NOT, and possibly majority or choice functions.

Here are some examples of input -> output:
10000111 -> 00111100
00110000 -> 10000001
11001101 -> 01101110
01011011 -> 11011010
11110111 -> 10111111
00100001 -> 00001001
00001110 -> 01110000
11010111 -> 10111110
01001111 -> 01111010

Now, determine the output for: 10000011"
047c4111,equation_transform,07829fc8e501a701ed39f9f97cec3a713a37941f8781dac6ee7eef4dba617bfa,4eed12028b3c889c676418e390a4061f06c4b0f94dcae74676b9f3551c244d29,"In Alice's Wonderland, a secret set of transformation rules is applied to equations. Below are a few examples:
19)37 = 18
15$20 = 1520
30)14 = 16
Now, determine the result for: 25$96"
04c44df4,bit_manipulation,414c6c7935e0d8777462737847fefa15757b50295093971916006a3f846fcac4,ffaa130152a36e02dcdb2219abdc0079ed7e23aeb9cbcda7c0a9d3d130ba5a59,"In Alice's Wonderland, a secret bit manipulation rule transforms 8-bit binary numbers. The transformation involves operations like bit shifts, rotations, XOR, AND, OR, NOT, and possibly majority or choice functions.

Here are some examples of input -> output:
11000011 -> 00000011
11100101 -> 00000011
01010010 -> 00000001
10100111 -> 00000010
10010000 -> 00000010
10011110 -> 00000010
00110101 -> 00000000
11100001 -> 00000011
01010100 -> 00000001
01000101 -> 00000001

Now, determine the output for: 00011110"
04d492a9,bit_manipulation,8079717941989d8217e9a81f09881c3925661436abcf978ef3f5458a10d90f69,ae56402ff963686baee01e200503928b2a8b47d243d3fcf44c3ab3ebd994f759,"In Alice's Wonderland, a secret bit manipulation rule transforms 8-bit binary numbers. The transformation involves operations like bit shifts, rotations, XOR, AND, OR, NOT, and possibly majority or choice functions.

Here are some examples of input -> output:
11010000 -> 10101101
11011111 -> 10110011
11011010 -> 10111001
10010000 -> 00101001
00101010 -> 01010110
01001111 -> 10011010
11000101 -> 10000110
11001100 -> 10010100
01011010 -> 10110001
00100000 -> 01000010

Now, determine the output for: 10011111"
04d8c3e6,bit_manipulation,2067535be43365d95a79a23b04c592c82213de0d36caa4273fdc888c5f505e43,73ca5e76e641022467c7a7f0856bdc98052f889b9de20c5b76e7553c97c49b8c,"In Alice's Wonderland, a secret bit manipulation rule transforms 8-bit binary numbers. The transformation involves operations like bit shifts, rotations, XOR, AND, OR, NOT, and possibly majority or choice functions.

Here are some examples of input -> output:
00110011 -> 00000000
00111111 -> 10000000
01101010 -> 00000000
11111111 -> 10000001
01111111 -> 10000000
10000000 -> 00000000
00110010 -> 00000000
00100101 -> 00000000
11000010 -> 00000000

Now, determine the output for: 01001111"
0505ab22,equation_transform,8603d1b9f6d01cf33d143d9c562fd9ec083d8740659f33d013b4c4d007a7e74d,71627359c56438f99ce11da72dda9517443488459a17e68a16f62d135fb1b740,"In Alice's Wonderland, a secret set of transformation rules is applied to equations. Below are a few examples:
46!92 = 138
38-68 = 2583
57-16 = 911
51-33 = 1682
Now, determine the result for: 20-75"
05109055,equation_transform,6a14ba12385878e97bb82d2a91d41a2a9701ab358490f82b86509ecd0aa28898,b7638a657d35a2402cc47afc1a4c722148a1ef6220f18db60ccd6927dd850e48,"In Alice's Wonderland, a secret set of transformation rules is applied to equations. Below are a few examples:
%')!' = |>
(()'> = `/
%':'@ = @!/'
Now, determine the result for: \(:|/"
0520a6ec,bit_manipulation,48b222d8d82899eecfbb6eb6ae76480b8262487adba7494f688f954a7c5b92b0,e54f74e448dbefff0cf27859ae881f409897794df5629ebda17e4cb4a286d73a,"In Alice's Wonderland, a secret bit manipulation rule transforms 8-bit binary numbers. The transformation involves operations like bit shifts, rotations, XOR, AND, OR, NOT, and possibly majority or choice functions.

Here are some examples of input -> output:
00101110 -> 00011100
00001010 -> 00010100
10000101 -> 00001011
11011100 -> 00111001
00101111 -> 00011110
11110111 -> 00001111
10000100 -> 00001001
00000000 -> 00000000
10101100 -> 01011001
01011111 -> 00011110

Now, determine the output for: 11010000"
0528d502,bit_manipulation,ea674e10e880c285d692e231a5fc98ac3966ba64729b9fc18338bb8136de7c4a,ba780ea38f08da968d011dfb628623b2a94ebf48ef5cf27cad8d0fbc78e2a409,"In Alice's Wonderland, a secret bit manipulation rule transforms 8-bit binary numbers. The transformation involves operations like bit shifts, rotations, XOR, AND, OR, NOT, and possibly majority or choice functions.

Here are some examples of input -> output:
01110100 -> 00011111
11000111 -> 10111101
01110010 -> 01001111
01111000 -> 10111111
00001010 -> 00001111
01100001 -> 11100110
01110001 -> 01100111
10110111 -> 00111011
01011000 -> 10111101
11000100 -> 10011101

Now, determine the output for: 00110100"
0536483a,bit_manipulation,4fc81818d4d36983ea0ebf00bf40ff48c87c38dfa350626049aadd530991dee2,99ca503132d60f96cc3a5e52966978fad09a7bfd6615b54b443987d221011a0e,"In Alice's Wonderland, a secret bit manipulation rule transforms 8-bit binary numbers. The transformation involves operations like bit shifts, rotations, XOR, AND, OR, NOT, and possibly majority or choice functions.

Here are some examples of input -> output:
10011011 -> 01100110
00001000 -> 00000000
10110101 -> 01000100
01110111 -> 11011101
00110000 -> 00000000
00110101 -> 01000100
00010110 -> 00000000

Now, determine the output for: 00001100"
053b4c86,equation_transform,fc02b77dde3dfdd6f8297f58b93597939dd1aa64885de729fadfff235a7edb42,f51e1dbe291f1b744f59ed0eee786cf25324b76d859b510c105e71413829b8ff,"In Alice's Wonderland, a secret set of transformation rules is applied to equations. Below are a few examples:
%&*#$ = $?&&
#$*#] = ?%]]
]%-""] = &@
$%+""\ = $]]
\$-?"" = -\]
Now, determine the result for: (@*]&"
053f4545,equation_transform,ea78a46c49b6f2905211ab037c18e1028b8f168e6f1bf1f7c57a8d39929356a5,742fb3b1401d4150d1b99a7c2b3595d4e6a728f20b9b3f89ab20f105c2ae5a31,"In Alice's Wonderland, a secret set of transformation rules is applied to equations. Below are a few examples:
79-12 = 67
27-05 = 22
65-21 = 44
65?19 = 5905
Now, determine the result for: 06@77"
053f87d3,bit_manipulation,eb4c835ac18f951c273c000c5f21d3f52896f077048c1e663c330a0a989ae6ee,c57f629f7c6b1fe6b33bf2c2387efcd1374639ef0bbb0a923d977408c75ab5ce,"In Alice's Wonderland, a secret bit manipulation rule transforms 8-bit binary numbers. The transformation involves operations like bit shifts, rotations, XOR, AND, OR, NOT, and possibly majority or choice functions.

Here are some examples of input -> output:
01100101 -> 10011101
00111000 -> 11101110
10011101 -> 01110111
01011101 -> 01110111
00001000 -> 00100010
00011011 -> 01101110
01000011 -> 00011101

Now, determine the output for: 11110111"
055a8b01,equation_transform,20bfa5bd488ea9674bbe49b7e3aa02b143f37c9f7c29bf7a09c6c25f3c33540d,0c9b66f18651f66298ab5363aa2f022c00f681ad5de2328cf4bd9a91ec8e5171,"In Alice's Wonderland, a secret set of transformation rules is applied to equations. Below are a few examples:
<#*|< = <//'
<|*$| = <<|/
$#+/` = ??
/{+?? = /(`
'(*|# = {{?(
Now, determine the result for: //-/$"
05b5ffe1,bit_manipulation,d31c3b96af9316d01b884e1019592966943e30604da349c7011dfd2e3bbe0353,0d53e13110e3a930888bfc6ae93cd2c260add13eeecc3b4ea157e2f063df111b,"In Alice's Wonderland, a secret bit manipulation rule transforms 8-bit binary numbers. The transformation involves operations like bit shifts, rotations, XOR, AND, OR, NOT, and possibly majority or choice functions.

Here are some examples of input -> output:
11001000 -> 10111011
11111101 -> 11101011
00100100 -> 01111101
00011100 -> 10000011
11000001 -> 00011011
10110111 -> 11101110
01101110 -> 01111101
10010101 -> 01110011

Now, determine the output for: 10011011"
05bd2dab,equation_transform,ab4449bbfaf0a78b61159ee7af967c8b4341d09b412adee9d1076864352be0ce,f321f9f23cbb921ba27c30591a306ec227fea1b3beda0990ff2ae9d276283a58,"In Alice's Wonderland, a secret set of transformation rules is applied to equations. Below are a few examples:
}/{/& = $}
}}^(! = ($})
($[)& = /!
(}^$$ = (!}?
(\^?} = (($/
Now, determine the result for: '&[?!"
05c36467,equation_transform,19f2edd180f64336bba29089616a65e18ec80927e99321270a66d89838075bba,ef8932b7c308a79394ea391fc2a04ff284720e0fb91c7554b9997d406822a0e3,"In Alice's Wonderland, a secret set of transformation rules is applied to equations. Below are a few examples:
%$<`# = <]]
%""/(] = #`]$
`$<(( = <(]
%""<\& = <$$
#&/]( = ###""
Now, determine the result for: ""&/($"
05d58fb3,bit_manipulation,18fb507cd960989f4bf786370dd8d3be1078a0923b72523c117eb916f75db16f,b9ddfd77b4a26739dd934e8804e6b7ae875cfc0ade776a2b5e55a0692a9bf68c,"In Alice's Wonderland, a secret bit manipulation rule transforms 8-bit binary numbers. The transformation involves operations like bit shifts, rotations, XOR, AND, OR, NOT, and possibly majority or choice functions.

Here are some examples of input -> output:
00110010 -> 10001000
11110000 -> 00001100
00110110 -> 10001001
10101001 -> 00101010
10011110 -> 00101001
11000000 -> 00000000
10001011 -> 00101000
01011100 -> 00010101
01111001 -> 01000110

Now, determine the output for: 11110101"
06083e68,equation_transform,1039202b580d05e51e1a7ae945a7eff492caba9e2334dbf19df556ea84998516,3188c8cca663b6002073d747d46a376cf7535d4fc6c0532b2255088a030b002b,"In Alice's Wonderland, a secret set of transformation rules is applied to equations. Below are a few examples:
!>+^$ = :`
\^*:: = ^!\!
$^-!$ = -<
Now, determine the result for: >\*:!"
06248efa,bit_manipulation,a0b2617205043c540b5f4c09f5363cbf1024e93e170d4598efd91bcddb60408a,160c916be388ba5299cafb11554c8df3b7e23ceadb9de6bb73ba2f543e163a51,"In Alice's Wonderland, a secret bit manipulation rule transforms 8-bit binary numbers. The transformation involves operations like bit shifts, rotations, XOR, AND, OR, NOT, and possibly majority or choice functions.

Here are some examples of input -> output:
10100110 -> 10111001
01010100 -> 10110101
10100010 -> 10111000
10100111 -> 11111001
01111111 -> 11111111
11000101 -> 01111001
01001010 -> 11010010
10100101 -> 01101001
10111000 -> 11101110

Now, determine the output for: 11011100"
0625f633,equation_transform,46a00250c64e693069a392ebd913c859de348dbef7ae4f6e0f5fbaca31b7b040,e8bc9161aabbcf42c1d49a5dbdcecbd0e1eb95cadfe1367e4e6c556581dca815,"In Alice's Wonderland, a secret set of transformation rules is applied to equations. Below are a few examples:
)'-\^ = ^$
:$+// = @^
()+$\ = ^'
\!+/( = /'
Now, determine the result for: ))*!("
06412918,bit_manipulation,5ee68c0987a0330a50362086a51bbada2195d2393263c2240e515a39821d8a61,cc14b6c3f41947b85b01532de5f88846f9f601c705934368564e135a7464010d,"In Alice's Wonderland, a secret bit manipulation rule transforms 8-bit binary numbers. The transformation involves operations like bit shifts, rotations, XOR, AND, OR, NOT, and possibly majority or choice functions.

Here are some examples of input -> output:
10101000 -> 00010101
10111010 -> 01010111
11001001 -> 00111001
00101000 -> 00000101
10000110 -> 11010000
00010011 -> 01100010
11101000 -> 00011101
10011110 -> 11010011
00101011 -> 01100101

Now, determine the output for: 10010000"
0641ef58,equation_transform,62ffa1b68d9e25f7adcfcde36bfd8c2497849ec449d9a19beb3d8d16d708d5db,6b46354b4bd6baa7b152c01ae97b6cbc2002784e59aa0b4734128dc5561eeff4,"In Alice's Wonderland, a secret set of transformation rules is applied to equations. Below are a few examples:
76-68 = -91
16-61 = -54
39-02 = -37
36+88 = 151
85+12 = 97
Now, determine the result for: 54-89"
065abaf6,equation_transform,0eeb9fd7218e7bbecac1462b7803f17c876eb022ccbaedf5805b2cfe34b9c5c1,c895adb519b9cb1f75a7f4ded6c97d8bbfb6a227d03dafd052b0c350d877dbc2,"In Alice's Wonderland, a secret set of transformation rules is applied to equations. Below are a few examples:
/}-\` = ]
](-]: = -&/
\]+&( = &(\]
\#-{] = -#
:{*#\ = ((`{
Now, determine the result for: :\+&/"
065f9dea,equation_transform,da343ead051ec7ccefc61e055bab58d4294f8741c48bfd8f986945567fc32ffd,9ff961f91faae5e6c6995480824eb676ea8c17c295ec7abdca77eafebdba00c2,"In Alice's Wonderland, a secret set of transformation rules is applied to equations. Below are a few examples:
19}15 = 1464
74!78 = 7874
64!23 = 2364
Now, determine the result for: 43*96"
06667a93,bit_manipulation,208061eef7dda93d9e5bdbf94997f6d83c8f40cfa2dbaf3b4241858ccfc1247d,f08e00e0a324a00709882d666601713a2d90958cc45d20fb687a961fa53750fc,"In Alice's Wonderland, a secret bit manipulation rule transforms 8-bit binary numbers. The transformation involves operations like bit shifts, rotations, XOR, AND, OR, NOT, and possibly majority or choice functions.

Here are some examples of input -> output:
00101000 -> 00010100
01100110 -> 00110011
01111111 -> 10111111
11111001 -> 01111100
00011001 -> 00001100
10001001 -> 01000100
11101110 -> 01110111
01010100 -> 00101010
11001010 -> 01100101

Now, determine the output for: 01000111"
06698d4e,bit_manipulation,c86f7a68500989414a2b11004594dc9458efd435ebc339ea5d5be40fddf081ba,3559a69a01c4489097f5525a1a0543748c539c1d72888371ea822a1e0074332c,"In Alice's Wonderland, a secret bit manipulation rule transforms 8-bit binary numbers. The transformation involves operations like bit shifts, rotations, XOR, AND, OR, NOT, and possibly majority or choice functions.

Here are some examples of input -> output:
10100000 -> 01010000
00001111 -> 00000111
00101000 -> 00010100
10110110 -> 01011011
00101100 -> 00010110
11011110 -> 01101111
00000110 -> 00000011
11011011 -> 01101101

Now, determine the output for: 01100100"
06881e47,bit_manipulation,3485d61a52db27ca8f2a3f740a3a7833a53ad79d8dff18741aabbbac6e4506ce,c8c57bf16f2d950f8ef3c0c27f89d11f15a9daca7a13505e293bd3d728bcfe8e,"In Alice's Wonderland, a secret bit manipulation rule transforms 8-bit binary numbers. The transformation involves operations like bit shifts, rotations, XOR, AND, OR, NOT, and possibly majority or choice functions.

Here are some examples of input -> output:
10000001 -> 01110011
10111000 -> 00111110
00101011 -> 00101110
11100011 -> 01111000
00010111 -> 11000111
00001001 -> 00110111
00010101 -> 11010111

Now, determine the output for: 11110011"
069dbaab,bit_manipulation,ef6a1fd078bcca42feb34dc2f10bddd01fdcdd642232acceb0e8e1e1f233c204,31026ffe8a75109743e3038617aeb75fe0aabdc8b670a8793b2c64fe8c96bb02,"In Alice's Wonderland, a secret bit manipulation rule transforms 8-bit binary numbers. The transformation involves operations like bit shifts, rotations, XOR, AND, OR, NOT, and possibly majority or choice functions.

Here are some examples of input -> output:
01110111 -> 11011100
10000101 -> 00000000
10110111 -> 11001100
10000100 -> 00000000
00110010 -> 10001000
01101010 -> 10001000
10000000 -> 00000000
10100010 -> 10001000
00110000 -> 00000000
10100000 -> 00000000

Now, determine the output for: 11000111"
06b5da9f,bit_manipulation,4107fae968b9b53e3b6bb363f02873df4244a254cf7a0a6801f6624d974d2fb2,ed5e908b14cca30ca6adce54838f713c489c56556dd34ffdb2227eab8bc8978e,"In Alice's Wonderland, a secret bit manipulation rule transforms 8-bit binary numbers. The transformation involves operations like bit shifts, rotations, XOR, AND, OR, NOT, and possibly majority or choice functions.

Here are some examples of input -> output:
10100110 -> 00110101
10000001 -> 00001100
00100110 -> 00010001
11000011 -> 00111110
10001001 -> 01001100
11111011 -> 01111111
01010100 -> 10100010
11011011 -> 01111110
11110101 -> 10111111

Now, determine the output for: 01000111"
073942b5,bit_manipulation,870b0378adf55e86b1f82cb7f2e74773160142aaf73cef1fdff8fec15e4bbac0,b47e6f864533f46fb7db97647778b263674eeedd04efdbf70b04a3abcbbd7ee8,"In Alice's Wonderland, a secret bit manipulation rule transforms 8-bit binary numbers. The transformation involves operations like bit shifts, rotations, XOR, AND, OR, NOT, and possibly majority or choice functions.

Here are some examples of input -> output:
01111100 -> 11100111
00110110 -> 11100001
00010000 -> 00100100
00010011 -> 11100010
01000101 -> 11011011
01001101 -> 11001001
10001101 -> 01111001
10110100 -> 01000101
00001101 -> 01011001

Now, determine the output for: 01011000"
07434d56,bit_manipulation,a45f4c442527cc8200fde48622199f00927c6fbbe8146af0577ea3a531760b1b,feaf42b4427940d245f217e7794c01161f5f267d4c1fcb429a012ae98ee4333a,"In Alice's Wonderland, a secret bit manipulation rule transforms 8-bit binary numbers. The transformation involves operations like bit shifts, rotations, XOR, AND, OR, NOT, and possibly majority or choice functions.

Here are some examples of input -> output:
10100010 -> 00110100
00110110 -> 01100110
01000101 -> 01011000
10100101 -> 01000100
10101110 -> 11110101
11110100 -> 01011110
11110101 -> 01001110
11101110 -> 11111101

Now, determine the output for: 01001101"
078df00e,equation_transform,772e4f70fa14a92a8eda10082627959fe8393c667a2eb144daf6837fed09d809,274f887194b0c58872216d191c28abe8abe50f6f944a24c5676264c2bbb7cd1e,"In Alice's Wonderland, a secret set of transformation rules is applied to equations. Below are a few examples:
06+67 = 731
45+99 = 451
51-05 = -53
Now, determine the result for: 56*02"
07aef27f,equation_transform,fc6aa59dafb24279b9503e425e79b53ece29da46252f89cc014b8ac7b6372441,43a2a66cf1f89bc60363065542f57eec451f0fca5f7fea8974dedc276ab831d8,"In Alice's Wonderland, a secret set of transformation rules is applied to equations. Below are a few examples:
73*57 = 6772
29*49 = 9468
56+16 = 1656
Now, determine the result for: 22-84"
07b440f0,equation_transform,448fc9a93f13cb0a9db74e858552cd54c651386c0997364ee3bdfd633b41a949,29e9ce80bf9b55aa351f41880ee98786cb117ff6efb0e7b5fb46cc7e540d88f0,"In Alice's Wonderland, a secret set of transformation rules is applied to equations. Below are a few examples:
##*#$ = }'
$?*}^ = @?^
}'*^? = @@'
@(<{{ = <}#
'@<(& = #
Now, determine the result for: @$-^$"
07cbed38,equation_transform,aabaf38bbffb7e058a2b6628d1d8ca68a67638f3b5e2634669e121f7c6c8c836,eae1789468bb3bcf29887843cc1b1bace0681873f18b3bbaa066116ea8dda561,"In Alice's Wonderland, a secret set of transformation rules is applied to equations. Below are a few examples:
45^08 = 0234
37}95 = 131
99^88 = 2178
Now, determine the result for: 52}51"
07d1cd39,bit_manipulation,cfaeaa976300df949306483e18f40a34ad7227e0e5067cbabec1e1f78769d566,9795c09c2383b759b91d6e93b1fbb42af04b0657d04b2a986d5a77c21288e7f3,"In Alice's Wonderland, a secret bit manipulation rule transforms 8-bit binary numbers. The transformation involves operations like bit shifts, rotations, XOR, AND, OR, NOT, and possibly majority or choice functions.

Here are some examples of input -> output:
10000011 -> 01101000
01010010 -> 01000101
00100001 -> 00100010
11100000 -> 00001110
11000000 -> 00001100
11001111 -> 11101100
11110001 -> 00101111
11101010 -> 01001110

Now, determine the output for: 00001110"
07d61ec8,bit_manipulation,c7d7200cc17cf29d2759f74ce6d539da9daa2776c81eafa214c873018f691099,c1940f9e57a3d86680c51aa3c0bd47e4a0a06bf3152c8049fd80fbdeba9a4238,"In Alice's Wonderland, a secret bit manipulation rule transforms 8-bit binary numbers. The transformation involves operations like bit shifts, rotations, XOR, AND, OR, NOT, and possibly majority or choice functions.

Here are some examples of input -> output:
10111101 -> 01111111
11011001 -> 00111110
00001010 -> 11000011
01011001 -> 00111111
11110001 -> 11111100
11111011 -> 11111110
10110001 -> 01111100
10100110 -> 00101011
11011110 -> 00111111

Now, determine the output for: 01100011"
07d8149a,bit_manipulation,503dc53d4e574ff6401db80c8323fff5be0c1602c507ccecb523f2bc4581c791,5bf0d30be932292c823f06d924c2e7b64d85abfdc14b399ad8265dcf7c84525c,"In Alice's Wonderland, a secret bit manipulation rule transforms 8-bit binary numbers. The transformation involves operations like bit shifts, rotations, XOR, AND, OR, NOT, and possibly majority or choice functions.

Here are some examples of input -> output:
10000110 -> 00000000
00001101 -> 00000000
11101100 -> 10000000
10010100 -> 00000000
00110101 -> 00100000
11001010 -> 00000000
11001111 -> 10000000

Now, determine the output for: 01111010"
07e8cf66,bit_manipulation,9ff7ff7eb3b7ce0514bae9d2e563c0160f0b78e92a4a2f9f93757326c65c3326,fb4e4cbf5770e3029755ed5b51f63f89e4ca411f8fc42edf025d2cef70a30d05,"In Alice's Wonderland, a secret bit manipulation rule transforms 8-bit binary numbers. The transformation involves operations like bit shifts, rotations, XOR, AND, OR, NOT, and possibly majority or choice functions.

Here are some examples of input -> output:
10011111 -> 11010011
01010111 -> 00001011
10111000 -> 00011100
11101001 -> 00110100
10011001 -> 11011110
11010100 -> 01001010
00100000 -> 00010000
11101101 -> 00111100

Now, determine the output for: 10111101"
080b44aa,bit_manipulation,e9820675e6322e57bc0d2e1cf42accebaf8579c99ac9518fda12fb652333e172,db9bcf4b3582f6f7163d8dfeeaba3071c3120c26b24673379a5da52c4a10d736,"In Alice's Wonderland, a secret bit manipulation rule transforms 8-bit binary numbers. The transformation involves operations like bit shifts, rotations, XOR, AND, OR, NOT, and possibly majority or choice functions.

Here are some examples of input -> output:
10110001 -> 01000101
11011000 -> 00100110
00011101 -> 10110100
11010010 -> 00110111
10011001 -> 00000100
01001000 -> 10110110
10000111 -> 00110111
11111010 -> 01110111
11101110 -> 01010111

Now, determine the output for: 11000111"
08111d57,equation_transform,9104a033e5843e12d7d65fc2743c4e784e5a813ac69d7e755e2ee73d58a448cf,7a5d75676f85dcf1f2fdfe780e523e461602c7da3937aab1b35eea1604148ae5,"In Alice's Wonderland, a secret set of transformation rules is applied to equations. Below are a few examples:
](*>^ = &(:^
::+$"" = ]^^
?""*""( = ?:(:
>^*>) = (?""
Now, determine the result for: ^?+)]"
0819520a,equation_transform,3d2493eeaef52674c97521dca386e36811b5fbb4f585233fee9cc12c57429f28,8e4017b7f48f23ddeba54a918b907bb7d7acb0958f7f83a737b37e6afcaac0bc,"In Alice's Wonderland, a secret set of transformation rules is applied to equations. Below are a few examples:
82*77 = 6512
87+18 = 061
06+02 = 18
86+39 = 261
48*15 = 4824
Now, determine the result for: 57+82"
083ed8fe,equation_transform,677c57a521e8b49a6bf7dac12e725b25739d4a1157c9e826d9c5738d1d4188ce,c93370906cf9d1a579d6ce0d56d0e221c6e190e91e170e26bd0e02b2aabcab34,"In Alice's Wonderland, a secret set of transformation rules is applied to equations. Below are a few examples:
!(*() = (/<<
[(*<< = [[//
""&-/: = :)
[!-)! = )
Now, determine the result for: <&*:/"
084a4496,bit_manipulation,8054e61708542d8130225aa41f2e862e6fda7d17249c5a87610a0fdcc8ccc3d9,5d095a04cf568671b74ed6ab46b0f1c431b64219658aaba97e15d086aeb35ada,"In Alice's Wonderland, a secret bit manipulation rule transforms 8-bit binary numbers. The transformation involves operations like bit shifts, rotations, XOR, AND, OR, NOT, and possibly majority or choice functions.

Here are some examples of input -> output:
10011101 -> 10110010
00001010 -> 01000001
00010001 -> 00100010
00011011 -> 01100011
01111010 -> 01001111
10000001 -> 00110001
11000100 -> 10011001
10011110 -> 11010010
10111001 -> 00110110

Now, determine the output for: 00111110"
0855605b,bit_manipulation,0b054dafe34f7f9a29621c0da070afcad40760bb0587d51d240056efde5b7792,7816820e9c8e2382bd3512634f0433c302a2ad29611708fdeebcb34b83de52f8,"In Alice's Wonderland, a secret bit manipulation rule transforms 8-bit binary numbers. The transformation involves operations like bit shifts, rotations, XOR, AND, OR, NOT, and possibly majority or choice functions.

Here are some examples of input -> output:
10100000 -> 00101000
10101100 -> 11101011
01010000 -> 00010100
10010110 -> 01000101
01011101 -> 11000111
00000110 -> 01100001
00001111 -> 11110011
01100000 -> 00011000

Now, determine the output for: 10011011"
08615ada,bit_manipulation,4699fac2a9a8e24f85e8ecbfd14411f5993773b981c355719dfb087337b92cc9,73061239831f8d84649f81e07bf2532e7b51cd0bf31e58fdaa85816bf167b269,"In Alice's Wonderland, a secret bit manipulation rule transforms 8-bit binary numbers. The transformation involves operations like bit shifts, rotations, XOR, AND, OR, NOT, and possibly majority or choice functions.

Here are some examples of input -> output:
01001000 -> 00101001
01101111 -> 10110001
11000010 -> 00010000
10011100 -> 01100011
00010111 -> 01011110
11010001 -> 01011110
01101001 -> 10101001
11010010 -> 01010010
11011001 -> 01111111
00000101 -> 00010100

Now, determine the output for: 10111110"
08a161c9,bit_manipulation,cdc1227e289bced5586bc4502b0a4e8316138d02ce456fa6e199fd23e700c6ad,59f61d9a46de0f6212623d5c07cb9ae2371c0426654268614ed426e16f66d6ae,"In Alice's Wonderland, a secret bit manipulation rule transforms 8-bit binary numbers. The transformation involves operations like bit shifts, rotations, XOR, AND, OR, NOT, and possibly majority or choice functions.

Here are some examples of input -> output:
00101001 -> 11110111
10111101 -> 01010111
01010100 -> 01011111
01100100 -> 11011111
01111011 -> 11100111
00011001 -> 01110111
11001010 -> 00101111

Now, determine the output for: 10010100"
08b2b48d,bit_manipulation,ac072f3ab555759a064c5f867f3fb6cfa7d5678db5246f267903c9e645d96ad3,74763dffb9fd53a9478e6e01eee3a5081b12b9f549db5e36702f77034a3f2be6,"In Alice's Wonderland, a secret bit manipulation rule transforms 8-bit binary numbers. The transformation involves operations like bit shifts, rotations, XOR, AND, OR, NOT, and possibly majority or choice functions.

Here are some examples of input -> output:
01100001 -> 00101101
10100101 -> 11100110
10011000 -> 01001110
00100101 -> 11100101
00000011 -> 11001001
01011001 -> 11011101
10100011 -> 10001010
10110000 -> 10011110

Now, determine the output for: 11111010"
08f6216d,equation_transform,aca81a189c2ee064fcc683f50be7eae32478b244242768884d53cb81715624ea,adc53cc7bf6e90f6403e08cd4aa5005bf04425069119d015aec61de9571fc8c1,"In Alice's Wonderland, a secret set of transformation rules is applied to equations. Below are a few examples:
&!-][ = `
]!*!| = !|`
`{+>] = >]`{
Now, determine the result for: >>+|>"
09302769,equation_transform,014bca09b140e49dc87680ffc514dc05e52889427f58ea875c73f8220a627b6e,d8905fa0c1c029b038c6b168c758b926299f25c66ff6069b3d778cd964bb16cf,"In Alice's Wonderland, a secret set of transformation rules is applied to equations. Below are a few examples:
37-29 = 8
85-51 = 34
21'16 = 38
Now, determine the result for: 90'91"
093de4ea,bit_manipulation,8e5a2e70acb58e4cce073b387dab02915db6639493de259011f2a34ccac0d65c,2e79624924e3c43b05893c0016b42b8e3d949f561b3da7d634adbe7a5894dd78,"In Alice's Wonderland, a secret bit manipulation rule transforms 8-bit binary numbers. The transformation involves operations like bit shifts, rotations, XOR, AND, OR, NOT, and possibly majority or choice functions.

Here are some examples of input -> output:
11110010 -> 00111001
10000110 -> 00000011
10010100 -> 01001010
01000000 -> 00100000
10110100 -> 01011010
11011010 -> 00101101
00100001 -> 10010000
01110101 -> 00011010

Now, determine the output for: 11010100"
094bf548,equation_transform,919854eb7d708afd39fc38ef9d85c10d7afa19ec682b455b6e3add799c9b43aa,06dea202aa050d4908232b557b84ae6a8b48631ee10a58d5119c3dcbc5a8f61b,"In Alice's Wonderland, a secret set of transformation rules is applied to equations. Below are a few examples:
88(64 = 8864
27:81 = 54
52:57 = 5
25:81 = 56
Now, determine the result for: 80:32"
094de91f,bit_manipulation,9e672a5cc8165ad76d69a179515017014210303eae8e41a77adb2114b6728aa3,d6db556f6c02cc0999705d56e118d4a7e531be2e29446717954e119e830df48f,"In Alice's Wonderland, a secret bit manipulation rule transforms 8-bit binary numbers. The transformation involves operations like bit shifts, rotations, XOR, AND, OR, NOT, and possibly majority or choice functions.

Here are some examples of input -> output:
11100111 -> 01000001
11001011 -> 11011001
01000010 -> 01011011
10111001 -> 00011101
01110000 -> 00011111
11011011 -> 11111001
01010001 -> 01001101
11100110 -> 01010011
01100101 -> 01100101

Now, determine the output for: 11101011"
0a1326f4,bit_manipulation,56f0b0760d48e33125b9189cb364f0089ae8089ae3f4bfc98025bee23fe6f270,c4d99ae9aae721cd27b5d6bd619a887ceb46a520144cad9db15381751adc9b71,"In Alice's Wonderland, a secret bit manipulation rule transforms 8-bit binary numbers. The transformation involves operations like bit shifts, rotations, XOR, AND, OR, NOT, and possibly majority or choice functions.

Here are some examples of input -> output:
01100010 -> 00011000
11110101 -> 10111101
01000010 -> 00010000
00100101 -> 10001001
00010011 -> 10000100
10111110 -> 00101111
10110010 -> 00101100
11011010 -> 00110110
00111001 -> 10001110

Now, determine the output for: 01011001"
0a15c5c7,equation_transform,8ad123813da482b66ec7470442bfca7757bcdf6177e5d29d5acc4f78585611da,d372259672e7817afa94df70aa7e8589f8c6f8fe61e036d0b2477d8410fad192,"In Alice's Wonderland, a secret set of transformation rules is applied to equations. Below are a few examples:
46-02 = 44
84-62 = 22
01(33 = 133
46%92 = 39
Now, determine the result for: 79-36"
0a195a74,bit_manipulation,12e11386e02fa51dd8c50b51e33a0605de55815f3f462676ed9eca4a80ea49ee,d9a2cb6d40c2ab22e4d63248875fac72692b2c2bb2713df312e2668081ab3c42,"In Alice's Wonderland, a secret bit manipulation rule transforms 8-bit binary numbers. The transformation involves operations like bit shifts, rotations, XOR, AND, OR, NOT, and possibly majority or choice functions.

Here are some examples of input -> output:
11100010 -> 11111001
11110001 -> 10111100
00001000 -> 00100100
01111101 -> 11001010
11111001 -> 10011000
10000100 -> 01010010
00100000 -> 10010000
11010100 -> 00111010
00001001 -> 00100000
01100010 -> 10111001

Now, determine the output for: 11001101"
0a2b9109,equation_transform,f6e27c15e1bb6d57b030debd78516629e65be3b2c3ee321d5d9dde3502cb2033,1877b6cce32a01bd01002539c83c248634540d02e178aa2bca425a0bb0ff5b5a,"In Alice's Wonderland, a secret set of transformation rules is applied to equations. Below are a few examples:
|:*%( = ^^
#|-|# = -?$
?%)|( = (^^
|?*(| = ?:!
Now, determine the result for: $[-^:"
0a3ee7c7,equation_transform,b3a9d68e893376687479a1a3e93b1edc67c3d7fc013578f4c170d231edbca4ad,4a76d4eeab0a33616677225782bc520271bad9ee831981f55d8aebed2bc05d42,"In Alice's Wonderland, a secret set of transformation rules is applied to equations. Below are a few examples:
[""+[@ = ""})
][*!% = \\\@
]""-""% = @
[}-[\ = -`@
Now, determine the result for: }\*%]"
0a50c4a8,bit_manipulation,ef4d3fbd0a8ab7aa4b9c363e435989284b64f58698d8cad00727e9c611dc03b1,4d017a01825151b36ae9277fde2a94ceed44fcb1353a791cfd81254c7b291518,"In Alice's Wonderland, a secret bit manipulation rule transforms 8-bit binary numbers. The transformation involves operations like bit shifts, rotations, XOR, AND, OR, NOT, and possibly majority or choice functions.

Here are some examples of input -> output:
10110011 -> 00010000
00100111 -> 10100000
01000011 -> 01101000
00011110 -> 11000011
11001101 -> 00100001
00001011 -> 01100001
11011100 -> 00000011
00110111 -> 10000000
00110001 -> 00000100
10110010 -> 00010010

Now, determine the output for: 11101000"
0a5e80bf,bit_manipulation,5e57ee67d9444113bd61bd32081e54bb74c90fcb978c16bb4dfe0122915f7189,3d094922baf05f9f832e728a4440b74b3f1a71ebb869089c3e11761f5a129531,"In Alice's Wonderland, a secret bit manipulation rule transforms 8-bit binary numbers. The transformation involves operations like bit shifts, rotations, XOR, AND, OR, NOT, and possibly majority or choice functions.

Here are some examples of input -> output:
11001011 -> 11000110
01110111 -> 11000011
10101101 -> 01000101
10110111 -> 11000101
00101010 -> 10000001
10000101 -> 01000100
01001000 -> 00000010
10001111 -> 11000100
00111111 -> 11000001
10100110 -> 10000101

Now, determine the output for: 11101101"
0a6d48aa,bit_manipulation,bb3f943e7ebc4c2983c6640b4b151c1eb176ab5446f7fc5be420302a36b00223,bfd539a397f4e6ecf9c532907a8b9df726548aaaccdba76586a4c99552e918c7,"In Alice's Wonderland, a secret bit manipulation rule transforms 8-bit binary numbers. The transformation involves operations like bit shifts, rotations, XOR, AND, OR, NOT, and possibly majority or choice functions.

Here are some examples of input -> output:
11011100 -> 00001110
01001010 -> 10010110
10001100 -> 01001101
01110010 -> 01110111
11011011 -> 11110110
11100101 -> 11001111
00101001 -> 01111011
00010110 -> 01100111
10010000 -> 10111101

Now, determine the output for: 00111111"
0a94b2de,equation_transform,0fcf05c92a194330945bb4bad24d8de30c22e8840fd57fa45859f2266e8827b7,1cdf498296e27d31aa0766dd48539d871dd8ce5c560b2b0efe6b000014cbc114,"In Alice's Wonderland, a secret set of transformation rules is applied to equations. Below are a few examples:
'')<] = $@
@})$' = <?<
@]#/$ = <?<'
Now, determine the result for: ]}#@]"
0abfab8b,bit_manipulation,a19b2b50e5e5bc17888af43d1788729c53e0101956470d9685919735feddddf1,e2b38998742c95d60048d40548a51d4ee85b3adabe51b7efbc91614dc5b18aff,"In Alice's Wonderland, a secret bit manipulation rule transforms 8-bit binary numbers. The transformation involves operations like bit shifts, rotations, XOR, AND, OR, NOT, and possibly majority or choice functions.

Here are some examples of input -> output:
11111011 -> 10110111
01001110 -> 00111010
00011110 -> 00010000
11111110 -> 01100111
00011100 -> 00110001
00011000 -> 01110011
10011001 -> 10100111
01101100 -> 00001011
00000100 -> 10111101
10110010 -> 10000111

Now, determine the output for: 10111100"
0b0a3643,equation_transform,d9ec4799e46b95b8dccf94ea446c47d182ff0ea6ad877d44e493da361b569d1c,769472f8ef9aa662df5ff50da945f5699ce888a9f815f95783c44fe8d5d36ac5,"In Alice's Wonderland, a secret set of transformation rules is applied to equations. Below are a few examples:
#/-\@ = -@#
""""+#) = )/
'#+/# = %""
\)-)@ = -'""
Now, determine the result for: '/-%)"
0b16458a,bit_manipulation,573e4885be9938a27ba8f4482e095f86fe0ef83fe8696ef477f7d1d510014a24,42d29e3165421b35fc2bfb9f3bec3bef62a833db6f7a2f52ff3925fb3969ca2d,"In Alice's Wonderland, a secret bit manipulation rule transforms 8-bit binary numbers. The transformation involves operations like bit shifts, rotations, XOR, AND, OR, NOT, and possibly majority or choice functions.

Here are some examples of input -> output:
00111001 -> 10000001
01100111 -> 00111000
11010111 -> 00111010
00010100 -> 00000000
11110100 -> 00000110
00010001 -> 00000000
01010000 -> 00000010
10011001 -> 10010000
00111100 -> 11000001

Now, determine the output for: 10001110"
0b23aa7c,bit_manipulation,1fbfaa3d063d121f88d51f2e45d16e51c837267e13454d82cee22e8c1db4232d,5e931226951b8ba2593abd938752a764515b38a46e30464986a7761cbe60a3ce,"In Alice's Wonderland, a secret bit manipulation rule transforms 8-bit binary numbers. The transformation involves operations like bit shifts, rotations, XOR, AND, OR, NOT, and possibly majority or choice functions.

Here are some examples of input -> output:
01101110 -> 01110110
10010111 -> 10110001
00101011 -> 01011010
01010111 -> 10111101
01011000 -> 11000101
01111100 -> 11100111
00001000 -> 01000000

Now, determine the output for: 10111010"
0b26be60,bit_manipulation,333eb87b951a0db715e727942a8986d97aff64906372c5808d8a76055b5e1e6c,50c707ba0367f1badb02eb1b5c5a6c53a9dfe047cece3a9f3003687d121eac25,"In Alice's Wonderland, a secret bit manipulation rule transforms 8-bit binary numbers. The transformation involves operations like bit shifts, rotations, XOR, AND, OR, NOT, and possibly majority or choice functions.

Here are some examples of input -> output:
01100110 -> 00110011
00001010 -> 00000101
01001110 -> 00100111
01111010 -> 00111101
01000000 -> 00100000
11110010 -> 01111001
00111010 -> 00011101
01101111 -> 10110111

Now, determine the output for: 11101110"
0b3cf93f,bit_manipulation,2ce84fb5eee32138f38f17e153d40fc8e458ee029fc73bb706909c9286725e9e,146bd2380d200f87f833fabe4d53756530323166e2941a4fbda47165300a3b52,"In Alice's Wonderland, a secret bit manipulation rule transforms 8-bit binary numbers. The transformation involves operations like bit shifts, rotations, XOR, AND, OR, NOT, and possibly majority or choice functions.

Here are some examples of input -> output:
11111100 -> 00011111
00011110 -> 11001100
00010000 -> 10100000
00100011 -> 01011111
11011001 -> 01111100
10011011 -> 11101010
00110110 -> 11011101
11000111 -> 10110000
11001100 -> 11111110
11101001 -> 10011101

Now, determine the output for: 01101001"
0b404f15,bit_manipulation,a9c37e2fc1f092b3157eadff84c2226627e97bd713142372b632c151b3317943,eb07c8af2e13fc65deaa33fc1091cb7f48fab3963b996617fc9ec241b1751885,"In Alice's Wonderland, a secret bit manipulation rule transforms 8-bit binary numbers. The transformation involves operations like bit shifts, rotations, XOR, AND, OR, NOT, and possibly majority or choice functions.

Here are some examples of input -> output:
11101101 -> 11010110
00001101 -> 10000000
10100101 -> 01010000
01000101 -> 00000010
01111101 -> 10010010
01110101 -> 00010010
11101001 -> 10010100

Now, determine the output for: 10101000"
0b56b953,bit_manipulation,7cde78c6a24baae7f956c35044bb5dce8f546d7994f7ba1ea829a9422c3511ee,970dd1d0febd575d299f9fffb3a604100868e115fa95be7861123a790feb77eb,"In Alice's Wonderland, a secret bit manipulation rule transforms 8-bit binary numbers. The transformation involves operations like bit shifts, rotations, XOR, AND, OR, NOT, and possibly majority or choice functions.

Here are some examples of input -> output:
11011001 -> 11011110
01101101 -> 11111011
00001010 -> 11110000
01100000 -> 00000011
10111110 -> 11110101
10110101 -> 11111101
10101110 -> 11110101

Now, determine the output for: 10101000"
0ba9af93,bit_manipulation,97b4f46f2392dfd62f29bec9b6ad3428f8e0a6ad35e59c0e33e21738254dd3b8,1a2f43f632115e250a11a83cb5afaa6f3894d9d2f2eb13b00547d3ed6aafd6c3,"In Alice's Wonderland, a secret bit manipulation rule transforms 8-bit binary numbers. The transformation involves operations like bit shifts, rotations, XOR, AND, OR, NOT, and possibly majority or choice functions.

Here are some examples of input -> output:
11001111 -> 11111001
11100100 -> 11011100
10000010 -> 01110000
11100000 -> 00011100
01110100 -> 11001110
01010100 -> 11001010
11110110 -> 11111110
11111000 -> 10011111
01100111 -> 11111100

Now, determine the output for: 10110111"
0babcba2,equation_transform,b376a31097effad6b1957b6d5042fbef3e8158df70cc63a1a60eb291cec15a3e,def9d4f45b9ea07a1b5166bfadb0830cfbc53a0b21018d8f4d8437b186065f35,"In Alice's Wonderland, a secret set of transformation rules is applied to equations. Below are a few examples:
<!-|? = """"
<`%<| = ?)""
!\-?"" = ""/
`/%)` = `(""
Now, determine the result for: ((%\!"
0bc6e675,bit_manipulation,0e61897b6b5bc1345de3d7619eaaef662e860469fd8149745e532dcb0a450537,009fe8594c5960004648d312f6e4e0faaa50ef2ba4aa7c24df3006b1fdcb3a0c,"In Alice's Wonderland, a secret bit manipulation rule transforms 8-bit binary numbers. The transformation involves operations like bit shifts, rotations, XOR, AND, OR, NOT, and possibly majority or choice functions.

Here are some examples of input -> output:
10010111 -> 00110011
01010001 -> 00111010
01011101 -> 00001011
11011000 -> 10011111
10101010 -> 01010101
11000100 -> 11111100
01001100 -> 11001111
01110001 -> 10111110

Now, determine the output for: 11100110"
0bcffccd,equation_transform,96ceb163087e148cc1f28bcf6cf900cb5efc1c9c083c991ff9f5da91924063ae,cc13be7c204d65300841f4e9b7f0ab62bf41ab25e17fcdcf817bec3d2fb6d85d,"In Alice's Wonderland, a secret set of transformation rules is applied to equations. Below are a few examples:
61@52 = 3172
87`56 = 31
68@72 = 4896
54]53 = 108
Now, determine the result for: 44`54"
0c0683c3,equation_transform,e24cce0ee65957dc417a1c8356f0287649ceb31165d201af5f409759466b1305,15a03f0c4db55cff1fff62cc569640e01db7635ee9586e06718a8267b7223a2d,"In Alice's Wonderland, a secret set of transformation rules is applied to equations. Below are a few examples:
21-75 = 54
39-42 = 3
56-50 = 6
70-11 = 59
14-90 = 76
Now, determine the result for: 79""59"
0c0c6320,equation_transform,406f403e6a1aa4330c1f632c9917ac69eced9e77991bc89392de1a922602fbbd,4e1d9fcb6f56fcd4d05d85ab2eba090ced8c09be2733250380b446af6061774f,"In Alice's Wonderland, a secret set of transformation rules is applied to equations. Below are a few examples:
&:->} = [:
|!-!"" = \&
!\-[{ = -\>
&&-[} = >&
||+|} = !:[
Now, determine the result for: >!*|{"
0c1a09ce,bit_manipulation,7ac56e835ae80375e5e1a684cc0871975ab3ba493891457679d5a4bcdd64b56d,ee2d070454b97a57ed8d75a3106bf54ae8ffea7ecb4b217d6be593441e514b22,"In Alice's Wonderland, a secret bit manipulation rule transforms 8-bit binary numbers. The transformation involves operations like bit shifts, rotations, XOR, AND, OR, NOT, and possibly majority or choice functions.

Here are some examples of input -> output:
10011101 -> 10000000
00100000 -> 00000000
00000100 -> 00000000
00111001 -> 00000000
11011100 -> 10000000
11111101 -> 10000000
01010101 -> 00000000
01010000 -> 00000000
01000011 -> 00100000

Now, determine the output for: 00101111"
0c30f561,equation_transform,0798583166ce331eccbf480de8baeecbe7431588d3ce984bf7249a0ca71afab2,4f8d7f5b831b05ee2518972057651daabad5499cbb8a7b8afb9f595be87a009b,"In Alice's Wonderland, a secret set of transformation rules is applied to equations. Below are a few examples:
\#*<% = ]]\
>^*\> = \^%\
\>*]% = ^#`
]]*^% = `#^`
Now, determine the result for: ^]-^^"
0c671b98,bit_manipulation,4d0551765d193682a246341a43ca9c014b2ba18908752bcdb8d3c65ecca51257,b2eedfdf1f926c8bf1fcba04bfceb803a2ebc95436e8317804b56fce2587859a,"In Alice's Wonderland, a secret bit manipulation rule transforms 8-bit binary numbers. The transformation involves operations like bit shifts, rotations, XOR, AND, OR, NOT, and possibly majority or choice functions.

Here are some examples of input -> output:
11111111 -> 11111111
00011010 -> 10000110
10001111 -> 11100011
00100010 -> 10001000
00000000 -> 00000000
00000011 -> 11000000
11111100 -> 00111111
11111110 -> 10111111

Now, determine the output for: 00111000"
0c7acd69,bit_manipulation,29963c1814648cc424021056873fef1151b46b4695621a6d90ebbb66145d227d,ad7135dd7d26d21b97ceba58ece6a54ac65c80ba078badbb5dddcabb25155c95,"In Alice's Wonderland, a secret bit manipulation rule transforms 8-bit binary numbers. The transformation involves operations like bit shifts, rotations, XOR, AND, OR, NOT, and possibly majority or choice functions.

Here are some examples of input -> output:
00000111 -> 00001110
01101001 -> 11010010
11101110 -> 11011101
00100110 -> 01001100
11100111 -> 11001111
00101101 -> 01011010
00101111 -> 01011110
01110011 -> 11100110
11000010 -> 10000101
01110110 -> 11101100

Now, determine the output for: 11111010"
0c88a3dc,bit_manipulation,73a84c348fa2dec03a0713491384a02a281da61d44e5ccc389720d393c472228,c183f1d675a0421533184b975d12ac4ae89b7514c4c1f80c1a3b218d6bbfa3fa,"In Alice's Wonderland, a secret bit manipulation rule transforms 8-bit binary numbers. The transformation involves operations like bit shifts, rotations, XOR, AND, OR, NOT, and possibly majority or choice functions.

Here are some examples of input -> output:
00101111 -> 01011110
01010100 -> 10101001
00011101 -> 00111010
00101011 -> 01010110
10010010 -> 00100110
11111100 -> 11111011
00000101 -> 00001010
11011001 -> 10110001

Now, determine the output for: 01000101"
0c8a8a16,equation_transform,e93f93d1dcfb541e4fc594551aaf9984d773eaa721922e2a8e4ea13133c95976,6905cc407b6308d4e1576f499055da6eda8b4ba34c49714b30e6660921c28cd8,"In Alice's Wonderland, a secret set of transformation rules is applied to equations. Below are a few examples:
99<53 = 153
19<85 = 105
78<81 = 160
55{44 = 11
Now, determine the result for: 37{54"
0cb88778,bit_manipulation,393346dc7181782316cdc859dfd7608852c09a9a0eb7d5339649598ddb02f75a,9ce27d760359b6491ba04b3d2bdba5a06385a09b7eb837a1bcd8c9fdf7deb122,"In Alice's Wonderland, a secret bit manipulation rule transforms 8-bit binary numbers. The transformation involves operations like bit shifts, rotations, XOR, AND, OR, NOT, and possibly majority or choice functions.

Here are some examples of input -> output:
00101100 -> 10000101
00100100 -> 10000100
10110000 -> 00010110
11011111 -> 00111011
11010111 -> 00111010
11111101 -> 10111111
10010011 -> 00110010
01001001 -> 00101001
01000110 -> 01001000
10110010 -> 01010110

Now, determine the output for: 10000111"
0cd170a0,equation_transform,0f4a1a484c2f3a9383407e9b0cd59ba385f2b7781a7d9f41a9414512d999d890,9cc933376f85108fc391ad01dc57af9b2727535602416aa77991e072f4e19d0e,"In Alice's Wonderland, a secret set of transformation rules is applied to equations. Below are a few examples:
22:12 = 10
23:33 = :10
67^30 = 6730
71^79 = 7179
Now, determine the result for: 98^14"
0cdb0aae,equation_transform,d32631bc31e36b6e1bddd535047108034c3eafa91f85fca27b7e454693bb5c7c,99d49418ac93dfa40d02957a8517a9d2ace428587bf7c3472a79263d074dbc20,"In Alice's Wonderland, a secret set of transformation rules is applied to equations. Below are a few examples:
>:-^| = -:(
(?-^/ = -/?
|(->? = $$
^:+`^ = /(
:/+:` = $::
Now, determine the result for: :(+/$"
0ceac403,bit_manipulation,cbb9dc25962f06f1264cd810084b4cd5f61a839e27fb2f54934ef203dfffd30b,2ee49a524e4f3c11eb52fed179d29b3e6cfc18266e70dbc28c6d723f9aee4471,"In Alice's Wonderland, a secret bit manipulation rule transforms 8-bit binary numbers. The transformation involves operations like bit shifts, rotations, XOR, AND, OR, NOT, and possibly majority or choice functions.

Here are some examples of input -> output:
10000110 -> 11010000
10110001 -> 00110110
01001101 -> 10101001
00110011 -> 01100110
01110001 -> 00101110
10010010 -> 01010010
10100101 -> 10110100

Now, determine the output for: 00000101"
0cf301cf,equation_transform,5759123d6a1622d2fde49c34f7d0a48d6a71072fe1efe93f1f934565477b5aee,69a7fb3fec77fc7ed5ebe5ff5abbe9a4009d2af4a896ba637daf73fc7e4694e2,"In Alice's Wonderland, a secret set of transformation rules is applied to equations. Below are a few examples:
>{%'> = /<@/
/#`{> = `@>
<!`)# = )!
@/]/! = {:
Now, determine the result for: :#])<"
0cfc74d4,bit_manipulation,bb93d4b8956dd0da7428037519f122c630bbf4a342ed9b1d5d64e8bcfbedf14e,bde9f9c713f20bad4cc445d991f1f25baa03445ccd83a2992192a3c236d90ea5,"In Alice's Wonderland, a secret bit manipulation rule transforms 8-bit binary numbers. The transformation involves operations like bit shifts, rotations, XOR, AND, OR, NOT, and possibly majority or choice functions.

Here are some examples of input -> output:
00010110 -> 11000010
01010111 -> 01101010
11110011 -> 11111110
11111100 -> 10011111
00101010 -> 01000101
01001101 -> 00101001
01111011 -> 11101111

Now, determine the output for: 11000110"
0d2e94ff,equation_transform,21db5b613abde8f3d831818fa95ebb1e149c4e9b974b5bf375ca6e99a99e178c,597bd4249ac49dafeee49d003221f83803b2cea0f2ff57e3fe14703945d9b194,"In Alice's Wonderland, a secret set of transformation rules is applied to equations. Below are a few examples:
""}]}% = `^
<|]^< = }::
&&-&% = -}
%%?""} = &&%%
&`]}^ = ^%
Now, determine the result for: ^&]%@"
0d4b2baa,equation_transform,47a9cc784b0678cff69583140f113d4b21ee390b037f0b4e6c9b7371bc354550,05ea00cbac48e94245bfd2a064283f8f4ff8a94fe743831328d9b32631ebe621,"In Alice's Wonderland, a secret set of transformation rules is applied to equations. Below are a few examples:
:$-:[ = }
'}-|# = <|
:<*(} = :<(}
Now, determine the result for: :(*|#"
0d542478,equation_transform,023e1877c7626154d0c524d5f399a5574ba42066598289225fd93cb18349cb3c,189ffb473e5d63826141bfd01eb180fb6ad9181ed0cec11c259d2cae510e6254,"In Alice's Wonderland, a secret set of transformation rules is applied to equations. Below are a few examples:
$?""|/ = $
?]![/ = }}
?<*}? = }$??
Now, determine the result for: </!&{"
0d7aacfc,bit_manipulation,42604a4abb29082fc52f8892d3f9a65d166eff9eda207a901a1f9defa1f54e28,0049507e93a553f07aeb526bc9ac8982953ad607f2f172020edfbaa24c978866,"In Alice's Wonderland, a secret bit manipulation rule transforms 8-bit binary numbers. The transformation involves operations like bit shifts, rotations, XOR, AND, OR, NOT, and possibly majority or choice functions.

Here are some examples of input -> output:
11000000 -> 10110000
00010110 -> 00101001
11100001 -> 11111010
11110011 -> 11011010
11101011 -> 11101100
01101000 -> 11001010
00010101 -> 00101111
01010011 -> 10110010
11111101 -> 11000101
10101010 -> 01111110

Now, determine the output for: 10100100"
0da1841f,equation_transform,2128069d3d651a46bdb476add3c0ca30ff84556c55d910e24553715e86815e20,6e8262c1183703617c718a3ecd5768a3840b9e0d8aca70a88cd231462b2cb5bc,"In Alice's Wonderland, a secret set of transformation rules is applied to equations. Below are a few examples:
\/*!] = /)/#
!/*)/ = /)#(
!]-]] = -\""
(]-)] = -!""
Now, determine the result for: (\+#%"
0dcacfab,bit_manipulation,19bb2db8ce566376112d6860004791f916795dc35b976c5736491bb326df2ede,af33fc3d659f37a1bb6f7d15d74992bc900f648b1af06563d4ea12d0b221faf7,"In Alice's Wonderland, a secret bit manipulation rule transforms 8-bit binary numbers. The transformation involves operations like bit shifts, rotations, XOR, AND, OR, NOT, and possibly majority or choice functions.

Here are some examples of input -> output:
01011101 -> 10001011
00001000 -> 00000001
11100111 -> 10011100
10000010 -> 00010000
01010100 -> 00001010
11001110 -> 00011001
11010111 -> 10011010
11000000 -> 00011000
10010111 -> 10010010

Now, determine the output for: 11101001"
0dce4039,equation_transform,b2635b093574388dc69dc35447c3ffe1529962e5934a0238d7480a698c294dce,c91fcf0f6d8c89a57a15eb008b08420e8833e557b920e784a813819999bd5b88,"In Alice's Wonderland, a secret set of transformation rules is applied to equations. Below are a few examples:
@|^|` = `||
)'\#: = )'#:
/'-!@ = @`
Now, determine the result for: )!-#>"
0dcfd566,equation_transform,496992230ba31f1a5e1351c3dffcfbddaeec61da6ca60437b5e494b818a6154a,ad2e2d19e685aa3616fecdee8566f53be0163053fda32e79bb2c6385d2789f73,"In Alice's Wonderland, a secret set of transformation rules is applied to equations. Below are a few examples:
"")+\` = "")\`
\`-#"" = ?(
`{*(# = ?{){
(?+@@ = (?@@
Now, determine the result for: )@+\{"
0dd5caf4,bit_manipulation,028d9e793866c5b145eada276e5f7300fffccc361e175a8c4ab2aeb7c6582968,4a8f89e1e115b50afa26f4ff98398938039df0b3250a268e2c46be88b013ea19,"In Alice's Wonderland, a secret bit manipulation rule transforms 8-bit binary numbers. The transformation involves operations like bit shifts, rotations, XOR, AND, OR, NOT, and possibly majority or choice functions.

Here are some examples of input -> output:
00000110 -> 00000000
11100010 -> 00000001
00110101 -> 00101000
01100101 -> 00001000
11001011 -> 00010001
11010111 -> 10101001
01111010 -> 11010000
01001001 -> 00000000
01010001 -> 10000000

Now, determine the output for: 00100110"
0ddca8bf,bit_manipulation,baf227652ab5f57d22fc7c5b99e04a7d6953f75ac683e2c3e1c064c900b623a6,b77891a7c959975af67091ebc19dde22b6defd543ef9e59c92fddfdabf9439bf,"In Alice's Wonderland, a secret bit manipulation rule transforms 8-bit binary numbers. The transformation involves operations like bit shifts, rotations, XOR, AND, OR, NOT, and possibly majority or choice functions.

Here are some examples of input -> output:
01011110 -> 00000001
10010111 -> 00000010
11000100 -> 00000011
00100011 -> 00000000
11001111 -> 00000011
01110110 -> 00000001
11110011 -> 00000011

Now, determine the output for: 01000001"
0df82d52,equation_transform,9130c7a06254971dd666369c1c3bbc0d9c84c4e4522e2022b7ca86d2b446dc96,41090f24ee5fba5f7acba7156e9dbb27c605281e78e0e70c86733ce789d752bb,"In Alice's Wonderland, a secret set of transformation rules is applied to equations. Below are a few examples:
/]@}% = /]}%
%<@)! = %<)!
//'%` = )/?
?!')/ = ]#
]!""?/ = #
Now, determine the result for: /}""#`"
0df8306a,bit_manipulation,3e5cc89cc0f26a9863cab4b06b273e196c507fb8539f93566b3a895b0a9e4385,813e0946dfbfda17c34e422437fdd19ff876b033f438c391e7ee7357a93749f6,"In Alice's Wonderland, a secret bit manipulation rule transforms 8-bit binary numbers. The transformation involves operations like bit shifts, rotations, XOR, AND, OR, NOT, and possibly majority or choice functions.

Here are some examples of input -> output:
10111010 -> 11010000
00001001 -> 01001000
00000111 -> 00111000
00111011 -> 11011000
01111001 -> 11001001
10001000 -> 01000000
10101001 -> 01001000
10001110 -> 01110000

Now, determine the output for: 10010000"
0e2d6796,equation_transform,5c74458cced118894b85cde2056a314d2ab168cea7118a0c5d647f024ddd8826,c1ed14e2a662688ef92afdf6f70faa5c2ae7ccb42d044b5ef06b6ab9e3d5ab05,"In Alice's Wonderland, a secret set of transformation rules is applied to equations. Below are a few examples:
$'*'/ = '/$'
<)+$) = <$]
|)-\] = ``
!!+<) = ')]
Now, determine the result for: !)+'!"
0e3307ba,equation_transform,1e3bc21540cb557da20fdb76a7f459c91808efc169587e8ac4349b14ad13e8d0,b9b1743b747dd5ac3c33408e0032998305b5152eaa020616d0d528fb6ed147db,"In Alice's Wonderland, a secret set of transformation rules is applied to equations. Below are a few examples:
!|["""" = |:$
@<%@! = ||$/
<|^<"" = &
Now, determine the result for: $/^{|"
0e375364,equation_transform,aef559b6f7c74f92bd4a69d5357c1b966b622726142c39f959c6c1343c8aff2d,76c9f708e315343333e481413128c10bc7e4a6f8b236689cc632449fb76271f2,"In Alice's Wonderland, a secret set of transformation rules is applied to equations. Below are a few examples:
@""!"") = ?
}/{\\ = }?\'
%']/% = ?)
'@{%\ = @}??
Now, determine the result for: }${/@"
0e7a6920,bit_manipulation,2c4104b9532ae950537e8ee87e31d9d9bfcfd5e32a0b37dc6bbf34536d4b7dcb,27d9183cf19140de874254b0b95869546861e9d9c37e170fbe3a65c4d97a04df,"In Alice's Wonderland, a secret bit manipulation rule transforms 8-bit binary numbers. The transformation involves operations like bit shifts, rotations, XOR, AND, OR, NOT, and possibly majority or choice functions.

Here are some examples of input -> output:
10000010 -> 01001111
00001101 -> 11010100
01001110 -> 00011110
10111011 -> 11001101
01111101 -> 01001011
00010000 -> 01111011
10101000 -> 10010101
01100000 -> 11100111
10110101 -> 00111111

Now, determine the output for: 00100011"
0e7f299d,bit_manipulation,b5371ef9777961c65a1d71474d1c674b95e205a3a1a29cdc16d661d45e057c10,a8f3d6aac5ad01c3225e4dd271ca0bc9bb105eaf7abbbd4e5777adb49611d067,"In Alice's Wonderland, a secret bit manipulation rule transforms 8-bit binary numbers. The transformation involves operations like bit shifts, rotations, XOR, AND, OR, NOT, and possibly majority or choice functions.

Here are some examples of input -> output:
01010110 -> 01100101
01101111 -> 11110111
10000010 -> 00101010
10011011 -> 10111011
00000110 -> 01100000
01010000 -> 00000101
01110110 -> 01100111
00010011 -> 00110001

Now, determine the output for: 00100101"
0ec17d2e,bit_manipulation,d89efd8923edb1752aed0db636be667747c9c54bd6b4faa5b86fb2e0d536db39,b4a50bb13cfbea7e489a94b8febe1530d47d6a8aaaca31631f688d4c80fd3690,"In Alice's Wonderland, a secret bit manipulation rule transforms 8-bit binary numbers. The transformation involves operations like bit shifts, rotations, XOR, AND, OR, NOT, and possibly majority or choice functions.

Here are some examples of input -> output:
11001101 -> 01111110
01101011 -> 11010111
00011101 -> 01011111
01100100 -> 00111110
00110111 -> 01001011
01000101 -> 10111010
11001000 -> 01111100

Now, determine the output for: 10011111"
0f01cece,equation_transform,ab0610591f4f535edc4bfa53042b29434251429e9c5e137815711570510ed8a9,5d7ae6699ce83d79b7b4626d27780e1aa2de6cd91066e93692b853ad91cb6b8e,"In Alice's Wonderland, a secret set of transformation rules is applied to equations. Below are a few examples:
@%+`` = :^(
`:+`{ = :?{
(:*}% = (:}%
Now, determine the result for: :@+`\"
0f0536de,equation_transform,a97054c1e6dd666df43dc14578984b768b618c922eedec46d86d06c61bcc5d1a,e12a7731470cc504bf18748c1b60dfbf39b626559e00be1a480f2b3c7656221a,"In Alice's Wonderland, a secret set of transformation rules is applied to equations. Below are a few examples:
39#74 = #35
42#56 = #14
16}14 = 225
64#42 = 22
93#57 = 36
Now, determine the result for: 25}95"
0f0e199c,bit_manipulation,a37929e8d3d7ba35de827f86ce9e1457d1af5e84a95cefa99d4f3435343b5eb2,7c2cc99af09239f59770569e601e66150ba706ec15c87e8df7e335d27eea3d88,"In Alice's Wonderland, a secret bit manipulation rule transforms 8-bit binary numbers. The transformation involves operations like bit shifts, rotations, XOR, AND, OR, NOT, and possibly majority or choice functions.

Here are some examples of input -> output:
01000001 -> 00001110
00000110 -> 00101000
10101010 -> 11111101
01101001 -> 11101111
10100100 -> 10110101
01001100 -> 01010010
11100010 -> 10011111
01010111 -> 11100110
00000011 -> 00010100

Now, determine the output for: 11111110"
0f1bc0ff,bit_manipulation,aa7847f4e88e41d2f92e0facd2e2630fd701fb3c73fa926bb8cb2fb4a29b0874,cd82586ab620c37e5e091f9e56e341fa32184dfbee806364a87294875c328204,"In Alice's Wonderland, a secret bit manipulation rule transforms 8-bit binary numbers. The transformation involves operations like bit shifts, rotations, XOR, AND, OR, NOT, and possibly majority or choice functions.

Here are some examples of input -> output:
00100100 -> 01000001
11010110 -> 01100110
10101101 -> 11010101
00100101 -> 01010001
10011111 -> 11110100
00111101 -> 11010001
00100000 -> 00000001
00110010 -> 00100001

Now, determine the output for: 10010110"
0f56374e,bit_manipulation,181b50b22cd9d3e75cbac388e47199404a9cd1798bd8159a82731f07991d6cc1,68537498d13e1c3c8a3979361419d668351d4f0bb3f1a45bcc9179758c113b0a,"In Alice's Wonderland, a secret bit manipulation rule transforms 8-bit binary numbers. The transformation involves operations like bit shifts, rotations, XOR, AND, OR, NOT, and possibly majority or choice functions.

Here are some examples of input -> output:
00110011 -> 10101010
10010001 -> 11000101
01111111 -> 11110110
11011100 -> 10001011
11001101 -> 10111001
11111000 -> 10000001
11001110 -> 10001111
11100011 -> 00000111
00100110 -> 11010001

Now, determine the output for: 11011110"
0f6436da,equation_transform,94416fed740bd2f5567686358e34db8aba79d56e15cb752ea0a06f7e3c77eac7,b9e9a7ddc422811797e69a6d4fba32f43b18ecaf15a7dc26efcb9af0609a87c4,"In Alice's Wonderland, a secret set of transformation rules is applied to equations. Below are a few examples:
>#+>| = #%
%?+$< = >|$
|/^%| = |/%|
%?+'# = >#/
Now, determine the result for: '>+>$"
0f7be6a8,bit_manipulation,f579efe4ba35d68a1ebe521b32096bc58a09842b8ded775dbe858c58cbfa81c0,856d52431b1cc09a5e3141a4dc0e158c0841c291598fa6d0a44c48a7d1bdacfb,"In Alice's Wonderland, a secret bit manipulation rule transforms 8-bit binary numbers. The transformation involves operations like bit shifts, rotations, XOR, AND, OR, NOT, and possibly majority or choice functions.

Here are some examples of input -> output:
10011011 -> 01001101
10100111 -> 01010011
00011101 -> 00001110
00111101 -> 00011110
00111010 -> 00011101
11011011 -> 01101101
01011100 -> 00101110
00001110 -> 00000111

Now, determine the output for: 10000001"
0f8452df,equation_transform,867864fdbb261e1c30eeeac2b8e5fda15d3503ae2d6f74ab89061e635cb42b1c,e2c718d202b43f6b982c04c7908272e425aab2218f116993bd01a336d15268d0,"In Alice's Wonderland, a secret set of transformation rules is applied to equations. Below are a few examples:
42$62 = $20
57@27 = 1539
66@48 = 3168
Now, determine the result for: 90:68"
0f8fe647,bit_manipulation,5961a0d9837da1c7dcdd01261f23761991b8a31a960a6227e15bc5169114a999,98ed743befc70981f967c8c818d3b4e4d405d5ef08a0e865672ee1680029b972,"In Alice's Wonderland, a secret bit manipulation rule transforms 8-bit binary numbers. The transformation involves operations like bit shifts, rotations, XOR, AND, OR, NOT, and possibly majority or choice functions.

Here are some examples of input -> output:
01000000 -> 11101111
10011111 -> 11100001
00111000 -> 00110001
11110110 -> 11110011
11100001 -> 10001111
11011000 -> 00001001
10011101 -> 01110001
11011111 -> 11110001
01010001 -> 00100011

Now, determine the output for: 01101010"
0fcf912a,equation_transform,0adae2f1238c73e0a2472cfcfb50618cb073bc4a57cd22dfa5be48e07575c237,834f89107cede4d2f3ca4d02786978cb262f15377843b043bd8e90ec95dce348,"In Alice's Wonderland, a secret set of transformation rules is applied to equations. Below are a few examples:
|>""&! = ?>:
&|"":{ = ?!?
&{""// = ??#
&!""># = ?(?
Now, determine the result for: |#^&!"
100e280a,bit_manipulation,2744848862ec3064d565abff7b69720d2bbf20f7eba330a2ed6b1536ace7fbb4,055d1a80d90daf0ec7fed709bf9f476be3ffc0d8fd1ad6ca4b138e96f55755ee,"In Alice's Wonderland, a secret bit manipulation rule transforms 8-bit binary numbers. The transformation involves operations like bit shifts, rotations, XOR, AND, OR, NOT, and possibly majority or choice functions.

Here are some examples of input -> output:
10000010 -> 00011000
00101100 -> 10110101
01011110 -> 01110011
11110111 -> 11000010
10101100 -> 10100101
10000111 -> 00001100
01111000 -> 11101111
11001100 -> 00101001
10111111 -> 11101011
10001101 -> 00100101

Now, determine the output for: 01011010"
101410e4,bit_manipulation,d006bc6d1e749db2f4dbd1cbf426796a73d4623eab077e96fde901080199cc36,01c671ae63a0c8436f08fbe701f3a14b6d5d35d32261584deb3086fd4f34bc43,"In Alice's Wonderland, a secret bit manipulation rule transforms 8-bit binary numbers. The transformation involves operations like bit shifts, rotations, XOR, AND, OR, NOT, and possibly majority or choice functions.

Here are some examples of input -> output:
00010101 -> 10000011
01100011 -> 10111001
11000101 -> 01111000
00011010 -> 10100011
01010110 -> 00000011
11010001 -> 00011010
10100010 -> 00110110
00111111 -> 01111011
11000011 -> 01111100
01110101 -> 11001111

Now, determine the output for: 01101001"
1019ee55,equation_transform,277b93f7e3e3b3f2c8d1db19fd97d1f9ec84dc90ecb13f034634fcf792b265a8,44c682ed4521a54a49e97113f2ef62e0582d65cc929ef86bd92250befbb2d33e,"In Alice's Wonderland, a secret set of transformation rules is applied to equations. Below are a few examples:
97]07 = 1355
31^75 = ^44
33^72 = 6
Now, determine the result for: 54]85"
101e6f80,bit_manipulation,38d2e2ff65f6e265cf2dc96ec307579fd59aa91e65c8d6bbb1b02a606a8bfc8c,b56c45869cde93c733aa6f42ba502eafe0d6524cea6e0e5ecbf99a77b7e54497,"In Alice's Wonderland, a secret bit manipulation rule transforms 8-bit binary numbers. The transformation involves operations like bit shifts, rotations, XOR, AND, OR, NOT, and possibly majority or choice functions.

Here are some examples of input -> output:
01011110 -> 11000011
01111111 -> 11000001
00010100 -> 11010111
00000001 -> 10111101
01110110 -> 10010011
10111111 -> 01000010
01000100 -> 01110111
01001010 -> 11101011
11100101 -> 01110111

Now, determine the output for: 01101111"
104dc8aa,bit_manipulation,2044cfd5e28beb1adc110826eb71c30b2725f0f7dc43ff16c1f84ee011b6eba8,9b0afc7e1daa25bd0130c81e0c7315be9e2bc6ebf5b93838e53d966dad0eebd1,"In Alice's Wonderland, a secret bit manipulation rule transforms 8-bit binary numbers. The transformation involves operations like bit shifts, rotations, XOR, AND, OR, NOT, and possibly majority or choice functions.

Here are some examples of input -> output:
01101101 -> 00000011
10110110 -> 00000101
10000000 -> 00000100
00010100 -> 00000000
01010011 -> 00000010
00111110 -> 00000001
11100101 -> 00000111

Now, determine the output for: 01001100"
1054486f,bit_manipulation,c795c6cefe157955fbd3f0455518c4643695fe931148adefd32121ac4556a704,a803c68740c7c676e690158d30b0dcc1428dd8f7affeb4563190c844a197d430,"In Alice's Wonderland, a secret bit manipulation rule transforms 8-bit binary numbers. The transformation involves operations like bit shifts, rotations, XOR, AND, OR, NOT, and possibly majority or choice functions.

Here are some examples of input -> output:
00111000 -> 00000111
11100100 -> 10011100
00100111 -> 11100100
00000001 -> 00100000
00011011 -> 01100011
01101110 -> 11001101
01111001 -> 00101111
00011010 -> 01000011
01101000 -> 00001101
11001001 -> 00111001

Now, determine the output for: 11110100"
10552d46,equation_transform,88a5784d09332fcdadeddc0d9e9c99c66dc23870f65887238e20d3b5788cd763,d8b6a1735e8d4ad62f545e5462d3dedaabc09a6a9867a76481db4d8902c6228e,"In Alice's Wonderland, a secret set of transformation rules is applied to equations. Below are a few examples:
:`+}? = :`}?
'#*#} = #$?#
?#-$` = ?`
}#-(` = ?#
Now, determine the result for: (?-:("
105c8b72,bit_manipulation,ce91448744c2485d4b1fe336c214254e25a8ff339b034890777f20c48652e116,d0c49940e16d24e531b80fd505127b193691f87dd24034d891da1649d99aa875,"In Alice's Wonderland, a secret bit manipulation rule transforms 8-bit binary numbers. The transformation involves operations like bit shifts, rotations, XOR, AND, OR, NOT, and possibly majority or choice functions.

Here are some examples of input -> output:
10011010 -> 11100100
10010101 -> 00010011
00110111 -> 01101000
01101001 -> 10100010
11000010 -> 01001101
01011111 -> 11011010
11101010 -> 11011011

Now, determine the output for: 11110101"
106aeb25,bit_manipulation,78bb4ca8a7b4facf390b7a8e8540b9f41f8d2b2e637e96ea2b0aea5ae3d8c794,7ced6f1e76b714c5e71da7038d4b01cee85a15a471e83582ad31ed74ae085b33,"In Alice's Wonderland, a secret bit manipulation rule transforms 8-bit binary numbers. The transformation involves operations like bit shifts, rotations, XOR, AND, OR, NOT, and possibly majority or choice functions.

Here are some examples of input -> output:
01111011 -> 01100000
00000110 -> 11000000
01101110 -> 11000000
00110000 -> 00000000
11000010 -> 01000001
11001010 -> 01000001
10101000 -> 00000001
00010110 -> 11000000
11000111 -> 11100001

Now, determine the output for: 10100100"
107badb0,bit_manipulation,7319a5336cc6834ced0ac2cea612e2843224a96f701474e523ef96bfba0f2745,a43143f6d64055294df319748c9152bb557a44bdc7450a25a21c2f1c6369d261,"In Alice's Wonderland, a secret bit manipulation rule transforms 8-bit binary numbers. The transformation involves operations like bit shifts, rotations, XOR, AND, OR, NOT, and possibly majority or choice functions.

Here are some examples of input -> output:
00000011 -> 00000000
00001101 -> 00001000
10001011 -> 00010001
11101111 -> 01011101
11011010 -> 10010001
10010100 -> 00100000
01110010 -> 10000100

Now, determine the output for: 01011000"
108067c3,equation_transform,18d2ac9f142ff0373cc36ea39752a8a38fd0d129a544d0d1e9b8d2da31510599,4fcab713d94bcc6147b7921650b9ca708bb36f9960491c96143fec5b1a632f1e,"In Alice's Wonderland, a secret set of transformation rules is applied to equations. Below are a few examples:
<\|[$ = $:[
\)#$' = <[<
{'#{` = <'`
{)#`) = $<{[
$\]@@ = )<
Now, determine the result for: ['|<)"
108e69ef,bit_manipulation,4b39e22b1c288988db04802511be607afe492c990e279403fb5a234116368d5f,e255fa2ef2a03fcabd0fae87ff90bf7cad4ad5e4f6832ee494624594e891a38a,"In Alice's Wonderland, a secret bit manipulation rule transforms 8-bit binary numbers. The transformation involves operations like bit shifts, rotations, XOR, AND, OR, NOT, and possibly majority or choice functions.

Here are some examples of input -> output:
10100001 -> 00111011
10000111 -> 11101111
01100100 -> 10111111
10011100 -> 10010111
11011101 -> 00000101
01010111 -> 00011001
00111001 -> 01101111
11011011 -> 00010000

Now, determine the output for: 01110100"
10a94678,equation_transform,184271a030cfc5246b9a4f5f1fca02c40747b37fc39452c6231a3c3cd8cb3880,b5d0545bb511512e70422ed4c840e2738d6660fe0680d99b036a5b8ee9feba4a,"In Alice's Wonderland, a secret set of transformation rules is applied to equations. Below are a few examples:
}<+<< = <<}<
<}-}} = $
""(*!) = ""><$
$(+!! = !!$(
Now, determine the result for: "">*)\"
10b71e8a,equation_transform,0eff85ab1efcc33a6160ec8b19b4f8cb5700464b60fe36a57dae4c02f74d6b6b,c9e505437e67e9a37e29497a346692d52c0c266580914224dc20e10c1e8e293b,"In Alice's Wonderland, a secret set of transformation rules is applied to equations. Below are a few examples:
>^*?& = >^?&
&>-\: = -&#
]#-\& = -#:
@:+\? = #&}
Now, determine the result for: ]?+>?"
10d29630,bit_manipulation,9ef2876c6f534979bd542e6ca7a36b26993edcd0e032f83ba5b8623c16c187e7,b8dc912a5067abfc8789ddd075f70fe0e5b809e7fc7e724db31eb9335e7f69cb,"In Alice's Wonderland, a secret bit manipulation rule transforms 8-bit binary numbers. The transformation involves operations like bit shifts, rotations, XOR, AND, OR, NOT, and possibly majority or choice functions.

Here are some examples of input -> output:
10011010 -> 00101010
00011011 -> 00001100
00100111 -> 01111100
00001010 -> 01101000
10110101 -> 01110110
00101111 -> 01011100
00010110 -> 10011000
00011111 -> 10011100
10010100 -> 11010010
01110111 -> 00111101

Now, determine the output for: 01100010"
10d7bd1b,equation_transform,4b1a226398bd8293c277b46826cd4e921b93e6b35baf3d5619b47066a9df405a,47cfba0bf2689e8640c0c73a08027360a1878804466520f994046a69d8ee3b8f,"In Alice's Wonderland, a secret set of transformation rules is applied to equations. Below are a few examples:
02+39 = 311
38-25 = 13
43-96 = -53
Now, determine the result for: 59-81"
10dfe5c5,bit_manipulation,7bd7594e42654b29508f9ede0d584a4b0c1ec8afc2254ecea60c6ff2e6768607,f24da5d3e340206586317c66c5f170a9df5836b33a6feec0a7f57657731052d7,"In Alice's Wonderland, a secret bit manipulation rule transforms 8-bit binary numbers. The transformation involves operations like bit shifts, rotations, XOR, AND, OR, NOT, and possibly majority or choice functions.

Here are some examples of input -> output:
00001110 -> 00100000
01110011 -> 00000000
11010101 -> 01010000
01001100 -> 00000000
00101110 -> 10100000
11100100 -> 00000000
01111011 -> 10100000
00110000 -> 00000000
01000100 -> 00000000
01011110 -> 01100000

Now, determine the output for: 00101011"
10fdae00,equation_transform,6aea063dc976a532f6e5c5f19c1484dd515a2824ec08d87214bc9656ab6a51d1,04278006730b5263c51699013952e7b59cb17e55b00f02964aaeb22a0181325a,"In Alice's Wonderland, a secret set of transformation rules is applied to equations. Below are a few examples:
64*81 = 928
95+95 = 911
97-03 = 94
Now, determine the result for: 52-99"
10ff9431,equation_transform,9e5516673e36f692674cb82cbebf0a1ebab2203cd5571a95f8f11f5a779c1077,27f4c19ae79d862e65c61ba01e671f6631ba86a2a0a38f57ee150ac8f860db64,"In Alice's Wonderland, a secret set of transformation rules is applied to equations. Below are a few examples:
47""28 = 8606
16%05 = 111
12%08 = 101
79""05 = 0584
73+76 = 03
Now, determine the result for: 02""68"
111296b0,bit_manipulation,1f6e03a4891f79d659dd49486ea2c016e84d308a611d03d6574c447518fc4a69,b4973754976c433be437d0d2c14af34d0cd56ca29dff2f81435f8972f027f820,"In Alice's Wonderland, a secret bit manipulation rule transforms 8-bit binary numbers. The transformation involves operations like bit shifts, rotations, XOR, AND, OR, NOT, and possibly majority or choice functions.

Here are some examples of input -> output:
10001110 -> 10001011
00100111 -> 01000110
00010001 -> 11110111
11001011 -> 00100001
10001011 -> 00100011
01100011 -> 01100100
00000010 -> 11101111
11011100 -> 00011001
11101100 -> 10011001
01001001 -> 00110101

Now, determine the output for: 01010110"
111e3b8e,equation_transform,ff22da15b09cebf0c8f25c43b4fe51c001edee7941708f39641959e1dde5da1d,935ba468a6ab836585dfe04fedc447408a18570abf57261d22eb75aafbb4a932,"In Alice's Wonderland, a secret set of transformation rules is applied to equations. Below are a few examples:
12*47 = 563
63^39 = 101
93*87 = 8090
49*91 = 4458
39""13 = 26
Now, determine the result for: 32^10"
1126e314,bit_manipulation,aa380ef74ccf36b09b426ad0910d4d39fca6eb056dfe60dfa695667007b89d6c,b998920a82700c0022094c0ca1515f9da3512be863e1f1d21977a0facb2fcbc8,"In Alice's Wonderland, a secret bit manipulation rule transforms 8-bit binary numbers. The transformation involves operations like bit shifts, rotations, XOR, AND, OR, NOT, and possibly majority or choice functions.

Here are some examples of input -> output:
11110010 -> 11101001
11100100 -> 11010000
10111101 -> 01111110
01100001 -> 10000000
10110110 -> 01011001
10101110 -> 01011101
00111011 -> 01111100

Now, determine the output for: 10010011"
114a41e3,bit_manipulation,075a176b43e3a4c38babd22289eeb387f31f346338aade1528f573e3bf88b495,85980c22dba048c649e776edf4679b2a46b47dca92f655764dddc56e2622eb77,"In Alice's Wonderland, a secret bit manipulation rule transforms 8-bit binary numbers. The transformation involves operations like bit shifts, rotations, XOR, AND, OR, NOT, and possibly majority or choice functions.

Here are some examples of input -> output:
11100001 -> 00011000
10000010 -> 01100000
00000111 -> 11100001
11000001 -> 00010000
00110000 -> 00001100
01101000 -> 00011010
00111110 -> 11001111
01111110 -> 11011111
11101110 -> 11111011

Now, determine the output for: 01100111"
114a8d85,equation_transform,bb9bc10343219cc14afaf22c477c2319b6f53b7f7f3094aa79a94f6d77895575,dfacd8784112b47a449290c30a8e6c5221e6003db0098565d6302a9fcb0d7f14,"In Alice's Wonderland, a secret set of transformation rules is applied to equations. Below are a few examples:
83>82 = 66
26>97 = 141
71>89 = 511
49-07 = 0856
Now, determine the result for: 48>83"
1153ce4a,equation_transform,ed1d7c0e96e21e4a23b9761737f6f06f3c14463cc28df9b38d4322b7dfd44d02,3368e869b676f87c09d6ab4e94b4de82d4be0cc5dbd2d737b7fb0040bc26c815,"In Alice's Wonderland, a secret set of transformation rules is applied to equations. Below are a few examples:
]|*$$ = >""""|
@(*$| = @)\|
$)+|"" = \\>
""@-"""" = -\|
\>*`$ = ]""$
Now, determine the result for: >`+\`"
117b4e53,bit_manipulation,14ebd6fc127663c92a996cd155233decc72c4f8b4b58075eec6ddd824efadd58,e75bbf6f254cbfa31b76bd4513ce0935441c164bd7919fd316bdabe90f13693e,"In Alice's Wonderland, a secret bit manipulation rule transforms 8-bit binary numbers. The transformation involves operations like bit shifts, rotations, XOR, AND, OR, NOT, and possibly majority or choice functions.

Here are some examples of input -> output:
10100111 -> 10000010
01010011 -> 10000001
01011111 -> 10000101
10110101 -> 10001010
10110000 -> 00001000
11100000 -> 00000000
00000101 -> 10000000
10101010 -> 00000000
01100111 -> 10000010

Now, determine the output for: 00110000"
118889da,equation_transform,7c51454e43fcb0c9a630722de29540af5835fdefd6d79bdaadd5f945bf9d57d2,f863b156ad50aec96e7ddda42365f35a337407db4665641b7418f372d2e41eb7,"In Alice's Wonderland, a secret set of transformation rules is applied to equations. Below are a few examples:
47{42 = 5
30[47 = 3047
46{33 = 13
79{56 = 23
Now, determine the result for: 66{56"
118b6643,bit_manipulation,2a1201edbe0a8a16909291901157a1ab9c92fe73315ae2e159858453430d7758,8a7c4c15c25016bf0dd5807f2e2286cecb21d3b981b1b4c48c1ba6d7ef399113,"In Alice's Wonderland, a secret bit manipulation rule transforms 8-bit binary numbers. The transformation involves operations like bit shifts, rotations, XOR, AND, OR, NOT, and possibly majority or choice functions.

Here are some examples of input -> output:
10111100 -> 00000101
01010100 -> 00000010
00101000 -> 00000001
01100010 -> 10000011
01101101 -> 01000011
10110110 -> 10000101
10010011 -> 11000100
11001110 -> 10000110
11011000 -> 00000110
00111100 -> 00000001

Now, determine the output for: 10011000"
118f8c86,equation_transform,6df356539c83cffe15e61f5f435987614f51ba74f552ae21170667f4d9ab94fe,d41c35f76b7981b3ba9025ee8fa2874e7bec30b5665f30c5a5e0acaf8cf32179,"In Alice's Wonderland, a secret set of transformation rules is applied to equations. Below are a few examples:
78?29 = 106
18}50 = }32
65}48 = 17
79?53 = 131
41-14 = 573
Now, determine the result for: 50}49"
11e77bf9,equation_transform,cfac707932c7a22c44a95b5c80425a0b7efe85c8332709613a72b4b0abb3e940,ac853549a34e5275db9a7ae8d7efbcfb57bfc390d8f1d55b0ae3c8b1989fbd49,"In Alice's Wonderland, a secret set of transformation rules is applied to equations. Below are a few examples:
:!*\& = '\^&
\#*@& = %#%:
@#+%: = #'
\@-:% = !:
Now, determine the result for: :!-&@"
11f62c83,equation_transform,7359fc6b4a9bb64e9f3de4ef647be39bb6ce6fef35f9839bf9c4e2ce0c12b3ab,ffd7583b7095b81df05bb6dcc0f3120d9c5946b033fe1813a6ad7ee1e1e50a16,"In Alice's Wonderland, a secret set of transformation rules is applied to equations. Below are a few examples:
11<18 = 198
93<35 = 7602
86$91 = 78
Now, determine the result for: 98$07"
11fee43b,equation_transform,b0b0348be080dc150ccdbd4c2e2a5a83bb0f67ee171e825caae0be236740869b,9ee5898db7c81c5c30febc5b722f2d8eea911fda8fa706b075f7dd98fca97754,"In Alice's Wonderland, a secret set of transformation rules is applied to equations. Below are a few examples:
@]*?} = [?'""
'?-]"" = -&
[/+&/ = ""/
@]+[? = '/
[[-&' = -?]
Now, determine the result for: &/*'&"
12154247,bit_manipulation,70732970acbc3ff0fafb46bd5e8cdd7487eea099487973214eb65cc22052f05a,e6820d64993de1edacf8b54227d85144b2405853768b6f903e2486ac34dce966,"In Alice's Wonderland, a secret bit manipulation rule transforms 8-bit binary numbers. The transformation involves operations like bit shifts, rotations, XOR, AND, OR, NOT, and possibly majority or choice functions.

Here are some examples of input -> output:
11101101 -> 11000010
00100001 -> 01011111
01101100 -> 11110110
10111010 -> 00011101
00010001 -> 10011001
10101000 -> 01011110
10100111 -> 11000111
01010111 -> 01100011
00000111 -> 00000011
11110110 -> 10100011

Now, determine the output for: 00010000"
1249ddb4,bit_manipulation,04232935fd5c2812a5a517f176b6167f4e0f7d1fff71f66dc7e8a840f6abb1a2,a610611e6677a532236d3b461b81ea8da1e2455459617ec444495e3d70551f60,"In Alice's Wonderland, a secret bit manipulation rule transforms 8-bit binary numbers. The transformation involves operations like bit shifts, rotations, XOR, AND, OR, NOT, and possibly majority or choice functions.

Here are some examples of input -> output:
01000101 -> 00011100
00101011 -> 10101001
00101111 -> 10111001
11011010 -> 01110011
11010111 -> 01000110
11011000 -> 01111011
11100011 -> 10010000
10100101 -> 10000000
01000110 -> 00010000

Now, determine the output for: 01101001"
124bc762,bit_manipulation,a7fb6ec585ce29023db1cc0d13b99a72a38087fb203432a351ed8866b5d205bd,1a377fa0eb95bd5776262bf2e989bfb08cc614f1721996afb2a1b0c4369f51c5,"In Alice's Wonderland, a secret bit manipulation rule transforms 8-bit binary numbers. The transformation involves operations like bit shifts, rotations, XOR, AND, OR, NOT, and possibly majority or choice functions.

Here are some examples of input -> output:
11101000 -> 00000011
01010001 -> 00100001
11001101 -> 10100011
01001100 -> 10000001
01010100 -> 10000001
11010100 -> 10000011
01011001 -> 00100001

Now, determine the output for: 10010111"
124db55f,equation_transform,499ea832d56880ffa37049e94dbc30c6f36487f8a51f76687549ecc73ea20ff0,a9512614178db7ef9f689e07e055b7a6dd5de1b4de7309c6ba6195242d67c003,"In Alice's Wonderland, a secret set of transformation rules is applied to equations. Below are a few examples:
93!69 = 24
10!94 = 4
48!60 = 12
47!24 = 23
75!17 = 7
Now, determine the result for: 44{47"
12734c90,equation_transform,2949fcd4293f22958f8fa3dcc000969ae148363ca69252a22e9e644be3fb0308,c72bbcbb8c1049a74c39637a98f769ff094fbf2d1c7a38bccdc4ceab4d554246,"In Alice's Wonderland, a secret set of transformation rules is applied to equations. Below are a few examples:
#'%#> = ]\&]
{[*(# = >
]#%{@ = {#\#
''/'] = ][\
Now, determine the result for: #'%@]"
12897b38,bit_manipulation,75d723765dac444df871c2abd770cdecb692a64a3c8796d83e6bcc57876f861b,86c0ac7592696c42385835467d890a63cc9a43dbeffc772c9dcdd1c86f2e5f2c,"In Alice's Wonderland, a secret bit manipulation rule transforms 8-bit binary numbers. The transformation involves operations like bit shifts, rotations, XOR, AND, OR, NOT, and possibly majority or choice functions.

Here are some examples of input -> output:
11010010 -> 01011010
10110101 -> 00110110
11011000 -> 00011011
00011010 -> 01000011
10010011 -> 01110010
10011111 -> 01110011
10110100 -> 10010110

Now, determine the output for: 00110101"
1298c980,bit_manipulation,933ed798d7df87b7ef76bc0c6162d330c44810d8dd299f1b5b4df975311d94e2,28f46181a73f79176787a695af46bf1f591d9863f6480ad8e4814a848fd28316,"In Alice's Wonderland, a secret bit manipulation rule transforms 8-bit binary numbers. The transformation involves operations like bit shifts, rotations, XOR, AND, OR, NOT, and possibly majority or choice functions.

Here are some examples of input -> output:
11101000 -> 00001110
10110011 -> 00011011
00000011 -> 00010000
00011111 -> 11110001
00100111 -> 00110010
00111010 -> 10000011
00100101 -> 00000010
00110100 -> 00000011

Now, determine the output for: 10101011"
129d29e1,bit_manipulation,92e31dcb152a5fc8004f4b33db4a4164401790ffecbc6a025af55e9b3b605012,bafd8ef0000417834b8d6194b5ab0a506ec8871a6f3f257b2a38418bf0935de6,"In Alice's Wonderland, a secret bit manipulation rule transforms 8-bit binary numbers. The transformation involves operations like bit shifts, rotations, XOR, AND, OR, NOT, and possibly majority or choice functions.

Here are some examples of input -> output:
00111110 -> 10111100
01100010 -> 10000100
11100111 -> 00101111
11001011 -> 11110111
00000000 -> 00000000
11111111 -> 00011111
00011010 -> 01110100
10100110 -> 10001101

Now, determine the output for: 00010011"
12d4a2df,equation_transform,7bfe542a418e4d83e2fe3a55dfd1750b576520b0e8731052e0a19ca6562c9568,e78c4a5335fbb2ce4e72fcf2a9275070c4bb0a8285de9eb365cffdc0229d444c,"In Alice's Wonderland, a secret set of transformation rules is applied to equations. Below are a few examples:
27-99 = -72
72+71 = 7172
81*83 = 486
86*15 = 8643
Now, determine the result for: 68-08"
12fd5b6c,bit_manipulation,0d1a9a081676f6393bcba87d97c13639b6dde971873723de00441f6b540d8583,cf0ade592324724ae0e69fd3e148ec392c2efb5de3ff379b7144f68c824463f8,"In Alice's Wonderland, a secret bit manipulation rule transforms 8-bit binary numbers. The transformation involves operations like bit shifts, rotations, XOR, AND, OR, NOT, and possibly majority or choice functions.

Here are some examples of input -> output:
11011011 -> 11101101
01000000 -> 11110111
10000001 -> 11001011
00010011 -> 11010001
11100110 -> 10111111
00001011 -> 10110010
10000111 -> 00011011

Now, determine the output for: 00100101"
13009e35,bit_manipulation,20b046c967447af42133a29f46867111ede8d4344522626849cee7d49d0cf3d6,e264d62d87310fe49a554cd2f6aeb53063bad214d1d5b910e8a95b4cc24e8aaf,"In Alice's Wonderland, a secret bit manipulation rule transforms 8-bit binary numbers. The transformation involves operations like bit shifts, rotations, XOR, AND, OR, NOT, and possibly majority or choice functions.

Here are some examples of input -> output:
00101010 -> 10101000
10000000 -> 00000010
11001011 -> 10111111
10010101 -> 01010110
01001010 -> 10101001
10010110 -> 01111010
00000001 -> 00010100
00110001 -> 11010100
11010011 -> 01111111
00111010 -> 11101000

Now, determine the output for: 11100110"
130a5dff,bit_manipulation,bf0c1dcd35e6fc8de393cb233d3618fe8f6ed0cdf178df565e98f6cbd1110503,170d8f65000504d3014458fa03817edf97dd7351611e13af798f19c145b4584a,"In Alice's Wonderland, a secret bit manipulation rule transforms 8-bit binary numbers. The transformation involves operations like bit shifts, rotations, XOR, AND, OR, NOT, and possibly majority or choice functions.

Here are some examples of input -> output:
10000000 -> 00000100
00101011 -> 10110001
11100010 -> 00100111
11110100 -> 01000111
00000110 -> 01100000
10010001 -> 00010100
11100011 -> 00110111
11110101 -> 01010111
01011100 -> 11000010
00100011 -> 00110001

Now, determine the output for: 10100011"
1322241b,equation_transform,1c4623c2fcbec6f9abae10d07d43c73619c44ea783e3d3d728a210f822281a33,19c6839c8ca776672744ffa547d174f0d8acd09b52d025b6c1097c7a040bb994,"In Alice's Wonderland, a secret set of transformation rules is applied to equations. Below are a few examples:
93'85 = 178
72&34 = 2447
17-77 = 9
41'71 = 112
Now, determine the result for: 26'35"
132ec6ae,bit_manipulation,2c53f7a6331f305bdae320a78fa3baf675fc6e13ceb0d3dab44541fa8c7b22c2,5bb7fd9e55aca7dffa9d5f5443e0b0dd16b35a2fe486756ebd14fb2b45ab0b58,"In Alice's Wonderland, a secret bit manipulation rule transforms 8-bit binary numbers. The transformation involves operations like bit shifts, rotations, XOR, AND, OR, NOT, and possibly majority or choice functions.

Here are some examples of input -> output:
00111100 -> 11100001
11010110 -> 10010101
00001110 -> 11111000
11100100 -> 10001101
11011100 -> 10010001
10010010 -> 10110111
11011010 -> 10010011
01001100 -> 11011001

Now, determine the output for: 00100111"
1342687b,equation_transform,0e822d07a00df0821d876f62649eee2044a90421b7ed514f2f63b4d0c70c5e38,a321135b5f75de633ca0b3ef6cf58c077948855c10479bc91cc131664981038c,"In Alice's Wonderland, a secret set of transformation rules is applied to equations. Below are a few examples:
@(+<< = ]!
]!+]< = %%
<(*]) = )/:@
Now, determine the result for: %<*#("
13892a7c,equation_transform,e9943c536352297308a09941cb0bcca18b837f450ce2cc5909b2cc57a9936cbd,077b8182a347c5b2765c61e029b6315fae21d174bcf3fe10985d481591ab903f,"In Alice's Wonderland, a secret set of transformation rules is applied to equations. Below are a few examples:
21+39 = 3921
77+07 = 0777
36+29 = 2936
31*42 = 213
63-46 = -82
Now, determine the result for: 61-47"
13ad7bce,equation_transform,c5f9957213cb967022e7c80f7fa0fe29ba6af537b04de031048e423201fa9196,7e1e4de36b821d65cd1b6809ca3ecb1dedcf99d0c1db4a2450cd6af2914bf2d8,"In Alice's Wonderland, a secret set of transformation rules is applied to equations. Below are a few examples:
69-63 = 06
06*17 = 1706
37+29 = 461
79*88 = 8879
47-09 = -61
Now, determine the result for: 71-45"
13c8ae90,bit_manipulation,1ba5e8eab3a7f91f79567ab6a665f7320e37745b6b3d4ea548b1b02fbd70f5d9,bc2f3e1e45949b2d8d41807cce180fb306e77476e78385f7e82a7d8a493f1666,"In Alice's Wonderland, a secret bit manipulation rule transforms 8-bit binary numbers. The transformation involves operations like bit shifts, rotations, XOR, AND, OR, NOT, and possibly majority or choice functions.

Here are some examples of input -> output:
10110000 -> 01011000
01100110 -> 00000011
11001110 -> 00000111
01110010 -> 00101001
00000000 -> 00000000
11100000 -> 01110000
11011000 -> 00101100

Now, determine the output for: 01110001"
13eebe61,bit_manipulation,400c1ef8a79dd66350e07e71064a80bcbbec24ee93a1eed7d4aeb89b09105aba,63a2798df96254bd635a9a27bbbd26aaf67327ca11d1be4f35ac2478571d9428,"In Alice's Wonderland, a secret bit manipulation rule transforms 8-bit binary numbers. The transformation involves operations like bit shifts, rotations, XOR, AND, OR, NOT, and possibly majority or choice functions.

Here are some examples of input -> output:
00010001 -> 00001000
01010011 -> 00111001
01101100 -> 01100110
11001011 -> 01111100
00100111 -> 00110010
01000111 -> 00110000
10010001 -> 00001000

Now, determine the output for: 10010110"
13f76716,bit_manipulation,85b685c7600905f97f07d14c92a65ea2f9ae974e1bb7c5ed9a6f608abad8a5e6,02427df91d18eb5607908d0c1f3b6a0abd4a2cba3adeee37d6f487c47b71f4e3,"In Alice's Wonderland, a secret bit manipulation rule transforms 8-bit binary numbers. The transformation involves operations like bit shifts, rotations, XOR, AND, OR, NOT, and possibly majority or choice functions.

Here are some examples of input -> output:
00110111 -> 11001011
10010111 -> 11000001
01111001 -> 01011111
11111010 -> 01111111
01001011 -> 11101100
11111110 -> 00011111
00000100 -> 01100000
00111010 -> 01110011
11101111 -> 10000110

Now, determine the output for: 01000101"
141a881e,equation_transform,3dc13d35c9ecc80357b0ed13392c009757d6202d92594cebfb9ac1b1a33634d8,e9e49ed7e383f0a28eac57ef0897162fb2e879ef87b590efdf8a1dd8ede890f6,"In Alice's Wonderland, a secret set of transformation rules is applied to equations. Below are a few examples:
!/-{< = /!
`}+<< = @`!
^<*^! = !''
{%-^/ = }!
@<-^^ = -%{
Now, determine the result for: @}*}%"
143627c4,bit_manipulation,5ab1c4f877c2f487ea78dffd57d14880acb1dca1f18635e3099e439e12482132,76e0231b6676a552ea1fdc13547ee5743c237afc3e368791f5efa719621f09ed,"In Alice's Wonderland, a secret bit manipulation rule transforms 8-bit binary numbers. The transformation involves operations like bit shifts, rotations, XOR, AND, OR, NOT, and possibly majority or choice functions.

Here are some examples of input -> output:
11000001 -> 10101111
10011001 -> 10111011
00100011 -> 01010111
01011000 -> 11101001
10110111 -> 11110010
10000001 -> 10111111
01010111 -> 11001011
00110100 -> 01110010

Now, determine the output for: 01011111"
144a3e31,equation_transform,41928487812f6e5e3707822439ef08abf971564543545748c35abb1419c78d72,7789e2a731f9842ca1372e196e81d4499c25f6dbefc1184dc974915ac4b1d4c7,"In Alice's Wonderland, a secret set of transformation rules is applied to equations. Below are a few examples:
05-08 = 0004
61-45 = 468
88[21 = 4
06{49 = 451
Now, determine the result for: 51-91"
1450fbc4,equation_transform,4ead109984f076faf432caa03537acbc88903232bc691932556bb3b364a6d478,87825a7d16e422e2aab1e8006a96da6ca8e66cee1e5cab382835d064dc06a503,"In Alice's Wonderland, a secret set of transformation rules is applied to equations. Below are a few examples:
77""48 = 124
59[35 = 24
26[84 = 58
29""60 = 88
48""62 = 109
Now, determine the result for: 11""86"
14742dd8,bit_manipulation,6f5095222c179e97acf8929dd48704925dcb61f47d8e2f8fb37f259b245fd278,f1fb55d70dbab1ef06121b99d480fa0124765cd526172c464823f943e84a92f3,"In Alice's Wonderland, a secret bit manipulation rule transforms 8-bit binary numbers. The transformation involves operations like bit shifts, rotations, XOR, AND, OR, NOT, and possibly majority or choice functions.

Here are some examples of input -> output:
01010110 -> 10101101
11111000 -> 11110011
10111110 -> 01111110
11000000 -> 10000011
01111011 -> 11110111
11100111 -> 11001101
00101110 -> 01011100
01010001 -> 10100011
10110011 -> 01100100

Now, determine the output for: 10111011"
14905278,equation_transform,1d8f91f45706728fed3738529ba1e5e92d388730b052a48f2632f5779216610a,f9fb25a9449f3bf3db29b0986b5f50305a1a4d7f5a707bfc3b1b6bc6b2f6c01e,"In Alice's Wonderland, a secret set of transformation rules is applied to equations. Below are a few examples:
17{12 = 29
24{86 = 011
89!88 = 01
27<97 = 8865
Now, determine the result for: 38<56"
14917af8,bit_manipulation,7a9be734f8d38f0d4f4a543573e9a2d8821ca50c68f9b6be648b5d837ef60764,1a894e44a5ce45257e80832531281386a1d3fdd0877f89728d375bff9c846ae9,"In Alice's Wonderland, a secret bit manipulation rule transforms 8-bit binary numbers. The transformation involves operations like bit shifts, rotations, XOR, AND, OR, NOT, and possibly majority or choice functions.

Here are some examples of input -> output:
01010101 -> 00001010
01100010 -> 00001100
00010101 -> 00000010
01101001 -> 00001101
01101110 -> 00001101
11101100 -> 00011101
01000001 -> 00001000
01111101 -> 00001111
01000110 -> 00001000

Now, determine the output for: 10100001"
1496dfeb,bit_manipulation,dd2853cf86d5a52e5c3425a2486a62e870c8a44d5719ab85b9df276ab6ba22fe,85b9411422a8d5a743b2099e8a8c890bd16a487653aa82dc45fdfee450d0bdc5,"In Alice's Wonderland, a secret bit manipulation rule transforms 8-bit binary numbers. The transformation involves operations like bit shifts, rotations, XOR, AND, OR, NOT, and possibly majority or choice functions.

Here are some examples of input -> output:
00000110 -> 00000000
10111000 -> 00100010
11111111 -> 11111111
10010010 -> 00000000
10001100 -> 00100010
10100101 -> 00000000
00111110 -> 10001000

Now, determine the output for: 00011110"
1497f970,equation_transform,c7eb892ef64a221d03e87c1826d917003c4e2e790348deca49c6ffd14140f347,cfecee8b11d7ae13ad32bd53eca51d2f226f06657aa787e5795da46736410c6c,"In Alice's Wonderland, a secret set of transformation rules is applied to equations. Below are a few examples:
84*15 = 9442
76+93 = 601
27+89 = 071
Now, determine the result for: 28+49"
14a30d8f,bit_manipulation,c2300f21abf27e5c62a716d83711a09117679021a07c720433dca7a86920667d,a9b3f6e8bc5921b5a6caea4631a2828f87ca91f3677219abda81669fda1c82dd,"In Alice's Wonderland, a secret bit manipulation rule transforms 8-bit binary numbers. The transformation involves operations like bit shifts, rotations, XOR, AND, OR, NOT, and possibly majority or choice functions.

Here are some examples of input -> output:
01111101 -> 01001111
01011100 -> 00001011
10110000 -> 00010110
11010111 -> 11011010
10000111 -> 11010000
10010110 -> 10010010
11110001 -> 01011110
00001000 -> 00000001
01001010 -> 10001001

Now, determine the output for: 11101100"
14a72508,bit_manipulation,8164973ef300404d5ca842c12d7f6c12311bfc949391fa7c9a940bb455d88074,eec81c7e62254b6dde0b64ce080333432c5653c0aa56f5253811c093fdc51265,"In Alice's Wonderland, a secret bit manipulation rule transforms 8-bit binary numbers. The transformation involves operations like bit shifts, rotations, XOR, AND, OR, NOT, and possibly majority or choice functions.

Here are some examples of input -> output:
11000011 -> 00010011
00000011 -> 01110010
00111110 -> 00011000
11001100 -> 10101001
01111110 -> 00111000
00000010 -> 11110110
10110011 -> 11101011
01111000 -> 00100011
11111010 -> 01101011
00111101 -> 10010101

Now, determine the output for: 01000010"
14d4d68e,equation_transform,cf076edac0ca31ea6562d580e795823c7c413a20bae89ed4911039e4f77d2bab,f94f48d186419652ec4fb12c4d8c852a84cb2fd9ab918144c40c572932c087cf,"In Alice's Wonderland, a secret set of transformation rules is applied to equations. Below are a few examples:
{>-^> = '
{<*<% = <%{<
[/*{[ = {[[/
Now, determine the result for: '/->["
1520013c,equation_transform,073688ac67874af540770fb63d63e04b0b00196bfd08265fc523bb2bc71267b2,da776d8cce0b9b22fa22a56535b39c0a1c6d8255e0db2d8d48f8a20d55b33dd3,"In Alice's Wonderland, a secret set of transformation rules is applied to equations. Below are a few examples:
\\/{: = \""%[
[:>\[ = >`{
{[/][ = ]]`[
[%>\"" = >??
""%/""[ = ?{[\
Now, determine the result for: {?>?["
1526c35d,equation_transform,56e31ee5be74bd378b1d1f90a0f47a9edd699010ca692c5d6dbf28982cfdb54e,c5a0fc1d04f7d2f6c20e323a67edf5c1689aaa7f98ef5f80cba4d178cdc71ebe,"In Alice's Wonderland, a secret set of transformation rules is applied to equations. Below are a few examples:
76]52 = 24
47]42 = 5
47""83 = 3901
Now, determine the result for: 33""75"
15305f6a,bit_manipulation,9b06c8f675736e6e87cbf0b2bef7d2921caf85759c756805dfe25529d0cc8ca6,8e0510594954466dd193cad1d82775f78b68738bc58cca54209c28a98069807a,"In Alice's Wonderland, a secret bit manipulation rule transforms 8-bit binary numbers. The transformation involves operations like bit shifts, rotations, XOR, AND, OR, NOT, and possibly majority or choice functions.

Here are some examples of input -> output:
01011010 -> 11101001
10101000 -> 10100010
00000011 -> 00111100
11110000 -> 11000011
01010101 -> 01010101
10000011 -> 00111110
01100110 -> 11111001
10110011 -> 11111110

Now, determine the output for: 01011101"
1532c0d1,bit_manipulation,99738d00eea13ae42da38b4be9da505c19fa610cc8d11f4ee9c07e63f0e02806,037d6509fb1df4230bdfc61892e142d1b1010277436c34ff0786edea90b14ed6,"In Alice's Wonderland, a secret bit manipulation rule transforms 8-bit binary numbers. The transformation involves operations like bit shifts, rotations, XOR, AND, OR, NOT, and possibly majority or choice functions.

Here are some examples of input -> output:
00101001 -> 00000010
00010101 -> 01000101
00100100 -> 00001001
00011110 -> 00000111
11100001 -> 01111000
01001101 -> 00011011
01001100 -> 00010011
10011111 -> 00010111
10011100 -> 00000111
10001001 -> 00100010

Now, determine the output for: 01110011"
1545b8f1,equation_transform,a3f4d2222f9506e8d8457d74582d49db44fc23befaa9e6b372aa025b233a4abf,b6da755b517e7b9da2682b5f1c11e420526c890afecea33c5c7f7462eb3e2596,"In Alice's Wonderland, a secret set of transformation rules is applied to equations. Below are a few examples:
$'+{> = %<>
>!+{: = {%>
{'-:: = $%
Now, determine the result for: $|+$|"
155b4694,equation_transform,bc53fc936d783feb5db1bbfa8d182d871a2ff0bf62fc6e781cccfeb623df2f4d,9817095b70595a6046b87f61236ec5e1520862756fbab4c55140cb6b1b356394,"In Alice's Wonderland, a secret set of transformation rules is applied to equations. Below are a few examples:
23+48 = 7862
84?53 = 31
81]36 = 18
Now, determine the result for: 92+77"
156e8c2c,equation_transform,205ee4c4690733ad4e20e645fecc8d8733de8a4a207a507d190da384da08b148,3b540ec42598dcbdd50aa62151f38ccb8b88b68bb16b5f187fb15871f96d96ea,"In Alice's Wonderland, a secret set of transformation rules is applied to equations. Below are a few examples:
`@+%| = {&$
'{+@` = {{`
`'*#@ = `'#@
''+%' = ##
Now, determine the result for: #'+{'"
157228d7,equation_transform,4f90471e0837f6c8cad8b32a845b5579cbca7403b1fc9e342dec4dd5ce67bd00,eb3b4af589a4e633c823da3e4eccd8fc16c182d816aa9ea8caab113f3d4383c0,"In Alice's Wonderland, a secret set of transformation rules is applied to equations. Below are a few examples:
28<40 = 69
82<68 = 151
28*78 = *50
Now, determine the result for: 50*15"
1580f498,equation_transform,aabdcd277a80a58b47ecb10e2e23aae226385954d3da4b46c1ccb3e10ba96e26,1062912de9b1102774b4be53dbbd6c41ca48438f23fdcbd42e1401a01a36d2c6,"In Alice's Wonderland, a secret set of transformation rules is applied to equations. Below are a few examples:
09*42 = 1612
88+98 = 871
14-52 = 61
08*18 = 1846
01-01 = 0
Now, determine the result for: 05*19"
15950a46,equation_transform,35cf81298fe45ded034049890c04d9b006615d309b9a8d2ff4f1d08f696adabe,98796729e14f0285a3b92eeecf513a007df84088546babba5372a122877f2834,"In Alice's Wonderland, a secret set of transformation rules is applied to equations. Below are a few examples:
['+|[ = |[['
<""+}( = }(<""
<""-@& = -['
Now, determine the result for: <$*}&"
15a1d279,equation_transform,7efd412168f490f8c0fb221a7de891e8c85da809234f2b45891df77e8892c650,e1fbf191c87aae6e179a46ecb6a685b106dff4497816ca7c78f76aa72f0d4bbc,"In Alice's Wonderland, a secret set of transformation rules is applied to equations. Below are a few examples:
15+42 = 67
97-91 = -06
37+25 = 621
72*93 = 3501
Now, determine the result for: 07*14"
16122fba,bit_manipulation,08e3ea3d2db2919a855b5ff922c1f197881ecd3b3b6172687b0d2391635e5029,0c85e00e3ae42e5e29094e46155e9c9d82d67783b7298c73d1425076262ec654,"In Alice's Wonderland, a secret bit manipulation rule transforms 8-bit binary numbers. The transformation involves operations like bit shifts, rotations, XOR, AND, OR, NOT, and possibly majority or choice functions.

Here are some examples of input -> output:
01000001 -> 11100111
00111110 -> 11101111
00010010 -> 01001111
11110011 -> 01011111
00011100 -> 11011111
01110100 -> 00011111
00000000 -> 11111111
00110001 -> 01100111

Now, determine the output for: 01011101"
161667cd,bit_manipulation,5c60759a5a77a30ba5b6b0615bcf2bfa699e759c9065a983be02ac647a7ee8c3,dc338cc68517cbdb36a10871c7b1d6593fb7c89cb028ed3e8da9d739267f8cd9,"In Alice's Wonderland, a secret bit manipulation rule transforms 8-bit binary numbers. The transformation involves operations like bit shifts, rotations, XOR, AND, OR, NOT, and possibly majority or choice functions.

Here are some examples of input -> output:
00001001 -> 00100111
01000011 -> 11010011
00011101 -> 11000110
11000011 -> 11011011
10000000 -> 11110111
10100000 -> 11110101
00100110 -> 10101101

Now, determine the output for: 00111101"
16186320,bit_manipulation,c8d7dc1ace82408829ea5e853b0be0861d1a9599624c3a7b741b94513b0ef431,1ed0ea2738f3bafe7d4aaadda3a3f2f2d20da10e256a46b831c8b20c47c2d84c,"In Alice's Wonderland, a secret bit manipulation rule transforms 8-bit binary numbers. The transformation involves operations like bit shifts, rotations, XOR, AND, OR, NOT, and possibly majority or choice functions.

Here are some examples of input -> output:
11110111 -> 11100001
11101101 -> 10100001
11111101 -> 10100001
00111001 -> 00100000
00101111 -> 11100000
11111001 -> 00100001
00011001 -> 00100000
10001110 -> 11000001
11010110 -> 11000001
01101101 -> 10100000

Now, determine the output for: 10110010"
161d4390,bit_manipulation,9f5c3cda17801e3b0d8e099a8d8ff069366fd8b2a07fa5f18da36737c750401f,28bc68a2a1c8a81518e66b795fbd14018f7a1159aae0272a4573734d32c038de,"In Alice's Wonderland, a secret bit manipulation rule transforms 8-bit binary numbers. The transformation involves operations like bit shifts, rotations, XOR, AND, OR, NOT, and possibly majority or choice functions.

Here are some examples of input -> output:
10100111 -> 11001111
11010000 -> 00101000
01000111 -> 00111111
11001100 -> 01010110
00010110 -> 01010011
01110110 -> 11100011
10110101 -> 10001110
01101101 -> 10000010

Now, determine the output for: 10001011"
162ff61a,equation_transform,a6565175d904139303f5e51a7b97065d97bf4fb36d8818184cc7ff2cef4021e5,b3a00e2fffb974178e7f17ac385e7e531ff22bbd4e2e3a35db47f24599ebdfe4,"In Alice's Wonderland, a secret set of transformation rules is applied to equations. Below are a few examples:
?%*!% = %?!\
]!|?\ = ??
\>{^! = &<
>%|?! = [&&
Now, determine the result for: ?>{]<"
163db2d8,equation_transform,7bef7622faabe785bfe5cbf6c4d2add56b6c70250c9e2ccea76ef4d1c2834553,3e3ce748cc3523d174930dda93ee637a272458b27e754522dee5c6d6ab26c447,"In Alice's Wonderland, a secret set of transformation rules is applied to equations. Below are a few examples:
97+14 = 021
01+26 = 27
93-97 = -04
19+89 = 981
25*01 = 915
Now, determine the result for: 58+37"
164b3241,equation_transform,5d9bc03dc79b4a56de105a36bfc3aa2a151bb9ff8559cc6660b07678b8349ffb,005878c8bfe1172a1ffafa430a17a25da5b1473097df6329dc7f64d21f74d824,"In Alice's Wonderland, a secret set of transformation rules is applied to equations. Below are a few examples:
83&85 = 167
27+90 = 2790
15&83 = 97
Now, determine the result for: 12&41"
16699d43,equation_transform,40f7af486e7bcb8ea24c501d3aab377a9dd5eccc0c5cc9b95c34727e3e00cd5a,77b0fe16560656e5e5e25995557463d9bf0be336f084a6295a09ebc4dec790f5,"In Alice's Wonderland, a secret set of transformation rules is applied to equations. Below are a few examples:
33@37 = 71
67}12 = 6712
45+21 = 24
Now, determine the result for: 67+57"
16cf827a,equation_transform,f91d51730af69f1c5d76827b3f39463b2ab2dfa2c550d497624ea5fe155b9a3c,2bc60382c8bc445cbce9f199ae44d344a4883b3b618c1af381cd324aa0250506,"In Alice's Wonderland, a secret set of transformation rules is applied to equations. Below are a few examples:
\[$[| = /!
[]-@/ = ]@""|
]`-/] = |![`
]\>\@ = !\`
""!-[! = !\\
Now, determine the result for: [|-/`"
16db2c74,bit_manipulation,2eccd483b59b6cba1faa83007b9fb6b8a96be69cdcc91884d9ebcf24885fc3a1,90aa4b9a90ddb0490fe771113dfb78be32094a84fc6fad6518a81e5847a23ac7,"In Alice's Wonderland, a secret bit manipulation rule transforms 8-bit binary numbers. The transformation involves operations like bit shifts, rotations, XOR, AND, OR, NOT, and possibly majority or choice functions.

Here are some examples of input -> output:
11101011 -> 00101100
11111110 -> 11011111
00010001 -> 00000000
11010111 -> 01011100
11110010 -> 01001110
11100001 -> 00001100
10111110 -> 11011011

Now, determine the output for: 01110000"
16ddcf94,equation_transform,8e8a38f5de71b4f9043f591a7a495f500827db37584e84bfa77d28f7effdbc2f,b645c64dd7f3772f13b677e3ccceecb27eef75ab389b3a4d5153cec6b2af0b64,"In Alice's Wonderland, a secret set of transformation rules is applied to equations. Below are a few examples:
^][!^ = ?&
!^*{! = *]^
{\[!] = "":?
\]@{"" = \]{""
Now, determine the result for: !?*&!"
16e151ec,bit_manipulation,d34cb8a3fa7d960ca55f4348e4fa7ad6375b1d0992b53e391a8ab52da60da615,8fcb41b1edd62a777771dcd0ee8665d761f2fe884236a13c3d70ab0cd757b9cb,"In Alice's Wonderland, a secret bit manipulation rule transforms 8-bit binary numbers. The transformation involves operations like bit shifts, rotations, XOR, AND, OR, NOT, and possibly majority or choice functions.

Here are some examples of input -> output:
00110010 -> 01100100
11110001 -> 11100001
11101011 -> 11010101
11010111 -> 10101101
11111101 -> 11111001
10110110 -> 01101110
01101000 -> 11010001
11000011 -> 10000101
00000101 -> 00001010
00000000 -> 00000000

Now, determine the output for: 10001101"
17093b07,equation_transform,223d2b44e7e8dea036bf1d2506d2678c5470a9fca8ae1c24c8eca021fd1cc7e2,03bbd7bcd9299ec24c8f78ae22120414b55cca77d6f6083a4be95c0880e412c0,"In Alice's Wonderland, a secret set of transformation rules is applied to equations. Below are a few examples:
[[-{` = -}
&^-:} = <{
}`-^} = &:
`<+<: = ^){
{>-[{ = }
Now, determine the result for: :<+`}"
172d2417,bit_manipulation,a88b84189dc32ebaed54fc33d648b1f1b489f0ecbf812c4c7297f78431066da0,01ac15741b72ae3c79de8ad31cd55138dd97c622ce6dbd1c3e6c2fa578f22110,"In Alice's Wonderland, a secret bit manipulation rule transforms 8-bit binary numbers. The transformation involves operations like bit shifts, rotations, XOR, AND, OR, NOT, and possibly majority or choice functions.

Here are some examples of input -> output:
11010000 -> 10100001
11010101 -> 10111011
10111010 -> 00010101
00000001 -> 00000010
01110110 -> 00101100
10101010 -> 01010101
00100011 -> 01000110
01011101 -> 10001010

Now, determine the output for: 00011100"
175fc78a,equation_transform,14ac386a68b9ec7ae9ce478cc921243216f5055fb465583e4c144622651941fc,659674efea1a1792d2746cdf3a0efddc62bf1002b86cd55dabeeecfaac83fec1,"In Alice's Wonderland, a secret set of transformation rules is applied to equations. Below are a few examples:
<{-'$ = -(
(<*!$ = &^^&
((+!< = <&(
^!-{! = [)
Now, determine the result for: ^!*!["
1779c616,equation_transform,7fc8e3df3db600e039ebff1ee821c21fa1503bf547efa65de028c2482f10c0a2,daa400207ba9f32f929913dc4121257d15ebcb55a920a6f6c892a9cf368fc28f,"In Alice's Wonderland, a secret set of transformation rules is applied to equations. Below are a few examples:
96`45 = 142
35""93 = ""58
20!80 = 1601
73!60 = 4381
Now, determine the result for: 34`99"
177b7d80,bit_manipulation,06e122846abcc3c573a5a771895d5a83160b73df934acd318c15eb677d097fbb,26e14c165cb01356d8699cdeb9d17e47fb093b474ec27487252fec97a92c0c1b,"In Alice's Wonderland, a secret bit manipulation rule transforms 8-bit binary numbers. The transformation involves operations like bit shifts, rotations, XOR, AND, OR, NOT, and possibly majority or choice functions.

Here are some examples of input -> output:
11010000 -> 01111101
10011111 -> 11000111
10110100 -> 11111111
11111001 -> 00111110
11110111 -> 10011101
00010000 -> 01111111
10100100 -> 01111011

Now, determine the output for: 01111100"
177f0c22,equation_transform,05c0495bfad711af55c553a8698ed04a62f6eb893b6c9ba38fd840c5b33bcdb3,67550540798bc23f1d84c42a573cbb0a365070ae0eaabe481b2e5ee522c781f7,"In Alice's Wonderland, a secret set of transformation rules is applied to equations. Below are a few examples:
?""+>< = ?""><
[<-|' = -['
#""*\\ = #""\\
Now, determine the result for: >?-#["
1785b35e,equation_transform,60da28834df7667ba939db4a356b8571a84a1078c1be61b88ec672f16e76e66b,a1eee36b61cbc0f6de3b06873d76f99440ab6c5674e3085e917b618a7c693f2d,"In Alice's Wonderland, a secret set of transformation rules is applied to equations. Below are a few examples:
!^*?] = !>""?
!>-!: = -!
(!+/> = ?(
:&*?? = ]>/!
""]+"": = !:""
Now, determine the result for: (!*?!"
17c98340,equation_transform,f84f69a0cd9e287e8f08e4acb96d317df31175e3723a36a1645f7a1e4b9a51e0,29c8101ee03d225a37a15cdcf1c71f3956784b2c6a35aecdc12b49cd6291ddea,"In Alice's Wonderland, a secret set of transformation rules is applied to equations. Below are a few examples:
94}26 = 111
45$22 = 8811
52$97 = 5791
05$17 = 0553
89/44 = 45
Now, determine the result for: 78}05"
17d40290,equation_transform,a843a3d4b5ec30b379f768e37b22b32ff56a43991ca4b9fb644aee5fea962d55,961bed87d5336ccfe354e8243ddb5319c00e43658e1ee28d9bd15edb221351db,"In Alice's Wonderland, a secret set of transformation rules is applied to equations. Below are a few examples:
!}*[| = }|/""
$?*$"" = ||$:
[/*!} = }/}""
/""+/| = %""!
Now, determine the result for: }""-}!"
17d62f7a,equation_transform,1d40562f4e2d27d2f96a1de7261c5b3219c993ea00b94a704a83db860277e505,51ef2461f41598cb71e21f7498ed888d5a7cf28f22e6c07982b8cbb544e53619,"In Alice's Wonderland, a secret set of transformation rules is applied to equations. Below are a few examples:
@`{@@ = )?@?
)&+<| = ^)
@`'): = )<
^?+""? = ^:|
Now, determine the result for: :&{@&"
17df2ad5,bit_manipulation,6d2a41a9f20a6315072a09209628b4930d2b46739177a0a8c1f998550913db46,d0827a6de1f0408c2c27dc4b49cac8239192a98b8f1f1cb18c1017ca2258c5be,"In Alice's Wonderland, a secret bit manipulation rule transforms 8-bit binary numbers. The transformation involves operations like bit shifts, rotations, XOR, AND, OR, NOT, and possibly majority or choice functions.

Here are some examples of input -> output:
00001010 -> 00000001
10011001 -> 00010011
00111000 -> 00000111
10000110 -> 00010000
10101101 -> 10010101
11000001 -> 00011000
11011101 -> 10011011
00100010 -> 00000100
10111101 -> 10010111

Now, determine the output for: 00100001"
17fd9612,bit_manipulation,1fafc2081718c7b3401570e7d763472058888253e3e94ab61df76b76a0a21109,8e9751539f4333a01c31b0210a1229d3cfa439547d84f1c7175527fbe038296a,"In Alice's Wonderland, a secret bit manipulation rule transforms 8-bit binary numbers. The transformation involves operations like bit shifts, rotations, XOR, AND, OR, NOT, and possibly majority or choice functions.

Here are some examples of input -> output:
00110111 -> 10001011
10101001 -> 01000100
01011010 -> 00001101
10001000 -> 01000100
01011100 -> 00101110
11110010 -> 01011001
10100000 -> 01010000
00011110 -> 00001111
00001111 -> 00000111

Now, determine the output for: 00110100"
17fe003b,equation_transform,887e4018d3b52f052b4c0e9a2e79bd06834203c163a98479a5efb3eb27bdc800,c84f80b96e62397cc213cdc461afee8372f2cfb9393c55580a407e59e3d270df,"In Alice's Wonderland, a secret set of transformation rules is applied to equations. Below are a few examples:
/<+/\ = ""^
""\}// = )#
<\'## = ^)#[
[)+)` = ^)#
\""}[\ = }/`
Now, determine the result for: ^<'#`"
180ddd62,equation_transform,1b83049c6afc3db3ed59f9f01d95ac12631208e51dfcacc07c42742353beb85d,d48068d205cf985e7cd244ae7291faa268fa064e46fc672e4dea45e76c5d214c,"In Alice's Wonderland, a secret set of transformation rules is applied to equations. Below are a few examples:
)""'&"" = >""""<
{""]>< = `<
``*&) = |&<
|<'{< = {|<
&<]`"" = ]>>
Now, determine the result for: |)][)"
18268687,equation_transform,523746001abd4ddbf291bd935433e67a61b537f12f71ed6956450890de1a3c6d,456470359dcd7ff354fc21eb9179ef107edd4098e8dfe62b84f63578baf10482,"In Alice's Wonderland, a secret set of transformation rules is applied to equations. Below are a few examples:
49*98 = 4998
84'18 = 66
28*73 = 2873
72'62 = 10
Now, determine the result for: 75'75"
18544cb0,bit_manipulation,19a8c1f3ec0b1b4fce51bece92890017153c4166e04e732c103d8f3352b701a1,9901304aaf04b7bdda515f74c7c206a792b382d20202011481f32f8745465d17,"In Alice's Wonderland, a secret bit manipulation rule transforms 8-bit binary numbers. The transformation involves operations like bit shifts, rotations, XOR, AND, OR, NOT, and possibly majority or choice functions.

Here are some examples of input -> output:
00001111 -> 11100011
10110001 -> 00001100
10111010 -> 01101110
01100101 -> 10111001
11000001 -> 00010000
11110001 -> 00011100
11101111 -> 11011011
01011011 -> 01110110
00010100 -> 10000101
00100100 -> 10001001

Now, determine the output for: 01100011"
18564041,bit_manipulation,3ba914e88e8fe3b00efdc2bcfdab73106fd0bbc03da6e34b6d3079fc98b87117,0678cf60365e833199f7f2632ae7cb81d9f519ea652b94a2a9538245022c86bf,"In Alice's Wonderland, a secret bit manipulation rule transforms 8-bit binary numbers. The transformation involves operations like bit shifts, rotations, XOR, AND, OR, NOT, and possibly majority or choice functions.

Here are some examples of input -> output:
01101111 -> 00000100
01001011 -> 00000000
11101001 -> 00011100
00110011 -> 00000010
11101101 -> 00011100
00111100 -> 00000011
11100100 -> 00001100

Now, determine the output for: 00000010"
18602be3,bit_manipulation,2cc7ef5b6c11290964712637ef494639446666bf0d842d141a75e5d5af81f665,7390d8f8201ef01e3f78f0731c16b01d07c47c361e9461807485b384c349a648,"In Alice's Wonderland, a secret bit manipulation rule transforms 8-bit binary numbers. The transformation involves operations like bit shifts, rotations, XOR, AND, OR, NOT, and possibly majority or choice functions.

Here are some examples of input -> output:
00000111 -> 11011011
01110100 -> 10001101
00000001 -> 11110011
11010010 -> 00100011
11011011 -> 01001111
10001000 -> 10011011
11110011 -> 10101111
11101011 -> 00001111
11111100 -> 11101011
11111111 -> 11111111

Now, determine the output for: 10001111"
1861c08f,equation_transform,406dd06c7ce1b58d96677c2a3239a60a31a459b419ea07021a009e9ad9dd335f,17f8ea0948ce5258b8075dc189c95c049f416f2841afc317fff6d52e04ba923f,"In Alice's Wonderland, a secret set of transformation rules is applied to equations. Below are a few examples:
82$88 = 711
35%75 = %4
59:53 = 5233
91:03 = 075
55:99 = 5445
Now, determine the result for: 71:95"
186ade13,bit_manipulation,d1372614aaac3b593606acf9c72018dbb1e6fdf19bf0ef6f22f65ea13d7c4be1,e184e61896422c225c08a7e6db570cd6e78eb31396235a519b6faefd772ece3d,"In Alice's Wonderland, a secret bit manipulation rule transforms 8-bit binary numbers. The transformation involves operations like bit shifts, rotations, XOR, AND, OR, NOT, and possibly majority or choice functions.

Here are some examples of input -> output:
11101111 -> 00000001
01100000 -> 00000000
00111001 -> 00000000
00110101 -> 00000000
10000101 -> 00000000
00001011 -> 00000000
01110011 -> 00000000
10000100 -> 00000000

Now, determine the output for: 00010011"
18a4d39d,equation_transform,9aafdf857fb6c4984833857d6dd9ceeaddcfc379d958e50e763f06bf9b47652e,3e4e2c056f6a0a23918b338174f37bd6a7452ee4e0835f35bd8fc4c10c1069d3,"In Alice's Wonderland, a secret set of transformation rules is applied to equations. Below are a few examples:
|/*{^ = #[^/
""""+#^ = """"#^
|#+|> = |#|>
""<+<[ = ""<<[
{$-""# = #{
Now, determine the result for: ^""*<>"
18ab3864,bit_manipulation,6411f51cfc3732303f118a527606c908924f25d3a21fe958b3791bd038344cd1,7deafbf31ab48f25ec789f1c21d7758a7bd0c080459afae018d054c8fd5783b4,"In Alice's Wonderland, a secret bit manipulation rule transforms 8-bit binary numbers. The transformation involves operations like bit shifts, rotations, XOR, AND, OR, NOT, and possibly majority or choice functions.

Here are some examples of input -> output:
11000011 -> 01100011
01000011 -> 01100001
00100110 -> 11000000
01001111 -> 11100001
10011010 -> 01000010
01000001 -> 00100001
10010100 -> 10000010
01100110 -> 11000001
01111001 -> 00100001

Now, determine the output for: 00011101"
18bce168,equation_transform,1b75e0b77f294ac64fbb980173167e778f4f7ebaf89ad32483237a417ce3a702,f733287121d0a0f51cd7ce58293d9d0c5a1e87805e9eb96f1f70c29ebf08555c,"In Alice's Wonderland, a secret set of transformation rules is applied to equations. Below are a few examples:
&}'){ = @{}
<^?&@ = ?@`
`)'$$ = @`@
Now, determine the result for: &}:))"
18c54744,bit_manipulation,21af5174426eff087ca5f80ae41accf74a43ce1721a6c617894d3db517c07486,176b2da34a354a4e8a69d29843f35b034525af4561a860f7b0328f9d677fd18d,"In Alice's Wonderland, a secret bit manipulation rule transforms 8-bit binary numbers. The transformation involves operations like bit shifts, rotations, XOR, AND, OR, NOT, and possibly majority or choice functions.

Here are some examples of input -> output:
01011000 -> 00100000
11110111 -> 11001100
11101110 -> 10011000
11010100 -> 00000000
10111010 -> 01100000
01001001 -> 00000000
01101001 -> 10000000

Now, determine the output for: 11001001"
18c797f1,bit_manipulation,d284b0132543bcffbb68b19486b2d5c16e5ddd616e20cbf68dfab387b14a26d0,946914fc266ae6f2c3cfbf1a1713427504c47ee72395cca6093ebaba1ba50703,"In Alice's Wonderland, a secret bit manipulation rule transforms 8-bit binary numbers. The transformation involves operations like bit shifts, rotations, XOR, AND, OR, NOT, and possibly majority or choice functions.

Here are some examples of input -> output:
01001000 -> 10100100
00011100 -> 11001110
01001001 -> 10110100
00011111 -> 11111111
01000100 -> 01100010
01010110 -> 01001011
11000101 -> 00110010
10010101 -> 00011010
00000100 -> 01000010

Now, determine the output for: 00101111"
191ac967,equation_transform,205e19025edd2ef95860c59f0fe98ea3b0b3bfa1987de1101fe4fb7ccf6065e3,50549b0a5069a37ac5cdf23499046ebcd7a5337f4a1bb2b8eb24b8b9e31387ad,"In Alice's Wonderland, a secret set of transformation rules is applied to equations. Below are a few examples:
/|*[} = $<$>
?@'}> = ?@}>
|$*[@ = [)>@
??!>| = [@
>/'@) = >/@)
Now, determine the result for: }?!?$"
193c21d5,equation_transform,1ab31b8ed8d2c9439070756041f0ef6ab34e34a73aff1fb2887ac6f8bf99e16f,c71b8587f18889d3eeda4ac751c7fb3570c28fa68c5c1df6993d1d9b14c2c208,"In Alice's Wonderland, a secret set of transformation rules is applied to equations. Below are a few examples:
\>-`\ = ""{
{|*|% = `[%{
}|+[[ = [`
\\-\"" = ]
\`->% = {{
Now, determine the result for: >|*%{"
196ff375,equation_transform,c7a523fda471e0f393d5b1625ea23237029e3864a17d72f8ca13575c1211d483,57407c1a52634b5b774c52838420e17a6657052a45e1a3873725ab05e63d2bf9,"In Alice's Wonderland, a secret set of transformation rules is applied to equations. Below are a few examples:
[@)$: = )@<
@#\@$ = $^
$<)<[ = )@#
#^\$% = @^%
Now, determine the result for: %^\#@"
19968602,equation_transform,5f7f5d996c6d6b5fc256503558a7f6aa8dc52ef9c4b8843870c623be030c3088,3ff20b26abbf63827f890a39283ab9784bd575c87407505e8d0dcdef449675e6,"In Alice's Wonderland, a secret set of transformation rules is applied to equations. Below are a few examples:
[`+?^ = """"[
|""+// = ?^
/|*^) = ""))""
Now, determine the result for: &/*[/"
19ab8087,equation_transform,d354d1c73e3db0b85caa53685f392fa336537415aa54524e680dd65ada9cc1aa,5e41490affe752a89b923d2fb22d268fbfbe8d5a42083384a73acf99864bf23b,"In Alice's Wonderland, a secret set of transformation rules is applied to equations. Below are a few examples:
!)+^\ = ]/
\\*]( = \\](
(\-]$ = ^^
Now, determine the result for: \/+!^"
19f4b3d6,bit_manipulation,141b3d7aeb99049c28a600af031f2af7c6371e74263d73fb8769e8b0fee06afb,dfe596ff308bd28502d76810f0622bf67f70d79d5773456608d56709c703f8a8,"In Alice's Wonderland, a secret bit manipulation rule transforms 8-bit binary numbers. The transformation involves operations like bit shifts, rotations, XOR, AND, OR, NOT, and possibly majority or choice functions.

Here are some examples of input -> output:
01110110 -> 10000001
10100100 -> 00000010
00011010 -> 00000000
00010100 -> 00000000
11101100 -> 00000011
00100000 -> 00000000
10100001 -> 00000010
00101111 -> 10000000
00000110 -> 00000000
10011100 -> 00000010

Now, determine the output for: 11011000"
1a112a8f,equation_transform,ca4c1199e4f8a296cba3aeb06d432cb4b7fc7cc54341cbb44de4c4078edbf748,dc9b2adbad000bb24ac19cc3db96e05d5311d1756dee3cd859633d9bf441d290,"In Alice's Wonderland, a secret set of transformation rules is applied to equations. Below are a few examples:
&$<]? = ""]""
[""!$? = ""&??
\?<\> = ""||
Now, determine the result for: ?){|$"
1a28140b,equation_transform,25cf3a399eea7ffff81f001b4d6807789d08c8a9da27abb3f575768be7c4c96c,12b99b66450eecba3f1a3835170f7056592cf84850454e52becaaf20f30ca722,"In Alice's Wonderland, a secret set of transformation rules is applied to equations. Below are a few examples:
%)+#[ = ``
`'*)& = ?/['
#""+&# = ""'
""""-[# = '
Now, determine the result for: ""[*#/"
1a493b13,equation_transform,2e3620e2589072d18a2807e282ef368bd6a3306551a90587993a01e9db301f33,8a368e7802ff19cdd5ee421177d0ffead5a4e986d4dd5b7c51f19681c7ccc1e0,"In Alice's Wonderland, a secret set of transformation rules is applied to equations. Below are a few examples:
//+]] = @@
$]+@% = :^
^:+^} = %}:
%]+""/ = >@
%^*/] = $^:
Now, determine the result for: @^-@:"
1a862653,bit_manipulation,775f2f64d73f375d0024f6ba7bd24cd846b24373f99cb9d61deeb84a971e031d,7d8d35689c1c2e1438a10bdba718ab16fc60ea4a6014f356ef9f697327137a26,"In Alice's Wonderland, a secret bit manipulation rule transforms 8-bit binary numbers. The transformation involves operations like bit shifts, rotations, XOR, AND, OR, NOT, and possibly majority or choice functions.

Here are some examples of input -> output:
00000111 -> 00001110
11100001 -> 11000000
11011001 -> 01100100
10011011 -> 01101101
01001111 -> 00111110
11011011 -> 01101101
01000101 -> 00000010
10100011 -> 01000101

Now, determine the output for: 01011011"
1ab54795,equation_transform,ec2c8c41c6072b02d7beba398637fcb1f0764feb0917ad33a8ba4736a035d5d1,f49728752affe524aca394a3866ab2d734a6448204128b93229601ece3cdf4cd,"In Alice's Wonderland, a secret set of transformation rules is applied to equations. Below are a few examples:
//-:( = -\
':-'% = -'|
||*|/ = |/||
(/-'| = (%
({*'# = '#({
Now, determine the result for: (|-\|"
1ac66163,equation_transform,daa1e4df393097942cb92137e9334fb954b99f34b89180f5894acb855e5d1119,7452d139cc773382d81a272f76b56da28e728b30a6fac88a2ba98b91349cb2e5,"In Alice's Wonderland, a secret set of transformation rules is applied to equations. Below are a few examples:
#`*`] = `]#`
##*/[ = /[##
'|-{[ = #
|#-{[ = /{
""`+/# = [|[
Now, determine the result for: ``+[`"
1b019515,equation_transform,71b8150e46af4cc086257dd6de4a89ffa5d911313e2ab4de17d7b1f0fb2a4ee9,1f56c92caf18fb05421afc69386562e2e3f6276c1f88ad8d153c242c4f4335dc,"In Alice's Wonderland, a secret set of transformation rules is applied to equations. Below are a few examples:
76<97 = 7373
93!27 = !66
25!54 = !29
Now, determine the result for: 57&77"
1b3beb8f,equation_transform,73fcf5d3d2f00042667183776b0dd30cb1e67cbafd87e9685f3efdf004dc3710,1c5688c958a0b65e65b7cda21f94e3accc9effd9f3c436b55524aad4f2f32948,"In Alice's Wonderland, a secret set of transformation rules is applied to equations. Below are a few examples:
80[32 = 16
49[33 = 16
82[20 = 2
76*52 = 3952
61*24 = 1464
Now, determine the result for: 87|22"
1b6366af,equation_transform,aa34a498b0bbbf26e20d8feb40203eb0281ad2d6178847b59b366c0a7a562236,715f63ea10e3b4e165ee1d1c9ada1afc94521e8d518e550df8e1ff22b73690aa,"In Alice's Wonderland, a secret set of transformation rules is applied to equations. Below are a few examples:
14/75 = 7332
25/82 = 6541
96<62 = 59
37!64 = 72!
62/37 = 8981
Now, determine the result for: 65!68"
1bc85bd9,equation_transform,f368a493c5214b8d50b2a3d8c57a7d0d71c60025a2ca45c98e141276033e0829,98c0d8374b273ae55e14023b7d1b127c5178b3a51d1f8786f561769f560413e1,"In Alice's Wonderland, a secret set of transformation rules is applied to equations. Below are a few examples:
58-85 = 72
88*95 = 9588
19*31 = 3119
Now, determine the result for: 16-22"
1bcd2b16,bit_manipulation,749fca8a6a479e7ee9ef0a744167ecb6fd14a2ceee86b4370229674459185104,50964af82284ba50e52cfa7750d01fd32a1967abeaf768591fe1aa6a14e3ef15,"In Alice's Wonderland, a secret bit manipulation rule transforms 8-bit binary numbers. The transformation involves operations like bit shifts, rotations, XOR, AND, OR, NOT, and possibly majority or choice functions.

Here are some examples of input -> output:
11011000 -> 01101100
01111101 -> 00111110
11110101 -> 01111010
01011110 -> 00101111
11001111 -> 01100111
00011010 -> 00001101
00100000 -> 00010000
01111100 -> 00111110
10011100 -> 01001110

Now, determine the output for: 00001011"
1bea1a7b,bit_manipulation,bd2629274083e0d66471d450ff7d49239862fb08b7c09afaca2e3fbd465e062d,3cece6ba0300c3a420a33eb422960ff8599494a35812656ffa8e7b66fe85f6f6,"In Alice's Wonderland, a secret bit manipulation rule transforms 8-bit binary numbers. The transformation involves operations like bit shifts, rotations, XOR, AND, OR, NOT, and possibly majority or choice functions.

Here are some examples of input -> output:
10110001 -> 00000000
11101011 -> 01011001
00111100 -> 10000000
11010101 -> 10101000
00110011 -> 00000000
00101011 -> 01000000
11011010 -> 01010001
01011010 -> 01000000
10111101 -> 10100001

Now, determine the output for: 10010110"
1bf84ce3,bit_manipulation,33e4e0124780792b8cc4f31a126f27e9d92d9cafd06d153adf7911fe82bb774e,cdc806005bc7c341e83c56e4410a428c3fc5dd2fa193085edd926dbb5c8a0e5c,"In Alice's Wonderland, a secret bit manipulation rule transforms 8-bit binary numbers. The transformation involves operations like bit shifts, rotations, XOR, AND, OR, NOT, and possibly majority or choice functions.

Here are some examples of input -> output:
01001001 -> 00010000
00011110 -> 10000001
10010001 -> 00000000
11001111 -> 11110000
00101111 -> 11000010
00100011 -> 00000000
00110000 -> 00000000
10110101 -> 01001001
01110000 -> 00000100

Now, determine the output for: 10011001"
1c19ad3e,bit_manipulation,0fdb53c3fa57da3e5b6500eb8f5c706d9bf63816c938087403ee464999f3e87b,dc886df3c395a81141890664084993afd52679654f5b2a78e930c74931796a65,"In Alice's Wonderland, a secret bit manipulation rule transforms 8-bit binary numbers. The transformation involves operations like bit shifts, rotations, XOR, AND, OR, NOT, and possibly majority or choice functions.

Here are some examples of input -> output:
00101010 -> 01000101
01011001 -> 01100100
01100001 -> 10111000
11101110 -> 00000111
00011000 -> 11001100
01001101 -> 11001110
11010111 -> 01010011

Now, determine the output for: 11001000"
1c2a3c5b,bit_manipulation,637ac79648f0a4c2d74431e6a198824e09de0b2607e55e3efc51c7835f0e9ac0,d756a320162416b8bc311078ab06a94f399e36ca22008046a0aaad6adf737655,"In Alice's Wonderland, a secret bit manipulation rule transforms 8-bit binary numbers. The transformation involves operations like bit shifts, rotations, XOR, AND, OR, NOT, and possibly majority or choice functions.

Here are some examples of input -> output:
00111000 -> 00000000
11111111 -> 00000001
10010110 -> 00000001
01101010 -> 00000000
11001101 -> 00000001
00110101 -> 00000000
10111001 -> 00000001
01010011 -> 00000000
10100011 -> 00000001
11111010 -> 00000001

Now, determine the output for: 00010011"
1c2e9814,equation_transform,20e17f9cf3c2cbd1c3b77e8a977eb117567ee6745ffb22828443fc6a876bc2f5,1b429c1bda654c70ac59a4fb159f25d0d88202be098c4bc19b6b8bfcab5f9312,"In Alice's Wonderland, a secret set of transformation rules is applied to equations. Below are a few examples:
`!-?% = %%
%/:`% = ?}
%`-'` = '!
/}:/` = ?^
Now, determine the result for: ""%:^/"
1c3f2ff9,bit_manipulation,47f6a46d2dbe02f4f75a6e80a7a171bf74379461f17d030a63f2bb63c136e036,460f2ee5a89bcd4737a67bc47be1bde8005c3b37dd8969422163545fb7889521,"In Alice's Wonderland, a secret bit manipulation rule transforms 8-bit binary numbers. The transformation involves operations like bit shifts, rotations, XOR, AND, OR, NOT, and possibly majority or choice functions.

Here are some examples of input -> output:
11001110 -> 11111101
10111101 -> 11111011
10001101 -> 11111011
11000011 -> 11111101
00000110 -> 11111111
11111101 -> 11111111
01001001 -> 11111101
01100100 -> 11111110
00110101 -> 11111111

Now, determine the output for: 10010101"
1c4861e6,equation_transform,1b3dae528f31e038306ecd6f4b0c8fcd7375291371a6414802c39a70c3b244ba,1e2e3f5313ea7034ae398f0cf02ed83796ea79128af3454bbac68eacbb63dca8,"In Alice's Wonderland, a secret set of transformation rules is applied to equations. Below are a few examples:
03-59 = 56
63-87 = 24
72+49 = 021
66-15 = 51
Now, determine the result for: 12*91"
1c48f9aa,equation_transform,6e8344299f24b6d1eadf5edafeaf87e870fd88d46678238833efdfd23318f41f,a4d07e48c51a7ad76d53014a2ee6c1d7023cb3da8245a0858393e7454770fb07,"In Alice's Wonderland, a secret set of transformation rules is applied to equations. Below are a few examples:
22{52 = 2252
74*60 = 14
31*65 = 34
39{12 = 3912
Now, determine the result for: 86{10"
1c7a0091,equation_transform,962551f3f029239f9b66815db8bc4847de3f93f0e9b83b0bf313a52574c233eb,1afdf5d55a13759fc8acc5373e8029d2eb892a47530db40e03d493bc0f993202,"In Alice's Wonderland, a secret set of transformation rules is applied to equations. Below are a few examples:
?@#?) = ?@?)
??#?( = ???(
!$*`? = ](?
`)/?` = ?|
|$#|) = |$|)
Now, determine the result for: )`#<@"
1c7c1246,bit_manipulation,118a78c6c7d8fccbb35df6f012a623793c33a76cc6ee32420b502a9d2678685f,e1887b5f0e51f868a499ea4b52405467b7d0e81eb6a1ca6d9276be28ade2140d,"In Alice's Wonderland, a secret bit manipulation rule transforms 8-bit binary numbers. The transformation involves operations like bit shifts, rotations, XOR, AND, OR, NOT, and possibly majority or choice functions.

Here are some examples of input -> output:
01101110 -> 10110111
10111001 -> 00011100
01010010 -> 10101001
11111110 -> 11111111
01011001 -> 01101100
11101101 -> 00110110
10100000 -> 01010000
10101010 -> 11010101

Now, determine the output for: 01001100"
1cb4d524,equation_transform,bae1b23dbc63a0861209d9f5a141059e2888794b0da8fc32f59a1e87153916d0,b094f42f3ec17a46e9ef40a3a4b4e7e3f5ea742b1dfaf8dae782ac74eafa69e5,"In Alice's Wonderland, a secret set of transformation rules is applied to equations. Below are a few examples:
37@72 = 64
58!05 = 0524
71!56 = 5011
65?73 = 49
82!61 = 844
Now, determine the result for: 74!88"
1cce5949,equation_transform,ad89c81bdf615e7b9c54fc407e528e2aa598122525a79578d3e7e39a72f75298,7e3c8202c53728015db04e2c8c9894837f2d2d194d854c5d4342781e7ede7cc1,"In Alice's Wonderland, a secret set of transformation rules is applied to equations. Below are a few examples:
$?/%` = ]]%]
%$/""? = $[%>
[?-\"" = \>]
`]/\> = `??
Now, determine the result for: `\}`]"
1d10ccaf,equation_transform,4c9646dbd5244ce83e6133783bcf75feb481672b4f0ff9d5c65982c09d8aaf97,321c44f035b3ee80f608db1771e74c57f474e56b675581e02b56e227cf25869d,"In Alice's Wonderland, a secret set of transformation rules is applied to equations. Below are a few examples:
[!*`| = [!`|
'<-{( = !'
!!-?? = [[
Now, determine the result for: <(*{&"
1d15b7e6,equation_transform,0c97b696dc21de26ee002d5cf1ab1fe57f4992227b493bc8afa00b9a750d3dff,4847bd4e4ad3cbb16f3c0ddd28fd5f6ce94d5430371a367da1b67d0c2b875905,"In Alice's Wonderland, a secret set of transformation rules is applied to equations. Below are a few examples:
^$)[^ = [^^{
^^?["" = {^(
![@({ = $$@
[}@{( = $^@
Now, determine the result for: |[)$["
1d342a52,bit_manipulation,cb2849662058071aac64a867f9180dfa31137e96a53e075ec5fb34e4e961949c,d5854d815d1d14d0c2bb5404ccaf66ae20c9ce6c7976a48a0f992f47af9d5db3,"In Alice's Wonderland, a secret bit manipulation rule transforms 8-bit binary numbers. The transformation involves operations like bit shifts, rotations, XOR, AND, OR, NOT, and possibly majority or choice functions.

Here are some examples of input -> output:
00100110 -> 11101001
00011001 -> 11010110
11001010 -> 00010010
11110001 -> 01101100
11100001 -> 01101000
00101100 -> 11001011
11111111 -> 00001111
00101010 -> 00101010

Now, determine the output for: 11001000"
1d5ad68a,bit_manipulation,90525e056feaeaa288bce9eeaa738280ad75f0aa563579f351c91e58b05b45a2,6a6c49482b8eccb00a065ecf60fa8c5f1b2c1968ede3751fdee63b3129ad855e,"In Alice's Wonderland, a secret bit manipulation rule transforms 8-bit binary numbers. The transformation involves operations like bit shifts, rotations, XOR, AND, OR, NOT, and possibly majority or choice functions.

Here are some examples of input -> output:
11100001 -> 00000000
00010000 -> 00000000
10110111 -> 10011000
01000001 -> 00000000
00101111 -> 00010000
11110100 -> 00100000
01110001 -> 10001000
10001100 -> 01000000
10001111 -> 01000000

Now, determine the output for: 10000110"
1d6c587d,equation_transform,219186f85c5658b5e347acd2271daeacca97d96469c55b48a7c05b0eeffbbea4,86c069e0e9c5574e7729a2098fcbfcd4da9bae235338ce9064ce50b4cd3a280c,"In Alice's Wonderland, a secret set of transformation rules is applied to equations. Below are a few examples:
38`65 = 27
19`68 = 49
50`36 = 14
70<39 = 2731
Now, determine the result for: 78<79"
1d729bb1,bit_manipulation,1e5ad1c252c29d2d9827c93b9718ad0bb5cadeb7972ff93749fda4026c7b1063,5955cd226607d780f3a2f2bbcea99462fe0c99c333bef2a5b4658d8f9bc77377,"In Alice's Wonderland, a secret bit manipulation rule transforms 8-bit binary numbers. The transformation involves operations like bit shifts, rotations, XOR, AND, OR, NOT, and possibly majority or choice functions.

Here are some examples of input -> output:
11101111 -> 01100001
10111001 -> 10010100
01011111 -> 11000011
11110110 -> 00110111
11001011 -> 10111001
01001011 -> 10111011
10010000 -> 01100010

Now, determine the output for: 11110101"
1d92ba5d,equation_transform,ce3585aae25dd758a1c304e390f7e4aa95d43f977c246a225af552ea520f5f0a,b1d921a324ef5c23d8582b9fa4164db663bcab79d3c616b5f45537965ae6448e,"In Alice's Wonderland, a secret set of transformation rules is applied to equations. Below are a few examples:
13&59 = 621
96(82 = 14(
97(71 = 26(
12(45 = 33
Now, determine the result for: 59&02"
1d930d32,bit_manipulation,e3cad5e16d15c7629883ce1bbfd06bcec3082afae885561244ad72d0f61b2e11,9cc036ceffc023e128dc0a4d4d9951176d435a974d32f4e3c5588017e7bf732a,"In Alice's Wonderland, a secret bit manipulation rule transforms 8-bit binary numbers. The transformation involves operations like bit shifts, rotations, XOR, AND, OR, NOT, and possibly majority or choice functions.

Here are some examples of input -> output:
01010100 -> 10101101
11011100 -> 10110101
11010011 -> 10101011
01111100 -> 11111111
01101100 -> 11011110
11111101 -> 11110101
10001100 -> 00010000

Now, determine the output for: 10000110"
1da4f2db,bit_manipulation,c3e1e81deb9cf792b609a430a79aaf3e551920954c07d7677b63df56decab330,c93ada4f9496676026b2969c8d729f988ae3018e316a6b336c99e6bf73235bc6,"In Alice's Wonderland, a secret bit manipulation rule transforms 8-bit binary numbers. The transformation involves operations like bit shifts, rotations, XOR, AND, OR, NOT, and possibly majority or choice functions.

Here are some examples of input -> output:
00111110 -> 00011111
00010101 -> 10001010
11011110 -> 01101111
00101010 -> 00010101
10110000 -> 01011000
01110100 -> 00111010
10001111 -> 00000111
01110000 -> 00111000
01110110 -> 00111011

Now, determine the output for: 11001110"
1da822f1,equation_transform,4850e01714739764308c7815834e7c85240aef1b21336ea7b2890b7307425e6e,ac46cb006b05f723657610b2efaabc6e811ffa29a41f98e34ea6b52e7c436596,"In Alice's Wonderland, a secret set of transformation rules is applied to equations. Below are a few examples:
58*31 = 88
79*93 = 171
19*99 = 117
77*88 = 164
Now, determine the result for: 26%23"
1db0c6fe,equation_transform,0cbcfea80454b60ef0e766828c9b4ed9ce112f73f2aab61544a46fe4ae52306d,fb02a409547797fdb575da2e06fc75b88da41777eda7c4f49470c26d953d34d2,"In Alice's Wonderland, a secret set of transformation rules is applied to equations. Below are a few examples:
63@94 = 158
98@76 = 175
36@54 = 91
Now, determine the result for: 48@23"
1dba764b,bit_manipulation,8c021ed9dc508d20c1b017cc349a06d63e68506674088cb4aa17825b5aae41a5,251beed41d27e82d271cb9062eb66e1b9a7c1f544472b8a894c9251a497e6fec,"In Alice's Wonderland, a secret bit manipulation rule transforms 8-bit binary numbers. The transformation involves operations like bit shifts, rotations, XOR, AND, OR, NOT, and possibly majority or choice functions.

Here are some examples of input -> output:
11100100 -> 00000000
00100001 -> 00000000
11001011 -> 00000000
00010110 -> 00000000
00111110 -> 00000000
10111011 -> 10000000
10000001 -> 00000000
01010011 -> 10000000
11011100 -> 00000000
11010011 -> 10000000

Now, determine the output for: 00110011"
1deaf759,bit_manipulation,5a6d6d9f543e287ac4044ffeb970d2cd42c753bac8dda190cd40873b538e8ce8,f38ffb733dc0b7d4968febaf3208f5d91b7bf7125ec211b5fcefe2a821f9c50e,"In Alice's Wonderland, a secret bit manipulation rule transforms 8-bit binary numbers. The transformation involves operations like bit shifts, rotations, XOR, AND, OR, NOT, and possibly majority or choice functions.

Here are some examples of input -> output:
00111111 -> 01111001
01111010 -> 11010011
11011110 -> 11110110
10010110 -> 10110100
00000111 -> 00111000
10100110 -> 00110101
11001111 -> 01111110
11010110 -> 10110110
11111001 -> 01001111
11111111 -> 01111111

Now, determine the output for: 11110100"
1dfb1f3d,bit_manipulation,98c6619ac7b34456eb63f3b2071bfe2453206f525aeefadd5aeb637b824eab7d,f69a3243389d608666c5299af063c37f6d4d0f07cd9d7cf35acfa9fab4f48f16,"In Alice's Wonderland, a secret bit manipulation rule transforms 8-bit binary numbers. The transformation involves operations like bit shifts, rotations, XOR, AND, OR, NOT, and possibly majority or choice functions.

Here are some examples of input -> output:
11110000 -> 01111000
01110011 -> 01111001
01000010 -> 10100001
10111010 -> 11011101
10101101 -> 10010110
10011010 -> 11001101
11010001 -> 10101000
10011111 -> 00001111
01001110 -> 10100111
10100000 -> 01010000

Now, determine the output for: 00001010"
1e0f6678,equation_transform,3754b7d36bfdfaba8de72e0a54c5829f6c0bedd798bff5183e4e742ec6ea10ef,bbd813ec64f34bb0a49c33edf5748fd715febd341df2fc1311604b59cbc97883,"In Alice's Wonderland, a secret set of transformation rules is applied to equations. Below are a few examples:
33""30 = 3
23""69 = 0
64*65 = 4160
Now, determine the result for: 37*36"
1e248995,equation_transform,fa211136939e9d7e995c4ecefdaeaf53e2e8411cd40e96967eeb60d2d5659139,a15083a939d99d98c2a2fb8c400fff2afdd91906e5e2bcdfa78954b14eaa963e,"In Alice's Wonderland, a secret set of transformation rules is applied to equations. Below are a few examples:
55""38 = ""17
78^42 = 120
51^87 = 138
24^73 = 97
11$15 = 164
Now, determine the result for: 13^18"
1e677e2c,bit_manipulation,cae87b4c9d57194a26cd7106bad30f2e050854533a3f45f69e9e8ed8299d45c9,c1bd9f1c4f7d065e568a91a8579f4bb8d852228cc69bb968323c1daf7c3d5bee,"In Alice's Wonderland, a secret bit manipulation rule transforms 8-bit binary numbers. The transformation involves operations like bit shifts, rotations, XOR, AND, OR, NOT, and possibly majority or choice functions.

Here are some examples of input -> output:
11110100 -> 01001111
00100111 -> 10110010
01000011 -> 11110100
01110011 -> 11110111
11100011 -> 11111110
00000100 -> 01000000
10101111 -> 00111010
00111101 -> 10010011

Now, determine the output for: 11011000"
1e86b3a7,bit_manipulation,7c0a1cfcf33b1ebd408370cdf0bd250fc59945f89d134473e02b414478d1fb29,af3e57d5bf34baeebf01738e242bf51039521ed566d8b7185bcda74bf289a85e,"In Alice's Wonderland, a secret bit manipulation rule transforms 8-bit binary numbers. The transformation involves operations like bit shifts, rotations, XOR, AND, OR, NOT, and possibly majority or choice functions.

Here are some examples of input -> output:
10101001 -> 01000001
00110011 -> 01000000
00010011 -> 00000000
00101010 -> 00000000
00010100 -> 00000000
00000000 -> 00000000
01100010 -> 10000000
01010111 -> 10000010
11001000 -> 00000000

Now, determine the output for: 11111011"
1eaf6228,equation_transform,d22ce3118709ca60e7847f1f45d035b9e830da39124cdcc30a18ae0cbf6d8397,b526cd19582c104bdcc496107a316ac18b87eaf380853a5c6babd07eefcda657,"In Alice's Wonderland, a secret set of transformation rules is applied to equations. Below are a few examples:
25-55 = 3
94+41 = 26
25+29 = 341
35-35 = 0
Now, determine the result for: 42*61"
1ed83cae,bit_manipulation,60c6c76e4ec1b4ff21fc310157e7ce70ab05bf6c4b2ec1bb9402d16524301757,37f53002c70a0a69b401a1e1610b5a1ccf4847f70fd639bf5b0e6ad1f34da29d,"In Alice's Wonderland, a secret bit manipulation rule transforms 8-bit binary numbers. The transformation involves operations like bit shifts, rotations, XOR, AND, OR, NOT, and possibly majority or choice functions.

Here are some examples of input -> output:
00101101 -> 00000000
01000001 -> 00000000
10001000 -> 00000000
00001111 -> 10000000
00001000 -> 00000000
01000111 -> 10000000
11100101 -> 01000000
00000100 -> 00000000
01011000 -> 00000000

Now, determine the output for: 01001101"
1ee54412,equation_transform,f8f38f534584fdcb0e32b964a1c272206d23f12684b3eb60871444c2dcec61d2,25b0bbb989cbd8ec56d03e1f62055024526f64e4509e7aac611a191d30ef86e9,"In Alice's Wonderland, a secret set of transformation rules is applied to equations. Below are a few examples:
07:33 = 301
58:23 = 711
08:89 = 871
93-13 = 8
56-95 = 6
Now, determine the result for: 58-85"
1ef51442,equation_transform,20406796020366990f7ce13c64c966f98ef873c3c1f7b1b3e1607e4be1ad1e16,9769b0bc328513a95fa840e7d9f131909b0bb5cb8e541d47f8cec84141af5e04,"In Alice's Wonderland, a secret set of transformation rules is applied to equations. Below are a few examples:
68+31 = 99
14*54 = 4481
28+87 = 061
93*84 = 1781
Now, determine the result for: 94*14"
1f0674b0,equation_transform,63c53f663ee5a46987d07124610bf1191692dc4461a6d3bc61512058fa490e10,b65d3518a43e205d508ed4f0cce50798b21a358787667ea1c381dd487c7da625,"In Alice's Wonderland, a secret set of transformation rules is applied to equations. Below are a few examples:
69-14 = 55
13-75 = 62
71+81 = 53
58-66 = 91
Now, determine the result for: 54+95"
1f0fbe5f,equation_transform,09feef79dc2d249f144c7ff4695f21d068f3448248ca8182a5da600095103592,b08141a2c901c20c4d4400f1812e162a8fdf6f29874850bda64d7a3d536e98a2,"In Alice's Wonderland, a secret set of transformation rules is applied to equations. Below are a few examples:
06*79 = 0285
75-72 = 3
88-32 = 91
Now, determine the result for: 54-68"
1f1292d6,bit_manipulation,33dc0643f13e29f02be3f9f2661bbc1db8e54177a95c2deaeaac727b25257f80,f70269e10a9dff2c0da615e8bde3e7988938d33763dbefeed48dc777a65bb11b,"In Alice's Wonderland, a secret bit manipulation rule transforms 8-bit binary numbers. The transformation involves operations like bit shifts, rotations, XOR, AND, OR, NOT, and possibly majority or choice functions.

Here are some examples of input -> output:
10110011 -> 10011001
11100100 -> 00100110
00010101 -> 10101000
10110100 -> 10100001
11011110 -> 11110100
10001100 -> 01100000
00011101 -> 11101000
00100110 -> 00110000
11001111 -> 01111100
10111010 -> 11010001

Now, determine the output for: 01010001"
1f445c5e,equation_transform,4a1080864a1ce4a5dca0ab31f08bbcd85aa8682f668be2476fa77b1e2ca2fe9b,a2001e7b67144d44309debc518906ac25a814df51d7f982d8be59cb2f2f3c14d,"In Alice's Wonderland, a secret set of transformation rules is applied to equations. Below are a few examples:
58?58 = 3364
95}49 = }46
81?13 = 1053
53?11 = 583
Now, determine the result for: 34?46"
1f4c8169,equation_transform,b9ec98ffb0427c70b63f59b824c758e48c41680dee2bdc25dc7b1e4467147852,6c885306ec432c0b23ec628d1feabca101337918d802efd0116fd49330b00c1c,"In Alice's Wonderland, a secret set of transformation rules is applied to equations. Below are a few examples:
44+02 = 46
79+53 = 231
83*13 = 9711
27+32 = 59
Now, determine the result for: 86+28"
1f64478c,equation_transform,d976cd94248c3817765117efd9392e85593b1446dafa03b05277c435f8dc9e0c,7921dfa446f4650ea469ecde9472c64eba6cda22db2e383891ee6ea91d63a932,"In Alice's Wonderland, a secret set of transformation rules is applied to equations. Below are a few examples:
$`+{> = `#!
`#+>@ = !>
#\+@> = \@!
Now, determine the result for: #!+>\"
1f69a85f,bit_manipulation,cf58a3945a9b9387f2ba5bd0f85ef54c58784b3b42b7b900d305a4fdcc1f55d0,66d77f9fe1fc5e82373577fffcd9e2c1ba5e78a50b1fb2c14b46e3a5768e5e76,"In Alice's Wonderland, a secret bit manipulation rule transforms 8-bit binary numbers. The transformation involves operations like bit shifts, rotations, XOR, AND, OR, NOT, and possibly majority or choice functions.

Here are some examples of input -> output:
11100000 -> 10000001
00101001 -> 10100100
01100001 -> 10000100
01011101 -> 01110100
11011111 -> 01111101
00101010 -> 10101000
01011111 -> 01111100

Now, determine the output for: 11101111"
1f6c2fd9,bit_manipulation,3f8cb7c70e40160dd439611ca2f1ebfbfb77816c6b8dfe3ba406e91ad688c0c7,5b4337932af44be17d32a47e221b45d3be2ff508ced829bfac3589bed4ca3b34,"In Alice's Wonderland, a secret bit manipulation rule transforms 8-bit binary numbers. The transformation involves operations like bit shifts, rotations, XOR, AND, OR, NOT, and possibly majority or choice functions.

Here are some examples of input -> output:
11000011 -> 10000110
10101111 -> 01000101
01100100 -> 00000000
11000010 -> 10000100
11011101 -> 00000010
11111110 -> 10000101
00101101 -> 01000000
01101010 -> 10000000
11001101 -> 00000010

Now, determine the output for: 10011100"
1f7cf3b9,equation_transform,70c71d4273c20ae6d28acd45b93ebeba725a44a66b49d8dcdcc9406ec967d3d4,7d8ecc28ab23dc38ee70994c373dc852324215dcf3422e0ac4c1ff3d187d344a,"In Alice's Wonderland, a secret set of transformation rules is applied to equations. Below are a few examples:
:^*!] = !@\@
@]+&\ = :&
(:-]: = @
:)+@\ = >]
Now, determine the result for: )>*\^"
1fa373db,bit_manipulation,3de0f9d8622b7f4eb9e2a920b4554b1e3f51f947143ed0c7f051a8e0f05f085f,60dc8ce1758f277e3c972a7a917581b8f737b522854f98bdf1e8b333fca54d1f,"In Alice's Wonderland, a secret bit manipulation rule transforms 8-bit binary numbers. The transformation involves operations like bit shifts, rotations, XOR, AND, OR, NOT, and possibly majority or choice functions.

Here are some examples of input -> output:
00101001 -> 01000010
00010110 -> 10110101
10111001 -> 11100110
01110100 -> 10111101
11100001 -> 00110000
00011011 -> 11011110
01000101 -> 00111001
01100110 -> 00101001
00010000 -> 10000100
11101100 -> 01011011

Now, determine the output for: 00100100"
1fb37a08,equation_transform,f84234ddf469096f692e2c1935ec2bac162c6749b2e88329f276bd2c83283e48,e1f7c79c240661c791abf43426819dd59feee9d25e4bd5dd7c305fb49835d78a,"In Alice's Wonderland, a secret set of transformation rules is applied to equations. Below are a few examples:
<!'|& = $@&
|/*|& = |/|&
%@'@< = $//
$&*@% = $&@%
Now, determine the result for: $|'<$"
1fd310dc,bit_manipulation,2f8f653e79b23b88913f91aef8bd2babead13d3b19f116e744f189ac6801fd3f,cc630f7339f4af889ffe29178a026740c81b1961cfa17ee7c2f6d5df5ac25de5,"In Alice's Wonderland, a secret bit manipulation rule transforms 8-bit binary numbers. The transformation involves operations like bit shifts, rotations, XOR, AND, OR, NOT, and possibly majority or choice functions.

Here are some examples of input -> output:
11101010 -> 01111110
01010011 -> 11010111
01000110 -> 01010001
11100010 -> 00111100
11110111 -> 10111111
10010101 -> 01111101
01001010 -> 00111011
01101011 -> 01111010
01101111 -> 01011011

Now, determine the output for: 01100100"
1fd65d86,bit_manipulation,18b0eec8bd9258365a683c3459be5a4f6f1547cd10cb97526bfc1054932779d9,8785148cab9d721bde7f2929a2771bc0c76241526b50658e543b5780f2f1d61b,"In Alice's Wonderland, a secret bit manipulation rule transforms 8-bit binary numbers. The transformation involves operations like bit shifts, rotations, XOR, AND, OR, NOT, and possibly majority or choice functions.

Here are some examples of input -> output:
00100101 -> 01001000
11100010 -> 11001010
01101101 -> 11011100
01000101 -> 10001110
10011011 -> 00111111
01010111 -> 10101011
10010011 -> 00101111
11011001 -> 10111111
01001100 -> 10011100

Now, determine the output for: 10100001"
1fd84ab1,bit_manipulation,0ec67929666086e495be7c05d52ea0c90205a4e038c90b33050cddc8b7b34bc3,bbfcc7fec642a89aab92817665afc7f24b0e6d4f4969b65d398b7f06aaa61c71,"In Alice's Wonderland, a secret bit manipulation rule transforms 8-bit binary numbers. The transformation involves operations like bit shifts, rotations, XOR, AND, OR, NOT, and possibly majority or choice functions.

Here are some examples of input -> output:
11100000 -> 11000111
10001011 -> 01111101
01010010 -> 00101011
10001010 -> 00011101
00101011 -> 01010101
10010100 -> 01011110
11011100 -> 01001110

Now, determine the output for: 01001111"
1fe9b923,bit_manipulation,282608da9e1156c4342cc945e0b58a3b9d0384948bb45b295326f38f8d065df6,d5c0ce7b229321f05bc58fa48f8121434d271f8c8af56e1807f5fc3f30baaf0c,"In Alice's Wonderland, a secret bit manipulation rule transforms 8-bit binary numbers. The transformation involves operations like bit shifts, rotations, XOR, AND, OR, NOT, and possibly majority or choice functions.

Here are some examples of input -> output:
10001011 -> 01000000
11010110 -> 01000011
00000001 -> 00000000
01100111 -> 10100001
01100000 -> 00000000
11110001 -> 00100000
00100111 -> 10000000
10100010 -> 01000000
10101111 -> 11000010

Now, determine the output for: 01111110"
201b150e,bit_manipulation,37eeb8d412e95c365aebd078ec3431429caf55cb22910338c94a6c7770ce6f6f,7e7bb1e0f373d19a94676f21e3b828854f6f7e92227ca4d6f76ed740bb2e8aa1,"In Alice's Wonderland, a secret bit manipulation rule transforms 8-bit binary numbers. The transformation involves operations like bit shifts, rotations, XOR, AND, OR, NOT, and possibly majority or choice functions.

Here are some examples of input -> output:
10010000 -> 00100010
10011111 -> 00111100
10101000 -> 01010010
11010111 -> 10101101
01011000 -> 10110001
10001000 -> 00010010
01110110 -> 11101101
00111011 -> 01110110
10001010 -> 00010110
10000001 -> 00000000

Now, determine the output for: 01100101"
20333a1f,bit_manipulation,ff8706a172f8d1357126d42b3b379b2712da81d3567d0341c6ab5aabf2bd3e72,eff565be9c41bcd427a283ba1e1defe34a682297eb3cd2abb19fe28d37905892,"In Alice's Wonderland, a secret bit manipulation rule transforms 8-bit binary numbers. The transformation involves operations like bit shifts, rotations, XOR, AND, OR, NOT, and possibly majority or choice functions.

Here are some examples of input -> output:
01010000 -> 00000001
11101111 -> 11100011
10000010 -> 01000010
00000101 -> 10100000
10100000 -> 00000010
00101101 -> 10100000
10000100 -> 10000010
01111100 -> 10000001
00111010 -> 01000000
11000110 -> 11000011

Now, determine the output for: 10010100"
2049f01d,equation_transform,737ec89f8311a505896c52d52e36ded8a4014a15bb2e51ca10881dec9f925fee,84b553f2d6c5355601e4973ed532cdb7b81d80660170ab867a5b6befa36dc1a2,"In Alice's Wonderland, a secret set of transformation rules is applied to equations. Below are a few examples:
86+62 = 59
48+71 = 201
37-52 = 84
29*75 = 4425
16+11 = 37
Now, determine the result for: 52-75"
207ab66f,equation_transform,cdccd777622055872f6ec5c6ca9e78974d606f8fcaffc69db2b7b5fc5fc42d7c,65ef6f4311ac246e9a6a59509b2781e16584a57c3c0d18cf837bc17bafb7fac5,"In Alice's Wonderland, a secret set of transformation rules is applied to equations. Below are a few examples:
03]09 = ]06
48{26 = 7025
13{46 = 3891
68]07 = 61
Now, determine the result for: 17{37"
20924dd4,bit_manipulation,84f12051a72c460e3f8e1746b3e35082202e98a94d47411f24b9703daa208bc9,42edf20ed8f2fae31031905c97a1861ca9b44fd22fd69c8a2c5422e84390d817,"In Alice's Wonderland, a secret bit manipulation rule transforms 8-bit binary numbers. The transformation involves operations like bit shifts, rotations, XOR, AND, OR, NOT, and possibly majority or choice functions.

Here are some examples of input -> output:
10001101 -> 11010000
11110110 -> 01100111
11100010 -> 00100110
10011000 -> 10000000
01001111 -> 11110000
11001011 -> 10110100
10100111 -> 01110000

Now, determine the output for: 00101011"
209d28ca,equation_transform,fb3a2330b8c6024031d687d17c94d9ae76adfeaf26b640b219c9d17c57ff125b,4333a2cfe2f45f2f42eabc19b5fcf3e7f9a1555a126e6688a468b1c18ea985d7,"In Alice's Wonderland, a secret set of transformation rules is applied to equations. Below are a few examples:
35}22 = 13
10^96 = 961
66}15 = 51
23^91 = 2094
Now, determine the result for: 84[87"
209e62c5,bit_manipulation,0503bd68d1bd456e44abdf23f9e50dc3b3ab913224639f218292fb99ea6c8a1b,09353ba8354f0f2d09a9a6a60cd6035ffc0102e5db9f28514a71bd30a6ebb37a,"In Alice's Wonderland, a secret bit manipulation rule transforms 8-bit binary numbers. The transformation involves operations like bit shifts, rotations, XOR, AND, OR, NOT, and possibly majority or choice functions.

Here are some examples of input -> output:
00101010 -> 10101000
00110000 -> 11000000
11001110 -> 00111011
10010000 -> 01000010
00110101 -> 11010100
01111111 -> 11111101
01110011 -> 11001101
10000000 -> 00000010

Now, determine the output for: 01011110"
20abedb7,bit_manipulation,9f23a9f411913876787434f7c2a85a3441a56003b9b54dfe15b3ae56d5bb9322,f0724e893bc28cf003942683a00ef00b20f613b82ab750d5d7ee76c358fca10b,"In Alice's Wonderland, a secret bit manipulation rule transforms 8-bit binary numbers. The transformation involves operations like bit shifts, rotations, XOR, AND, OR, NOT, and possibly majority or choice functions.

Here are some examples of input -> output:
11110110 -> 11001001
01101011 -> 10000100
11000111 -> 00001111
01100001 -> 10000000
11100110 -> 10001001
01000011 -> 00000100
00011111 -> 00111100
00101001 -> 00000000
01011001 -> 00100000

Now, determine the output for: 00001100"
20c252d7,bit_manipulation,542769fa015ea486ee8a234511b32a571b122a3a9d39cfa3c71de01f49eb1ee1,d729149244f23767e4566f3f1f822d2073a1ddc21db38e60928c85619905f44e,"In Alice's Wonderland, a secret bit manipulation rule transforms 8-bit binary numbers. The transformation involves operations like bit shifts, rotations, XOR, AND, OR, NOT, and possibly majority or choice functions.

Here are some examples of input -> output:
00101111 -> 01111011
10101000 -> 01001111
00011000 -> 11000001
00011100 -> 11100001
00100101 -> 00101011
11100000 -> 00001111
00010000 -> 10000001

Now, determine the output for: 01100111"
20e6b2d1,equation_transform,30a7a34860fd5e8019528181cc1e75cbd52b908a720c4158e7591eb5cf8102f2,992b7599637ec4d0614b0e09b8ca434a006ced87bd8964b3aa73dedc79d7031e,"In Alice's Wonderland, a secret set of transformation rules is applied to equations. Below are a few examples:
]'*{% = '{{%
@$*@$ = ]%$`
{?+`\ = {?`\
`?*{% = ?$%
(]*{? = '%``
Now, determine the result for: @`-]("
20f3b869,bit_manipulation,0ceef02041c40647f60ea08ddd961df1c79bfab8be87f28cb18b283f52714f0c,a182f992c020358088394f4c9181cdbde9fa335db9809797ff4bbb8f15b8cd0a,"In Alice's Wonderland, a secret bit manipulation rule transforms 8-bit binary numbers. The transformation involves operations like bit shifts, rotations, XOR, AND, OR, NOT, and possibly majority or choice functions.

Here are some examples of input -> output:
00010010 -> 00101101
10101111 -> 01011111
11011010 -> 11111101
11100101 -> 11111011
11010001 -> 11101011
10111010 -> 01111101
11011101 -> 11111111
00101010 -> 01010101
01010101 -> 10101010
10001011 -> 01010111

Now, determine the output for: 01101111"
212e792d,equation_transform,353cc2edc1c96fc9cde2c8cccdefdc7871a680c56f6a92d701fb10ebfcc91d21,1d87f276c75543b25998a59ef5227fcfb500277dd0e5e296eef4ea22e1ffe34c,"In Alice's Wonderland, a secret set of transformation rules is applied to equations. Below are a few examples:
[`)?[ = )%&
?\$?: = `[`
`?$[& = ?`
Now, determine the result for: %\):!"
21312779,bit_manipulation,a250e62f922804b29fe07a64dc803aa35458e05f9629b8a422dc0949f65c9a6b,3872871c25eda5dcdfcf0a55220a0c8d235a316c2e3435cd4e00d8ead3f871d7,"In Alice's Wonderland, a secret bit manipulation rule transforms 8-bit binary numbers. The transformation involves operations like bit shifts, rotations, XOR, AND, OR, NOT, and possibly majority or choice functions.

Here are some examples of input -> output:
11111000 -> 11101111
10000100 -> 00011000
11110101 -> 11110100
11000011 -> 10011110
00101110 -> 01011001
11101101 -> 11000111
00100100 -> 01001100
10010001 -> 00110000
10111110 -> 01101011

Now, determine the output for: 11011010"
214d0570,bit_manipulation,d3b5bc0655c91de369f28339f6589878a3a1d3e18fd4fd6e4118e5a95927652c,f805a73c95cb4b5709d7c869456de9f7152aaed9597ceed63bad5a74b25f35c7,"In Alice's Wonderland, a secret bit manipulation rule transforms 8-bit binary numbers. The transformation involves operations like bit shifts, rotations, XOR, AND, OR, NOT, and possibly majority or choice functions.

Here are some examples of input -> output:
11000000 -> 11111111
10101011 -> 10111111
01110000 -> 11111111
11101100 -> 11111111
00000110 -> 01111111
10100100 -> 11111111
01101000 -> 11111111

Now, determine the output for: 10010111"
21b90d9f,equation_transform,7a2a86da4564e4e977c569989651697eb5060c9e5de499b6adf7d47d154f3a18,4e36e2ea66b1b72e1d8c63649444e628a594927a9b9a36ee8e2d63bd31dc83e8,"In Alice's Wonderland, a secret set of transformation rules is applied to equations. Below are a few examples:
]{-]{ = :
{'*/{ = {'/{
{?-?' = ))
/&*)) = /&))
{/*&/ = {/&/
Now, determine the result for: ){*?{"
21dff465,equation_transform,dda8f7bdb2f4e9358e914cae66bb7baf9d851ad0f393ef58bb98b1a9bd4a02c9,f50ed05aa34ebc7981849a6f8092a30e63926b4a3a073d0a4537b8f254e5c3d2,"In Alice's Wonderland, a secret set of transformation rules is applied to equations. Below are a few examples:
30?45 = 75
57?67 = 124
40?37 = 77
Now, determine the result for: 73@82"
21ee162c,equation_transform,877fa9180540048480df375167a57b68aca05f4a8d9791504e7070aa94ac0011,f678a0d1d87c226fd327906b7026d84302696e13708ba977c753ec82fa734edb,"In Alice's Wonderland, a secret set of transformation rules is applied to equations. Below are a few examples:
#}*#} = ${@/
/#*[{ = #(/&
#@*'} = /'(
Now, determine the result for: '$)/&"
21fa96be,bit_manipulation,3eef3697f6a8fdaacdd4ecb9adbe81d3e254a2f7bcd3613c8768a5f1a3398460,7561d923ac3f32d547b8c8701f6893e9bd97b79397984b57ddd06707527b1a5e,"In Alice's Wonderland, a secret bit manipulation rule transforms 8-bit binary numbers. The transformation involves operations like bit shifts, rotations, XOR, AND, OR, NOT, and possibly majority or choice functions.

Here are some examples of input -> output:
01001000 -> 10001001
00001010 -> 10100001
01011001 -> 10011011
01001111 -> 11111001
10001001 -> 10000001
00010000 -> 00000010
10101100 -> 11010101

Now, determine the output for: 00011001"
22288152,equation_transform,f02ecf4cb126d39fa38fedc96b8e29bcc4c93fcc617a54e8aae5934f9611230c,608cb745f472e4167ecee901d89138dd5f9d7dbe3277e0ada27ffd864c1da40e,"In Alice's Wonderland, a secret set of transformation rules is applied to equations. Below are a few examples:
17{75 = 821
61'66 = 5501
53{87 = 311
36{82 = 19
68/54 = 14
Now, determine the result for: 98{19"
2230fad0,bit_manipulation,cb901cf3f7f9a6f3949f69a1b497f0fbd381d254ad32e6a0846cdcedd01f709e,56f4ada208243455b1ccaf69e8dc3fb802de15c4d9ff77a2dec4cae535022f17,"In Alice's Wonderland, a secret bit manipulation rule transforms 8-bit binary numbers. The transformation involves operations like bit shifts, rotations, XOR, AND, OR, NOT, and possibly majority or choice functions.

Here are some examples of input -> output:
00011001 -> 10101111
11001001 -> 01111010
01001010 -> 01010011
10000011 -> 11110100
01011001 -> 00111111
11100011 -> 10111100
00100011 -> 00111101
01000000 -> 01111111
10100101 -> 00101001
00110110 -> 01000111

Now, determine the output for: 10111011"
223b2899,equation_transform,86bc87caa7085b6b724b72e4878910eea81d6cb5fce2340912295319d8d34cff,a0083d955bec394e4ba0a1774fbbf62b04207fe812d849dc08c55e5ef5424ae6,"In Alice's Wonderland, a secret set of transformation rules is applied to equations. Below are a few examples:
?[-?> = %
)!""?> = %!%%
`%""%: = <<!
Now, determine the result for: ??"">`"
224efda1,equation_transform,4192749366bb98e7d7769363c234107c4caef4662c11e40bd18b3a548ccdb267,1b9ae30066ebe3dd81bf2e465b2a672cae492a3bb2c331169dc449f748ec7780,"In Alice's Wonderland, a secret set of transformation rules is applied to equations. Below are a few examples:
22]67 = ]45
39@99 = 3999
53]91 = ]38
Now, determine the result for: 61]54"
226cbdf8,equation_transform,bb9ada2cd6449beaef4ef322aea5275bc6e4b0199a3a35c059bb34d6a3a37d6f,cbab0aefad9818222cabc82164f99274c5b5091389cffb2ffc31c87668b48d6d,"In Alice's Wonderland, a secret set of transformation rules is applied to equations. Below are a few examples:
%#+%% = %^%)
[`+^` = |)/
[`}"") = [[
|%}`^ = &/`
Now, determine the result for: )|})#"
228bd26b,equation_transform,73aa4217cdefe9e04e8fad319400ec344e750f296117bebac640f69e306d2882,ca5feb068722a80b9f7a7218e48fe032d5e24253f29a19200ba22b31623a097a,"In Alice's Wonderland, a secret set of transformation rules is applied to equations. Below are a few examples:
43!79 = 3397
58-47 = 11
84!32 = 2688
25-93 = 18
Now, determine the result for: 40/12"
22b516b3,bit_manipulation,9e1d586e8be365f3dc8c83ed139f9d27bdaa5d1d152ab52ffd1ed6286c84e8fc,fb2212b18e0648f08d2e71051082357416faa2ab5be7fc9ca4b82e6807aec9b3,"In Alice's Wonderland, a secret bit manipulation rule transforms 8-bit binary numbers. The transformation involves operations like bit shifts, rotations, XOR, AND, OR, NOT, and possibly majority or choice functions.

Here are some examples of input -> output:
00001000 -> 01010000
01010110 -> 10111110
10011100 -> 11111100
01101110 -> 11111111
00111110 -> 11111101
00011101 -> 11111010
01001100 -> 11111010
10101101 -> 01111111
01100100 -> 11101011

Now, determine the output for: 01101111"
22c34f56,bit_manipulation,ce42a75f982a2a20d2686f7bd9375e9fdf8a6b666d41e0b0f420c1fb58458e0c,2b374ca86fe25be4f377dc4c75319dd26bfab507c557422bc29f8b82af12c100,"In Alice's Wonderland, a secret bit manipulation rule transforms 8-bit binary numbers. The transformation involves operations like bit shifts, rotations, XOR, AND, OR, NOT, and possibly majority or choice functions.

Here are some examples of input -> output:
00110001 -> 01100100
11001001 -> 10001011
11111010 -> 11101011
01000100 -> 10000000
01110110 -> 11100010
00101110 -> 01011001
00010001 -> 00100000
01001010 -> 10011101
00101101 -> 01011111
11100000 -> 11011100

Now, determine the output for: 01111111"
22e28f23,bit_manipulation,b4835fc59ac8f47681f2ed11466353a275da2270ce6c4736aea6910d722f1998,cd84b4c27f171316c9d2bb276adb0e1c49ab629f487551afd1475890ed41d2cb,"In Alice's Wonderland, a secret bit manipulation rule transforms 8-bit binary numbers. The transformation involves operations like bit shifts, rotations, XOR, AND, OR, NOT, and possibly majority or choice functions.

Here are some examples of input -> output:
01110011 -> 00010111
01100001 -> 00010110
10101101 -> 10001010
10110101 -> 00011011
11100100 -> 00001110
00000110 -> 01100000
11111001 -> 00001111
11100010 -> 00101110
01111000 -> 00000111
00110011 -> 00010011

Now, determine the output for: 01010111"
23410e94,bit_manipulation,a0fdff5447fffeb71320b4f2e7fe8e68f8f6ca00967a7e0cf072ed613b1860d6,1310c6c4c1bd683fe24239741cd700c902895a7abf89fd13915fd567b98c660f,"In Alice's Wonderland, a secret bit manipulation rule transforms 8-bit binary numbers. The transformation involves operations like bit shifts, rotations, XOR, AND, OR, NOT, and possibly majority or choice functions.

Here are some examples of input -> output:
10100011 -> 00010001
00011010 -> 10001101
11000010 -> 11100001
10010110 -> 11001011
00011110 -> 10001111
01100111 -> 01110011
01101110 -> 10110111
10110101 -> 10011010
11000100 -> 01100010

Now, determine the output for: 01010011"
234e5b9e,equation_transform,5238bf19025a4e65f791a9e247746b0327c19b6e6f16d6a5ba0863cdb9c81567,3100741488251a078d581f1f0fc8604f57ab026deaa0faf286e53628f1d42237,"In Alice's Wonderland, a secret set of transformation rules is applied to equations. Below are a few examples:
&$""$& = #||
)#+|( = $<]
#|@&! = !]
!:+#) = $!<
$<""&| = &|$
Now, determine the result for: )(""(#"
236034b4,bit_manipulation,a0c9e5dc79f8bb5058831a0ddfa696466fcfbf21e5264a6499e6fc700a6b589e,2c13fb60a9fb29f6bed71bdd3bc6aad081a3f4dca274c4c5d9c2d5f0da9a1d8d,"In Alice's Wonderland, a secret bit manipulation rule transforms 8-bit binary numbers. The transformation involves operations like bit shifts, rotations, XOR, AND, OR, NOT, and possibly majority or choice functions.

Here are some examples of input -> output:
00011111 -> 00100010
10000110 -> 00100011
00001001 -> 11001100
01101010 -> 01100111
01110110 -> 11011101
11001001 -> 01010111
01011010 -> 00000001

Now, determine the output for: 11100000"
236a2204,equation_transform,9f5bc9b17df7ecdeb14cfc85fa623947750f047d81bafd5a60487dccb061ff41,8426d9acfa93d55026ab552d384f8a573ff0c86bcfd0df81c00822a2ffca569b,"In Alice's Wonderland, a secret set of transformation rules is applied to equations. Below are a few examples:
&)'%& = %<]`
|>*^< = ]>
%)*{< = ))
|&""^> = ^
Now, determine the result for: {{*])"
2370909d,bit_manipulation,d41ebd5346d04e0cc0c65da0929aa42474cfc8d70a7da9f21365f953a7b32f31,c16a34ef7bb89b08c5d2cfabf41e55b25d668a42123d5c20de6684e7d27faaaa,"In Alice's Wonderland, a secret bit manipulation rule transforms 8-bit binary numbers. The transformation involves operations like bit shifts, rotations, XOR, AND, OR, NOT, and possibly majority or choice functions.

Here are some examples of input -> output:
11000000 -> 00000000
00101100 -> 01000000
01101100 -> 01000000
10011111 -> 00111001
00010000 -> 00000000
11010000 -> 10000001
11111011 -> 11011111
00100101 -> 00001010

Now, determine the output for: 11111100"
23800316,equation_transform,4e16a8296f28fa03275791db6a494e19551b314c75826068766463115776a44e,8478542a2e8bc6e3c30c1301bb90b28154bd3fa0b7536f1e61c4692128b1856c,"In Alice's Wonderland, a secret set of transformation rules is applied to equations. Below are a few examples:
87*46 = 41
38]67 = 951
58]95 = 441
Now, determine the result for: 44]35"
2395d6df,bit_manipulation,53f47b398a0281e20e23507cccea4df8e2bee3effcdcbb1fbaf1a52d08a06fc4,ab01346b47f47dfd50cf8a98e1458e43344a4ae390d141e498edf08f2cb18be5,"In Alice's Wonderland, a secret bit manipulation rule transforms 8-bit binary numbers. The transformation involves operations like bit shifts, rotations, XOR, AND, OR, NOT, and possibly majority or choice functions.

Here are some examples of input -> output:
00010000 -> 10000000
01101000 -> 01000011
11011001 -> 01001110
00100110 -> 00110001
01111010 -> 11010011
00001101 -> 01101000
01101110 -> 01110011
01111001 -> 01001011
10101101 -> 01101101
00001100 -> 01100000

Now, determine the output for: 01000011"
239771fb,equation_transform,cd722d12efd5c8a2451cae93c03d1c0e7b8c665d502bc7bc7e603b626c0d1e73,9d0d2f96c6a9310bf050de853baaab55b2e422190a3e63a3b149717eff363cb6,"In Alice's Wonderland, a secret set of transformation rules is applied to equations. Below are a few examples:
$)}/) = $}
"">?#' = |/>
#|}$> = ))}
'|?#$ = ${
$#\#> = $#)>
Now, determine the result for: ""'}|"""
23b0eb54,equation_transform,5ff94c1adab9924782840c5111a258c3be012ac08d19437d041b5087fd5c1ccc,d8f08094fed56813026b28818e60a2ea09f699aff8f312cac256ac02d10cbea8,"In Alice's Wonderland, a secret set of transformation rules is applied to equations. Below are a few examples:
](*/| = ](/|
(|-]} = ))
\(-|| = -:/
Now, determine the result for: ]/*:)"
23c59364,equation_transform,1975640bacb5bf839da2070aaf76c8ef0f9c92e723bcf3bdc84a792c152be058,0ad7da01ce135d9aefb3edb190f1633f1ff33a547d7ba3fa0107f7d9f84fda7f,"In Alice's Wonderland, a secret set of transformation rules is applied to equations. Below are a few examples:
`#(}' = `>}|
}#+`| = +>`
/`(#| = '/}|
|""(`' = "">''
/>[)"" = ""|'
Now, determine the result for: ||["">"
23f39281,bit_manipulation,73f4bdda53cf59bf301a622afd3c537fc23f09d8c73672c7f11e5c4a8b5ec206,9defbe19da50ddcb21508ca87e39554cb90022843bea371fdada7c589e4abd16,"In Alice's Wonderland, a secret bit manipulation rule transforms 8-bit binary numbers. The transformation involves operations like bit shifts, rotations, XOR, AND, OR, NOT, and possibly majority or choice functions.

Here are some examples of input -> output:
11010101 -> 01001010
10011010 -> 00001101
10101111 -> 00010111
00100110 -> 00010011
11100011 -> 10010001
01010010 -> 00101001
11100110 -> 00110011
10111001 -> 11011100

Now, determine the output for: 11111101"
23f98595,equation_transform,d14f1cce391f2f67f451d4fe355192399691abe6fc170bb6109a49d4c6f51afd,75bd3b7c9efb5f9fe98aac8e487e8972daa42ba1334aeacf12d91815c8b369f5,"In Alice's Wonderland, a secret set of transformation rules is applied to equations. Below are a few examples:
17-59 = 5476
62-45 = 4041
58-38 = 5507
Now, determine the result for: 33'69"
24232d07,bit_manipulation,20edeedbc852a8e1b5c78525e018305b5d3829782a647d68fbf290fa25c38bcf,90ceccd6951af7f22b8b56071e9663b65bc212e6ea40dce37fdc53add65afaff,"In Alice's Wonderland, a secret bit manipulation rule transforms 8-bit binary numbers. The transformation involves operations like bit shifts, rotations, XOR, AND, OR, NOT, and possibly majority or choice functions.

Here are some examples of input -> output:
10101010 -> 00101010
00011011 -> 10110011
10001010 -> 00111010
01111000 -> 11000111
10001011 -> 11111010
00000000 -> 11111111
00101001 -> 00101011

Now, determine the output for: 01011110"
2423926d,equation_transform,1c9076898f4c2bdc7714d1a3564146610fddcb5d1c7f292fbd722d57adb61dff,0513b24a75277699b02db2478796bfa430062099d67a0ed5c8dcdb5df4757563,"In Alice's Wonderland, a secret set of transformation rules is applied to equations. Below are a few examples:
39-24 = 15
88+93 = 621
38*99 = 6128
67+99 = 471
53*53 = 4221
Now, determine the result for: 33+25"
2441e2b4,bit_manipulation,1b0786bb156395c39ac8dc682fecbbbe69e56b3e5f92f1a6acf2a074d504fce0,3c04f5fb8ade33891282d29c4620bf3dab0aec5e91c640119815414877572b23,"In Alice's Wonderland, a secret bit manipulation rule transforms 8-bit binary numbers. The transformation involves operations like bit shifts, rotations, XOR, AND, OR, NOT, and possibly majority or choice functions.

Here are some examples of input -> output:
00111100 -> 00000001
10101100 -> 00000101
11100000 -> 00000111
01011011 -> 10000010
01111010 -> 00000011
11100010 -> 00000111
10001110 -> 00000100
10010101 -> 10000100
10100100 -> 00000101
01111101 -> 10000011

Now, determine the output for: 10111110"
2460c01a,bit_manipulation,2b2426f0042262ae72d7699de45f2013e10385d7bc652b2b1006a2df30f54f67,2956088aa43efff5aa7f37d6a55390d53e608122a86126fdea0c03ae10e4cd80,"In Alice's Wonderland, a secret bit manipulation rule transforms 8-bit binary numbers. The transformation involves operations like bit shifts, rotations, XOR, AND, OR, NOT, and possibly majority or choice functions.

Here are some examples of input -> output:
11010101 -> 10110101
11101101 -> 10111011
00010010 -> 00000100
11110001 -> 10111100
10111010 -> 00101110
00100100 -> 00001001
11000110 -> 00110001

Now, determine the output for: 11101011"
24750c4a,equation_transform,7902f67baf08f42e39de12e3ea0cc509ca33ad010f3eb8ae8b291a282b0b38cd,bc7d76a491ef1702fafc45c748e463d2327d74442cb393e7b205641dd3baa3dc,"In Alice's Wonderland, a secret set of transformation rules is applied to equations. Below are a few examples:
/{-/< = -)}
@}+@} = @}@}
&|*#/ = @)?|
/&-}? = #}
||*&? = /@){
Now, determine the result for: |/*||"
24a68f61,bit_manipulation,3c5b7dc08c99eed66752f20f47e2493bebd731e8d20df6c8d534d5400adeb4dc,f054507d549affd111d43070f0ca51efd9a1dea8ebac23961662442d3cd5f3ef,"In Alice's Wonderland, a secret bit manipulation rule transforms 8-bit binary numbers. The transformation involves operations like bit shifts, rotations, XOR, AND, OR, NOT, and possibly majority or choice functions.

Here are some examples of input -> output:
11010011 -> 10011101
11010100 -> 10100101
10001000 -> 01000110
10000010 -> 00010110
01110110 -> 10110010
10011001 -> 11001110
00110000 -> 10000001
01111010 -> 11010010
10111010 -> 11010111
11110010 -> 10010100

Now, determine the output for: 00110010"
24b2d8eb,equation_transform,b83fd2427cec1a7bd295e976fcdace4d4de6b03675b836a1fa25435358f43e42,cf4222c8376d9f9879476753198e602187257468ad34c20085ac1fd9c3273891,"In Alice's Wonderland, a secret set of transformation rules is applied to equations. Below are a few examples:
'[+'' = !``
|[*|( = ``!`
::+`"" = ""/`
Now, determine the result for: `!*/["
24b60af3,bit_manipulation,aac88ded62b57d60e28f738ef0dc2e5c73f37646b3d46593cc97cdfa926d4bac,31dd8c71f8767f88aa135934957232dc67366c5b42cacc25b4dbe90da39bbe27,"In Alice's Wonderland, a secret bit manipulation rule transforms 8-bit binary numbers. The transformation involves operations like bit shifts, rotations, XOR, AND, OR, NOT, and possibly majority or choice functions.

Here are some examples of input -> output:
01110111 -> 10101110
10001111 -> 01110001
01101011 -> 01001101
01110101 -> 10101110
01110100 -> 10001110
01100110 -> 00001100
10110100 -> 10010110

Now, determine the output for: 00010001"
24e1f1d5,equation_transform,50d32e418155704b189ba29de82c8078f8c09b4cb367c20c8e93ea149cb682f5,98b20783ac14cdf8b8c7e7466fa96d70417c4501c66e5a57137a9528b85acfad,"In Alice's Wonderland, a secret set of transformation rules is applied to equations. Below are a few examples:
%!+<} = %!<}
<^*""^ = [""(
!\*%[ = #}(\
^<*<< = ^""<
Now, determine the result for: ^#+(!"
24ef5b88,bit_manipulation,2d6710eb8c4779ed2e95ddc5bf2e1da5af332b5f215760ce493b11f7034880c3,9d172ba1f482c2c4afbe177cbbb2e98366180f6dd1b909f62394f09ef1f6a2d6,"In Alice's Wonderland, a secret bit manipulation rule transforms 8-bit binary numbers. The transformation involves operations like bit shifts, rotations, XOR, AND, OR, NOT, and possibly majority or choice functions.

Here are some examples of input -> output:
01111011 -> 10111101
00001001 -> 10000100
10011011 -> 11001101
10111101 -> 11011111
10100010 -> 01010001
01101110 -> 00110111
10011101 -> 11001111
10001101 -> 11000111
10111110 -> 01011111
00010100 -> 00001010

Now, determine the output for: 01001110"
24f44584,bit_manipulation,5be4c907faf83bc85fd7c04049eb2b44827087f57c86f5d7ba7c0cb713fce13a,7472c7fa7c0b422760001727d4fcbcef68d796e5191e71c9fa1531b7f84220fc,"In Alice's Wonderland, a secret bit manipulation rule transforms 8-bit binary numbers. The transformation involves operations like bit shifts, rotations, XOR, AND, OR, NOT, and possibly majority or choice functions.

Here are some examples of input -> output:
11101011 -> 01101110
10110001 -> 00001111
01001111 -> 10111100
10001101 -> 10011001
01100000 -> 11001111
00111001 -> 01000011
00010000 -> 11110111
11010110 -> 01011101

Now, determine the output for: 00001000"
252d0997,equation_transform,1f08e8ceec2a8d5be2146d541906433ff08de62e54b3fa0f1c0f7204032ee317,e877c55a479fdb9311d99d231dd7b1c8d7bc36973b91c84042861c7a1c9c5933,"In Alice's Wonderland, a secret set of transformation rules is applied to equations. Below are a few examples:
[}+@@ = )@&
@[*]& = @[]&
&]*`( = &]`(
}#-[# = -)#
Now, determine the result for: )[-`/"
25705f72,bit_manipulation,36e5dc90efd09a0d788ccd65e04fb7da020b24c2f52aadbb9ad302d7675ff1d5,b4c59d46715bf486ea15744a91eb94ff2d4fd689dce62dd07766191e142ba617,"In Alice's Wonderland, a secret bit manipulation rule transforms 8-bit binary numbers. The transformation involves operations like bit shifts, rotations, XOR, AND, OR, NOT, and possibly majority or choice functions.

Here are some examples of input -> output:
01010100 -> 01101010
10111001 -> 01001100
11010100 -> 00101010
11011001 -> 01111100
11000100 -> 00100010
00010000 -> 00001000
11011111 -> 00011111
10011011 -> 01111101

Now, determine the output for: 11000001"
25764d5f,bit_manipulation,6b05216a33a6b78b6a177f85f91bb76e97aa8d5704dfd72403130224683e278c,e123396a33a3359081413f412586ca5c7d78ef890e37f246fd22ff7b75c0c42d,"In Alice's Wonderland, a secret bit manipulation rule transforms 8-bit binary numbers. The transformation involves operations like bit shifts, rotations, XOR, AND, OR, NOT, and possibly majority or choice functions.

Here are some examples of input -> output:
11010101 -> 10101101
01101110 -> 11000110
01001110 -> 11000100
00001010 -> 01000000
10001010 -> 01001000
10010111 -> 11101001
00010111 -> 11100001
11101001 -> 00101110
11111101 -> 10101111
11100110 -> 11001110

Now, determine the output for: 10001000"
257e7158,bit_manipulation,233b1acc0452af40800959eaf852d0ec4c6154a868e24216fb521a59d5eab15f,ab13f166132ef8dd73210116a3047e88bb59ed850564b98dd3a14fe82422d298,"In Alice's Wonderland, a secret bit manipulation rule transforms 8-bit binary numbers. The transformation involves operations like bit shifts, rotations, XOR, AND, OR, NOT, and possibly majority or choice functions.

Here are some examples of input -> output:
00111001 -> 01000111
10110110 -> 00101111
11110001 -> 10011101
10110100 -> 00111011
00010101 -> 01111101
00010001 -> 01010101
11111100 -> 11101111
10000101 -> 11010001
00100010 -> 10101010
01110000 -> 10011111

Now, determine the output for: 10011001"
258b796b,equation_transform,cc8be0e12afe6bd8c65f61c8919bdbc5eeb086fe3851ceaf92af7409ea35d223,35a3f30cc850f737e6da72ab0230dcc480b3183897aa22cc822b64e37a7ae01f,"In Alice's Wonderland, a secret set of transformation rules is applied to equations. Below are a few examples:
&}-&& = ""
$|-$% = $
}%-$` = }
Now, determine the result for: `]*|["
25a8aeb1,bit_manipulation,9ca04c662dfa2160defbbba1d4a6a745e1111b667d1693bdb10d579b263932b9,5fda7cdf8e779fc0dba6de1837d101d9cdd7f47a0f0664151e2aaf48b4185578,"In Alice's Wonderland, a secret bit manipulation rule transforms 8-bit binary numbers. The transformation involves operations like bit shifts, rotations, XOR, AND, OR, NOT, and possibly majority or choice functions.

Here are some examples of input -> output:
00001101 -> 11000010
10000111 -> 01110000
00011001 -> 10000011
10100000 -> 00001010
11001101 -> 01010110
10011010 -> 10101101
11110111 -> 00111101
00010010 -> 00000101
01111111 -> 00011111
01100110 -> 00101010

Now, determine the output for: 11011001"
25e89624,equation_transform,8199f0ed919777546649d221216de0e0fb24b9ffb30206cca7904fc8399d7bfa,5c1f302aa77dd1c06308f574e22c370d76aeaccc87ec87b4f0cbb585b3bf5bf4,"In Alice's Wonderland, a secret set of transformation rules is applied to equations. Below are a few examples:
<\-)| = -![
$$-)/ = ->
!$*\! = >)$[
Now, determine the result for: >)+\|"
25eb7b03,equation_transform,7f7f47e795ffb7c50e5e49eff067c56e3b934ce2781eb0329b58cac1d1557c48,fd6d1827a6d220b373c7997a1e713ac5ac7ba6405986b7370654fefa0d3feb88,"In Alice's Wonderland, a secret set of transformation rules is applied to equations. Below are a few examples:
86#98 = #12
97{45 = 7624
73#07 = #33
Now, determine the result for: 54#31"
25ee72c3,equation_transform,7a1dc4f214a74ea202cac55fb9341884523c15441df3159dac546a069ab56e8a,28d1b34b97e7dd88a2f43e4a1d391703537d6453b316abc380640d6f4f64a41c,"In Alice's Wonderland, a secret set of transformation rules is applied to equations. Below are a few examples:
:>+'> = &&>
"">+:$ = &<$
]>-@' = <'
'@-@< = ']
:'-"": = ']
Now, determine the result for: #""*<<"
25f2f2cd,equation_transform,cd0c31e730c6c9fa41c9d2d05b65dbeeea99a38f82e3b578a495b2c1bd1b1a43,b0a610208ec8a665d5b7ae2001200f11438f06d1c3013374f28483a63a95a329,"In Alice's Wonderland, a secret set of transformation rules is applied to equations. Below are a few examples:
78+19 = 971
85*57 = 0534
02*35 = 0601
Now, determine the result for: 15+75"
260f20c1,equation_transform,5ea2fbeb1be9b70d12f32101fcb64e3f14a375a41199d91be8a99506e3b61067,24aaa9ccca7df97ba01cdabcdc5c074af6ae525f5fde54fa0a261ae21ec4b1f9,"In Alice's Wonderland, a secret set of transformation rules is applied to equations. Below are a few examples:
84[69 = 153
13+97 = 1260
46+47 = 2161
52[80 = 132
Now, determine the result for: 22\65"
2613a77b,equation_transform,5d960dd52065ef442d71c21e51e55252c619cbe36b9e2d5c00b8822eecf7d23d,ace61ffb942736bfd085862b92f1a8de3a2f87a0afc6791cecf99222f6680278,"In Alice's Wonderland, a secret set of transformation rules is applied to equations. Below are a few examples:
&[+!{ = %{@
{%*>{ = >[<@
{&+&% = >@@
>&-{| = -{<
{<+>| = %>@
Now, determine the result for: ""{*@!"
26168be6,equation_transform,3126b8ec0b57d4db2f07aeda426922d2e35d8cd3aa3de2445d42d675ae959b6e,84ed1e4290d7141307cc9fbfd7d87defcf169a107dc429849a2a48e6156e7126,"In Alice's Wonderland, a secret set of transformation rules is applied to equations. Below are a few examples:
96+63 = 501
08-09 = -01
64+72 = 37
Now, determine the result for: 23+76"
26183eb8,bit_manipulation,e108ef5d1017ecc3e41e42c8cd363ac593879f5cadc7508c1fa445f6bf965a19,2be3825026fcd6c9f203cfb26c8955bba8c70789ae6b70128168d15a91ea1126,"In Alice's Wonderland, a secret bit manipulation rule transforms 8-bit binary numbers. The transformation involves operations like bit shifts, rotations, XOR, AND, OR, NOT, and possibly majority or choice functions.

Here are some examples of input -> output:
00111011 -> 10100111
10100110 -> 01010100
10100010 -> 11010100
00100011 -> 10100100
01101010 -> 11001101
00000010 -> 11000000
10100101 -> 11110100
10101110 -> 01010101

Now, determine the output for: 11110110"
26258d8a,equation_transform,a22be5a5a61c720224df3470b73831892ec5cefd9036c8e06b58860308070e11,64f73d7878c03ba17f23ffa64b4913a0c4e8d813d0cf45c2e419505a8279cf1d,"In Alice's Wonderland, a secret set of transformation rules is applied to equations. Below are a few examples:
@^*}? = \@$@
}@*}^ = [$?
\@*?( = [@(
?@-}@ = }&
}$-$( = <<
Now, determine the result for: ^&-^^"
262e9faf,bit_manipulation,83d313f37fc732a4dc8b316402c00de2c726632d70eae26297bdb1df60abadcc,37cd04364b3ae389f948cb6c2cf71b32d70588a6c721636ad03fb35df8f10b78,"In Alice's Wonderland, a secret bit manipulation rule transforms 8-bit binary numbers. The transformation involves operations like bit shifts, rotations, XOR, AND, OR, NOT, and possibly majority or choice functions.

Here are some examples of input -> output:
00001100 -> 10011111
11101010 -> 10101011
10011101 -> 10010011
01110001 -> 11110101
01000100 -> 11011101
00010111 -> 11000111
01100110 -> 11001101
10110110 -> 01001010
00011110 -> 00001111

Now, determine the output for: 00011100"
2630aaf8,bit_manipulation,2eb117dfc3cb9e4e92d056a08ac58a34c4203916fda39674dd921a3f5a832db5,427e0a7d2ed23fdb7974c856d0f5e21492134d42e1101cd9afd70529eab284b9,"In Alice's Wonderland, a secret bit manipulation rule transforms 8-bit binary numbers. The transformation involves operations like bit shifts, rotations, XOR, AND, OR, NOT, and possibly majority or choice functions.

Here are some examples of input -> output:
10111000 -> 00111111
11100111 -> 10111001
10110010 -> 10111101
10111001 -> 01111111
00000110 -> 01100111
11000110 -> 01110101
11010101 -> 11111101
00011111 -> 01000111
01000011 -> 00110010
00010111 -> 01100111

Now, determine the output for: 11111010"
26410094,bit_manipulation,e16c64f1af8656d534c6a9407d6b40759361f87777832aeaa1c47a5a6648fa17,0562e4a21b2000d45265088878202c4a5707e8999a40ad4dee5498bb57f97bab,"In Alice's Wonderland, a secret bit manipulation rule transforms 8-bit binary numbers. The transformation involves operations like bit shifts, rotations, XOR, AND, OR, NOT, and possibly majority or choice functions.

Here are some examples of input -> output:
10001001 -> 01100010
01100100 -> 00011001
01100110 -> 10011001
10110001 -> 01101100
00110011 -> 01001100
10111000 -> 00101110
11111101 -> 01111111
01110010 -> 10011100

Now, determine the output for: 01000010"
264b2118,bit_manipulation,bc8cf8169399729f7a94fa1f67270bf408e776bbd0f7470bd7aeac14f0342e0f,bc517449558c05699ccacb27e06b0328babbdb2b999abde53205b8305d84e54e,"In Alice's Wonderland, a secret bit manipulation rule transforms 8-bit binary numbers. The transformation involves operations like bit shifts, rotations, XOR, AND, OR, NOT, and possibly majority or choice functions.

Here are some examples of input -> output:
01101010 -> 10101001
00100011 -> 10001100
01010100 -> 01010001
11101100 -> 00110011
10001010 -> 00101010
10110100 -> 01010010
11000011 -> 00001111
00000100 -> 00010000
11000110 -> 00011011
00001100 -> 00110000

Now, determine the output for: 00101101"
26a2a1b8,equation_transform,b99ea15ce78a08ca554929b66f183634455e66cb42d5664765ddeaad6c0fba61,bfe6209629d715c126daf68b8a354fa1bad7c00049e69f1ea2c06195ca87e1ef,"In Alice's Wonderland, a secret set of transformation rules is applied to equations. Below are a few examples:
}@#/( = //
::#<) = :/
/)*&@ = (\
Now, determine the result for: (\#</"
26a70ae0,bit_manipulation,d2257c6b79b9c11ef8bf0332c9923ece4db0fafb81acb30785c87d1456054423,f53538e981528cfe5a2fa5435a90b91c54db6eb5cc3853dc1d1263c7de84b39f,"In Alice's Wonderland, a secret bit manipulation rule transforms 8-bit binary numbers. The transformation involves operations like bit shifts, rotations, XOR, AND, OR, NOT, and possibly majority or choice functions.

Here are some examples of input -> output:
11101000 -> 00010001
00101000 -> 00000000
01110011 -> 11000110
01111010 -> 10000100
11011101 -> 00011011
11010011 -> 10000010
01110101 -> 01001010
10011001 -> 00010011
11001100 -> 00011001
01100001 -> 01000000

Now, determine the output for: 11101010"
26b716ed,equation_transform,033a1b6e69b17df0da33cfeda4bebf6eee787269deb9372f4b3ef20c86cce860,4692cbea842f28cbb46cb7dabfea1c1f2a9f2b8f7f4f7a04d4368769347c5787,"In Alice's Wonderland, a secret set of transformation rules is applied to equations. Below are a few examples:
78!11 = 67
26'86 = 131
28'68 = 961
87'91 = 89
84&64 = 8022
Now, determine the result for: 03'23"
26c83e22,bit_manipulation,6c7f511cf6c73178b52d4c48d53c6bcdad4e33c680c79c7a2ed649d3e7902c04,4a8f4aed7b30d87610c7d59c2fee8def20fb7474f7d22f608fe274321ea06cc2,"In Alice's Wonderland, a secret bit manipulation rule transforms 8-bit binary numbers. The transformation involves operations like bit shifts, rotations, XOR, AND, OR, NOT, and possibly majority or choice functions.

Here are some examples of input -> output:
00010001 -> 00101000
10011011 -> 00101101
00100011 -> 01110001
00100001 -> 00110000
10100101 -> 11110010
10011100 -> 11001110
00010000 -> 00001000
10100001 -> 01110000

Now, determine the output for: 00110010"
26dbd20d,equation_transform,f7edd7f7b67c9ee755a49aaee3b131da3df4343a02fd02eac6b6d0b1f386d4d5,98a185b7ec97b39cb9cecac5580ec85f4a290c02764febfa45cb9d3b96674ff3,"In Alice's Wonderland, a secret set of transformation rules is applied to equations. Below are a few examples:
48*39 = 2187
29+11 = 1129
94*19 = 9544
Now, determine the result for: 55*68"
26df9536,bit_manipulation,ee5f88f64de8260c938ade21a09e801663383f191dc7dedf771c1c502c64cfe9,5af8b981e6fe1ede27b4e57a0b2f9f0b29e9c26fef163d2971136cf3ebd11f1c,"In Alice's Wonderland, a secret bit manipulation rule transforms 8-bit binary numbers. The transformation involves operations like bit shifts, rotations, XOR, AND, OR, NOT, and possibly majority or choice functions.

Here are some examples of input -> output:
01100111 -> 11110101
11110011 -> 01000010
10101010 -> 01111111
10000100 -> 10110001
01101001 -> 00110111
10100101 -> 10011101
01110011 -> 01110010

Now, determine the output for: 11001110"
26e985b5,bit_manipulation,1d4ce61ae77b080e4e0529bfdf6bc1a8525dbdd770d2b4df18ef38eb67fdd3ca,7f8884a313de5ec2e84c1edec105925aa56f906d6b99de092f31b63ea050bddc,"In Alice's Wonderland, a secret bit manipulation rule transforms 8-bit binary numbers. The transformation involves operations like bit shifts, rotations, XOR, AND, OR, NOT, and possibly majority or choice functions.

Here are some examples of input -> output:
01101011 -> 11010101
00111100 -> 01111001
11001001 -> 10010100
11111110 -> 11111011
00011001 -> 00110010
01100101 -> 11001001
01000001 -> 10000000
10100110 -> 01001001
11010001 -> 10100100

Now, determine the output for: 01111110"
2701a005,equation_transform,48650cf96d0829b8ca76654e253cbe35b84855ffd4ed2a14cfa69029e68e469c,0149740b471ef3a39efdace0496ffea43d50d11cd5528ad82d6ea06924a17eb7,"In Alice's Wonderland, a secret set of transformation rules is applied to equations. Below are a few examples:
15#13 = 195
85!47 = 38
36[86 = 123
Now, determine the result for: 88[51"
271a867c,equation_transform,68037530aa93554a17de1faba4092dc9eda6b02c15f5092f87332f0724a98488,01e98682e46b43f75a7c7bdef4fbf77e8ea94082ffed68d9d703752765c548a1,"In Alice's Wonderland, a secret set of transformation rules is applied to equations. Below are a few examples:
$<+&} = {<
>|-"": = $&
{{+{} = $|{
<&*{{ = |""{""
Now, determine the result for: <?-?{"
271f72f5,bit_manipulation,d8e7390dfe8ded849a1c7908b7e77c706a03dfb43d7916299633a8fe1e79a0db,f0a61229896f8ee53202d9a88ffb2bd0c32f429cf19336546a3e5a4428c9f5b9,"In Alice's Wonderland, a secret bit manipulation rule transforms 8-bit binary numbers. The transformation involves operations like bit shifts, rotations, XOR, AND, OR, NOT, and possibly majority or choice functions.

Here are some examples of input -> output:
01010100 -> 00000001
11110001 -> 10000011
01001011 -> 10000001
01011100 -> 00000001
10110111 -> 10000010
00101001 -> 10000000
01011010 -> 00000001
10110100 -> 00000010

Now, determine the output for: 00101100"
272bde97,equation_transform,483f612c8d6b0843b303a1d4100f9f49a74bcdf0270e311bff38e2c1db34b2e2,29b0875fdf1e03dd0b65154c232af564d4fcdea1834cf039825e3802dae472f5,"In Alice's Wonderland, a secret set of transformation rules is applied to equations. Below are a few examples:
31-55 = -24
21-97 = -76
47*44 = 4447
Now, determine the result for: 14+31"
275b0f39,equation_transform,c674cafcf8b3ff41df9c4961c679272be948af6656120bacd455899fd06aad92,fa2509dfbb6493e9ad61b0c00deba27d22a75a47acbc1c09ad415642c7ff87fc,"In Alice's Wonderland, a secret set of transformation rules is applied to equations. Below are a few examples:
\%+<' = <'\%
""[+]] = ]]""[
?#*'# = ""?][
##*'"" = #?#<
Now, determine the result for: %""*[#"
275db7d4,equation_transform,b4de8177cb995b6ef4ae0e5450419e57d3a696a05926c30d8856d27027fa3dad,40d1473bf2ca57eef79400177b3fe1c35c4b326bd7f2d61a18b9bc6ba051e605,"In Alice's Wonderland, a secret set of transformation rules is applied to equations. Below are a few examples:
35""65 = 100
68""97 = 165
19@78 = @59
88@42 = @46
72""58 = 130
Now, determine the result for: 62:21"
27661a37,equation_transform,fbd14933a2d229de5b01bde31c80efa62f748057ef7c04424586e4ad15a00ac5,17285405fe4ff9cbffef76b7d338a2277e453c9810df35cfab719392b3d2eaa2,"In Alice's Wonderland, a secret set of transformation rules is applied to equations. Below are a few examples:
12*54 = 549
76-28 = 51
07-79 = 72
28*19 = 2647
Now, determine the result for: 96+77"
2774d7a4,bit_manipulation,0fce4601ccbd8851e75f91cc4229afe1c15d24a4041f985d7d60d01cf2064291,9fa333f33d25f51f94345b025ad7b690fbfec0339fa73c05bbaf1fea23fc95c2,"In Alice's Wonderland, a secret bit manipulation rule transforms 8-bit binary numbers. The transformation involves operations like bit shifts, rotations, XOR, AND, OR, NOT, and possibly majority or choice functions.

Here are some examples of input -> output:
10101000 -> 11010100
01001000 -> 10100100
11111100 -> 10111110
11011100 -> 10101110
01101011 -> 10000101
00010001 -> 00011000
10111001 -> 11001100
11110101 -> 00101010
11010001 -> 01111000

Now, determine the output for: 10001011"
27c3ce54,bit_manipulation,bd912b6dd397d0bd6327a57d19055878abf86833bcd7e4126e1585f1b8444fa8,ee71d0ae56eb7418b939b3f84592141890811ee26819e408502b0f78d08f7bed,"In Alice's Wonderland, a secret bit manipulation rule transforms 8-bit binary numbers. The transformation involves operations like bit shifts, rotations, XOR, AND, OR, NOT, and possibly majority or choice functions.

Here are some examples of input -> output:
10001111 -> 00110000
00000100 -> 00010000
01011001 -> 01000111
00011000 -> 01000000
00111011 -> 10001110
11001001 -> 00110101
11111111 -> 00011111
10100001 -> 10000100
01111100 -> 00001001
00010010 -> 01001000

Now, determine the output for: 00001100"
27edb680,bit_manipulation,cf07e26644a2cb6955d99b453e79b242e974010b401ce430cfc209a04474dacb,e71fba1770f1a73ae5a6339499c6796cd32c75d1eea0bd2d30c25c710f784ff2,"In Alice's Wonderland, a secret bit manipulation rule transforms 8-bit binary numbers. The transformation involves operations like bit shifts, rotations, XOR, AND, OR, NOT, and possibly majority or choice functions.

Here are some examples of input -> output:
10100011 -> 10001110
10000111 -> 00011110
10100110 -> 10011010
10110100 -> 11011011
01101111 -> 10111111
11101101 -> 10111111
00011001 -> 01100101
11111001 -> 11101111
00101111 -> 10111110
10101100 -> 10111010

Now, determine the output for: 11101010"
27fdca03,equation_transform,75019682ba232a2e4f2ebdbc5845f6a183447584dfe18f351f608eda7ebc6272,8910b99aaf3c19ea8d4640e725f6f3c86fd809045dd7aa481593da7f5e6ce637,"In Alice's Wonderland, a secret set of transformation rules is applied to equations. Below are a few examples:
}}\@@ = \}}
@""|/> = >/>>
@[\""( = !/
[)\)) = ""&
Now, determine the result for: }/$(/"
2817d770,bit_manipulation,8609bc660ff7f18a52b401bdeb46f0f863d232f73b63bb3b1c0438de5eb4ed16,e9c0299c34a2928dc8a481d2ab22e57bc50a61a60a3edf2d3158d8102f643ccf,"In Alice's Wonderland, a secret bit manipulation rule transforms 8-bit binary numbers. The transformation involves operations like bit shifts, rotations, XOR, AND, OR, NOT, and possibly majority or choice functions.

Here are some examples of input -> output:
10111000 -> 11101110
01010000 -> 01010101
10000000 -> 00100010
11011000 -> 01110111
00000010 -> 00001000
00010001 -> 01000100
11111011 -> 11111111
00110110 -> 11011101
11000011 -> 00111111
00010110 -> 01011101

Now, determine the output for: 00011000"
2841d283,bit_manipulation,905c992bccc61927ad0ff93557a4ec8a9de73a9db68048c6ced47190e01c7593,c69387968018b993e04f5310d10d3ab5b703353d71422b01e25d3a78d18d6968,"In Alice's Wonderland, a secret bit manipulation rule transforms 8-bit binary numbers. The transformation involves operations like bit shifts, rotations, XOR, AND, OR, NOT, and possibly majority or choice functions.

Here are some examples of input -> output:
01111001 -> 11111101
01110001 -> 11111011
01000010 -> 11101111
10101110 -> 11010111
01100010 -> 11110111
11100000 -> 11110111
10101010 -> 11010101
01101011 -> 11110101
11001100 -> 11101110
00011100 -> 11111110

Now, determine the output for: 10101111"
286135d3,equation_transform,9652db2c11b382841c041718f8bf2c34049e1d3119e41165750fcd49794cf0ab,329681c14674b5299ae432409cf440a7bd4a8a0d1378d95dc7218001a01b8e38,"In Alice's Wonderland, a secret set of transformation rules is applied to equations. Below are a few examples:
23@13 = 199
79*69 = 391
26$74 = 51$
68$13 = 55$
65@03 = 9761
Now, determine the result for: 11@94"
287e5272,bit_manipulation,dccd4f2de9af78a99f2fe77d82f5aee7b0eb5fd549cbfe63a5b051db1e82d976,8ba893186d0a2a1a27b4199401bcc7f0ab83901bda410cb0af257ec280cb3c74,"In Alice's Wonderland, a secret bit manipulation rule transforms 8-bit binary numbers. The transformation involves operations like bit shifts, rotations, XOR, AND, OR, NOT, and possibly majority or choice functions.

Here are some examples of input -> output:
10101100 -> 10111111
01101111 -> 11111111
00111100 -> 10001111
00101010 -> 01001111
11010011 -> 01111110
11101000 -> 00111111
01010001 -> 00111110
00010011 -> 01100110
10100010 -> 01111100

Now, determine the output for: 11000101"
28827821,equation_transform,d12016ea439b36a3019b584bea6f543d2f6391352e7a143135c50e5af11b89c3,c4e3fc87e2da354439a41c6c31ac10c620268902596d79e4e1b76257aa960238,"In Alice's Wonderland, a secret set of transformation rules is applied to equations. Below are a few examples:
|@*]( = ^]]^
(/+!/ = /(^
}|*}@ = |@)^
}!-^( = -!
()*]} = ^@^|
Now, determine the result for: !}+|/"
288c7eca,bit_manipulation,40a5e84ef5bc0e6f93f500b983c6f502c9fed745778458d178a8f6c436dd6a9a,15c250f6e8b0ccdf77d55ce23b5c35a6a1cb19a0d88f9f372717fce10bb8a995,"In Alice's Wonderland, a secret bit manipulation rule transforms 8-bit binary numbers. The transformation involves operations like bit shifts, rotations, XOR, AND, OR, NOT, and possibly majority or choice functions.

Here are some examples of input -> output:
00001111 -> 10111111
01110011 -> 10111111
00100001 -> 00111111
00111000 -> 11111111
10100110 -> 01111111
11000100 -> 11111111
00111111 -> 10111111
00101101 -> 00111111

Now, determine the output for: 10110101"
289602f1,equation_transform,f67aae0002a740d0871c6f03665a7096f02b5f46dcd007b02c47d3ef0ee14814,dbcf695797624cb46d5965f7faa703ad6dd3c6ec72bc7ae47bef99d47d8c8f50,"In Alice's Wonderland, a secret set of transformation rules is applied to equations. Below are a few examples:
#?+#| = ^
^|+?( = +|&
^:+(% = +?(
^?+(! = +!|
^^}#: = |:!
Now, determine the result for: &(+^^"
28a4db44,bit_manipulation,a587973be946bff8eb32a01f182091989d0fd15c7e4cef4095e1f7b870225347,13313d53a672e64352ae7a593787ce69a7748bda4d0c67e596dcaf12bf90d3d4,"In Alice's Wonderland, a secret bit manipulation rule transforms 8-bit binary numbers. The transformation involves operations like bit shifts, rotations, XOR, AND, OR, NOT, and possibly majority or choice functions.

Here are some examples of input -> output:
11001001 -> 10110010
10011111 -> 10100111
00100110 -> 00001001
01011111 -> 10010111
00000001 -> 10000000
00011101 -> 10000111
00000000 -> 00000000

Now, determine the output for: 01100011"
28b6bc51,bit_manipulation,372b187d309cfb4355521cacc7c27e6bd86d97c4469a6083d9c4bfcfeb23ada2,8ff9a4283dbb6966c1c509285de5794479909612911c0a6f7616504c1fbcd7ef,"In Alice's Wonderland, a secret bit manipulation rule transforms 8-bit binary numbers. The transformation involves operations like bit shifts, rotations, XOR, AND, OR, NOT, and possibly majority or choice functions.

Here are some examples of input -> output:
10111010 -> 11111111
00010101 -> 01011110
10110011 -> 11011111
00001000 -> 00100100
11101001 -> 11110111
11010111 -> 01111111
11010000 -> 01101011

Now, determine the output for: 10110010"
28bde184,bit_manipulation,0eab86310be4de135ffae8754f9052182e4ce7cd150fc36e25a503d993f621eb,30a81780845b5ad01acf340b4fd96eb3eb7df57b9584a4cd651943630afa5e34,"In Alice's Wonderland, a secret bit manipulation rule transforms 8-bit binary numbers. The transformation involves operations like bit shifts, rotations, XOR, AND, OR, NOT, and possibly majority or choice functions.

Here are some examples of input -> output:
10110001 -> 10000101
11011011 -> 10000110
10111101 -> 10000101
00100011 -> 10000001
10101110 -> 00000101
00000110 -> 00000000
11010111 -> 10000110

Now, determine the output for: 11111010"
28e3bbd3,bit_manipulation,ca69bdecc8502d0d7748802ad6dd9fe2069e60acc8cccb29042f40bd89040706,68e7e9d38dc40d3228b551ab59126e0575a0c21f6be6ade15ad967b42983f59f,"In Alice's Wonderland, a secret bit manipulation rule transforms 8-bit binary numbers. The transformation involves operations like bit shifts, rotations, XOR, AND, OR, NOT, and possibly majority or choice functions.

Here are some examples of input -> output:
11001010 -> 00010110
11111111 -> 00111111
11001100 -> 00100110
01010100 -> 00000010
10111110 -> 00100101
00101110 -> 00000001
10001101 -> 00100100
11011011 -> 00010110

Now, determine the output for: 10110010"
28f7012c,equation_transform,a58f6729894086cfb8573edbf79d9a82397e71953b7106a7ed6fda812e08b616,493141c7d50fed2f6777c331efae4de8c5e21944fe39451f0b2f7342a0edd3a2,"In Alice's Wonderland, a secret set of transformation rules is applied to equations. Below are a few examples:
47*91 = 6041
62-33 = 7
89-71 = 31
Now, determine the result for: 41+75"
28feff8e,bit_manipulation,b98683dc600802695becc80c0740ee1f8ba489287387e1ba3165de13a49182eb,a8ca742dabf4e0979d7d2c10a7d1ac84ce87615ced8f80848abfae208ad1572a,"In Alice's Wonderland, a secret bit manipulation rule transforms 8-bit binary numbers. The transformation involves operations like bit shifts, rotations, XOR, AND, OR, NOT, and possibly majority or choice functions.

Here are some examples of input -> output:
10010110 -> 00010010
11111100 -> 00010011
01100100 -> 00000000
10100110 -> 00010000
11011001 -> 00000011
01000000 -> 00000000
10101011 -> 00000100
10110000 -> 00000010

Now, determine the output for: 00110000"
28ffe70d,bit_manipulation,53369428073bda2a64c8ae318e0e20a5c2fd98adac9f7b806684f45966a70ec0,c65dc20152f97391727d653dd6a9620f404626912930236a4719bc7726c53c0c,"In Alice's Wonderland, a secret bit manipulation rule transforms 8-bit binary numbers. The transformation involves operations like bit shifts, rotations, XOR, AND, OR, NOT, and possibly majority or choice functions.

Here are some examples of input -> output:
11101010 -> 10101110
10100111 -> 11111110
00110100 -> 11010011
11010101 -> 01011101
10011111 -> 11111101
10001011 -> 10111100
00111111 -> 11111111
10100000 -> 10001010
01100001 -> 10010110
01001100 -> 11110100

Now, determine the output for: 00111010"
294557bb,bit_manipulation,dfce589feb9c00d7d2b531cff033d3e99e69c7788ef2f8a4d694d8a6615374be,3056db979b7aaf7e33c4572aea7e588fda5f528ab054b2ce98f261dba14280ea,"In Alice's Wonderland, a secret bit manipulation rule transforms 8-bit binary numbers. The transformation involves operations like bit shifts, rotations, XOR, AND, OR, NOT, and possibly majority or choice functions.

Here are some examples of input -> output:
01111100 -> 00011111
01000000 -> 00010000
01101001 -> 01011010
00100011 -> 11001000
01101010 -> 10011010
01101110 -> 10011011
01110111 -> 11011101
10101000 -> 00101010
01001011 -> 11010010

Now, determine the output for: 00000001"
2995c179,equation_transform,803cdea245bcb59cbd3ca6a318efedda2ec6a322cdc4553280b1a6e8e029ee11,594e15d3faa9ef19a17c375678a079e9e14c316a4b31ba21bb4e4ee2d1bb8d03,"In Alice's Wonderland, a secret set of transformation rules is applied to equations. Below are a few examples:
!{*)^ = {{^(
:>-^) = \#
:>-\$ = #>
\\-#\ = #$
Now, determine the result for: )#->>"
2a204590,equation_transform,a6fc7fd26fc9f417b81624707a6e0792c47602b0473a9908b7add677830de2a0,d2d8af6f5e69e1dd6eac074336b93bf83e45610ff4003c888cbab3b8a57f94e3,"In Alice's Wonderland, a secret set of transformation rules is applied to equations. Below are a few examples:
\^+(} = \^(}
}#-#} = -$?
?$+}\ = ?$}\
$#*(^ = $\#
Now, determine the result for: #^*&#"
2a253b6c,bit_manipulation,e1623ddbb3e2ee783070173c10b337c5ab97bb4cb7141433b5127300e9cdd9ae,e814790671f6d4efc77216d9a60ca9376e4d98e44136f6b746225fbe4246e494,"In Alice's Wonderland, a secret bit manipulation rule transforms 8-bit binary numbers. The transformation involves operations like bit shifts, rotations, XOR, AND, OR, NOT, and possibly majority or choice functions.

Here are some examples of input -> output:
01001011 -> 01100111
00100000 -> 01111101
11111011 -> 10101111
00010010 -> 10010110
11000101 -> 10110111
10101101 -> 10010011
00000100 -> 10101111

Now, determine the output for: 11011001"
2a25de27,equation_transform,ceeabcce0fc716fdc201b6a194bb48f4361b762ebcbbadd3a9b2146ced80e88f,986fc322aaf1a083fe8deaa9a1578d663f09403bd52b39b290f861bb7d93ba1b,"In Alice's Wonderland, a secret set of transformation rules is applied to equations. Below are a few examples:
"">-""? = ?
%'+'^ = ?\
'?+{^ = !>
'{*?> = %\`?
!>+{{ = ^>{
Now, determine the result for: {!+!`"
2a5e45a4,equation_transform,fd823bcb2ecf8f4a5a1e0034bbf4df555d4fbfbeba9da7d52c654cb3db0048bb,180afc097c2147f7d1d6c3abd00761293c7d165aa54ed4f777499708d6874cbd,"In Alice's Wonderland, a secret set of transformation rules is applied to equations. Below are a few examples:
}(\@| = [[}
[}*|! = `!@
}(-|< = :
`:-(} = :}
!}\}< = :(
Now, determine the result for: <@\@$"
2a73a462,equation_transform,9538ad3e6bdfacfed729411782e017f229bc382ef21353d8902a8c58fca34db5,c626fbd462eefe601d9b261aa24d41dda24509f10588e8edccf54ddda42a09c7,"In Alice's Wonderland, a secret set of transformation rules is applied to equations. Below are a few examples:
26+56 = +3
86+65 = 21
77+39 = +61
68:37 = 6837
56[59 = 5716
Now, determine the result for: 93:02"
2aa0fadc,bit_manipulation,83d9456398d5a6dc06d06fe59757df817bb1f891858436507dc7d036096c3a91,5d210c7f81a378981a0c3d737c9e39aa5a11871665ead7b8dce48d271db08376,"In Alice's Wonderland, a secret bit manipulation rule transforms 8-bit binary numbers. The transformation involves operations like bit shifts, rotations, XOR, AND, OR, NOT, and possibly majority or choice functions.

Here are some examples of input -> output:
11110101 -> 01001111
10010100 -> 00001001
01010110 -> 10000101
11110100 -> 00001111
00011011 -> 11000001
01101100 -> 00000110
10111000 -> 00001011
00010001 -> 01000001

Now, determine the output for: 00111011"
2aa6ce6a,bit_manipulation,f59f71d4b5db00f40b8697b3cc18222449224a91c8681fcf5454fdd3051a55f8,4cde70bef2e49f890cef136b07d138f23c56e8cf1129b713b0d79b71346a4568,"In Alice's Wonderland, a secret bit manipulation rule transforms 8-bit binary numbers. The transformation involves operations like bit shifts, rotations, XOR, AND, OR, NOT, and possibly majority or choice functions.

Here are some examples of input -> output:
00100001 -> 10010100
11101010 -> 01101000
00000100 -> 00000010
00011111 -> 10001100
01101001 -> 10111001
00101110 -> 00010010
01110010 -> 00110111
10110001 -> 11001110
11000101 -> 11111010

Now, determine the output for: 10000011"
2aae1021,bit_manipulation,1b3f0f41286d4a2df175e916cf4691f2d8c36e0b941b081bd90b5127a988dd10,ff56ac4ac7b527f0ff56da46b9fb1bc22e6adfc1089a1c55e77be03bdd2b3e58,"In Alice's Wonderland, a secret bit manipulation rule transforms 8-bit binary numbers. The transformation involves operations like bit shifts, rotations, XOR, AND, OR, NOT, and possibly majority or choice functions.

Here are some examples of input -> output:
00000011 -> 01100000
00110000 -> 00000000
10111010 -> 01000010
00010110 -> 11000000
00110110 -> 11000000
11011101 -> 10100011
11111110 -> 11000011
11110111 -> 11100011
01000011 -> 01100001
00001110 -> 11000000

Now, determine the output for: 01000010"
2ae80ced,bit_manipulation,e22ec18ac57b06b04b93a0ff8ebd40717ca9721e3f1a72a0e8676167c2fa2982,244212563d0c5895553fa11aa04fe2951a85b87b4071a6e06e553c0f949d944c,"In Alice's Wonderland, a secret bit manipulation rule transforms 8-bit binary numbers. The transformation involves operations like bit shifts, rotations, XOR, AND, OR, NOT, and possibly majority or choice functions.

Here are some examples of input -> output:
11101010 -> 00001111
00110100 -> 11100101
10010100 -> 10110101
11001011 -> 11011110
01101101 -> 00001011
10000111 -> 11111100
01101111 -> 10001011
00000101 -> 00111101
11100110 -> 00001111

Now, determine the output for: 10110100"
2aeb5265,equation_transform,2b517dfc313843340184c3268869d0261f8e0dd3d0d5e6f6f8779a95720aa473,17cb33f9f81beac25eae9c088356abac01bedb919380c4067e71a23267ade6d7,"In Alice's Wonderland, a secret set of transformation rules is applied to equations. Below are a few examples:
61-76 = 15
28+64 = 721
89-36 = 53
Now, determine the result for: 28-52"
2afebbc3,equation_transform,c27b3242ecd3b116814c9203b2ce12bbc12099ae04d9c3700fe6a32e5fb84336,bfa82f3e083a031396359f6f1294b3c36fc9de69cec9e4e831e2b59d680efa41,"In Alice's Wonderland, a secret set of transformation rules is applied to equations. Below are a few examples:
85#34 = 8534
20/37 = 17
57#26 = 5726
67#85 = 6785
Now, determine the result for: 18/52"
2affe39c,equation_transform,e0b17a78b346ebd2dfae102c26b24412cb2411711e65651d0280f9d968afa669,ccc3d61dfcda9b7601d1a9c4dd18d1fa5b73cc55f525e3180b8c5b0f315412ab,"In Alice's Wonderland, a secret set of transformation rules is applied to equations. Below are a few examples:
`""-""' = !`
`<*:` = (`<?
?`+`! = (:'
Now, determine the result for: ':+""?"
2b16044a,bit_manipulation,eab2e7eb09e0a5820d35421bd6de699c12fed67700ad93af6f92446af19a352d,66f932a1572f21cd1602d7cf4d747e16d83a448d02eabd928d811a00017bf3fe,"In Alice's Wonderland, a secret bit manipulation rule transforms 8-bit binary numbers. The transformation involves operations like bit shifts, rotations, XOR, AND, OR, NOT, and possibly majority or choice functions.

Here are some examples of input -> output:
01001001 -> 01101100
01010101 -> 10000010
01010100 -> 10001010
10000001 -> 01001000
00011000 -> 11001100
11011111 -> 10010111
11011110 -> 10011111
11010111 -> 11010011
00001010 -> 01010101

Now, determine the output for: 11001111"
2b1a109a,equation_transform,9b0bfe0affcf7f3950315a8a22c091ac67840862811895bf2c7c60a4d1a67c83,7141ffc41c873455febe825ff8540e610fac39fe01d3696b954ff3b26f105b47,"In Alice's Wonderland, a secret set of transformation rules is applied to equations. Below are a few examples:
?]+>> = /?)
]!-)\ = ?/
&>*>/ = ]/&/
?|-|\ = -/)
@&*|| = )>!)
Now, determine the result for: />-?!"
2b28f527,bit_manipulation,d1b83cba04d29603ba8d6221b6afe27252acd716efdea2dda9728e1049bdc24d,2bf55a7144798ee64bb3e9adb8b1a8551f672357883f98d761a0053b3e8b7804,"In Alice's Wonderland, a secret bit manipulation rule transforms 8-bit binary numbers. The transformation involves operations like bit shifts, rotations, XOR, AND, OR, NOT, and possibly majority or choice functions.

Here are some examples of input -> output:
01111110 -> 10000111
01111100 -> 00000111
11110100 -> 00001111
00010001 -> 01000001
10111001 -> 01001011
00001110 -> 10000000
01001011 -> 11000100
10000101 -> 01001000
11101001 -> 01001110
10000010 -> 10001000

Now, determine the output for: 01010010"
2b3540d8,equation_transform,96146b9a9562611d30b2ac6e24eb19f6f973f348ecb1342a120ff8ff84bdd663,1f76c783f4bfcaafa0ca29ef2ba9dc19cc475d4d8ce8ced4985161eec0d1b5b6,"In Alice's Wonderland, a secret set of transformation rules is applied to equations. Below are a few examples:
((+$@ = (""#
"")+(: = {)#
()-'? = ''
#@*{: = ?$))
#""-(# = {{
Now, determine the result for: (:*?"""
2b3e06c9,bit_manipulation,913b2ed34ae06abc6260f9bf2417cc4ed0c9784f6fc53065265664166328d3e9,311f183ee42be3da728c554f47d8b19d7b5ce69d51d1f957c5bb62a5fffce6cb,"In Alice's Wonderland, a secret bit manipulation rule transforms 8-bit binary numbers. The transformation involves operations like bit shifts, rotations, XOR, AND, OR, NOT, and possibly majority or choice functions.

Here are some examples of input -> output:
10010111 -> 00100101
00101100 -> 00001011
01011100 -> 00010111
00010000 -> 00000100
01111000 -> 00011110
11000000 -> 00110000
11000110 -> 00110001
01100111 -> 00011001

Now, determine the output for: 11111100"
2ba4b99f,equation_transform,0efb7f1eeebbad7c52661e4f5c525fd0f5f3519b283edead0481fca081e1f0a2,fa278c947dec7239b2ea9e329898437b2bb1a66bfab3e53bdd1a368e68c99a0f,"In Alice's Wonderland, a secret set of transformation rules is applied to equations. Below are a few examples:
>\+>[ = +/%
:%?[{ = \/\
{[+:: = |!
{@(%: = >{:!
Now, determine the result for: @|(\|"
2bc2a65a,equation_transform,c0461f9e5bd2d9700c0edc7902fc5ab9658f8f45005cc382663cd5a2d3b4a47e,62c4c0690f9f0a1000f23a6468b80af660abf08dca4c80d6e84a743d98e66abf,"In Alice's Wonderland, a secret set of transformation rules is applied to equations. Below are a few examples:
88+81 = 601
16+56 = 621
95*19 = 1995
51+17 = 68
85+43 = 29
Now, determine the result for: 14+66"
2bca5e57,equation_transform,278206e5c51550263e41eea7eedafa14203e85d492ef534b5138d9034a1ef6ed,c60b7ec96036e6118fdad33025ec9220740dfa5ad9afb863a0364da813cabe2e,"In Alice's Wonderland, a secret set of transformation rules is applied to equations. Below are a few examples:
^^)}? = \}|
?^/}@ = |:@#
|:/\? = @(@
Now, determine the result for: @})^$"
2beb5851,equation_transform,ba7647e7f2bbb056bf60ea0dcea0699be7d34485da25849889e5147b7ebf7e7c,2781cf5cfbf50cc222b4a4221659eba3fd3a354a8a07cd749393c81a74c301c3,"In Alice's Wonderland, a secret set of transformation rules is applied to equations. Below are a few examples:
50@99 = 4950
81[43 = 38
85[65 = 20
Now, determine the result for: 10[33"
2c017f70,equation_transform,2066865c5ec23814166851b0f9c8f65baac946d0e606f4de465e836b9eb932dd,a4707493658c19e75f470386256cd8f2146011ebb89a114c7aad3df4035179e8,"In Alice's Wonderland, a secret set of transformation rules is applied to equations. Below are a few examples:
##+|( = ##|(
/#+}/ = /#}/
>>+/[ = >>/[
}/+>} = }/>}
Now, determine the result for: >/+%("
2c1cace4,equation_transform,72e7abfb47235ee8e305172ab503d4cb3f3ee4c4b369bb738bed64fd1e220ee8,e458776aa0f1970c42b501838ca05a8e86bb5b17f424984c38a40ba26ffcf962,"In Alice's Wonderland, a secret set of transformation rules is applied to equations. Below are a few examples:
}@-@' = @}
""%*|' = ]''%
!|+$$ = !|$$
Now, determine the result for: ]}-$"""
2c8e2e06,equation_transform,fdc339e07dae2f872a3f7b6819488b8d0b5cb2882d65600956d2334ea6916fea,c25ea0b7193d277a656ad007516ab8baa2e21097f08adb8d202abfe78f024238,"In Alice's Wonderland, a secret set of transformation rules is applied to equations. Below are a few examples:
97>98 = 194
53&45 = 8
35)79 = 2764
12)34 = 407
Now, determine the result for: 38&90"
2c9a8df6,equation_transform,4251fa48ad78e5c16c5da97dc8f76e6d79446bb092d30b698cc6619246c68a27,dc4e71311d229b8be3052e537bacc22e19fc64eac70ef5060aaf05c772831b76,"In Alice's Wonderland, a secret set of transformation rules is applied to equations. Below are a few examples:
<^-}& = -@{
\[+<\ = &]<
{@*}& = \][@
Now, determine the result for: &<-&&"
2cc274cb,equation_transform,2904feb6a1a917bfb099cbab64c589962858887ff80f9fceeb5fad2ef907893e,c28e7fdbe767dedd942fab7a8352c296ed71e7e8d83b8030a741b674aebb4f03,"In Alice's Wonderland, a secret set of transformation rules is applied to equations. Below are a few examples:
13-48 = -35
63-75 = -12
99+93 = 9399
25-47 = -22
08-67 = 4
Now, determine the result for: 21+68"
2cf042b9,equation_transform,c5368b4695df26cfce3af9465d968c93cbac64b60daa1f0ec4f7cf4dd9a5509e,6833797ab43d27f41322497f45102528bfc0b9dd2697b874dcb3e507d468e4a8,"In Alice's Wonderland, a secret set of transformation rules is applied to equations. Below are a few examples:
!>-)| = ]|
!|-)@ = -^^
@|+[| = <[
>^-<^ = -^
Now, determine the result for: |>-|["
2cf587f6,equation_transform,57cb74449d5942cfb824f59b091c02c5c74a62d273908d62a31adf5359822a9e,f0bac975fadedb84381972e66123dba7ed6b1104054b91cc415a447c922c8e07,"In Alice's Wonderland, a secret set of transformation rules is applied to equations. Below are a few examples:
33>28 = 60
83>37 = 119
95\55 = 5225
30\11 = 330
95\62 = 5890
Now, determine the result for: 88>72"
2d3e809c,equation_transform,8c779ed6cd6847d96dbcbd307b410803ed152c3c38a6e944b7237e0673086e4b,107cec0b4648fd52ff504b0d0f2c44f99987f41c69418681ec40f4d8983fbd49,"In Alice's Wonderland, a secret set of transformation rules is applied to equations. Below are a few examples:
68*91 = 5361
53-67 = -14
43-63 = -2
51-43 = -91
33-74 = -41
Now, determine the result for: 25*98"
2d624cab,equation_transform,5325974b238dc02a8825e8df2a3d65b983423ae14e83c4094ff49e4ff883d395,a8004f1b7d3df158cae1ab972ccd5a19842de76959d573a17a7f002fd1e65f17,"In Alice's Wonderland, a secret set of transformation rules is applied to equations. Below are a few examples:
'{^{! = [{
&)%[{ = )#
&#^&) = {
Now, determine the result for: >)`#'"
2d7edafd,equation_transform,10ee557c575a74208ede33353b381a9aaa48cb4b9a3b8f68832fe3f6ae6cb064,d435f88fcfacebac79ff9aa79abdb012a4ae7de77f7a0f711bbf3394ee86a7a9,"In Alice's Wonderland, a secret set of transformation rules is applied to equations. Below are a few examples:
|?$`( = `/[
[<$([ = `&?`
`(}/( = `
/(}`: = }`?
{<$[{ = (::?
Now, determine the result for: |($:{"
2d89386e,equation_transform,2fab9211204f22ba28906bafc0e0c688513c7a55de7304df5467ec2673c419c3,979ad6242a792e7e3fb8ceb93cddad4dd97823404e47d959f2ef74739be35193,"In Alice's Wonderland, a secret set of transformation rules is applied to equations. Below are a few examples:
::-@/ = ${
]'+@] = ]<
{]*/{ = /{:
'}-/$ = {]
%%+%% = <<
Now, determine the result for: %]-$]"
2db53c85,equation_transform,a3cb2cead97f2e614cc6f39681ca3da9f7e11fdf04f039f35894529e56be271f,139cf63cf0dcaa88f9514dd30d971c8701fa5459c39fcd7ef34f6cb364390e56,"In Alice's Wonderland, a secret set of transformation rules is applied to equations. Below are a few examples:
>&+&) = <&<
>|->{ = -'
]>-)& = ):
Now, determine the result for: {{*|'"
2dd48cac,equation_transform,b19a7d115ac60228080c5ba40a7347acb5426cb7c122e7c7a1dfd8329daa559e,ea9fa579fba3290957e44d94142ed1e51d8c682d06daedce7c105558669b51cf,"In Alice's Wonderland, a secret set of transformation rules is applied to equations. Below are a few examples:
04*31 = 125
53-01 = -52
43*91 = 746
66+11 = 77
Now, determine the result for: 22-27"
2de43f9f,equation_transform,5fb6ac4473940decb809c85b65d85710f0ec0c53364c75c7c6b1524fefb8fb50,6b16bf077c1dea9beba6deb426e175b1629fed34dc110af1d14483c13436c1da,"In Alice's Wonderland, a secret set of transformation rules is applied to equations. Below are a few examples:
['+%( = :%>
%(-}: = %!
!!*(# = (>'>
Now, determine the result for: '[+}>"
2e044d8e,equation_transform,f407af799dd617d66b94a7331958be6921414a07c303816010d055d3a102a259,a06204359746ab4951d436d4fc4c3efd11e9a24bc095e3e864323711161ddd19,"In Alice's Wonderland, a secret set of transformation rules is applied to equations. Below are a few examples:
71@08 = 0631
32@83 = 478
84'63 = 8463
71""13 = 41
Now, determine the result for: 53@59"
2e1b9d84,equation_transform,3928a966d3aeff4c4147bd2d783f7c7c83dbb4a918f80d8e34276c8be281458b,7fc7bae21dde36635e1e8338982257ccf88a85fbc304c3c5746767eba8864f60,"In Alice's Wonderland, a secret set of transformation rules is applied to equations. Below are a few examples:
>[+>"" = >'
<`*>' = >>]""
>[-[` = /
Now, determine the result for: [`+'}"
2e37e963,equation_transform,a0254e302ac6945ac3859216ca987c6ce6b96175d86e764bc61755fdb3c6ebc0,395764865b476c172aff45939cd62a941ee970ab457f548899b96b0c2ac6bec1,"In Alice's Wonderland, a secret set of transformation rules is applied to equations. Below are a few examples:
58*91 = 6161
52+78 = 311
95*65 = 5033
56-97 = -41
32*14 = 449
Now, determine the result for: 71-86"
2e550436,equation_transform,83aa22e78e26037b30684f619bb6ef79e0473ea2c684a33200ed9741df2cd2f0,55fe52f9e7890c494707d06b0cce2c34600de75b46033f8c6bb0f79af0eab945,"In Alice's Wonderland, a secret set of transformation rules is applied to equations. Below are a few examples:
??-<& = -<(
!&+)< = !){
<&-`` = -$!
Now, determine the result for: `^+$!"
2e8fc884,equation_transform,45b7094bd846ccf14b16de058aef7350ae04f44e06f44fd31ebd773d080c150d,7892456d12d6a0ba58722306b9acf7e287ba5049e4f9887b0dab4a24df07ba65,"In Alice's Wonderland, a secret set of transformation rules is applied to equations. Below are a few examples:
}!-!} = <$
$]*<? = <]|?
]$-$< = -%{
!{-]% = {}
Now, determine the result for: |<+?{"
2e9639de,equation_transform,5df7ae792bd9eafe3849a84725de53e43a666bd3dc4656e7e2f9d636b3278604,667c9e26e6a83c2825a898c1d88b080e9974cfd180fa507f78591af051b9ade5,"In Alice's Wonderland, a secret set of transformation rules is applied to equations. Below are a few examples:
29-95 = 123
86[93 = [7
60&62 = 3721
23-97 = 119
Now, determine the result for: 64&56"
2e9973b7,equation_transform,c99505c2f6bc87c8a814f718af42f3ac4e700f16884135d663599040d123eafb,c9de1d3ed5a283ac9c74d998b3514d9c3ff6032578edf6c775087599e5af13eb,"In Alice's Wonderland, a secret set of transformation rules is applied to equations. Below are a few examples:
\%-""% = `%
|`*""} = ?][[
\|-]? = `}
""`*)) = [\]%
Now, determine the result for: )\+?%"
2e9b1b9d,equation_transform,bf62cad836201a26ad9c16f0140658014fda77116c8b2fbd5248cdee26941e30,f0916e3b11061eba501e685ae93c607c94a7dae138a2304663807d67c3f9544a,"In Alice's Wonderland, a secret set of transformation rules is applied to equations. Below are a few examples:
)$+>"" = $:
""""*["" = ""?@?
@""+![ = >?!
[:*"": = ""@!$
Now, determine the result for: )>+!"""
2ee39f5f,equation_transform,fe24385cf60fb661bc49559e9e5226670ac8c4a5a2d1343aef283af7982868d1,2600b98444c1ba3d3c73afb16601757843f74d6f9804581a04bd62f85e9373c9,"In Alice's Wonderland, a secret set of transformation rules is applied to equations. Below are a few examples:
56+67 = 6756
93+76 = 7693
91*59 = 5081
17*75 = 7404
Now, determine the result for: 63*53"
2f46a715,equation_transform,161f07a687d0fb4cccab9c2972b5166d57431962b9afa2cffedf6d35655ddca6,fdd56a53726a63a5e2da2ba4ff1647223460ac213f6b0664b25d14921c932db9,"In Alice's Wonderland, a secret set of transformation rules is applied to equations. Below are a few examples:
||*&/ = |][&
!]+{& = {&!]
]&+!/ = !/]&
]>-&/ = [[
|^*^[ = @|{&
Now, determine the result for: !/*|["
2f485a40,equation_transform,044767498036a130097ea5ae6842cfe0c54aad22e5b101962bf50dc734beda5b,068cbfaac9b0d9ee104d8330ffb5f74c4e23b9e398b3151bad89dd3826653d76,"In Alice's Wonderland, a secret set of transformation rules is applied to equations. Below are a few examples:
20+44 = 2044
15}39 = 1539
35}43 = 3543
82+31 = 8231
Now, determine the result for: 18+67"
2f5959c9,equation_transform,bdf7e2022e3d558f2b10ecca9d4edbf681c53b408b69c65e3f5f19b0a3d7c329,feb552a28682d31dd5e1496bdc48f65104dcb387410ada3fb013a3e7b4203096,"In Alice's Wonderland, a secret set of transformation rules is applied to equations. Below are a few examples:
88<60 = 8860
68`49 = 3333
42`44 = 1849
83<27 = 8327
35^11 = 24
Now, determine the result for: 84`85"
2f6531cb,equation_transform,935670156e9323d865dfa5d2d252e4520fe7f63df1cd8fc1a7a3577e3d183ffa,77a8ac2ecd853baed3b95870e330c2ab8303d37c82a5f6a6b5a48a2c567b2893,"In Alice's Wonderland, a secret set of transformation rules is applied to equations. Below are a few examples:
(&>{@ = >^@
({}$' = @:(
'&\""& = '&""&
Now, determine the result for: @:\:'"
2f7e0e78,equation_transform,b243d4ba778d9a861916e5b42f00b41c1a6f6520efee6c8dd8750edcadd54109,5a3846ba9801e90d3fbc1693f0c570b6c017cb82c43d7e4c5468a796365cdc01,"In Alice's Wonderland, a secret set of transformation rules is applied to equations. Below are a few examples:
66+09 = 551
74+42 = 07
49+19 = 481
Now, determine the result for: 98-99"
2fb20366,equation_transform,88fd05b8500df582941c145fb634f634dbc5064fa8933f01fb1a2b225d8bcd7a,6e17d65273f5d227dbc356b10a16f87f3a88e3d050f29fd05b3685637348dcf8,"In Alice's Wonderland, a secret set of transformation rules is applied to equations. Below are a few examples:
62)75 = 2841
36@05 = 31@
27)85 = 6714
88)66 = 8085
Now, determine the result for: 91)93"
2fc5ef5b,equation_transform,712ba3ffb6972fad92be3639071cd90a2f9dcacd0b0706615750b92374b0b62e,e57c37b284e3d23bc50cdd67eee9fa7b0d7259c1281f4669105aec1fee173fe5,"In Alice's Wonderland, a secret set of transformation rules is applied to equations. Below are a few examples:
/:+{: = }^
:%*'% = &^}&
\%*{: = \/{}
$&+%& = ^$
Now, determine the result for: &/*:'"
2ff200fb,equation_transform,d6bbc10273480b636d97ce5da523d91c78ef98948105f6603b63856f13cc1b77,bb22a01fec0339c67093b4cf64d87527695680677ced03362aa198c1e7695d27,"In Alice's Wonderland, a secret set of transformation rules is applied to equations. Below are a few examples:
>#*%) = ]/&
)#-%[ = &]
)]*&? = &%>
/]-#^ = #?
?%*/[ = //]?
Now, determine the result for: ^%-[]"
3013265c,equation_transform,00f8fdb7e0033de2fe1090e8ed04e323c99dab598a4009ef52e68ed4cd7b0e73,5951ae0c711e27dc0f49b93d1d226685501bdef5c24efb2d862b464fa96854c1,"In Alice's Wonderland, a secret set of transformation rules is applied to equations. Below are a few examples:
94-96 = 02
18-56 = 61
29+41 = 601
Now, determine the result for: 92+43"
303c84ea,equation_transform,588dd91b9f8d2d757cc611f84ea99795ecd79ccfac2112a58b4a64225f72afca,ccfdc3f1ffa63d363567f88ed5956f2cd537d01b8df88d22835c2d3c9b4f2497,"In Alice's Wonderland, a secret set of transformation rules is applied to equations. Below are a few examples:
$>:$' = [$
@\/|> = '`$#
$#/@` = @[`$
'`:[% = '$:
Now, determine the result for: '|(`$"
303fc16b,equation_transform,49220727cf81226b157b71f3a73b6f3d5fbdf1d9888ee00592f32525ad8036bb,066631616477fd43b35c2b9a9c3f869ee3da6608974928ec408af2dbdd7da3a2,"In Alice's Wonderland, a secret set of transformation rules is applied to equations. Below are a few examples:
`(|`! = }}`
}\{`} = '}""
""?{}"" = ""&}
`(|`\ = }}?
!""{[! = ""[""\
Now, determine the result for: (""<\"""
305a3436,equation_transform,cdb8713c2b6ccb7242a6adebd49c5e994bf2b9488f88be0763f2e794eba64ae6,882ad1d4f5d1e8d18c7c4caff0260a94f00823421cdc7b9324c80aabad80503d,"In Alice's Wonderland, a secret set of transformation rules is applied to equations. Below are a few examples:
&`*'& = &&@`
&}*}& = !{}
'?-{& = -<!
Now, determine the result for: '{+@`"
30763ac0,equation_transform,9775207facbd8e852d2372c44d4c24bcf17830f0c621fff3ec5f139c37ee5bd1,a32e7c029b873122ae318ee9bae96415895829af057b4307bab33db19761f6b7,"In Alice's Wonderland, a secret set of transformation rules is applied to equations. Below are a few examples:
67-47 = 2
89+97 = 671
14-72 = 41
18+79 = 771
Now, determine the result for: 79+44"
30c0d5a2,equation_transform,7f07dbe1f54cde7e0d742b0c1b06a929d8b03c1767588a8720859621c09f3775,8208037e0c40eadccc83df3447d1691ce89f0d983a3ad86631d61de2496f1ddf,"In Alice's Wonderland, a secret set of transformation rules is applied to equations. Below are a few examples:
68*88 = 8868
47+42 = 99
98*76 = 7698
Now, determine the result for: 22+44"
30e4b199,equation_transform,db82de044fc9d5d5b67feaf64f202605d4a1b5e7a044966a49c751065e377b24,3184923e39215d5566ab79c3e471346376338d9efa4ab65a82ad8e6378b017c6,"In Alice's Wonderland, a secret set of transformation rules is applied to equations. Below are a few examples:
/:*:] = ]
@]*]| = )
):<{$ = ]${&
:'<{/ = |@''
Now, determine the result for: @@\&&"
31028506,equation_transform,2f21dfe2526dc86fa71a2e67d24866b77f119ce28d5fb3397f2ecafc3c234c0d,05a1a576c630f85b4e960dcee7f988f38ad1c291debaaa36f73f34f54d2983c7,"In Alice's Wonderland, a secret set of transformation rules is applied to equations. Below are a few examples:
<`*<? = #)!?
}""+""` = `\%
\}+`# = ##
!<+%\ = `""}
<)*<"" = ""?!)
Now, determine the result for: ?)+``"
31051ff2,equation_transform,ea3ade17018506ee3c24443c390577bf5e1c3306923d494aa10eb4a364b4dccd,120fc7585fbdfc99f07b159b95ce3d0aec096c4797dc9995d9d5e504fe0c78e1,"In Alice's Wonderland, a secret set of transformation rules is applied to equations. Below are a few examples:
##-%` = -""#
]<*%} = ]<%}
#""+^# = |}
@|-]} = -@<
Now, determine the result for: @`+|`"
31678582,equation_transform,5d1df67705d7564a76af3a9902ea9da8c545834c7a0cd9d4a3b3b577c9ef9bd4,4d62b7917dcf6e1da67ae3b0bf9e3b5a97f8cfcec8e74f28dc9253709ee02c2f,"In Alice's Wonderland, a secret set of transformation rules is applied to equations. Below are a few examples:
]|@<| = "")
<)@|< = }<
?]@/| = <}
#?@<] = |:
Now, determine the result for: #/&"":"
317ec3e6,equation_transform,7bfb940cfba5f86cd3ce101805b787b55162fcbba3e82d1c0c74f2c634167834,73d3c237c2a2e581ce9eba46d8a80b96a9a3ea0d0430c1a956f9a726216feff3,"In Alice's Wonderland, a secret set of transformation rules is applied to equations. Below are a few examples:
40-82 = 2
23-28 = 5
31%94 = 125
Now, determine the result for: 18-86"
3185fdeb,equation_transform,15601b027b86e430fc532cc9c5ff77b899c2dbcdea183dbfc32759b6928d56d5,22427850240a2f775e6903bcc5763d865b10967f1e9607b234c6023d1c367330,"In Alice's Wonderland, a secret set of transformation rules is applied to equations. Below are a few examples:
""#+@[ = ""#@[
[>*|( = @:<
<(-[: = |:
|#-<"" = (<
@@*(> = (""|:
Now, determine the result for: (%+|["
31b8db52,equation_transform,7c7488032d90ad7116b2800ceae31a5a6d66e4f71b65d4fd20354ac3d9849003,d07522f380d5002d5b20c0a9b9ef58e01c290caee849abf7a3de62e6a72870b3,"In Alice's Wonderland, a secret set of transformation rules is applied to equations. Below are a few examples:
)%-?? = -{:
{'+<: = [%
|)+[% = ([
Now, determine the result for: )(*::"
31eb8247,equation_transform,d71e9b4dd297b976e4fd9e65b468cf0ec64654c8702c2cf6056c57b6af15c34d,3ed2513c7e4ce2b920393d81bbb0232ca4dbd0a3d212ad7fd05729c24ae6a3ed,"In Alice's Wonderland, a secret set of transformation rules is applied to equations. Below are a few examples:
37(46 = 3746
16""59 = ""43
48(48 = 4848
59""63 = ""4
Now, determine the result for: 25""13"
320d8d2b,equation_transform,66999f526475674431a624b16e6ba2e198ff7921d4757b10cefffddf6933e8f5,96ab9d44b3eb9a9eb721797f4a2a50b77be51678e5f7ed260ff7f0f51898c4d4,"In Alice's Wonderland, a secret set of transformation rules is applied to equations. Below are a few examples:
24`66 = 801
98>49 = 7638
37\41 = 95
Now, determine the result for: 65>75"
321ef6ba,equation_transform,dd1de5e588df1c0ca0efa9a263b00fdbccff732c663724b660b2563fe5629ecf,ace5c71e9e7db3a60e74596535277c2a0f9ad345bc01b1a225950dc39cb9e929,"In Alice's Wonderland, a secret set of transformation rules is applied to equations. Below are a few examples:
/&*$( = /$&:
:|-(' = -|&
""|*:"" = $&(
](-|' = -$`
&&-]"" = `:
Now, determine the result for: (&*&&"
324f918b,equation_transform,4694e7171471469d37b7464d2ce0144e0da14ebb047e43c0bd04f8b1f775af69,145746354b6b28db32c890635219d8fa86fc1981c03efcbced1f5e7c60a1bd6a,"In Alice's Wonderland, a secret set of transformation rules is applied to equations. Below are a few examples:
61'64 = '3
68-18 = 85
63>41 = 6341
62'14 = 48
53'81 = '28
Now, determine the result for: 62-47"
32815b79,equation_transform,5f483708df266512463f8bae64e8ea54aa3d8326b43349726a4c8b006a44415e,969331d66cebd199a3ad771ad67eabaa92e7b81fffc693351f30881b64fd441e,"In Alice's Wonderland, a secret set of transformation rules is applied to equations. Below are a few examples:
23+35 = +12
89)87 = 671
86]22 = 6941
58)18 = 661
Now, determine the result for: 34)62"
32a31236,equation_transform,6da1b64c0cff91adebcb929deefdb8b592aae3a31050036cb6fc85e637fc79b2,497e03a10b62469c3ee412a543f21598d66bc41deb0bd49a4fa962e1377b19e4,"In Alice's Wonderland, a secret set of transformation rules is applied to equations. Below are a few examples:
63|08 = 6308
14|62 = 1462
61/34 = 886
26|16 = 2616
Now, determine the result for: 52[96"
32a812cd,equation_transform,b68b67a5fd50e651b6526d5d608b60433371c43e0c9faa4b79081fbfed098f38,aed22d681fd96177552454898453850f25641a9e0d1d7688368fdd0b2d3d408e,"In Alice's Wonderland, a secret set of transformation rules is applied to equations. Below are a few examples:
66-27 = 1782
94{67 = {27
58{17 = {41
Now, determine the result for: 12-37"
32bb8ff5,equation_transform,7636ec8e2258d506b6c2b4a095c901b455dd33755161d50e82eb09c1cef8b776,b86647fd323c594b033a7de3dad8305437883d3e6102c07a14717dcf58b23d62,"In Alice's Wonderland, a secret set of transformation rules is applied to equations. Below are a few examples:
>>+:: = ^:#
>&*[> = [#&&
??*># = ?^#:
)`*?? = `?)#
^`+^[ = `&
Now, determine the result for: ??-&:"
32e9a308,equation_transform,aea750fedd6a4795ac449685a4ff2ec9d54f107a5df360bca0c3714865505708,ddc2f3a21e7aa70ac3add82cf52ff713a785a6aafff23e06a3f7907c086608c0,"In Alice's Wonderland, a secret set of transformation rules is applied to equations. Below are a few examples:
86-22 = 1893
39-29 = 1132
54-54 = 2917
25-67 = 1676
Now, determine the result for: 94`31"
33093ed0,equation_transform,8aef50ce2fe3c3c6fb446f4f615f886030a18b957daabedfc13cf719be124ec6,c9bea0b5252bb312fe2568cf14d1bed0d6d227a36ac6b939ecc9725b8393ddde,"In Alice's Wonderland, a secret set of transformation rules is applied to equations. Below are a few examples:
75+79 = 7975
99*47 = 4799
95*65 = 6595
15-82 = 32
Now, determine the result for: 07-79"
330d5ef1,equation_transform,8660acd685cf15d552954bc3ce62bfb1334f1ed41ac63225b4fe907223a2a0db,8a8fdd75a0f681d0032b7fe1d9395987069be743f319db4ec7dd318a0a2c03d4,"In Alice's Wonderland, a secret set of transformation rules is applied to equations. Below are a few examples:
57-76 = 8
07*33 = 0132
26*48 = 8025
17-76 = 4
Now, determine the result for: 27*56"
339c28e1,equation_transform,917de0e19a4442e672b9cd2c946486103468bd705cda892f04dbcc23523e6e4a,0d2cafb9144864c2bf21adbe66163ed023b4f6ea6e6e586785a65c9811e1b75b,"In Alice's Wonderland, a secret set of transformation rules is applied to equations. Below are a few examples:
@{->& = -&/
:/+/< = &::
>/+#{ = //
\#+<` = &::
Now, determine the result for: <`+\>"
340321c8,equation_transform,7fda6332f03394960dc7bc05bce4a784ce72c2a9b00d99616a5c9c0d14362fd9,cac1e24ebdf066cf80ff899ec78e50e219ccb364e07cb99f658f21ab83ae6c3a,"In Alice's Wonderland, a secret set of transformation rules is applied to equations. Below are a few examples:
&`-}& = ->$
}$-`> = -&!
:>-]% = -$&
Now, determine the result for: !%-$!"
3424f037,equation_transform,3995046a6fec8f28033ff5a6aaadf3c68a800e59b4fd1afbac31d1ef677974d7,47247c1dec4be220f552214985dd002a1cb1339e9df3b9ea0f1f247e9806c98d,"In Alice's Wonderland, a secret set of transformation rules is applied to equations. Below are a few examples:
]&*&] = &{@^
|:-&@ = >:
{&->: = {
{$+""$ = :{
>]*^^ = {>&>
Now, determine the result for: {|*""&"
347477c5,equation_transform,e9c525c3f9006a632b3e78ef9365b82e3272d6fa9d66151e3c179707bf27f42b,9dfed3609b76dd4570aa956122cc5490ed652fe66436a714c1547ae66bc2f0ca,"In Alice's Wonderland, a secret set of transformation rules is applied to equations. Below are a few examples:
10?30 = 40
87]69 = 6004
11@87 = @76
96@41 = @55
Now, determine the result for: 78]15"
348d6225,equation_transform,2ba859e321e9908d53bad9ce72a8cd040d2e26dd60da3b3fdc7c49ba75b3995e,936c159de3383762ea39d2acbf04fc2fc7c06946b1cde38564a749923bd7e27e,"In Alice's Wonderland, a secret set of transformation rules is applied to equations. Below are a few examples:
48+09 = 471
35>98 = 6174
26+11 = 37
Now, determine the result for: 55+43"
34b4cf96,equation_transform,12556c582524ea778bf46c2640482865e0835aa4ac765cbeac35193746136900,c1f88267a66a581e0a456d10215a9eca8cfefc78f14301acd17a1a4b96d50c60,"In Alice's Wonderland, a secret set of transformation rules is applied to equations. Below are a few examples:
}^*}) = ^[|
%}+|) = %}|)
>""-}' = }|
)'+)[ = )')[
)'*|[ = )^""
Now, determine the result for: """"+^^"
34d1d16f,equation_transform,8af263a1796c4ae8b2253bd814e6547ec07404a971d15010e07a3fa6954007df,b2d8715f58201e2e1db9f97c6ce76bbaa918df36cb532039c1f8ea62315c64f5,"In Alice's Wonderland, a secret set of transformation rules is applied to equations. Below are a few examples:
[""+["" = ||:?
?@+@? = @""|?
/[}?: = @|[
Now, determine the result for: '/^?@"
3559dfc9,equation_transform,839577305d253ba0204e36c38564a7fab4eefe9fb2c388f650f66700ee53d83b,cec36c8c5e0197093d2d7001a4e4aadc1932d7f78112b31cd0c1c13631e2477d,"In Alice's Wonderland, a secret set of transformation rules is applied to equations. Below are a few examples:
#""'>$ = [#|
$#'{[ = >#
#|'&$ = [|/
&/@&[ = &
Now, determine the result for: ""/'#>"
35658269,equation_transform,8628d0365abecdebe21b824259102b42e63f4df28a203f89cb3d4757af5565cf,329a9a847b0ce363bb12dc60ecc74ea283a2abb6f3f6baffed58852136801fd5,"In Alice's Wonderland, a secret set of transformation rules is applied to equations. Below are a few examples:
(#|""[ = (#""[
[`|%^ = [`%^
^(:^> = :(
({|>% = ({>%
#$:^` = :#""
Now, determine the result for: [#:>("
35661801,equation_transform,2debfcec3ca0b5395b538a2065b45dcddd1a1b90ff52d38af687c326a8d6e05b,6a8ced92844ec1eaff132ec01b545e136297628010cd5babb753db5e06318470,"In Alice's Wonderland, a secret set of transformation rules is applied to equations. Below are a few examples:
72""28 = 7228
62'49 = 111
83'44 = 127
Now, determine the result for: 90'38"
35672155,equation_transform,14b89f6c715e6d7e57e6ab6ff15ade2be7d3f6baf99282ba41c39d152a9027bc,b6af3fe7c796f70d8c4a0d16aef7f594086854ade81423ca6a11c90a68f196d1,"In Alice's Wonderland, a secret set of transformation rules is applied to equations. Below are a few examples:
66*59 = *92
15:16 = 1113
27:56 = 0864
Now, determine the result for: 76:27"
356e927c,equation_transform,aec760f9e882a3a13ca1496752c8255c69998731c9e65d72dd50bf179436f8c4,b99d0b584d26f3c9887d2e9331fcdfc987f55d937054647119772894589f72d5,"In Alice's Wonderland, a secret set of transformation rules is applied to equations. Below are a few examples:
18-43 = 4572
46-34 = 2572
49`55 = 93
Now, determine the result for: 24#28"
3580648f,equation_transform,aee922e36910f90967c57845205503c7f8d521f67aef6428100a117895e80eb5,8c006bfa8c4ced4f1bd173fa0d2d58ec1538a975e59acd053806482ea8968319,"In Alice's Wonderland, a secret set of transformation rules is applied to equations. Below are a few examples:
83/40 = /43
69/91 = /22
87-64 = 8764
21-13 = 2113
25/14 = /11
Now, determine the result for: 26-40"
35a562bd,equation_transform,b74bc58b85ade1495b6a07627d136738121216524787442711d87bdd5df772fe,729ba79f99a82f3d43b6a460d6afb9245a8d0f637980f9fee7d26d26b38d8926,"In Alice's Wonderland, a secret set of transformation rules is applied to equations. Below are a few examples:
??+%' = ##
'(+?: = (@:
|'*#| = |{%{
:)-'? = {#
Now, determine the result for: #'*('"
35a89469,equation_transform,ddd7d92a3756dd886ad0c8e82283cbf6a30e5263f2b9a531ce5400afadcd8448,b6cbdf0366b3e01075ed9ecfb48269217354709414afc2123bc7507355cc9059,"In Alice's Wonderland, a secret set of transformation rules is applied to equations. Below are a few examples:
53[40 = 5340
29<13 = 377
92<24 = 2208
75<18 = 1350
Now, determine the result for: 95[25"
35e12b34,equation_transform,b0504398612cd3cb38df1bfa8eb7fd1ca7e3b478e0c0de5a9005635ce5f70876,1d63875d1dda8cd195a8c9302909e759dce50930095ccd927c4a39e1449ef876,"In Alice's Wonderland, a secret set of transformation rules is applied to equations. Below are a few examples:
79+65 = 14
94+43 = 51
45+11 = 34
Now, determine the result for: 65`48"
36557a2e,equation_transform,aad9921f71cb6c50891c4635e29b3c2d1a59950460f4e88f15d62846a4c154d2,4f3a767cba52190e8ccfa0bad67056e5e1ba3f4ddb4bb13ee8b1a58448eaaad6,"In Alice's Wonderland, a secret set of transformation rules is applied to equations. Below are a few examples:
#]*%) = )%}\
)?*!! = %}{
?%*#< = )}!}
Now, determine the result for: ]%*)?"
3687b4bb,equation_transform,8dd68dbcec2f1d69d778b7b3b00f18e4df97ec3d1ce205cce463d25b21bfdd7f,67f40f067bf35719103e36f65ded18ba1baeb0bd25bc48c4afa320e9ea580c5a,"In Alice's Wonderland, a secret set of transformation rules is applied to equations. Below are a few examples:
24`28 = 3443
65#51 = 17
87`61 = 7421
52`01 = 942
14#57 = 611
Now, determine the result for: 53`95"
3687bc41,equation_transform,70bedcfed781598744aad85e15d69a7cfaf0e8d37ecb7e88ca453f674e355ef4,1e607620d2697491568ec5f1ed1cdb4c6ddf7bda2f4085acf4f92e4d5c8ca3e7,"In Alice's Wonderland, a secret set of transformation rules is applied to equations. Below are a few examples:
81}95 = 14
89|63 = 8963
56|56 = 5656
97|35 = 9735
Now, determine the result for: 08`14"
36b5df1b,equation_transform,83f316edcc6b6cc363c3e3ee289abc167a13d3aa42d69e41fbdd9daadba6ad0c,ef8f9c0a7ebfa08d49c2f0430f102cfa6587f3f72acd94cc5f2e9410e0873fd0,"In Alice's Wonderland, a secret set of transformation rules is applied to equations. Below are a few examples:
|\$)] = ')!
|\-\) = \`\)
))-!) = `!\)
#`-#! = ]###
'#$]! = #/
Now, determine the result for: `'%|!"
36d2d728,equation_transform,1d721dc7df83d64ceb5f2e973003a2d885a4c7d64eef241e2a69210b03a55a7f,4203599cf8e0a248fba359492dd2f8cbb190c6b00b82db1747c7289ffdd43b74,"In Alice's Wonderland, a secret set of transformation rules is applied to equations. Below are a few examples:
/>+#$ = />#$
#}*/$ = >/>$
%#*/( = ^#$(
%>-""> = -^(
Now, determine the result for: $""*]("
372bb422,equation_transform,aa33083ee8c8b1e7f45d0b50606fd358f956b186714ddedad5b526e7df194848,ba7dfcdef4078f2ce36ff9eaf7888e3cf7f7cb89e41fb55ebc491c01399e35c5,"In Alice's Wonderland, a secret set of transformation rules is applied to equations. Below are a few examples:
74<46 = <28
43(81 = 4381
61<12 = <49
Now, determine the result for: 75(60"
379d18b7,equation_transform,0a4ee01df802d5a6c7d61a107f4ce85839a6053810cf7f56b0af362099d1bf22,a598e7b2d827e54e96fbdb6ea26407052d318f1211ad952a95aa808240681c99,"In Alice's Wonderland, a secret set of transformation rules is applied to equations. Below are a few examples:
84'59 = 241
84*67 = *82
78'78 = 371
93'18 = 911
05!84 = 0042
Now, determine the result for: 22!64"
37a2a7ff,equation_transform,ad371bf5b8473c9b3ac35612f0f9ad8b5dafd9ade32a4fa6289538745cf33f88,6f0a3533ae3aa61f77bd241d61697e3b14f9f8f9e4df00a9721ac0e7416c496d,"In Alice's Wonderland, a secret set of transformation rules is applied to equations. Below are a few examples:
46-53 = 2438
82#10 = 2
67#40 = 27
12/74 = 1274
Now, determine the result for: 84/83"
37f04e3e,equation_transform,4aae3fb018517663cad25e277c1f66b6605f0f8fec0d89b18d1f49f66f87d0c2,41f60834ce7649d21ad7864ac558465fe8894c07b0288ba61d988396269aadd4,"In Alice's Wonderland, a secret set of transformation rules is applied to equations. Below are a few examples:
34}51 = 546
96}07 = 0384
29^41 = 601
Now, determine the result for: 85}05"
3831c67a,equation_transform,950c77958ca4c349ee5870bd184d23c049489b1d19963c9d5fc007bca7040f2b,b8cbf9b7e9cfe21136856b0773d5d9c9309c04c4d388900f7f47fe6ea39f4c13,"In Alice's Wonderland, a secret set of transformation rules is applied to equations. Below are a few examples:
32+26 = 58
83-49 = -65
11*27 = 2711
Now, determine the result for: 46*51"
383889e1,equation_transform,cc3699c905dad4083c12677e589b7fd241d6e6a199122598a9fdc0cde92cb171,07be57c21d87fccb6e1f95aaf4e082f1a04769bd369b56d3abf92fa21c7cc4d5,"In Alice's Wonderland, a secret set of transformation rules is applied to equations. Below are a few examples:
28(26 = 02
51(95 = (44
88""85 = 8588
42""28 = 2842
Now, determine the result for: 85""51"
38489191,equation_transform,4ee2cf0124f0957f18464e8acefc4f8c8d81fcc26987d2359dc077ecb8863539,e7268fc4a46aec94d5da656f51c08ecb80b415956bfd14829f60c24539543a58,"In Alice's Wonderland, a secret set of transformation rules is applied to equations. Below are a few examples:
46%21 = 67
44%79 = 123
96(33 = 3169
75(40 = 3001
Now, determine the result for: 70/51"
38a49ff0,equation_transform,62e235bedf39a50b84477d1c03a2b83e7b0335914b9c3a2c2cd0143b52f80328,4421bd60a3feafbe63fd681b7e0670803e734f134186308aefeb3527b4d0c2d5,"In Alice's Wonderland, a secret set of transformation rules is applied to equations. Below are a few examples:
[^][> = [^[>
^[][! = ^[[!
>&%[} = %}&
Now, determine the result for: &}$\!"
38c7aca1,equation_transform,2801ab09f9c4f3d753ddbc77e5fc1abea90377721688198b6137c0ef0a96c3b9,628189f7622fb71a92e9e697f810514d2d3cc940ca842ac88ac577db6774ad6c,"In Alice's Wonderland, a secret set of transformation rules is applied to equations. Below are a few examples:
'{*') = !||{
'#+<) = |]{
&&*|{ = &&{
>>-#' = |]
Now, determine the result for: #{*&>"
38e98135,equation_transform,ac0658c9154bec8afa63261fbc8114f4ff2d79643ff64cf7bd1b36c2320eb139,d7288d2fc65e052944b60f18072ae85a3126befd0d726ecd643b3fc931fc451e,"In Alice's Wonderland, a secret set of transformation rules is applied to equations. Below are a few examples:
39^23 = 898
92!33 = 59
50`47 = 98
Now, determine the result for: 88^57"
3937cbf8,equation_transform,2ba8ae64af90226ac08ca406170038ed76d1739ddcec488b8fff6f93ff04ec6c,f0e4ce8a0e1740c9a06ebd684a51e4cca08a04d2852d052e297dcdd39bafcf56,"In Alice's Wonderland, a secret set of transformation rules is applied to equations. Below are a few examples:
23+52 = 75
84-64 = -2
33+82 = 16
01*95 = 985
Now, determine the result for: 84+61"
398478f6,equation_transform,e9fa7eca0fe7cb6a963ea4d2e86313a4ab0defcac196edb919879bddc1f17f43,55a1d1d70eb31445200e42311fdc1f41c7958520e29093acb64d9cc72254d497,"In Alice's Wonderland, a secret set of transformation rules is applied to equations. Below are a few examples:
[]-@] = -!
][*\[ = @@!\
:)*`@ = `|))
Now, determine the result for: |)+@)"
39a1f5e9,equation_transform,9bc6e66302f788b9edb335e56c243b4eedf85ad9e5537cf00b601fe4dcca37e8,05a2748e43de3c843a4c278031e814e69a0032c683e4cd74361aed096f6fdaf0,"In Alice's Wonderland, a secret set of transformation rules is applied to equations. Below are a few examples:
""\+""% = >[?
""\*!\ = !\""\
%[*""$ = ""$%[
Now, determine the result for: >[*<"""
39fd934f,equation_transform,1ca565926f8da31bc52e5edb30a18d97e13deb5c1931b761ad64b30fd37dab87,f5afafb541dc4fdb0bc0d6f90ff8bd3e00697ac700fbb6944dfbbf38592b8844,"In Alice's Wonderland, a secret set of transformation rules is applied to equations. Below are a few examples:
34+33 = 57
31+13 = 34
25-74 = 5
98+55 = 341
69-42 = 27
Now, determine the result for: 32-23"
3a6286e9,equation_transform,e9d7011986487b3d571e044c866c32a8168812cb3ac789e310df2b1dbaf7e4ee,1137fe97c183ab00cf61a0871b955f43a27c6361a971969197e440fabd544093,"In Alice's Wonderland, a secret set of transformation rules is applied to equations. Below are a few examples:
}`*{{ = `#(
}>+#` = (#
|{-(! = (
}{-%( = }
!>-!| = !
Now, determine the result for: !|*||"
3a7fe2a6,equation_transform,5d4237a1271016970b439b633c07f1d9572f0c9a04ce52d3fa2a2d6418152530,11ca6fce930abacf420123f5ec408ea5f73405f09f2af1e97ec1b4e453ee2431,"In Alice's Wonderland, a secret set of transformation rules is applied to equations. Below are a few examples:
)/^|] = }/
}|^`% = )`]
?)&}] = &%}
%)\%| = %)%|
Now, determine the result for: ))&%|"
3a8a4ebc,equation_transform,99fbe6b5ada75e1585e43512190b22fe0b4b3b1c40e64fb0c7c2222604064852,fb3b8576c425fa31a03ce0b009afc6e7a0aa69e8c884660697b8e606028bcb99,"In Alice's Wonderland, a secret set of transformation rules is applied to equations. Below are a few examples:
26#12 = 2031
56'19 = '62
47#67 = 4265
Now, determine the result for: 74'29"
3acfa7a4,equation_transform,c537282589c3745fd633bb030be61245dc5eb12ffc4cb122169e634aba551082,ecfed36fa25aaa978d73cbedbf734dcf6eef05539bd4856ec038bba3c7baff1d,"In Alice's Wonderland, a secret set of transformation rules is applied to equations. Below are a few examples:
19-22 = 96
81}78 = 7881
44%92 = 6721
38-04 = 34
Now, determine the result for: 45%92"
3b206148,equation_transform,ab2dd9b5f5f394f50562291f90debc6f08b6f27a7a46ad33d5cbe936ff4c06eb,90aba1e68850045b9219e92ab3ec7044efc63037b3ec03c55c06042c6c964a3f,"In Alice's Wonderland, a secret set of transformation rules is applied to equations. Below are a few examples:
\?+#! = %>
(>+>! = \#?
!^-(! = -&#
@\->^ = &^
??+^^ = ^&
Now, determine the result for: #%+&("
3b2e0cc3,equation_transform,3536ba22989d05aa0876988fd1dc6f53a2840e598b2c69127c93a468209905d3,1cd6cebd5b10de836bd98583151f08273040eacfe3287c622a4d0bf7a7121caf,"In Alice's Wonderland, a secret set of transformation rules is applied to equations. Below are a few examples:
57-36 = 21
56+35 = 711
63-53 = 1
12*23 = 276
83*53 = 0331
Now, determine the result for: 57-38"
3b51288b,equation_transform,07235fc71ff6fc092cd546286c6f37cd9d5879847d21b65da4f29ed83006f9d6,bb139e4a97045ae1b3432b4b7df1c0dcba47bb5e0374f6c750f263d672bea544,"In Alice's Wonderland, a secret set of transformation rules is applied to equations. Below are a few examples:
19%38 = 3557
21%22 = 462
89+46 = +43
12%21 = 252
Now, determine the result for: 95%05"
3b7148f6,equation_transform,43774abe45faa0728743c90b0a1d1c240388059015e38498d5b8d31af6d6ddd9,fd807faba7f55d861d11704bb5d210b7319a91e781ee3cdfcc2d1441a73c9fb9,"In Alice's Wonderland, a secret set of transformation rules is applied to equations. Below are a few examples:
$$-$^ = -^
$)-^$ = -^^
\>-?\ = -})
Now, determine the result for: &)+)\"
3b7e71b2,equation_transform,df5de4c04de5aff8356490765e6df8c206f50c88c2168d8b22c4bc9506bbaade,a512838f1df48eac9615acd428f1cacbf0cfac919ec4d1c1a3e18951462f8975,"In Alice's Wonderland, a secret set of transformation rules is applied to equations. Below are a few examples:
48|42 = 06|
02$89 = 811
54|77 = 23
02!67 = 1251
Now, determine the result for: 17!28"
3b97e6f6,equation_transform,bda15c258547f4695bb76cb29a447e1923776c73f199c0fd3054dc179d7a68a2,75d6e159bff5e48e5054d0ed8866e396a6bcd6367e96e60d30a6c690a27e5a0a,"In Alice's Wonderland, a secret set of transformation rules is applied to equations. Below are a few examples:
>>+>' = '?(
>'-|' = /(
/<*<! = '$?<
!>*'> = '?|$
Now, determine the result for: >!-/'"
3b9e33f6,equation_transform,b08e4d2fdc64fc4d2281de9246ec0081323a663aee89f821fcb74825a4b444aa,5145e7830d18aabbd10767e3d2f6f93b368685b37f9a2ded2c41587d2a77769a,"In Alice's Wonderland, a secret set of transformation rules is applied to equations. Below are a few examples:
41+57 = 88
62*67 = 7791
12-19 = -07
27-79 = -52
Now, determine the result for: 31+39"
3bf05c35,equation_transform,4c9dddd333c96395842642f9de3decee90b9ea7f8a80ff498cd215af8987f1eb,26f9609528812bb119f06af30ab37b669e017de83e8da041538c36df9c1ba439,"In Alice's Wonderland, a secret set of transformation rules is applied to equations. Below are a few examples:
28-36 = 91
51-97 = 46
02-01 = 01
Now, determine the result for: 86+87"
3bf0875d,equation_transform,4153c148a5bb74c109d884ac2a87555e213ccb179f3b3b82c0a8eb104b2b8d9e,6113256f3968e2388814ecd372245edb75e7c1d3cec7dc9fb0ca67fa497e0198,"In Alice's Wonderland, a secret set of transformation rules is applied to equations. Below are a few examples:
38%40 = 79
92/95 = 8741
75%74 = 150
62<38 = 24
Now, determine the result for: 28/38"
3c8a4e7c,equation_transform,f71fea760cb4097aa632d72cff07e2ebe3de812ccf952f4a9a7efcaabae427df,0288cd3028e917195fb2c015825af9066176429ba8fa5c949081d75cfbfb54d9,"In Alice's Wonderland, a secret set of transformation rules is applied to equations. Below are a few examples:
05{51 = 56
63{02 = 65
76\74 = 9413
44{27 = 611
Now, determine the result for: 21\34"
3cc03e36,equation_transform,d2d95d7b76ad931310bfe1771bd18bea11881350a29073abeda6bb6feacfdec1,7b67e1717ff7e72f9a51a19fba5070955d2fd262c408889777ad96784260e557,"In Alice's Wonderland, a secret set of transformation rules is applied to equations. Below are a few examples:
>}-^/ = -<?
\}-#/ = -#?
^<+/> = |\#
Now, determine the result for: #/*|#"
3cf0f8cc,equation_transform,40eaf9b5488cedfb28415db424732921c453184fa6640dd2e590fa9662e436a4,e84985d9086410e4d22a8498d179c203f587ec123d412ced15f79102f5fdf42e,"In Alice's Wonderland, a secret set of transformation rules is applied to equations. Below are a few examples:
)%][) = {&
!(^>( = }!
(>^%) = &[
)%^[} = (){
Now, determine the result for: &%]!/"
3d2cb38a,equation_transform,e1a8b47b17501590ecf89d0b2831ccc13d212a1c54490d21dc5212a9b25bdad6,e7eee3c182822f15b68604c4dca71b3588692649d7760484979b9868da7b2f9c,"In Alice's Wonderland, a secret set of transformation rules is applied to equations. Below are a few examples:
))+){ = /)
$\*$} = //#<
<{*!\ = //!}
#{*$) = /{$}
Now, determine the result for: <}+#)"
3d40a271,equation_transform,f1a8120fbe197cd318b36ab409d2438259be50a1d7b4343d0980ba6f8e143894,cc199485d65584cb7eb6f6d340ad10fa04ba4942dc9e4d5384034ae33b035b5f,"In Alice's Wonderland, a secret set of transformation rules is applied to equations. Below are a few examples:
'@+[: = :@@
:{*`[ = :}'@
""@*>` = '`'@
Now, determine the result for: /:*[{"
3e42c4f9,equation_transform,5888100cf21f76e4521950a8e7515e7bdacd608980bedb8e8367ce4ddcc59a4c,f93308916f7744f97a05e3cbb8e6cc6c36b4efe742f3a945fdbf3cfb0bfc3866,"In Alice's Wonderland, a secret set of transformation rules is applied to equations. Below are a few examples:
34-44 = 1
85-53 = 32
51-38 = 8
33-96 = 3
45+32 = 77
Now, determine the result for: 45-65"
3e5c7d9b,equation_transform,c9c270779e8fdc7ccaab6bc9b41eed6c58b9cc8da65b5afad2e1250c4a57032f,1fe29a36054131f2a22a14e82907cee2a46e35529390eb491e4efa4dde63c4eb,"In Alice's Wonderland, a secret set of transformation rules is applied to equations. Below are a few examples:
?<*]( = (""(""
]""-?| = -^""
$<-/< = <
]$-|] = |""
[$+$$ = //""
Now, determine the result for: (<-[]"
3ec77e36,equation_transform,4fa075d158af4817b5f41ef861bc7c23d305c57490a7fb36612db709bca2c74f,9fd2337f49e3acd3f21b7bf01b450b86e28231599c5eb0bd0302a2292f1594ff,"In Alice's Wonderland, a secret set of transformation rules is applied to equations. Below are a few examples:
54*39 = 6814
75+51 = 27
73-26 = -52
68+37 = 951
87+28 = 061
Now, determine the result for: 86+83"
3ef9ab02,equation_transform,1347e0bdedb96117543b7a293db043be2c41d4af686465ec6a0c653210ec3e12,54a270a58a36e190716b46f011a0f0ec07455b8b646991dcad6257111ae4000a,"In Alice's Wonderland, a secret set of transformation rules is applied to equations. Below are a few examples:
{'-""( = -$
&%-({ = -(
\'*(( = (\/%
&\*{' = &""((
&\*/% = &%%%
Now, determine the result for: ({-""%"
3efc46c1,equation_transform,fa3f414c0cad32be07848edcaab449a05f99ea83cdd9a4051f5bea581e45349d,a1a236be38e1098e5c05599b4760127abe4d1ee41f847077c0e39744902e6834,"In Alice's Wonderland, a secret set of transformation rules is applied to equations. Below are a few examples:
36[15 = 3615
55/38 = 93
67<89 = 22
86[39 = 8639
Now, determine the result for: 39[64"
3f67321d,equation_transform,6530a8dab743b2343c1ae8539fbd502bb425043932e8d31954c21e2d19187207,e1af818c1e51b14410d8d48584fab1f5fc4700be50e51336f1f65289dd4dd900,"In Alice's Wonderland, a secret set of transformation rules is applied to equations. Below are a few examples:
[{!`{ = }^{
:^/(} = ]{:
(}<(( = <}
\[!(} = ]]
`""/\\ = :^}^
Now, determine the result for: ^`/:["
3f8d5299,equation_transform,d0435e3f5d4d9e8785720720767b0f2d351b3134357d74c5dd5a167a43f3ae76,696c70b60edde286dd2b00ec1a18351a592552123fd4344cfd28dd0a72360b7d,"In Alice's Wonderland, a secret set of transformation rules is applied to equations. Below are a few examples:
"">#@@ = $<@`
""%{>"" = {^^
""!{>$ = {<
$%#!"" = <\\
Now, determine the result for: >""&!^"
4011d4e5,equation_transform,54f61c316eb16a66d5fbc9e5133198e2be647b17dcc300df580205fcd78b0ea8,5fcb6c574c862ce6fa9cb7745335ee1564696a44bda87e4005f452b3fab2bf5d,"In Alice's Wonderland, a secret set of transformation rules is applied to equations. Below are a few examples:
80)58 = 139
47!10 = 471
58?29 = 29
74?19 = 55
25?17 = 8
Now, determine the result for: 78!19"
40ba1b6f,equation_transform,87ac87b0ab0c6afc4655ba652f73580e93f73401e96922eacc02471dab7ef687,df7742a83ac95cde193f9b3d18c5da4d9b3a25bacece1e03e324b60530a49c95,"In Alice's Wonderland, a secret set of transformation rules is applied to equations. Below are a few examples:
`]+#{ = $$`
'(*{{ = '({{
{(*'# = {('#
`(+)` = $(@
@)*]' = @)]'
Now, determine the result for: @]-$("
40c53743,equation_transform,be75c4432705486b7c0ffc8038d35f400dff4559bd68502d35360dd86befdddf,0e1a438c2d32e337f88e3f3c106199c69b2e638553fd642103315f5d7ca0ed51,"In Alice's Wonderland, a secret set of transformation rules is applied to equations. Below are a few examples:
06-45 = 6
49*58 = 1997
22*17 = 3651
42-65 = -23
69*08 = 1867
Now, determine the result for: 24*88"
412a209f,equation_transform,4529da9e42256ef80b0316280c0896985108ddf6137359a60715e58c607b7c30,0959cafcfdefae40391810027769b71889871a61c3902ba2df53669193d27e84,"In Alice's Wonderland, a secret set of transformation rules is applied to equations. Below are a few examples:
37<57 = <2
49#13 = 521
73#68 = 321
04'79 = 9783
Now, determine the result for: 27'23"
41554020,equation_transform,ebd8b0fa3c470055fa022bcf297b5ce8c9019c0bcb96d21c197177e9a957e9dd,faf54b99eabd45dd311f038fd375e70d49992ea347dc7a69b0a742d5eedb4f62,"In Alice's Wonderland, a secret set of transformation rules is applied to equations. Below are a few examples:
|""'"""" = |##}
^^'?? = ""|:
""@'|"" = }""}{
#}-#^ = -|
#|'#} = &&?
Now, determine the result for: |:-}@"
4179c322,equation_transform,b2fd74ea90ede13ee14c4c75b849646311d0c4b57099af02a1d18b953ee3bd95,93dedbf8c81d8059333d711b3543f5467bcb0cd7c5eff6de0e1cf60feedee904,"In Alice's Wonderland, a secret set of transformation rules is applied to equations. Below are a few examples:
56*15 = 5133
04*28 = 0823
73*85 = 6412
24-65 = -41
76+06 = 0676
Now, determine the result for: 15-75"
418895f5,equation_transform,466d35867a39023fcc865f506528ee45826b11e9d819b5159b2bacd681b4e03f,2bb25c63bbedaa047fe1fbb12561aee60d627479555028725f6bfdbdeca7ecef,"In Alice's Wonderland, a secret set of transformation rules is applied to equations. Below are a few examples:
79-58 = 21
47*04 = 9592
58+61 = 101
Now, determine the result for: 85*95"
41a8a9f0,equation_transform,d6f9bb98047752f1b6f36afdaa4500e89930418df599716d8565aa64f58dcbe8,5fe56dde61f76d62ebe86407ddac4349ede334d3aae409049cf6adf26619692c,"In Alice's Wonderland, a secret set of transformation rules is applied to equations. Below are a few examples:
|)*|} = )'}
#'*{` = `#})
{<-<} = ""`
'`*'"" = #<|`
Now, determine the result for: #>*`"""
41babefd,equation_transform,f25efc720d7d7cfa8a856823dc3a4f2e926f74d6910e7aec4430c97cfaebbccc,992d96acbe3c6bbd27f625f99fb0151da306de3153fa28986fe035b3f92129ff,"In Alice's Wonderland, a secret set of transformation rules is applied to equations. Below are a few examples:
24/63 = 88
22/92 = 115
50/81 = 132
96{75 = 21
39*12 = 3912
Now, determine the result for: 41/85"
420d5352,equation_transform,789731dc5dd80cc6a19c4e1ffa4a8f52b2782630696f9bda8bd30ec99a05ba9f,e0743616d64f8244eb6743d13b8e4181a14002d961072c08ead281551c632e98,"In Alice's Wonderland, a secret set of transformation rules is applied to equations. Below are a few examples:
>'*'] = )])
''`#] = ]#
#>{>( = |)>)
}?{') = >(#>
Now, determine the result for: ]]*?)"
422bc5b4,equation_transform,5203fce4e33da328c24018491936096a7a2af7a1c8998dc58de02db8c2945532,3aac9c7d304ecd7aa80a44f4c8cf817449a4ee1cea3bdc85e0021d4d87e00acc,"In Alice's Wonderland, a secret set of transformation rules is applied to equations. Below are a few examples:
29]10 = 2910
51`33 = 1683
53&60 = 7
Now, determine the result for: 80&87"
4245e455,equation_transform,91c101d2ce741b1c140e7a5d3ce34b5b2b637e99072030ecff4b739d69dcadfd,522bd600226242c0bfec2bf0586e48f470ae314e4fa22c59f47618683bb68575,"In Alice's Wonderland, a secret set of transformation rules is applied to equations. Below are a few examples:
98-22 = -76
34+43 = 87
66-43 = -23
45-35 = -1
39-49 = -1
Now, determine the result for: 49-56"
424b50d1,equation_transform,709d4492eaa8efeb9b5e5a1ad9f574a698bfbcbecf030a63500e1b486001ce5a,39d4683d5a4b158e59505329c3b6869ae51d1a56ce74213f4e3334d596fcc111,"In Alice's Wonderland, a secret set of transformation rules is applied to equations. Below are a few examples:
@|*|& = |{`%
]>+>& = `>|
&%+`> = `{{
`/*|{ = |&{
\/-\\ = -`
Now, determine the result for: %/*@@"
42553fde,equation_transform,7245ed4e7e731ac4f514bbe74059921e1bc134f9db7dc4c2edf7efd24030226f,c99d314553c943515e9dfa09c60de29095ec34ab8a3f45b19fe4638d5930b995,"In Alice's Wonderland, a secret set of transformation rules is applied to equations. Below are a few examples:
16?21 = 37
48?06 = 441
12!65 = 6711
Now, determine the result for: 04?73"
427ba852,equation_transform,4d3898950716ed7145ee8e7c88fe5f269fe0a28af678d715006421d86811882f,ed6f6882419f988d494fc06a8e4f28b8b341653ae370d20e97b72919128cfa66,"In Alice's Wonderland, a secret set of transformation rules is applied to equations. Below are a few examples:
16+65 = 711
56+45 = 911
66*55 = 5566
96*41 = 4196
67-34 = 33
Now, determine the result for: 14*22"
42bde66c,equation_transform,5f5ef6ef9b16d44dc17b5fe65479f9c56bf5ce6deeb686bd3767e64e19899a67,7f1621d3f9b43ff709c0302ef138c1b79517d76d295516abe2799bfa9e194444,"In Alice's Wonderland, a secret set of transformation rules is applied to equations. Below are a few examples:
/^*#{ = #{/^
)&-#< = -(^
(^+<{ = {(
Now, determine the result for: #<+#/"
42d4dcf7,equation_transform,cd7f20a7340a958a20806ef991998c52acf8762d330d558d24f03146f6a4319a,6e2f0b5f582b1919d8c23734cf3a4425a6b2ef7d0664e0768f2791cdcaa97565,"In Alice's Wonderland, a secret set of transformation rules is applied to equations. Below are a few examples:
26-31 = 01
21-49 = 01
07*65 = 0293
38-07 = 31
Now, determine the result for: 65-57"
434ca68a,equation_transform,7534dd4ea564f9ed429379dd0245103fd0c03696c30f161ea9b8d559006f60b0,38871786ab167bbdd21106d926be15805c62f26e8800fe8646f0432f5cf9b931,"In Alice's Wonderland, a secret set of transformation rules is applied to equations. Below are a few examples:
[<@<$ = %(<
](|>> = <]}(
:])}% = ][
[%|:> = <<&>
%>):] = )]$
Now, determine the result for: ]%@>%"
4350015c,equation_transform,9615e72663cdda0ae71d261b5851d6b4602441293002987fd80b86b43ed49620,0e7c554bcef20b069bc8f1ea60770548ade9cc63f74cef2a5bae80ab01fba734,"In Alice's Wonderland, a secret set of transformation rules is applied to equations. Below are a few examples:
57*59 = 4217
47-69 = 22
32-75 = 11
Now, determine the result for: 16*72"
43674aea,equation_transform,544926c7c8a25423c3fe71e5ca545cb03c00d1681161765d6f4b667451096715,d1e2b1586ba43bf93883b14f0b3837e318c0f2ed6244c1bf5873f7a48314c531,"In Alice's Wonderland, a secret set of transformation rules is applied to equations. Below are a few examples:
>\+>& = ?!
?%-^! = -#>
^>*$? = $?^>
#!-^% = !
&!+?% = %&>
Now, determine the result for: &#+&$"
43837c5b,equation_transform,790a047c4533a06db35c00bfa04a8c1600d57c9739b401e3ee8700fa91377bbc,aaf5eae532c5bb70d81a5aa78a355991ae47d17225112548fcced0495b56dd02,"In Alice's Wonderland, a secret set of transformation rules is applied to equations. Below are a few examples:
90^36 = 18
19*32 = 1932
15<45 = 675
54^25 = 4
Now, determine the result for: 45*72"
43980e72,equation_transform,804000c7560c0b2174423f90c1379ffb266900842386100481676e8e4c8741a5,8f33d9c631624ba5c9964410476ce50ad6121b50a17fc63d847e6d64940783e2,"In Alice's Wonderland, a secret set of transformation rules is applied to equations. Below are a few examples:
18:44 = 1844
71-89 = 161
96<48 = 48
56<68 = <12
90-82 = 173
Now, determine the result for: 95<31"
43ac121f,equation_transform,c5b44bff6404628698836bd5826a848b0d410a48052b7f059fbea5638e1e41a4,ee48824accdb874b5ca217966279ab2fea14b727ec8e880528878b7aa0638e06,"In Alice's Wonderland, a secret set of transformation rules is applied to equations. Below are a few examples:
)(-|) = -''
]{*'| = ]{'|
]]*(\ = ]](\
)!-'| = -(
!$-|\ = )!
Now, determine the result for: \(-({"
44a57762,equation_transform,72277199a1320faff6bb9738e7bc40a560bbd94462069a47e9219fdafbc7463b,b427c231d7635b042ca9871e4115ae6d23e06f3abd34583c5cee7292683a792e,"In Alice's Wonderland, a secret set of transformation rules is applied to equations. Below are a few examples:
57|64 = 121
49|62 = 021
77|21 = 98
Now, determine the result for: 56[71"
44e69b7e,equation_transform,aa8225355f1ed503bd6f2d1bd89677b87cf2a8dda022e34a5b33cea5c7965042,115c813447793e4e001badde260685d9b9a44a6d08dae845d37196528f50a3be,"In Alice's Wonderland, a secret set of transformation rules is applied to equations. Below are a few examples:
90%58 = 149
48{24 = {24
29:76 = 2204
95%35 = 131
32%84 = 117
Now, determine the result for: 83%35"
45076dc9,equation_transform,1e29f5f0fa3e3f0f90a79edd9b14101b9e7291f221c23b1bb81032e798364c41,cf18e17933492ad09531f8c207f6c743ce147ee04e3347c59e120b5abc20b9fc,"In Alice's Wonderland, a secret set of transformation rules is applied to equations. Below are a few examples:
24[57 = 2457
08}95 = 12}
58^52 = 011
Now, determine the result for: 56}17"
4530aff6,equation_transform,c658a92ae1d04e76ef3ed373fbf6a5c4447206cb8b104854b4593eb47c1971c7,df115d6dc5f2fd8cf57fcf3f66f77cb1d2e9338ead24f008d03d7f35765f10bf,"In Alice's Wonderland, a secret set of transformation rules is applied to equations. Below are a few examples:
50:68 = 18
67&89 = 156
25:32 = 7
16`47 = 753
41:76 = 35
Now, determine the result for: 12&99"
45582be0,equation_transform,ece4e02041ce424e5d292de8a869c74ae3c97e3bf7dd5347ce921e862c8d30e7,42f6fbf402a7544f9a37122f5c1d0303f8d8662e0a0d8819889a6447471342a1,"In Alice's Wonderland, a secret set of transformation rules is applied to equations. Below are a few examples:
17/59 = 76
73+71 = 5184
86+75 = 6451
15/46 = 61
78/98 = 176
Now, determine the result for: 68/36"
45dbc1cc,equation_transform,34e41b76f19be0d9d37fa6359c9f8f79eb056f5a33afc65f1013b637198bdd20,d82bb4648a82fb92d1a1fb059a20e2a73d795279d37f6c97069bde1e207f9194,"In Alice's Wonderland, a secret set of transformation rules is applied to equations. Below are a few examples:
46*53 = 0422
53-01 = -52
49+39 = 3949
Now, determine the result for: 98-63"
45df54db,equation_transform,665b8a42d68575ecdcf56238bc01dee5c4455d9db77efb7b43eb06443d996c38,1991b900d5ef837db7729e3d6685a00a0ce595439cdfd5e36012a8ae51d6f861,"In Alice's Wonderland, a secret set of transformation rules is applied to equations. Below are a few examples:
23-79 = 56
22+68 = 801
29-58 = 7
Now, determine the result for: 56-91"
4612258e,equation_transform,5e14ecba3ea7212a568c2de68e9d2d290edf605922dbae7abe44095f2080604a,f39b14601e7e01a78cd13699fa9da8817257f89eceadd4c603ab1e66a6b498e3,"In Alice's Wonderland, a secret set of transformation rules is applied to equations. Below are a few examples:
}!*)! = }!)!
>{+:) = {!
>>*@{ = >>@{
@}->/ = -[}
{#*}[ = {#}[
Now, determine the result for: )#-:@"
4626d641,equation_transform,db70bcf05fcf6aaf9b83f4635d6a0c894126a516c0adf30852d5158d474426dc,ba28add813a226c5b771721c0f678a51756a2b1cb172e7e9155cca40b489738d,"In Alice's Wonderland, a secret set of transformation rules is applied to equations. Below are a few examples:
"")[@? = ?@
$/%&$ = ""@
)>{""! = !&/&
/?[@) = @@@
Now, determine the result for: !/{""?"
465a990c,equation_transform,46975d8b60d8a09f7b0f0e017e5a8ae0c346afa0d01ec446923e76f8c81ceee6,f6ddf5170cf392abda8b9b1d99415a06e800c046ff0825ba702c24548c4755b3,"In Alice's Wonderland, a secret set of transformation rules is applied to equations. Below are a few examples:
))+$% = >\&
$[-)[ = -)
%)*)) = :>&#
Now, determine the result for: ""[-&["
466ad340,equation_transform,7bdb67fc703959f905a03138dd3bd9d517385de61df404a9a2067467beb77eab,f8040abe5862565bb80ac92c7c2c16ad51ba0f22af07bb27cefaaf9a8041ace7,"In Alice's Wonderland, a secret set of transformation rules is applied to equations. Below are a few examples:
^|+""^ = &/
]$+^} = `#
`#-$` = -#}
|$-|` = -&#
Now, determine the result for: `^-$#"
4684abe0,equation_transform,e4ad3141f4552f87d06336eca0b0aa8faa9452d0c5ff629d3d16c929035f4924,35c24105739ff3f261a918004262add1aaf20ca9444aec036ef26d5cc0d6e285,"In Alice's Wonderland, a secret set of transformation rules is applied to equations. Below are a few examples:
06*88 = 1825
26*35 = 7823
61+53 = 5361
Now, determine the result for: 74-86"
468bf9fc,equation_transform,e9fa18f9e9826ff55c48bac629f0af66dd86416594ffd223159974134f32eb13,865d97b5effcc719a11cd78a6f2661db4fa22e5934a7d87d00badffb7e2cdd81,"In Alice's Wonderland, a secret set of transformation rules is applied to equations. Below are a few examples:
!!-`? = %\
&&->% = \?
>?-}? = >
:%-|` = &?
Now, determine the result for: !!+:!"
46c0e367,equation_transform,eca47a61f9a86e585e54c440ec85065d7f834425cc2d00dca2378f911734d8dc,21b50c97aec50441a01f106caa66a54514551eb35abf8230057ce40863690e4e,"In Alice's Wonderland, a secret set of transformation rules is applied to equations. Below are a few examples:
#>-#@ = }&
??+}# = }#&
[\*)) = #]@[
#)+?& = #@
Now, determine the result for: )&*[#"
46fcfa9c,equation_transform,b97c9ee83637c73dbd6c3022b1ca46222a889b5fb10a4b4d73502138a9d62e54,0d5fd96d66c7e0365446c3954fb6eaa107b231ecc49dc6e5fd3850b0138d401a,"In Alice's Wonderland, a secret set of transformation rules is applied to equations. Below are a few examples:
!>*$$ = |?|
>&+$( = >&$(
?|-&| = @[
>&+!@ = >&!@
(}-&[ = -(!
Now, determine the result for: >(-&@"
47524987,equation_transform,8abf581e34f5d0b68017f3036adf85f6b1e29e3b96025a08852dae7e228fdc29,403d7ca646e0db4e78537c28a4383da137e7e857935039fa9f2c573fc1ea532c,"In Alice's Wonderland, a secret set of transformation rules is applied to equations. Below are a few examples:
<{-]/ = -|?
?}-{( = -/|
/?+<< = |]
|}+<] = ]/:
Now, determine the result for: </+|{"
47c368d8,equation_transform,6f1f9846820ccc5a4b52fd9ad7ed389e206d3724c3d2bce497fb6f7ea6f48222,0859021aeb3ab435bc1464c1ef7f8d195959436233292fb12dfd91b7a347c3ae,"In Alice's Wonderland, a secret set of transformation rules is applied to equations. Below are a few examples:
13:89 = 76
66!89 = 561
32!56 = 98
Now, determine the result for: 29!56"
47dc6570,equation_transform,076618407e2f0935823f5a0d843172b225da65d0984ca26c95327212d2456810,30f401c300bee2542530078bc7ae86d20fb8e305feb24b5bce97ae0d982aeaf1,"In Alice's Wonderland, a secret set of transformation rules is applied to equations. Below are a few examples:
79+05 = 1584
59+03 = 1582
87+37 = 5965
67+65 = 7524
51#03 = #51
Now, determine the result for: 48#26"
48194d70,equation_transform,ab26672bc558cba6a3c4afc36ae384e423fc76bb32913f847b0cf6c148b35060,1740a8b2ee730dd2508c246bcc6cac4c5ba35312c63ce6eda0afeb3d8163b746,"In Alice's Wonderland, a secret set of transformation rules is applied to equations. Below are a few examples:
[:*""' = [@[
:\/{^ = ^[|@
^[/@{ = :^[[
[\/'[ = '[^
Now, determine the result for: ^@/[:"
48817fa0,equation_transform,e90e741cd8de80f13c6c8a48470161d64c25dcd3f84ca81a7209dbac437827e6,fb6e37e5c7e6b78d6913eb6fcd6344a21130dae8a220674c109efc3c3b7977f4,"In Alice's Wonderland, a secret set of transformation rules is applied to equations. Below are a few examples:
\#]\\ = :[
@[]#& = !#
@%-%} = }\
&}]\[ = %[]
Now, determine the result for: }[?!"""
4895b955,equation_transform,c05ddc62eaae6ea4f0ab7f6d7af3a12152f5336739e451ab82ffe082d6781bda,997098e95ffed6774147d8537967f8be57ba4420917a9910c8ab49efd1843de2,"In Alice's Wonderland, a secret set of transformation rules is applied to equations. Below are a few examples:
40^13 = 1
86(19 = 8619
58{88 = 5104
99(67 = 9967
Now, determine the result for: 47(96"
48ae115d,equation_transform,d7671f415d7d3497a06c3c61a41ca874d064dd33137ee3e4be29be2767679d6d,a2aef7438a85da72652032d1f936c9d3aa989b9810ee2ac36806ce2120e51a07,"In Alice's Wonderland, a secret set of transformation rules is applied to equations. Below are a few examples:
[^-\\ = (::
[`)\> = `]
>\'|` = (>@`
(:'>@ = @^:
\>)`\ = |]
Now, determine the result for: ]>']|"
49578b02,equation_transform,4dc8e2e435afb2532dc2116e113f54413b4b1e8467abd2f7fc8fa646a5dd4dda,821bad824ce09cf8ccca882af0997f4221bf7f00ab43a55d6f988febe7eb3146,"In Alice's Wonderland, a secret set of transformation rules is applied to equations. Below are a few examples:
05*63 = 1081
15+12 = 37
05-39 = -34
53*69 = 1633
Now, determine the result for: 07+22"
49699136,equation_transform,0a9be830b7e9ace09502de5d28e5e1947fa5611c0a0b7431b1be0307bcb3f276,e490f415efef7455801b73cc0f142a00289b0049a73ce7c91546cfdc3200721e,"In Alice's Wonderland, a secret set of transformation rules is applied to equations. Below are a few examples:
88*39 = 8839
64<16 = 80
26#12 = #14
21*72 = 2172
Now, determine the result for: 77#25"
49743645,equation_transform,46317922b6f958f2aeb1489a494d14ce2b1cd12a02dc7901e9c9eccf888aec6a,61edec7d1a8ebd42c0371abecae223ca11f274c9e6d5bc17be25a73a54c28594,"In Alice's Wonderland, a secret set of transformation rules is applied to equations. Below are a few examples:
83-86 = 03
72*86 = 7381
42+25 = 67
83+05 = 88
71+73 = 45
Now, determine the result for: 99*07"
49919931,equation_transform,cbe3aedc8b0fa78d1a5ec5ccb9d6346f785d37a43ae0fa7723f2d57c02845cca,cfaad6facf5cd4c2ab5f646a3ffda6d3500a7a83260ed366cf38c8b4e658721d,"In Alice's Wonderland, a secret set of transformation rules is applied to equations. Below are a few examples:
78:29 = 4008
04*01 = 0
02:18 = 0261
Now, determine the result for: 42*59"
49ac9daf,equation_transform,4cd8cc987bf2b8130cde1ff374f42addbecc162684b144ed6ebb7cebae8ee031,47cfc0ab312c1ca04be0ae7794042fd471cb11518c1ae9136dde26ecb1458ce7,"In Alice's Wonderland, a secret set of transformation rules is applied to equations. Below are a few examples:
75*17 = 921
18+32 = 85
07'05 = 0053
89+73 = 16
Now, determine the result for: 64*52"
49bc1b7b,equation_transform,03d3ab8a06479679752ae23b5e8d2e402a327466e40ba0ac923d0ca610da083a,36eb67cc19bfb17c77ac23a10b679a38d8e028e65a54ac133d96265350ff6b64,"In Alice's Wonderland, a secret set of transformation rules is applied to equations. Below are a few examples:
89`47 = 2527
05]86 = ]81
38[48 = 861
11]68 = ]57
Now, determine the result for: 88[79"
49f6ba46,equation_transform,f037bc29456114ccc725d590cf0ffb5127d73db679bf2ef3c42a435a6f014c66,705ea5ea5d355dd0e0643226addedad36d2a197c4c4d8b070a917814d2ffa789,"In Alice's Wonderland, a secret set of transformation rules is applied to equations. Below are a few examples:
#{&'\ = )!{
`)&)) = )\{
`)@[{ = `)[{
Now, determine the result for: )>&'!"
4a02017f,equation_transform,0172d897d1cda39018ac082d548a1148d321cbd1cc99eca66b23948e7dacbe8a,66ea50ed9dac35b1e4c3062dcc1b2c1b54a073735f07959eaebfe1322ec92ba5,"In Alice's Wonderland, a secret set of transformation rules is applied to equations. Below are a few examples:
""""-[: = ?
[/-&[ = -@""
/[-&"" = [/
Now, determine the result for: #?+'"""
4a569495,equation_transform,4cf74552836912ec186f1a2820339350e19e87a6621973c98ce99f0ced10009f,ded390667e1bcb2c825e80c20ce0e050c0dfa124ec40f5616e55c138d5de4a44,"In Alice's Wonderland, a secret set of transformation rules is applied to equations. Below are a few examples:
52-27 = -74
02+79 = 611
13*13 = 1313
Now, determine the result for: 53+04"
4a8eafe3,equation_transform,73439f6bde27271b139000d9e4f624f840673e4315d498a301d50e714eb8f145,104d9ad80324981ab37a30b65b4891aeda172b1769d631ae9b5490e0c48a2b9a,"In Alice's Wonderland, a secret set of transformation rules is applied to equations. Below are a few examples:
65+27 = 921
02*91 = 183
84*44 = 3112
82+62 = 55
Now, determine the result for: 95*68"
4aabfc3b,equation_transform,72b1486660f285d6aaad3b645547914737f15e6b156254be24550295e3cadfec,70103a77f5231c7479e5a4626b68690f9fb8ffe4735d10512991b4019d65983b,"In Alice's Wonderland, a secret set of transformation rules is applied to equations. Below are a few examples:
03*61 = 64
05*84 = 89
27""97 = 8865
Now, determine the result for: 31*85"
4b70414e,equation_transform,9ca8175f6815f6c2b82cbc2b94f51cb0d8c7394ef33b1d7cb1774d5170d61e57,8e926c28bca3487aaec307afece1d3bca37080d1d4ec48299d78b7abd16d55eb,"In Alice's Wonderland, a secret set of transformation rules is applied to equations. Below are a few examples:
35+44 = 79
41#55 = 967
07<13 = 93<
19+14 = 231
06#21 = 917
Now, determine the result for: 48#83"
4b7c076e,equation_transform,2270ef71e39322d9d7ed899c53ee0fa7d0a3714b1610a6de11f7f097c6c0ea74,c2dd8438e8bac9c747c191d49a6dca64391b4bb049535b2e10a199484db4960d,"In Alice's Wonderland, a secret set of transformation rules is applied to equations. Below are a few examples:
`/)$@ = #&$
$]^&` = &/`""
&`*]# = *#$
#])$` = @""$
Now, determine the result for: #]){$"
4bc6e6b5,equation_transform,e29f25b560436c706ad8c17cd10af493abe78474eaea775897923589ffbe15a0,edbf544dea1940170b330438aabe687367e801f6c08a1d3fb615d73bf425c9b9,"In Alice's Wonderland, a secret set of transformation rules is applied to equations. Below are a few examples:
16/70 = 6
59$26 = 1535
31/58 = 27
11/98 = 10
23+49 = 72
Now, determine the result for: 31+36"
4c19c1cb,equation_transform,397be00d21bfa518e5195f0c94fcf8a003af1aed60b540ce7497208cfcce0492,b1ef9aa7003125345d64269cdd417333f67f027bb47d85ee990bf23a775a2ed8,"In Alice's Wonderland, a secret set of transformation rules is applied to equations. Below are a few examples:
76?45 = 8163
72?62 = 207
91&14 = 9114
Now, determine the result for: 35?09"
4c57a53f,equation_transform,622275cd7ab7815dbd36b6398ca42c833876c17b749d375622be9bb04077a246,f6464252f47017b85637b9eec59847d33b0f428add4a0c105142a8c2c10fc176,"In Alice's Wonderland, a secret set of transformation rules is applied to equations. Below are a few examples:
67[45 = [22
25?33 = 59
16?36 = 53
17[87 = [70
Now, determine the result for: 37[33"
4c6cf9d9,equation_transform,e20bea5bcc0f6b8f9df37ef03627b224a63f51f1c00500ebddb06d1a6492cf7a,c26be182b6c69ec413f08b5dd9232fd626c61fa5a883abe24ec8de9ccf3efec4,"In Alice's Wonderland, a secret set of transformation rules is applied to equations. Below are a few examples:
58*34 = 24
41`35 = 86
53`27 = 801
29*25 = 04
Now, determine the result for: 29*65"
4cb5e927,equation_transform,7a79a92ceebcd68f01d840513db5f7672f81c353d1b913bfb2cd4de91d6fb824,813c6be7663f87b746cf8963696d38b2e68f4f2505571face43c517cc5cd9ab8,"In Alice's Wonderland, a secret set of transformation rules is applied to equations. Below are a few examples:
37/18 = 665
88:71 = 159
25-97 = -72
Now, determine the result for: 69-49"
4cf073bf,equation_transform,3d95e4d7b5e57136e4094064cd9e9b0082462dbb7fa19ab0c11ceb86c7ba48ab,6d52d11d623cb9ec198d86a07b812d306b2f2b766ea74e0689290fedd4a434fb,"In Alice's Wonderland, a secret set of transformation rules is applied to equations. Below are a few examples:
93+01 = 94
19^33 = 1933
04^26 = 0426
Now, determine the result for: 02+06"
4d04ce0c,equation_transform,22b3d0197b2176c3d556b34b03bacba5a2179730f61a498fcb0072259e9c3898,c7eb01228fbff9c01479e120a87ba20a12fdd61e7e09c68bdd48059083af05c1,"In Alice's Wonderland, a secret set of transformation rules is applied to equations. Below are a few examples:
`[>`\ = (}#}
:#&?' = ]'
(]>\\ = (##(
\#>?' = ?#'#
Now, determine the result for: ?(&[}"
4d1ae327,equation_transform,674765b59f130fc1cf55ce802f07f929c333676940d625a696b99be658397589,4485189c9107dbecaed752ede094652b6b5d66a92f21ee413addf084c2896947,"In Alice's Wonderland, a secret set of transformation rules is applied to equations. Below are a few examples:
96&97 = &01
44+52 = 96
19&76 = 42
99&84 = 15
52?12 = 625
Now, determine the result for: 22&64"
4d39d098,equation_transform,08a6d2a0ccd6b69b95356063a0f3be883101ec934e022312f4e8a7d414f6172d,09a36e7c02310908a2799318974510ac75ae5fd29cf3890e4f83c78f16558d70,"In Alice's Wonderland, a secret set of transformation rules is applied to equations. Below are a few examples:
94+92 = 97
92+66 = 69
12*99 = 9702
67-32 = -35
34*71 = 137
Now, determine the result for: 96*36"
4d714623,equation_transform,e7005f1f7626d58b792490ac894ad4e3877301a4a7e4944d434a8d8fab0db2a2,e55f3858c63aa1e66649592b88c190abbeda47f5eb3b7e430bf270b12cbac2d8,"In Alice's Wonderland, a secret set of transformation rules is applied to equations. Below are a few examples:
95""84 = 179
67""31 = 98
20""12 = 32
11""91 = 102
64:52 = 6452
Now, determine the result for: 57""50"
4d8df95b,equation_transform,0e0681d612193fd528a6f102b147ce42ec3e2d5de81457afe594fafdb259172c,a9004964a3d85918e3db931658283231dcabfbacb2410eb25655fc6768d0daa5,"In Alice's Wonderland, a secret set of transformation rules is applied to equations. Below are a few examples:
/:-%( = -""^
(?-^/ = -/""
^/*@! = ^)(/
Now, determine the result for: ??-??"
4d8f8111,equation_transform,264da4ebeb0a047468d92aa6aa780efb40fb2e531059fda70d74cc7e03ef8585,a199fb330a0b513f3cc5c2db49e69fe8e12fd736413a21efda0f74acf3345ab0,"In Alice's Wonderland, a secret set of transformation rules is applied to equations. Below are a few examples:
98+78 = 7898
77-93 = 83
42-23 = 8
42*09 = 0612
92+63 = 6392
Now, determine the result for: 01+76"
4d92de08,equation_transform,289ddb35e62da0e6821f1471419b8722b72493f3ec8fbc54804ee0e1b735e016,2f1cc04a88f8f37748e832c89a13949c82f7765fa1eb87ab8ad2a6a0f7fc5bb4,"In Alice's Wonderland, a secret set of transformation rules is applied to equations. Below are a few examples:
03]36 = 39
13#44 = 4631
57]28 = 751
04<42 = 61
Now, determine the result for: 15#81"
4dcc1844,equation_transform,f30dd6338426e4da8cf225e4bce089668bc84b5e05638699a1de531fe0c43dc7,973bf4e18389166a37e37ff53f78521c23ee8db9fdfdd406dc50a19e5ce1ef71,"In Alice's Wonderland, a secret set of transformation rules is applied to equations. Below are a few examples:
17*71 = 87
63$50 = 13
85$33 = 52
28$92 = $64
69&17 = 6917
Now, determine the result for: 63*21"
4dcd1b40,equation_transform,59ad8dda4c30ab9c63851463c349ddeaddf46a8c3636d47444e3ef507a39905a,5bc2419993859781372918c6a137b8de481212cdfc71a8698fc0024ac9b90026,"In Alice's Wonderland, a secret set of transformation rules is applied to equations. Below are a few examples:
@{`#@ = ]#
!{<{"" = ##@
}@\}} = }^)@
""""\!: = }#]#
}}`)! = `{@
Now, determine the result for: }:`]"""
4de466bf,equation_transform,6f232d7550bafe07fc84d5cb01c008489664d7ceef4340bca3079764623d65cb,99ada6f7a4969bfcdde8bef259f692b43857833188cf4cc1c088399ec7e50a14,"In Alice's Wonderland, a secret set of transformation rules is applied to equations. Below are a few examples:
<$&^> = @@<
<^|<@ = @$$^
/[&:/ = @::
Now, determine the result for: @>&</"
4df01584,equation_transform,b0983ccb992760f681103070cbe955ba670073f85ec3410a8b3be3a804a3abeb,45e0ba14cb3ad46945e8325a8c122266ef1a12725f634464fc5ad405c92659f7,"In Alice's Wonderland, a secret set of transformation rules is applied to equations. Below are a few examples:
07+04 = 0407
62-71 = 9
44-43 = 01
Now, determine the result for: 35+19"
4e28b132,equation_transform,3f04e181422dfad0680bb1959c9c24474336aec0159b90c29760db5cfc4f5534,755e2d8cf7d2d7909ca75b321adba14b84416c05d93123d4949bff115a5f6fb5,"In Alice's Wonderland, a secret set of transformation rules is applied to equations. Below are a few examples:
>@%): = /#>
/]?)# = :)}
/)&#@ = }
'#&)> = ''
Now, determine the result for: //%>:"
4e5fa95b,equation_transform,f215db47685f16c1e9464eca2b311ca76628dfce46e98384793e64162c0f0932,768c88d99a18801a0fcf3fa9139203cb167764626ef68cbf8e8fe9e03bd327f2,"In Alice's Wonderland, a secret set of transformation rules is applied to equations. Below are a few examples:
93(51 = 4744
44(82 = 3609
13(26 = 339
49+81 = 32
84?47 = 131
Now, determine the result for: 27?59"
4e67b066,equation_transform,2d79f3974f9382c69ff2549f6116850ba0bba17a6f4db082d7922c012facbbaf,05a75d3af9c40e199246032144435655c48b40ff7c408ac6aab65fd5e2c7771b,"In Alice's Wonderland, a secret set of transformation rules is applied to equations. Below are a few examples:
&""*{! = <))!
(&-`^ = ""(
)<-)( = )(
&""+""` = @`{
Now, determine the result for: `^-@("
4e7d1773,equation_transform,7d16382f4c30ff4a0df69464d9f6b21912de166b2cfc83fa4a5d0368fbda3a65,75eb3f47b00b3070a8d97e1efbf708743273a12574b033f216ca877f59aba7fa,"In Alice's Wonderland, a secret set of transformation rules is applied to equations. Below are a few examples:
^|+'"" = \{:
?:<^\ = $""
\^%@: = %|@
@^+{^ = ?:""$
'?+@? = '|'?
Now, determine the result for: ^\+$:"
4e7e64a2,equation_transform,fb998cec880a68b31bacaccc484c2197fd7bc1d8ce7d21770e06ea5e450920de,1292423ecf58ed8240c7aced90ebe65aae7b93be3080ff54967490ae9ff17461,"In Alice's Wonderland, a secret set of transformation rules is applied to equations. Below are a few examples:
?%)%< = |%
>')?$ = $%
>|)!$ = ?>&
''""'$ = $$?
&`)|$ = ?'?
Now, determine the result for: ?>""!>"
4e840a1a,equation_transform,e7c60c20ffad0f2d991ed5b82e3dfbc9417b46c7f43504693755c0191ef9b3f3,bfca2813cf16b952c3e11fcef169589c57534a01caf096158d519b2a8240f5bb,"In Alice's Wonderland, a secret set of transformation rules is applied to equations. Below are a few examples:
58*93 = 152
26*21 = 48
56*65 = 122
Now, determine the result for: 15+53"
4e8982d6,equation_transform,e423d5efafc6ed327d34987af84c82542339acb3606393278eed2828487536dc,3e616c021fb1b520c9da9114f936096bc0f800af6a7536f66eef00007329e26a,"In Alice's Wonderland, a secret set of transformation rules is applied to equations. Below are a few examples:
|@+/@ = ""|
:\*/? = /|:?
:\-@/ = -::
?@-@/ = -/]
Now, determine the result for: ]]+?]"
4f06e1c0,equation_transform,3e8668713b41fecc2bb78d1e4609345c710fd098d9571f9f4f987f3eb8ac1b57,3400da273f12d7e92f783d29cfbab33d6d9d4217ad78fe42abdc124d03f60da2,"In Alice's Wonderland, a secret set of transformation rules is applied to equations. Below are a few examples:
79*29 = 2979
12*65 = 6512
47*03 = 0347
Now, determine the result for: 07+38"
4f0e0273,equation_transform,0632e55eafdf2085b865c815de982df818378099c27b31066ab1f7e388972baf,250609051fa08d2540bce3ade531280aaed40dd72451ad10f341d7d8b9680d59,"In Alice's Wonderland, a secret set of transformation rules is applied to equations. Below are a few examples:
64*49 = 4234
01{83 = 8
33@74 = 08
87{78 = 9
Now, determine the result for: 36*53"
4f2351e5,equation_transform,ea501b6b4d1daf530e77f255392b763e7c8b3762904f830deab5f2c186af00ed,58d6d093dcc47fa7952c3a36df28f86daad7ddb9e3f0eb04ccb5d4fe4a44cd77,"In Alice's Wonderland, a secret set of transformation rules is applied to equations. Below are a few examples:
<@""<' = )|[`
&<""&< = &^|[
|`""&@ = |<&}
&&{|[ = `<
Now, determine the result for: [[\})"
4f660f4b,equation_transform,566c91662b54a8c48a55ade381313c38addbfcc4f3a112cea222ee72588fae04,d3c6fcb251b2f57e3af488e85802577b653e6d26d4089f5809484cf205601c90,"In Alice's Wonderland, a secret set of transformation rules is applied to equations. Below are a few examples:
86[91 = 2921
33\14 = 37
94`42 = 52
41\69 = 901
Now, determine the result for: 76[86"
4f8da43f,equation_transform,279fd72177b990ae49914fd8f3bc47bff8e8080ba55eebe1193973f26d0635bd,fce88a54cbe741dbfbc92eaa466ab34cef9e0c803b7ebe6b5fff56aaa3692bee,"In Alice's Wonderland, a secret set of transformation rules is applied to equations. Below are a few examples:
83>28 = 021
77'32 = 1771
99'39 = 7029
87>16 = 931
Now, determine the result for: 82>63"
4fd29059,equation_transform,9676e254c4d61ba47ae9e9f14c724af6123deee2199c00447c52f1387ad17f74,a2a018968fcdad59ba29cdcfe2c7fc6b30a8a092f3f6a988193711ca7126acb3,"In Alice's Wonderland, a secret set of transformation rules is applied to equations. Below are a few examples:
[[+'% = [{
%%-'% = -%
}:-!{ = -(%
{(-:] = -%(
Now, determine the result for: :[*':"
4ff92c73,equation_transform,59043b2aceff1874eb5aa20402a70e4067c4b354920741448a67af43d17471b0,24773063ed88236969fd14dda34b536704a9bd99a213a28b62e31b50e6d9218d,"In Alice's Wonderland, a secret set of transformation rules is applied to equations. Below are a few examples:
33-91 = 41
32-33 = 01
31*13 = 204
82*28 = 5922
Now, determine the result for: 75-38"
5039d1a0,equation_transform,a77721b3e4b02dffa90119b50fe87cf2775e3d471d6fb7a1d4b4380a36f9e626,22799d0b8f016e1469e782a5d0c0097e2082f0eafa5c6e060fcd65721558d265,"In Alice's Wonderland, a secret set of transformation rules is applied to equations. Below are a few examples:
64*44 = 3202
21*84 = 575
64*69 = 5144
28-18 = 1
Now, determine the result for: 06+08"
50630ad8,equation_transform,958a6dbbd12c585838dd1a4f0c5de80a042dd07b9f4052c895cbd154f6697433,e64203c91bd109a7cc71eb28c5d2fa63e7c51f4ea850aea09131afdcec8e00f0,"In Alice's Wonderland, a secret set of transformation rules is applied to equations. Below are a few examples:
49`94 = 9449
67`98 = 9867
03$01 = 02
37+35 = 621
59`76 = 7659
Now, determine the result for: 51$37"
50a694de,equation_transform,b8241896e313b549b91bc79219e87f33d68d8a722dec914484db461cab230846,07c435b19507fd3760c0877c55f5434df56e2884c76b32d2af989894b33d5167,"In Alice's Wonderland, a secret set of transformation rules is applied to equations. Below are a few examples:
""#{""[ = !`!
%#)[[ = `[
[})""% = !""
["")!# = ""'
`'(["" = %[
Now, determine the result for: ]`(!!"
50adc396,equation_transform,1bb13ff1a863bc0d62b8c50af80a09fe5a8eb68f27ebb093f801ee703089e6ac,bd64912764935a4331370657cf91c2c46e939655ae5700bb0e3e074cd2c03fd9,"In Alice's Wonderland, a secret set of transformation rules is applied to equations. Below are a few examples:
34*06 = 0634
97+66 = 541
13*26 = 2613
16-23 = -92
Now, determine the result for: 15+88"
50adfd54,equation_transform,a65d1e8d60c72e8395d6b0a6bc2754488c70ed432b017d0f7847fde14794686b,c48a5ff3cb523c28b345c061080a8b7dafce409c36999f21b39da1840f26db9d,"In Alice's Wonderland, a secret set of transformation rules is applied to equations. Below are a few examples:
12*23 = 176
52-61 = 9
88*89 = 3268
Now, determine the result for: 42-18"
50ba5396,equation_transform,ea98029565298aede033f18759b4914fe0e64d9857530cc8ded064088c76ed54,eaebf59394e20f4569f7eccdf55d3c52b9b74989c21cdc912aa6989ae46270d5,"In Alice's Wonderland, a secret set of transformation rules is applied to equations. Below are a few examples:
\/*:"" = >/:
:""*?@ = >]>
//*&@ = }]
@\{/: = >/
\\(?? = """"@@
Now, determine the result for: }&(\"""
50c0b6f8,equation_transform,9aa59a73c652c5dd348abd99dfb1148d6f2eabb88ce9c286d8edb3fd3399a3c6,9789f8a32f0b95156e92d363810b6c1ed5db7bb33c185d3670183f34e7f16b09,"In Alice's Wonderland, a secret set of transformation rules is applied to equations. Below are a few examples:
39+04 = 331
67*67 = 6767
21*56 = 5621
94+28 = 131
26-76 = 5
Now, determine the result for: 96+06"
50f8e2c0,equation_transform,98538ac710d43df040676792ba70468f2d07f10825dfe2fca964e20780133aa0,19bc9ba5bebbd0175a04847d1c54623dae68a71d168a393c30f9b38c45bca992,"In Alice's Wonderland, a secret set of transformation rules is applied to equations. Below are a few examples:
14-19 = -05
35+39 = 3935
62*58 = 1122
Now, determine the result for: 31-53"
51174a9d,equation_transform,6eaa14a3224190d4add77ca2a493e6656c8ba32e7952fad035bf0ba4ea9ca62d,0a99f6ee11b0e74f0ab5da0b8e72d18634af1d731580d77fa8e21ae056d899de,"In Alice's Wonderland, a secret set of transformation rules is applied to equations. Below are a few examples:
$')|$ = )'\
'[)[/ = [`
||^/$ = ||/$
Now, determine the result for: $|}||"
51181706,equation_transform,c103646e11bbaa1525309d21b983f9c1c6e81e7ba7fd43cc2c8d086abe2af207,c88543811fdf3c02439e8986e5d84a159be2360f0abcee91d7a5a656f0fbb868,"In Alice's Wonderland, a secret set of transformation rules is applied to equations. Below are a few examples:
[|*|) = ?'[[
?\->' = ??
[$*>| = >?/\
Now, determine the result for: /\*//"
5128831c,equation_transform,559292c5e18869e544a9c9970d941bdc303580067a796b7086f8bbaf3d33d956,7215afcbe6816bdfcb0b54069e6c483cf357808a6a10bfe04d373427ddc51303,"In Alice's Wonderland, a secret set of transformation rules is applied to equations. Below are a few examples:
^&*$( = ^\\[
$(*\' = \^^|
'\-^& = [$
{^-^' = $&
Now, determine the result for: [^+{&"
51352792,equation_transform,5c1194cbc87ba3807cd3311c3a6396b13b544bf85ff2c5fcf3cbac423ac69d32,8ff40d776de3c4655a876c29766a60aee1f68d990abe3e0451c945da7a82bbc0,"In Alice's Wonderland, a secret set of transformation rules is applied to equations. Below are a few examples:
)#-|( = -""#
#""+/` = <(
?`-`) = -#/
!(-?( = `
!`-""< = -(#
Now, determine the result for: ""/*|"""
5144897d,equation_transform,8c82fd20505e6d407df39f0a4aa5fdc609345e91ad503f8166e798b7e3f573d5,607bfdad7e99ad7e783f0ad8691ae3a457e21b83c82e77268f54f6017094266c,"In Alice's Wonderland, a secret set of transformation rules is applied to equations. Below are a few examples:
99-66 = 6533
13:92 = 1
49|31 = 80
76|65 = 141
Now, determine the result for: 90:15"
5186f2d7,equation_transform,4a7d39133fdedb254836aa76b82cc0e77301335470afbef4d811870e0c4797e4,f5f6d98cb65da0fcd4ad7145a03c117717f3380c2f540e4aca262184edcc2e33,"In Alice's Wonderland, a secret set of transformation rules is applied to equations. Below are a few examples:
!?-?' = -""
?>)?} = !}$}
\')\' = \\'<
?>)>"" = !!$""
Now, determine the result for: }>)\?"
518d8529,equation_transform,81029453bbf1317bf16c4d3c7f9bda694e5763e7a06d5dbba5af2d2ec69dcb93,347fd7b3bccc425e608b78bf704e188416457278defd53fc58c525f1756ec5a0,"In Alice's Wonderland, a secret set of transformation rules is applied to equations. Below are a few examples:
64@61 = 03
85^75 = 7585
21@05 = @83
Now, determine the result for: 91@67"
51da0ee1,equation_transform,1bd70734bafe6f8fcc6e8731774d1d94e636660d772276eaaaa61b3cad98138f,4772beada0a2f547fb04364c1cf3cf87d332cf9c2eacae0e284f5ac0b1cb97bc,"In Alice's Wonderland, a secret set of transformation rules is applied to equations. Below are a few examples:
:!+^! = {!
:&-""^ = :}
'`*]` = '}^'
Now, determine the result for: ]]+]"""
51dafb5b,equation_transform,d3e928353bb51ec8d8feb586675bd08249ff03a73ae94c573cde86d533327190,53a270e544dcd564b3efcde2ad047d9c11389fb498c23f943bf3268890608c09,"In Alice's Wonderland, a secret set of transformation rules is applied to equations. Below are a few examples:
67*68 = 5356
03-99 = 96
11-81 = 7
02*14 = 918
14-35 = 21
Now, determine the result for: 86*53"
52395e9a,equation_transform,d99230def44ca3657f2e63075ec34997b368e8f1adc9d16716124e037fd38394,45db887fc5b94b41f31931a04184fcd52ea9942db60edd29266c3c117f143b33,"In Alice's Wonderland, a secret set of transformation rules is applied to equations. Below are a few examples:
$){#% = #'
\'|<! = !$})
'/|<\ = #/)%
Now, determine the result for: '#|</"
524cb5c6,equation_transform,0419703006e6f2c05f123ec9858925606b7ea4ed9bdfb474e4536b9a83170b53,5a13d50ddff02235104e3070adc922c4cba9a62ad9e6828540415b551655440d,"In Alice's Wonderland, a secret set of transformation rules is applied to equations. Below are a few examples:
$?:>` = $?>`
\<:\` = \<\`
\{@)? = @$)
{`:?> = {`?>
Now, determine the result for: $>:>\"
52c62a3e,equation_transform,5653de6d9ceef25a014cbbe8b809448a773bc8b9698a003af546049067ce5355,cf310cafd4e81c8211109ad42ecce2ffee07eee6e65ca87727ce6e94958b5d3c,"In Alice's Wonderland, a secret set of transformation rules is applied to equations. Below are a few examples:
48\75 = 72\
56\24 = 32\
62*43 = 4362
02*71 = 7102
77*33 = 3377
Now, determine the result for: 92*12"
52f499f4,equation_transform,a8959ef12b21ab619275a23ed88ada63e83df233db8a7ddea2b1d3073791b35b,96cd2aa22f26ebb14daa03d59e76f21b09274b61813fb89980245e17e12449f4,"In Alice's Wonderland, a secret set of transformation rules is applied to equations. Below are a few examples:
%/&'^ = &^'
$}>'@ = [^/'
@!+$[ = %!/
Now, determine the result for: /(>}@"
536d9cca,equation_transform,67498ab7e24e2206429c69873a45191999b9fb08b5eb15bbdc1e4d53d2d92de2,528184e55153c80cd6fffb37be702f73199c9a6077a499cc5490b379696d767e,"In Alice's Wonderland, a secret set of transformation rules is applied to equations. Below are a few examples:
)|*""< = ""]|}
]:-)[ = )}
<|*}] = <))[
&&-}: = )[
<<+<| = ]}}
Now, determine the result for: <|-]<"
53b48918,equation_transform,8ebc23a67f6f2a29d5c9f6efd0ab5f573113c36b344d75547edaf130db58e329,d33a3e9ed10066630e966f1b6ed5d71679f6dce9ffc6295b0dd02b253e34fcd6,"In Alice's Wonderland, a secret set of transformation rules is applied to equations. Below are a few examples:
70|42 = 7042
51#94 = 4794
56#88 = 4928
22+71 = 49
Now, determine the result for: 91+10"
544f0433,equation_transform,b94389410a9b4433f0bf1d855a5a514f5838dbd87ad51356d28a59ba7c9fb131,afa420ec735b7b840a866243b3c31c7cffce90626f9ac6c8a1ed688000f5b336,"In Alice's Wonderland, a secret set of transformation rules is applied to equations. Below are a few examples:
')`\! = %!?!
%/`|) = %/&!
%\*'> = ''
/\`\? = !/|?
Now, determine the result for: |'`//"
54818142,equation_transform,b694805c6eb3b2c63b0c2392fb7797544c8d2fe68a1c23d230341f23c4a1e4c8,054c3580d1bb89e315ceb36481d934f71dd6b7cb5ee03122818457bcd40e6e7e,"In Alice's Wonderland, a secret set of transformation rules is applied to equations. Below are a few examples:
`""-@: = -""}
}^+@@ = `%%
}@+"": = ]^
>""+@} = `}:
@:-}"" = -}}
Now, determine the result for: >^->@"
549f5220,equation_transform,834476d01cf5c0b2e4bc2ebcc047ce0f80e4b788532b67fa156446cea25d4c5e,4f4c333d6454037674bda78d523616f40cf5435ea688f55d766c1b5e44987dfb,"In Alice's Wonderland, a secret set of transformation rules is applied to equations. Below are a few examples:
12+01 = 13
77+25 = 921
94-82 = 12
85+13 = 98
32-15 = 82
Now, determine the result for: 48*55"
54c9bde5,equation_transform,059ba34cb38a2579497d20819eb88bc23ea3a8e1a7d86be57629be856b2da327,c7953b459998322a91764a08109a4e307c4f2a30704673e1dea932547cb9efb8,"In Alice's Wonderland, a secret set of transformation rules is applied to equations. Below are a few examples:
52(28 = 79
50-78 = 5078
71\89 = \18
36-79 = 3679
87(18 = 104
Now, determine the result for: 30-64"
54dbab41,equation_transform,753ce2e48759633a4b2bd2f100ba1b8e5eedd077b89a4d0bf87d07afa16e430c,057dea24304919f0b8e9004218ab3b4bbd35933dc3f16682bff4cc6b415bf8ff,"In Alice's Wonderland, a secret set of transformation rules is applied to equations. Below are a few examples:
$)-|` = -[$
})+)' = [}'
}]*[{ = }][{
!]-$| = '
!]*{{ = !]{{
Now, determine the result for: `$+')"
54e8c553,equation_transform,4b81c49217571175ff7e1934c3515149a9cb5b5831ae6623b22e193354a2697f,f5dc4734f050c23565529cbd4236bf1583aa53a452b2872b55861218a3a4c870,"In Alice's Wonderland, a secret set of transformation rules is applied to equations. Below are a few examples:
$\#^' = #<$
'\#[< = #[]
]`*`^ = $\]
`<*\< = $[]
$""#]$ = #\<
Now, determine the result for: """"|""]"
552e14d7,equation_transform,da74796a5e80c30477e7079a0833817c5e08ab619acc2c95295f5a81b3861a43,6bd9f1a92594fec2826c62ab2849a4559f10432b86623044db9fcad35f1b14e3,"In Alice's Wonderland, a secret set of transformation rules is applied to equations. Below are a few examples:
59+94 = 9459
68+08 = 0868
14+35 = 3514
12+98 = 9812
76'52 = 24'
Now, determine the result for: 56+17"
553b3af9,equation_transform,fdacd1d7ab04aa68329e67f2e0dbcbc43dad543cca824818f31e07b2c0e2ef13,b642058cb8e80f0b3123f78b294fb8155f8b407e037f3005b500841708304dc7,"In Alice's Wonderland, a secret set of transformation rules is applied to equations. Below are a few examples:
86%99 = 13
94+24 = 09
43%52 = 9%
87)52 = 0591
Now, determine the result for: 08%46"
5541d35c,equation_transform,aec7c2a599e2f0fde96ea5f510f2a55e47f13b51ea2a83643cc389344505b950,e7e36b39b712e0e1fe37aab756480b38a34eb6ecc2ab45b02c0e9edf24c16d9f,"In Alice's Wonderland, a secret set of transformation rules is applied to equations. Below are a few examples:
33-12 = -21
37+87 = 151
32-34 = -02
Now, determine the result for: 97*93"
55954e3c,equation_transform,eae1ba901065dbe07b0510a5159e781c4c47357b658d0e62245c730150b283ba,4980bda751d04a565ad050115372ab9a2b3bf1720701e16b5fced723c7dea3e4,"In Alice's Wonderland, a secret set of transformation rules is applied to equations. Below are a few examples:
02-87 = -85
73+51 = 25
53*69 = 1633
57+97 = 451
Now, determine the result for: 39*36"
55bc449c,equation_transform,86698de7ca7f6c191f79c3bab50666e057eb226562e0690f69b88c112dc3785c,f29e8f339b72d1de205b178c720bae26d06d5bb617b790e56026b451c6044009,"In Alice's Wonderland, a secret set of transformation rules is applied to equations. Below are a few examples:
[<(}& = &{:
[:(!! = &&[
)}?)& = :&&}
<)-!: = -&}
Now, determine the result for: !`(&:"
55f19327,equation_transform,b5b8a4744b5281f843ff60edc0865deb59751bb1ddf0e0d32b3973b47fd851a5,3c7119a4dd7f7d95490955489c033492b98aba3b69040b231d384c84e0fdba98,"In Alice's Wonderland, a secret set of transformation rules is applied to equations. Below are a few examples:
47-84 = 131
72\97 = 6983
72-20 = 92
20:20 = 0
44\21 = 923
Now, determine the result for: 77:38"
55f4fa64,equation_transform,e78200e2010b63f947882529a8a16935bd9657ceec1a5097ed9e807532913214,ac6b3fddd0321b1ec4743332d13e087f21638f8203a7d5e9f2b056b7f1931842,"In Alice's Wonderland, a secret set of transformation rules is applied to equations. Below are a few examples:
]@)!@ = @?
|{):@ = @#
}!)#} = ]
Now, determine the result for: {{[!?"
563bf8f9,equation_transform,1b6863d157219338630ab80ed96b071c8055609d2000e83a7b9639a65af4e26d,b227b81cfc343442e7ff31d96d7e9f1e65b3240a4777dd4930da77b27447595e,"In Alice's Wonderland, a secret set of transformation rules is applied to equations. Below are a few examples:
"":*<% = %"":$
/!+!` = %!
!/+%"" = {`:
$`*<$ = /!<:
Now, determine the result for: ""!-//"
564916b5,equation_transform,29b01c5555f8d45d073a399f4ba3a088b579a96c17c4dc0cb356944143b1eecf,b4263700833971af67870d55bd31af0b37ae85cc708949b0e85f763caef7f7e4,"In Alice's Wonderland, a secret set of transformation rules is applied to equations. Below are a few examples:
!&-""$ = <
""{*<! = ""<""!
{!-""& = /
<{*$< = ""<`$
/$->| = |>
Now, determine the result for: ""!-$$"
5690981d,equation_transform,311fc588d6b9d201356f022622655ba78ebd14075968aa3df0bef8dc46ea1d56,23ab3394bd7d39044f31e28e9e7b282e49169b21ee8cf83503a38908641bf932,"In Alice's Wonderland, a secret set of transformation rules is applied to equations. Below are a few examples:
$(-<( = -(
`$-(% = ||
!|+($ = |((
&|+&< = `|(
^]*|] = ($&|
Now, determine the result for: (`-&%"
56ac76c6,equation_transform,03fcc1c639d1469e15ead3ed3edd95899a4228c494e5f8f3c0c571d9e2f1d8a0,6df1076f7af97877e02bcf390730b061269ee91d73dac6c774ce3628f145c7ce,"In Alice's Wonderland, a secret set of transformation rules is applied to equations. Below are a few examples:
?$+`$ = >^{
/^*/` = /`/^
$`-/\ = $\
&&-!$ = -$\
Now, determine the result for: $^+^`"
56c59dfd,equation_transform,1d6f99aaeb8a2957d30f7be4d62032ca751cc3ea24c592f9a15dee364a6e6c07,ec0344a0c54bb1e7f27917e2270d89f14fe52c5ad4d931cacb662f66dbf06984,"In Alice's Wonderland, a secret set of transformation rules is applied to equations. Below are a few examples:
15+43 = 1543
34-87 = -53
28!85 = 112
14+75 = 1475
94+77 = 9477
Now, determine the result for: 96-74"
56efc838,equation_transform,6516c5c19d9a085ae6648763e30ec5d9dcf59ad44169b002304486994c94dd5b,1724a9ec4bf6b42a5575dfd710e9d5a09b7bf4d00a0b07267d23963faf68d44f,"In Alice's Wonderland, a secret set of transformation rules is applied to equations. Below are a few examples:
>}'$( = $\'
()'$( = #|'
>(*?\ = >}#
}(""}) = (#
>&""&( = &||
Now, determine the result for: ()*?}"
5787c3d0,equation_transform,246ee083f23ddc0d0d2de335503bc7ee088093ccb689b512d57da1388ffabb2d,eb7aba82367d9f21bda3b425923d738a0531a47452c7aa43cc3e3d336b5f7d5c,"In Alice's Wonderland, a secret set of transformation rules is applied to equations. Below are a few examples:
22@80 = 1759
15`29 = 44
51^49 = ^2
Now, determine the result for: 85^86"
579b4607,equation_transform,2bdcc52aff525b6946a4c82cc32b166a54d18286e2504bb7d699b92de3436d29,fb74ff45dd219969c34b808faf81f6c4ba10dfd56114a2c55cc4b68a9e455a0b,"In Alice's Wonderland, a secret set of transformation rules is applied to equations. Below are a few examples:
44`64 = 107
66(45 = 21
35(80 = (45
37`34 = 70
Now, determine the result for: 90(74"
57c845a6,equation_transform,c3d4f20fa9ea525b0001014d4f3c67018a9f3f85481f8f77633791171e9805c9,14acabcf69efcf30a2e2c70317729eec1ac73d2edbb6c9f19e94fe7140820d4d,"In Alice's Wonderland, a secret set of transformation rules is applied to equations. Below are a few examples:
@?[&> = |&
>][`? = `%\
:?'@| = ?:@]
`%'`% = `%%
?>-@> = &%
Now, determine the result for: >>-@`"
585b3442,equation_transform,7c14e9eb08ee069366ea19be0e274c0f0e96785890b32c5269d4ce5770260658,ac04fbacfe136f34b400047bfbad2983b53794be08192a52e3816bed16759eda,"In Alice's Wonderland, a secret set of transformation rules is applied to equations. Below are a few examples:
27+58 = 84
30}61 = 1
12}90 = 6
36$59 = 2124
Now, determine the result for: 32$97"
58b9492e,equation_transform,29615f02094e1f460f8bc036834030729ffb3562f090b87735d0ff029d6391ca,5c9a3b203ec92cc65c3182dedd42294ca717d377dae2413dc29c0528d5e905b0,"In Alice's Wonderland, a secret set of transformation rules is applied to equations. Below are a few examples:
39+16 = 54
48^42 = 2016
95^49 = 4655
77\31 = 15
Now, determine the result for: 14\15"
58c4ced1,equation_transform,5394f7c012b023afa0762978fd949aaca9e35ba99cacf0c886eb7713d3562f8b,c630d2036da3ca1d5f05e837700cd909cf33a1ace49157a361d830bc75eaf173,"In Alice's Wonderland, a secret set of transformation rules is applied to equations. Below are a few examples:
29?35 = ?6
58""50 = 5850
87?38 = 49
Now, determine the result for: 96?87"
58eadc55,equation_transform,23e321781fd13cdd59347fe7ec5bbc0c72250398c6743f5ca6b01da9a064403b,5e4d48773cdf142197a05d2cc5a54d6ca977b9be08328c177aaf1af8991570bf,"In Alice's Wonderland, a secret set of transformation rules is applied to equations. Below are a few examples:
)`]\@ = )!$@
\#|@# = )@`
#{|`! = )!!
Now, determine the result for: @@|@`"
58f63e94,equation_transform,781b91033c3420cd5ee25b6c669c1063970b9ba543f9e1d60093f28d953832ec,60157913cf54e74413ea6dee3f7ae0996e137371f49be1d3bd258dc469927384,"In Alice's Wonderland, a secret set of transformation rules is applied to equations. Below are a few examples:
74*82 = 5131
07*42 = 9761
48-66 = -81
35+73 = 09
Now, determine the result for: 85+74"
58fed63a,equation_transform,829318dec45ba23969a72613309244ef778779a3f6bdc979f52b0ae175e129da,bf56dc0a81280f2acf5cca7c798265cd9720ea18b122d3855fe020287931d851,"In Alice's Wonderland, a secret set of transformation rules is applied to equations. Below are a few examples:
68*91 = 9168
06-65 = 4
86-72 = 41
Now, determine the result for: 11-39"
592107c3,equation_transform,f856cf8006eaf30a3e927238f73a67eadfccaee908cdfb87d960e38a2328f84c,b9ed25ca9ea88714165b3d3ab60c94f3d54097aa5a91e5952bf18a788c1c2a11,"In Alice's Wonderland, a secret set of transformation rules is applied to equations. Below are a few examples:
70<36 = 2520
21+95 = 2195
69<15 = 1035
Now, determine the result for: 75/62"
5968bf6c,equation_transform,2019e1d39c8e17d5041c523de4e77dfb14304e70cdb88084d33bb0cd90caa9cf,c7fe2b808ece6c15cf9e8429eb7885f8cdb8465de7c22a6a2397070122b804df,"In Alice's Wonderland, a secret set of transformation rules is applied to equations. Below are a few examples:
:(*\| = \^}/
\/+\"" = &}
&}-:| = (:
""""+&^ = |""
!\*&| = &""&""
Now, determine the result for: (!*:"""
5998ac05,equation_transform,4c8a6fc42239d568b20d8284e9159ac52eedbc141f19299f93f6dcee68de36be,3c856cdc20aabeb63386e8246010613860a50f948fae12019c4bb49819113f69,"In Alice's Wonderland, a secret set of transformation rules is applied to equations. Below are a few examples:
]@}]< = [\:$
]:/\\ = @?
:\/:! = \($
[?}(! = \$@(
([}]\ = \(\[
Now, determine the result for: ]<""@:"
599e922a,equation_transform,699c09af8fa72eed7f95f21a45e6ceb74ffd0e56a75f6683bead8e880c6231e8,4dc465ad9d1c8a2f0063526097f95acf0731ed528ca438753b6c543cddc71ef0,"In Alice's Wonderland, a secret set of transformation rules is applied to equations. Below are a few examples:
$>+@? = #@
>'*@< = >'@<
<'*$> = <'$>
Now, determine the result for: @<+:{"
59b2cbbf,equation_transform,57f4b9d0408bba7f85bb9a95b087b006dca9e8ead5a6f2cdf116314bb03e202e,65f00e522456593392a2275bd9e6c1ff422260c3504e27a0cf8ca71545c655c6,"In Alice's Wonderland, a secret set of transformation rules is applied to equations. Below are a few examples:
38+27 = 551
97+57 = 451
74`59 = 84
64+54 = 19
87`28 = 4
Now, determine the result for: 83+47"
5a0d95e2,equation_transform,41ac8f0916ce9f22de2754cc0f8c691da6a7c27e0083db37e0595a4e69382639,f0bbf015b562e39b3143e8c0302625c9c5db125dd49cccef801ef6290e958ff9,"In Alice's Wonderland, a secret set of transformation rules is applied to equations. Below are a few examples:
{{-(( = &&
((-## = -{{
[@+|& = [@|&
|)*[{ = /&""[
[#+#"" = [##""
Now, determine the result for: {@*|{"
5a35e698,equation_transform,5845ebce2e86c5145e3a7ea0e49dc4a394e31b64b47366d6559241bb4fabe800,efede34c54f926be09bd22ad8eb11c3bf955e5f8e67ea1bfc8e338b5796795da,"In Alice's Wonderland, a secret set of transformation rules is applied to equations. Below are a few examples:
}(-}( = ^
?\+\? = [|""
(|+%^ = [""(
}^*|[ = [?}^
[\*%) = [(|""
Now, determine the result for: \\+%|"
5a3eaf6f,equation_transform,83496565b34da4ce209a65e12b9b19760ceb811a8cd38f43f3de338e40ce38d9,110d0ea52634f9a476fb6eb0db7ed87da7ba1cb8128193d03f7692a01f62f4a5,"In Alice's Wonderland, a secret set of transformation rules is applied to equations. Below are a few examples:
\^)^^ = )${
\^)\' = )$
(?<}? = }""(?
#}%\( = $""?
^"")\? = )?
Now, determine the result for: (?<\"""
5a763686,equation_transform,17618c2a6c8f39dad3cf46ccec013db7ff234bd9f99e5375b95c4614004c8118,d84136e6bedd857061d93ade4d905681ac65a68d487324ad101524849728283d,"In Alice's Wonderland, a secret set of transformation rules is applied to equations. Below are a few examples:
67&82 = 6782
41)47 = 88
12>37 = 25
Now, determine the result for: 74&95"
5ad26838,equation_transform,5b81cfa7a4af0b9fd6451bd865c8d99ff127d44a40f0429853fb41c19ce39158,f215b820333ff1b7c5820bf713aa08bf01c655c1728b22d28af94f1219e5742c,"In Alice's Wonderland, a secret set of transformation rules is applied to equations. Below are a few examples:
/|*`: = `|/(
`(-(/ = -{
:|*]( = >`:(
:`*:` = {/>$
Now, determine the result for: /|-/{"
5aeb4ba5,equation_transform,2760188b54caad3fdae95e050e842e6258677125b251cc499df1064d31c21e43,14a891f3e84c9ff880b2d37f55fd92680af0e4c5824608c9b78c83534f0b31cc,"In Alice's Wonderland, a secret set of transformation rules is applied to equations. Below are a few examples:
32>84 = 4011
62%37 = 74
89>83 = 4273
72>55 = 5841
72>08 = 0612
Now, determine the result for: 17>38"
5b06502f,equation_transform,6b07440f31025a1db2f42ba5494dd66f82c4946f1cc86090e2ef11ea33762cea,3f2afa257c54ca3f74b07464a4770adca8e3d32ffb2ddfd4266248ff9cddedf9,"In Alice's Wonderland, a secret set of transformation rules is applied to equations. Below are a few examples:
20!22 = 441
37^62 = 25
77!93 = 7162
16!70 = 1121
98<87 = 185
Now, determine the result for: 31!57"
5b673564,equation_transform,d9a708a88869a38580c08c478e2ebac2df5ad431131904391ea76243949e50e1,b322b2d20b2522aa0a81a04b180d65581d0fbac98fc4e21d4273c7db5d3a233c,"In Alice's Wonderland, a secret set of transformation rules is applied to equations. Below are a few examples:
$?'?[ = \[?
]}':"" = \""]
\%/]] = \:
$}`\$ = ""\$
}%`$\ = \:[%
Now, determine the result for: ?)/%}"
5bc9b870,equation_transform,b4878d6a2382c0e3d2702b42df0afe539705fe8f8664e366945e3449da778d88,97018183c5721bc7736c1a294592764dbe1383256c81e18a2ef0da202e8eaee5,"In Alice's Wonderland, a secret set of transformation rules is applied to equations. Below are a few examples:
92<38 = 211
89|98 = 3278
97-05 = 92
87<18 = 951
01-57 = -56
Now, determine the result for: 24<48"
5bd9919c,equation_transform,904f1e9bfd830f7e004bf94309faa7c06ce4d2773ae3dd25f1338c205d30054c,c5978faf3caa947b33b779f6fa5d06975aa432cb1cb4e0caac303a4e9a340f2b,"In Alice's Wonderland, a secret set of transformation rules is applied to equations. Below are a few examples:
/`|)` = {/]
/]<)] = /])]
'`|{` = ]]
Now, determine the result for: ]'<]`"
5be6a3c1,equation_transform,f135c2c3150c5133e1fa22970bb6e87b98dd8dda11a808e3735e877ab9c9c57d,cfb90f6035fe83e2a328aeb15aaa0cdb7872a8977fad3269d49a927bb9aee8e2,"In Alice's Wonderland, a secret set of transformation rules is applied to equations. Below are a few examples:
@:!?& = @:?&
&[{?} = '@&[
@[*@[ = %
[@{?} = ':[@
Now, determine the result for: [:{}@"
5c008804,equation_transform,decb44382fb6aef2ed13d81723d6e5597dc7dd75c6a9f72d44b304248a784436,50ed6c0ac9c1bee7076a28bd990231fba697653a7acd65f347d213a81ff47bab,"In Alice's Wonderland, a secret set of transformation rules is applied to equations. Below are a few examples:
98'21 = 101
07)76 = 0964
91'15 = 07
19@84 = 34
Now, determine the result for: 83@36"
5c2ef0ae,equation_transform,67402d16b447ee6fe7b594c2bc2512ff28c1a528fc2c149b9dbdc051a354d8b2,6e6a463f1d25651141cff7e89adac0f6337175eb13ced4448d991eb983b0e029,"In Alice's Wonderland, a secret set of transformation rules is applied to equations. Below are a few examples:
]#*`( = *?(
(&<]@ = ']
`(^@` = `#/\
/@^`( = '&@`
Now, determine the result for: /&*\?"
5c743e8a,equation_transform,e53f4095665ec8674b0db6de21f70bf642f42e5f9f7adeeb5b5cc17928f92fcb,01fcd0020269acb803db06d507e0cfef0cb68a24356ab35d80dd82f33d053e3c,"In Alice's Wonderland, a secret set of transformation rules is applied to equations. Below are a few examples:
67(30 = 2010
85`55 = `30
91(23 = 2093
45(43 = 1935
83(26 = 2158
Now, determine the result for: 27(65"
5c938bea,equation_transform,294c832c274994234b6bb210d7c6cd99f245f58a4cf221879ede4a3e1701c143,e6300b977e98342803702ab2520a6f28628cc293d9f8ec2fbc6103d90f8057b0,"In Alice's Wonderland, a secret set of transformation rules is applied to equations. Below are a few examples:
97/53 = 5142
84(80 = 4
58/75 = 4351
90(82 = 8
37(72 = 35
Now, determine the result for: 48(75"
5c9f274a,equation_transform,48bee89b711ace2278a31b64910c08a2200f7ca1be6d0737f989706fc0d9d9c1,972e1ba6164f309d8974d5fd41b2a91dc1678fcc2a1d9457fe3e41268237dd77,"In Alice's Wonderland, a secret set of transformation rules is applied to equations. Below are a few examples:
:>+<[ = '}
:?*!' = {!:'
:}-'` = >:
Now, determine the result for: }:*?:"
5ce7c6b4,equation_transform,b0448bf2b2850afac677abb4ea02c91361233a22a39012fcd4cc8af7f699cacf,ce5dbe5672cfc7707fcb593cb508a4e9f525bd8833cfdbb4577eb3615fb2f4fe,"In Alice's Wonderland, a secret set of transformation rules is applied to equations. Below are a few examples:
\{@^> = '&^
[&:[{ = ^'`{
^^|\\ = |&&
<>@`' = '{>
Now, determine the result for: \\@>>"
5d055504,equation_transform,28c5f76a22e90272f8386b9e0f7e0dcf0f24ebdfe97d4805b217d2fd6521b472,53f191dc9f70bbfd757619001cbcb572a9f9fc0395bcfe29d01cba5637bef02c,"In Alice's Wonderland, a secret set of transformation rules is applied to equations. Below are a few examples:
51>09 = 0531
94>17 = 9743
41>57 = 0501
Now, determine the result for: 76!23"
5d35ee2e,equation_transform,1c1c7e14b31843e278060337f3f36d6d39849725a4f6f2bb2cb567e3900cbed4,34e0d231a949f8aa6a3417e29747e31366c817263f1ab1e343d73ba0b2467ae8,"In Alice's Wonderland, a secret set of transformation rules is applied to equations. Below are a few examples:
&)*"") = &)"")
}/-"") = -\{
)}-}& = -[/
[[-&: = -\/
Now, determine the result for: [&+[["
5d44a0b2,equation_transform,6236cfb31e32bd6ce57efad9417e2412b3b96a029eb15fabb2946cd9f4c04eb5,1a6aa6d1c3cad194eb4d5cb6e6fdd434d5c28121c4f1d5e058484a9b5bb1991d,"In Alice's Wonderland, a secret set of transformation rules is applied to equations. Below are a few examples:
98-57 = -41
19+77 = 861
86-68 = -81
17+87 = 941
16*34 = 4262
Now, determine the result for: 78*16"
5d786524,equation_transform,9595347a48010c9335492fd521e6cbfd90dd9db63b6688a02f0e37301c6db9c1,bd18cba54efbe86614f3c2cf2c98ed26f90a89de50d6292886fe508766f53013,"In Alice's Wonderland, a secret set of transformation rules is applied to equations. Below are a few examples:
/:-(' = -([
[`+(% = /(
:?*?[ = (:?`
Now, determine the result for: [@*`%"
5d834875,equation_transform,298d2214470ac8f5d7b2d11bfd827b8c85b37a634af8965a127c31f4bfab4468,b87a62fb85aba61e4f5482f52ff06721ee02f8aeff895c4838c0b6aeb39d6c11,"In Alice's Wonderland, a secret set of transformation rules is applied to equations. Below are a few examples:
08`18 = 0846
34-95 = 201
79`94 = 3574
33`23 = 6501
Now, determine the result for: 91-33"
5d89a09c,equation_transform,307177dd8967ff4281fd4295198aa70096965f36127c7e76e7b144377bed1cf1,3f5a6c2cacf853dab853d828d1e1cdcdd3f478b097bf46d7da230b33b23b1b6c,"In Alice's Wonderland, a secret set of transformation rules is applied to equations. Below are a few examples:
49*28 = 7077
32*02 = 954
46+78 = 151
48*91 = 5951
28*01 = 918
Now, determine the result for: 78-78"
5d8c51ce,equation_transform,ec60da952064e62c50d1efa6d56caaf88cb40858ae58fe3b57ad3fd2ddc7f6a5,b9a5e0b8c951fc8bd85012706e9a645e54255b1d78058cdd380b5ebc7c00247a,"In Alice's Wonderland, a secret set of transformation rules is applied to equations. Below are a few examples:
65+29 = 941
44+88 = 331
87-24 = 63
Now, determine the result for: 91+04"
5dc0aca5,equation_transform,1f09a6304e3dc4319cb90353c21ebfe9792136dd6d81b2ba9a2433813a78c40b,9504e29ecf1438d2f4521fd9852398d798aabefa97589bb3b427c96671359510,"In Alice's Wonderland, a secret set of transformation rules is applied to equations. Below are a few examples:
87+93 = 6
70/47 = 118
10)86 = 860
69/17 = 87
75/37 = 113
Now, determine the result for: 15+12"
5e0c542f,equation_transform,ff6fa900ea7be9cf6b8e21173adac513d01e08dd1b240ca2d49d41bee032b9d2,de68d05f499cae9fad469dfcaee3843cecbe48192c9c13fa1b314f4621728317,"In Alice's Wonderland, a secret set of transformation rules is applied to equations. Below are a few examples:
^([?' = }:}
/?['^ = }@}
/?{?/ = <@!:
:![^@ = /!
Now, determine the result for: }:#}("
5e2581b6,equation_transform,dc4f123278675d414823a15506ddf322ce676db54788048ed0399535126275a9,e771a1c30b088eab00b45746b92665624992accdbf7f02d3b4b8e5610ae64841,"In Alice's Wonderland, a secret set of transformation rules is applied to equations. Below are a few examples:
[%->? = -(%
['*>] = @#?\
'[*\[ = \%%(
%?+'' = ['
Now, determine the result for: '\+\["
5e4393fc,equation_transform,53af565bc20bdb432a637b0a3a24f2ab8bbebe6d4a840df8dc7e2be1c3fc3284,fd9c4caebc29ddada0e8711a1915d44763bfb8d733308de2d1d58f57fd07dd10,"In Alice's Wonderland, a secret set of transformation rules is applied to equations. Below are a few examples:
::^>$ = ^|:
:&<\/ = #\
/?[$\ = #//$
Now, determine the result for: :|[\"""
5e95a417,equation_transform,306a702999997b548cb9c6b21c21e7238be7fded5012e6ffc03d628f3863aa36,c23db4398989438638da01f01a1d7f357dbee30779bfe7bedfb6f82fea2d7ddc,"In Alice's Wonderland, a secret set of transformation rules is applied to equations. Below are a few examples:
||:]? = ]$?&
|?<{| = (|
?(`&/ = ]]{
Now, determine the result for: $]:]$"
5e989cc5,equation_transform,d0c26c8380a4a882d2368529279d6d4440d730e3118640f9d694055e4e8a39eb,8f29dd8873c5c7654392302ef54de6d2977dc9982058673f1f57e7602a596562,"In Alice's Wonderland, a secret set of transformation rules is applied to equations. Below are a few examples:
/{-:$ = -<
:^*): = {))^
:$*/< = :${$
Now, determine the result for: >{+$^"
5eea60e7,equation_transform,4537446244d849e35c82a678d8a0fa3ae03c084fc9c82029ade2c27e181f471b,fa6104a9b06902320a95c476d2b7f18766c4c99e2773d4fcd264be7791e30f6d,"In Alice's Wonderland, a secret set of transformation rules is applied to equations. Below are a few examples:
50`92 = 4601
51%42 = 9
10`79 = 791
Now, determine the result for: 79`10"
5f4b89b7,equation_transform,506fdb14c9496cc0b1a8f27090484f3a04db1091d331be47874d5e0d04cf1d13,7a0bf1616fddb2862115875c8f97512a8854eedb8e9372aeae82f3e04006f7fe,"In Alice's Wonderland, a secret set of transformation rules is applied to equations. Below are a few examples:
'>-&$ = $$
(\-(> = /
(|*'# = |(''
>>*>/ = '\'
Now, determine the result for: ']->$"
5f5227b5,equation_transform,94c7442aefe2540266396579498f82385b47aaddff54b3beb99fe13d7a256998,59beaea5af78ecc17a431440f4af61c2f7d05b2bdf92426b75c8e50eaa4353b0,"In Alice's Wonderland, a secret set of transformation rules is applied to equations. Below are a few examples:
53^32 = 608
02%69 = 611
64%86 = 411
81%56 = 38
Now, determine the result for: 06@52"
5f5a73ff,equation_transform,75f0ca7ea7f685a56715a04c2b7fa22608d30a336b0492d4eeb0b21576e5731d,97d6318356149d96608f863457a95d49194f426048ecfd4590d73d2f97487a47,"In Alice's Wonderland, a secret set of transformation rules is applied to equations. Below are a few examples:
61""82 = 844
09}88 = 971
72}22 = 05
Now, determine the result for: 59""48"
5f6798e1,equation_transform,87b46f4baabf191748b591987bbbab8a4ed2e8d707531f5d03bf991bb67e8035,61477455fd8cbc85e3d40056ce45b23dcd61472bbbc6eed76b797c380b9415ee,"In Alice's Wonderland, a secret set of transformation rules is applied to equations. Below are a few examples:
04-49 = -45
21-74 = -53
83*05 = 0583
Now, determine the result for: 06-71"
5f6b6ea3,equation_transform,a88261a72a5783d98a63e2a77097428ecd885591cef5ca738557236086552ae3,9183d43566b591029cb97b85efc731bcae6deab37cece7cfe1ece3d9b9805892,"In Alice's Wonderland, a secret set of transformation rules is applied to equations. Below are a few examples:
34+19 = 3193
55+45 = 0792
63+52 = 009
Now, determine the result for: 51(63"
5fe8d710,equation_transform,97d385f35b797e3dabe3c580f8c1d864a9ce096487aeb65b5536f1a0f279122e,0e388d319b014f5fd6a6800cbcf7bdfd440922e2d64d460e9840cee9dea0b999,"In Alice's Wonderland, a secret set of transformation rules is applied to equations. Below are a few examples:
26-74 = 51
83+52 = 46
81*92 = 325
14+39 = 531
02*01 = 102
Now, determine the result for: 59+68"
603ad93b,equation_transform,15a2b20155815ddccfc85fdc89a0a86aacabc5941032794f650d333721b58ba1,d2033eb407900159a4dc356503395e5bcba06aedf77998589a2d95863fc9c322,"In Alice's Wonderland, a secret set of transformation rules is applied to equations. Below are a few examples:
38+05 = 231
17-64 = 52
97+37 = 151
65-29 = -63
83+43 = 17
Now, determine the result for: 32*05"
6046d372,equation_transform,08fb2299bf4cb912042619ec1b2e7686644cb05f93283acd16b5799b48131bd9,89a95b82436bd9b5f8c2ccf13887ef7c3902f2eb51e2a908a31ae78cd67c876b,"In Alice's Wonderland, a secret set of transformation rules is applied to equations. Below are a few examples:
|(+|[ = `|`
`[-)$ = [`
`""-\"" = -/
/""-/` = &(
Now, determine the result for: )|-[\"
605e1c08,equation_transform,e222184236f81261c5d37eb016a89fd28890d0548871dabcd79491438c55c54f,2698f4891a0176c019a699fc077a404639319142325090803b394f2e50b81906,"In Alice's Wonderland, a secret set of transformation rules is applied to equations. Below are a few examples:
90""19 = 9019
38]92 = 3497
76+73 = 3
Now, determine the result for: 10""20"
60d928d0,equation_transform,2605f045601c92c394150f41822427ba6659fd4a0cb996fee61caeed97899479,d8eb1e1b05f79ea0db7adde82f282c9e57229c82342978423c9be6b754a3031f,"In Alice's Wonderland, a secret set of transformation rules is applied to equations. Below are a few examples:
[%-}"" = [[[""
""""-#"" = }<@
<""-[% = <^^'
""[-^% = }''[
Now, determine the result for: }^$%?"
60ed3f31,equation_transform,db42aebfeed994c33461ddd9240d40d9fa740e6fcb58ca2dcd6c0b9e5ee26963,ec877554efb80c98856841ddc9b8369094550306cc1c54f0af7a5fe1e04b296a,"In Alice's Wonderland, a secret set of transformation rules is applied to equations. Below are a few examples:
:}-^} = :<
#(+># = :@:
#>*>} = #>>}
Now, determine the result for: @%*:\"
60f55291,equation_transform,ad7d405dc82bbd03a7d1e6e3fa6b94de3bfc33e03218378ebd8d676a025a16d7,9e3fdb59376add096cc7e6737bb56c72ce44e1d3964113440cd59b444e9833e4,"In Alice's Wonderland, a secret set of transformation rules is applied to equations. Below are a few examples:
|""-!{ = ?]
{!*{| = ]!]]
""!*\[ = \[]/
/:-{: = |!""
Now, determine the result for: |/*/!"
610bf536,equation_transform,223aa214b2abce8c5ab20e6deb66ad0d4e702bd010df6ecf19b3bc1cd1a79cac,1261472cfbf87b852c8efb33ded6f54ed588b546fabaf37a3ce64955e4bdd0c8,"In Alice's Wonderland, a secret set of transformation rules is applied to equations. Below are a few examples:
\^+|| = &|)
^\+&# = ""&
&}-&& = &
^%+\@ = &@\
|%+\@ = &^\
Now, determine the result for: #}-#^"
614408ea,equation_transform,2397d150ee0f5b127938aac6fd1970189042d70db892732c2b2da74f3d127e18,8d033c89f007707ff9a677cc5e0f18a48a30adb3f9556bb0b0ec667ab25b3bff,"In Alice's Wonderland, a secret set of transformation rules is applied to equations. Below are a few examples:
32*88 = 011
71-22 = -5
86+55 = 0473
11+32 = 352
Now, determine the result for: 15*33"
61766c6f,equation_transform,182b0e499339f4cb8db34ebb2f45a8fa68fed51f20d86906fedcf47f9623c8f8,07e851abee14df1ad3b5fde2ca0d8a06829240f2295f60c1225af4f8f8cbf656,"In Alice's Wonderland, a secret set of transformation rules is applied to equations. Below are a few examples:
98[13 = 9572
33\41 = 74
23\23 = 46
Now, determine the result for: 46[34"
6183bab7,equation_transform,0b3c72e754b90e3f5dd5983ac08c563af94878152ad675fcadf2607641e64265,3e75e4bc17e8bdd784baa145bc7a6df54d1f5d78e2de9b6887668a86cf8e639f,"In Alice's Wonderland, a secret set of transformation rules is applied to equations. Below are a few examples:
/^+^[ = :/%
^]-/] = []
/^+""@ = [/
Now, determine the result for: ""{-:/"
61bbcdc3,equation_transform,0f9c1f3d5fba2ae1520802a73f0f9e79b7e7a23f2e8a114ecdc578b02192bfc4,7f4a6cd1fb27259933c9923253ebaaf89302c0075c8d23ff307c1ac7e8ca043e,"In Alice's Wonderland, a secret set of transformation rules is applied to equations. Below are a few examples:
06`77 = 631
61`93 = 45
95^89 = 2875
Now, determine the result for: 75`34"
620c2521,equation_transform,051d2606aca2bfdfa935545ff0b911ef19729d7bbfa729cec2bac2894d57f68e,d43f81eae0caddbf665b0546a0733ca85ef3c6c198eea7e7e468fecd15f4d347,"In Alice's Wonderland, a secret set of transformation rules is applied to equations. Below are a few examples:
35-83 = -51
63+83 = 47
54*78 = 6193
Now, determine the result for: 85*11"
62896e95,equation_transform,b0301ec48e72857a43e91f3520d69987c41d500b29732823aabdeeeb2da39c81,32ab067c9c0ded90704a445a1ac25fd70b189388c6750fbd9b196fc2aabb53e5,"In Alice's Wonderland, a secret set of transformation rules is applied to equations. Below are a few examples:
}&*]] = #>#
&><]] = [%
""}*[# = }%
||<""> = %|
]|<&& = <[/
Now, determine the result for: &&`}/"
6296c317,equation_transform,e7dea51619706dc6a8fda76969d8dc77486b771139f59f9c903e36bcc7872ace,68bc19bc10aeac21b79bd1a7fa48e84fb0d7fb82948ce74e22209bdd975f0520,"In Alice's Wonderland, a secret set of transformation rules is applied to equations. Below are a few examples:
@>:@@ = :<
[>:[\ = #
]"":"""" = :#{
\>}>"" = #{[
@[}|< = #"">
Now, determine the result for: ##:[\"
62fc7798,equation_transform,f94c3bf9e2fe7b5b9a6dd8bf68dec996b11e432f394dd4c2379a90f605470bfe,c4d8f18e727683913ce86fe3b5ebda68121d38c1e5e094187ae4c63d1cb6afb5,"In Alice's Wonderland, a secret set of transformation rules is applied to equations. Below are a few examples:
>(+`& = }`
>>+}? = `]:
''+#} = '::
``+#' = `(:
Now, determine the result for: ((-&}"
63603ee7,equation_transform,f4ed604fff22b34f140fb205bcad0c781429cfd4e7f04de9f94dbe9c1f1db95a,558f85e26ecf1f748083c72761d7b3bb1f64fb32616b1ae31fa60a8cb91aa101,"In Alice's Wonderland, a secret set of transformation rules is applied to equations. Below are a few examples:
$`+`: = $``:
&""-&[ = `
""$*^: = `""`&
Now, determine the result for: ^[-[^"
6385674a,equation_transform,dcef970c7c2e767bb170042ef3f0dc2a75576bd20ffe41840a20a9a8dacce389,ef99b40d2c5b6182fe1e413b3a1cdf3ee59f8d19f970c1cebb54cffea65b18b5,"In Alice's Wonderland, a secret set of transformation rules is applied to equations. Below are a few examples:
24-87 = -63
98-25 = -73
61*43 = 345
27*33 = 5732
94*24 = 7502
Now, determine the result for: 41+28"
6402d0ee,equation_transform,837d123b3759a8868e18ca83f72e1b8d798ff0d2316d21d7a246e437522cb821,795755d9e91696aabb21ef29523a5d1554aacdff904d4cc9d48d6cfd7c6b3354,"In Alice's Wonderland, a secret set of transformation rules is applied to equations. Below are a few examples:
03|85 = 88
74|97 = 621
17\27 = \1
94\21 = 73
Now, determine the result for: 92\86"
642c84f0,equation_transform,c09933ff102fbbcbf1c5d662496a714c15a99878d0562140c1f6bc5998f0d41e,89ac8aa780792136c407afd0a1bfb19e24ea038382062dad034e77de4b87dda0,"In Alice's Wonderland, a secret set of transformation rules is applied to equations. Below are a few examples:
|(-{/ = $
({*|| = ""$%@
/}*{{ = |/@
""`+(` = /{%
Now, determine the result for: `}*|}"
64553a64,equation_transform,5a54271078979b4238f1b894cdd71bc423d6ba0194a39ac47fad66ed9bb930c9,31a4ce054948b6aafd7c5f8a639aaedba918cc44baec9598c23b0c0629a8ab86,"In Alice's Wonderland, a secret set of transformation rules is applied to equations. Below are a few examples:
']:]# = :}'
`^""[] = }^`
}]|`@ = }@#'
Now, determine the result for: !@""`/"
648e2da2,equation_transform,05b2d25523777ced5c4a2cbd7fa18e583477ef6518d6f7b5ab998132db0af0ae,901716443ee1eaa6dde5f7caed9829c078de44549dd42ef90cd8e1f9553f191a,"In Alice's Wonderland, a secret set of transformation rules is applied to equations. Below are a few examples:
84-33 = 51
67*35 = 8204
02*81 = 063
Now, determine the result for: 34+88"
64b2cbb6,equation_transform,72f1ae4b33fbb64f19213985208dba092187fe57c76707601419c7ecb055a59a,97b701d6b082efb3b669b0045835ca855148b84052e196aa2d584b17f3b75215,"In Alice's Wonderland, a secret set of transformation rules is applied to equations. Below are a few examples:
:@&(( = ?<#(
:<""}# = :?
@(*@$ = }^
?|*}^ = ?(
#^""}< = #:
Now, determine the result for: ((*|<"
64c53621,equation_transform,a65856382c6284ac4b531933925eed75bae3516cfe558b7d86c2f3782a761f91,e58830ca17c5736dce9c0e0fa6b2b37757f62197a7cdf2f2447aa3fd662cde23,"In Alice's Wonderland, a secret set of transformation rules is applied to equations. Below are a few examples:
[[-&` = -<>
>#+`| = `$>
|#*|` = |<&#
<#+<' = `>>
Now, determine the result for: `$*##"
64d775e5,equation_transform,c926c15068d84e2debe601df1bc527ca80e78bef6e20e0078105015520aa9e0c,10cd389f1cb65a6300986db8cb0fe8c4461ae7499cda3d90475ea32a8cf4802f,"In Alice's Wonderland, a secret set of transformation rules is applied to equations. Below are a few examples:
<$+@< = @<<$
$`*`% = /$%$
&$+<% = <%&$
&`*/! = &$@/
Now, determine the result for: )<+$&"
64fe405e,equation_transform,0dfed27de15c1911a7e009d8024ac6ac0fc05cc8aa61f5caf63bc60ff3441232,eeff533ead080ba7d42518bf43f30f4cae9edc4af4ed464a38d33b273ab1ed45,"In Alice's Wonderland, a secret set of transformation rules is applied to equations. Below are a few examples:
69<51 = 18
56\81 = 4535
44%71 = 115
58\29 = 1681
Now, determine the result for: 32<33"
6548d382,equation_transform,5aabbcb46b588b4a1354fbd4da5e7b1a2ffd3f270eca36134a031717f737a55b,25a4d3e68fb0c998b56187b3c09419368ddf0daaf21668ce588e943dbf70a192,"In Alice's Wonderland, a secret set of transformation rules is applied to equations. Below are a few examples:
(""[^( = (""^(
^:'("" = >\\
\:[>: = \:>:
Now, determine the result for: \@'(("
656cfb5f,equation_transform,23accd693f39ac3d1aa215a59c3a00982e1bc5efd50dbe58047a8c52644a3168,a03bc6ce6888f5066d5cc96e8d024f463d82bafebd1784dc42f7b1e9f2275670,"In Alice's Wonderland, a secret set of transformation rules is applied to equations. Below are a few examples:
83*09 = 1243
26-52 = -73
73-39 = -65
Now, determine the result for: 72+44"
657bcae9,equation_transform,4f4eb4f8d0336616c1722796493a0cdbf7672bb05ecbf1b34f655b8ebf6c5088,e9163e196d1bdbcae1bcc90113142c991b5791b5c2d2a33d89279c27e1b8277d,"In Alice's Wonderland, a secret set of transformation rules is applied to equations. Below are a few examples:
[(#]( = '""&
($^""} = >}$
}}^&| = (>|}
'|#[' = &$
>(#([ = '$>
Now, determine the result for: >|#>}"
65a61279,equation_transform,e302521f43f49c95ce2567abc7b1216b0f28aada8a6ca3243801cce9370c20f3,d3f633413e8f1ac6939856091987ba3b7bfb80d309e81c368c6c00c412899066,"In Alice's Wonderland, a secret set of transformation rules is applied to equations. Below are a few examples:
]^*^] = $<%/
}/*^^ = %%//
?""-""< = {$
""""+^} = ??
Now, determine the result for: ]/*<]"
65add53a,equation_transform,9fc7688e30cbb2a1e1e37e85a982f8d3ca11f674b20c40d44daee992f7f6fae6,b22e3e6ec4c4a551f8b6284600b560dd731f979896326144a5404f77c075dc6d,"In Alice's Wonderland, a secret set of transformation rules is applied to equations. Below are a few examples:
[?*?\ = !\!]
]%+&& = %[]
%}+}& = [?
Now, determine the result for: }^*%]"
65b13ba2,equation_transform,c12136d796356835c805658069d3002a2714256efaadbb216ec747c8fde2dea6,1fc69e62683235f9f204a1dead7a0c69c6a9ff508eb7a250d8c314caca5d515b,"In Alice's Wonderland, a secret set of transformation rules is applied to equations. Below are a few examples:
/%{@] = ]%#%
@""+]@ = |'
#|\]' = |@
^/\#^ = \^]
Now, determine the result for: #@{]"""
65c52214,equation_transform,b5364e8b36e1e1e797aa999c34f7e3023646a00e1457a629b4efd6f17a915e7e,60ce9663bf4c05fd313503d0239f3f23b64384aa8360b04e145e1687f3663f5d,"In Alice's Wonderland, a secret set of transformation rules is applied to equations. Below are a few examples:
67-65 = -02
06+31 = 37
44*27 = 7613
94+19 = 041
Now, determine the result for: 67*25"
662fd21c,equation_transform,63218bad41bc560df896de90c48d8a1af81c5d6a5d9da8b7e9884003afa49106,5bb42fee7cde46453e3d3b4c467ef4596a675be9f52d9e611b427632780c8aec,"In Alice's Wonderland, a secret set of transformation rules is applied to equations. Below are a few examples:
51!65 = 116
43[47 = 2022
20[79 = 1581
Now, determine the result for: 70]53"
66a0856f,equation_transform,ab805a69d4971eabfee472a9519d533a048507eae44a1c73b55832fb32aab43c,6c272075691245033186339e8070153bcc52ec72fc8501b90e24de53b750c060,"In Alice's Wonderland, a secret set of transformation rules is applied to equations. Below are a few examples:
70-75 = 7075
60-87 = 6087
53-49 = 5349
Now, determine the result for: 74[36"
66c5974c,equation_transform,b268425d8fec50d1828cd4a03e90970ed4ec5b18ac7cd91c3cd8ebbf6d829a47,012de15f867715a44b81406a7ef75316609a110542ed51c9c8eafc40dc306c85,"In Alice's Wonderland, a secret set of transformation rules is applied to equations. Below are a few examples:
71-82 = 11
37-69 = 32
41*28 = 1148
64*58 = 3712
18^30 = 49
Now, determine the result for: 55^24"
672029b2,equation_transform,8adcc0155990743fd2c5828e8d122de1b13e45c60287dfa0bb4471ed6136b62c,898530acd4622b81d2ba2eb2fef53abdc8537bf513e23de230557e66539c8930,"In Alice's Wonderland, a secret set of transformation rules is applied to equations. Below are a few examples:
27*77 = 4455
18*84 = 8883
78*99 = 3168
Now, determine the result for: 98-83"
67995540,equation_transform,e963acbd532f26262cee7f93126a28c8a0fd9ad6a37e04ee5b2ab1a8f707bcc1,01601c34d6e74d42b6758b99f833b9c771b9243309693103cabc5be1f014f559,"In Alice's Wonderland, a secret set of transformation rules is applied to equations. Below are a few examples:
/""^/% = ""'
(/|]@ = |""'
(/:@"" = ))]/
Now, determine the result for: ""&|@'"
67de8e10,equation_transform,881cc93264b2e84626a52fe6d702aa53703d7a95a7d967b6710829472af39b75,c58171d55cac0c84866baa9ce239e8811e07b45dd0fa91c2b4eb51b08fa718b0,"In Alice's Wonderland, a secret set of transformation rules is applied to equations. Below are a few examples:
27+72 = 99
26+02 = 28
08-25 = 82
69-37 = 32
58+15 = 631
Now, determine the result for: 69+47"
67f1bc8a,equation_transform,7e4e4839a6922f91a3efa5590bcdf0fba941a5cf96b47d7ea187d1f0bf6a35e1,33b90e5bd6e25e09a958e006e4a5be272847e921b15cf62ebdd91933340acb47,"In Alice's Wonderland, a secret set of transformation rules is applied to equations. Below are a few examples:
72-79 = 8162
69?68 = 01?
35?88 = 53
31?46 = 15
76>64 = 311
Now, determine the result for: 77-61"
680b66f2,equation_transform,8667c038e507fef040a638dc789692563d04f9836a0cc70da4a93294e77d1138,b65e494300eda8291741445c801c8d8a9c255abaca762b0a12cb5044e1e3cd38,"In Alice's Wonderland, a secret set of transformation rules is applied to equations. Below are a few examples:
<{*^& = ^&<{
^|-[$ = ^<
[}*|< = |<[}
Now, determine the result for: !<+<\"
680f19b3,equation_transform,d4d309ee9c28ff44529d8f396d9e8e9f0eeb7f9e4ebdb0ff6fdc13ce4d7c0556,bcb8055aee8f1ffb44042156f6e1de5ba34c52b63828296706e4b3e7cae97b24,"In Alice's Wonderland, a secret set of transformation rules is applied to equations. Below are a few examples:
28@11 = 308
76?18 = 7618
53)50 = )3
31?65 = 3165
Now, determine the result for: 97?56"
6848a4e8,equation_transform,e02bf092e642ecd7d84fd8c0c14cd4a6b75f50642753055565ff37233b21f50c,739ff3abd46c403be290a38e95b92236e3c0714ae0505db0d03381c566fb437c,"In Alice's Wonderland, a secret set of transformation rules is applied to equations. Below are a few examples:
\^*\[ = '<%<
<%*%% = ""$\'
""%*""\ = """"^|
|\+<$ = $['
Now, determine the result for: %|+<<"
684de068,equation_transform,4418cb88afbdbd75603d367dc3b65eab1fe4d5c92861c48e264da80aa8257186,f9948ba3b1c5187ee485330b3fc1402237e66eb362c67c3810d9e7cdcf043093,"In Alice's Wonderland, a secret set of transformation rules is applied to equations. Below are a few examples:
)""*}! = )}$}
?$-{"" = !
$}+!& = &)
"")*#^ = """"""^
?)*$) = ?$$&
Now, determine the result for: {""-)&"
685be3a7,equation_transform,782734ffff6a1adb305c2bce219725528eccebf5e2ac31818b5e01ca13937a61,477fe6c973d7297a9486b9acaf6f35eceda3c80844969e8da6bf631ada71d1af,"In Alice's Wonderland, a secret set of transformation rules is applied to equations. Below are a few examples:
|?*|& = [$?
`&*<| = `>`$
`<*`| = $|&!
Now, determine the result for: !?+`:"
688c807b,equation_transform,021a8dec6f10300436e6ce646c7d266f3bb623b4b0b8e77f1642bba5850ab287,c69bdcee3db809bced9de706a992292712f0ff184f1ae6c9e3ead2d3d6315a08,"In Alice's Wonderland, a secret set of transformation rules is applied to equations. Below are a few examples:
76&34 = &42
49<39 = 88
50&40 = &10
64&35 = &29
Now, determine the result for: 28\64"
68903918,equation_transform,82b7c635960c678a81f13da4eff1d767ea32c79d9adfdb931b4d75e6bd8b49e9,eacca7f1ad79fe651bfe2bd42c6ee1c797d103b66da8d135f0bb84e6345ff41c,"In Alice's Wonderland, a secret set of transformation rules is applied to equations. Below are a few examples:
54/69 = 15
92/78 = 14
23+20 = 43
Now, determine the result for: 59-69"
6897f05e,equation_transform,041283787c570a3b407a0ae844ff10496c00ab3c1feee304877ee8d048ad56b2,73362c3b9af52dd8d727df41abf3baf1eb4fb5a46fea31b563335a2abd9add27,"In Alice's Wonderland, a secret set of transformation rules is applied to equations. Below are a few examples:
>\-\/ = ""\
:/-/"" = :>
%\+%! = %\%!
:""*?% = :::""
Now, determine the result for: :%+::"
68b9b9a8,equation_transform,0c72dfc8ba329da9ad8d03e2113f923119e3526e0aff8fed34e171ac166194ef,e05fa16d82be2f206d697ba59e15ad46c2127d074d5ea0980c398faed1c73041,"In Alice's Wonderland, a secret set of transformation rules is applied to equations. Below are a few examples:
73*37 = 1072
16*82 = 8071
84*78 = 6714
11+42 = 63
71+39 = 111
Now, determine the result for: 45*18"
69197d42,equation_transform,7873853a2eaad6910adee099b764cba2e19f22490c41ccabf46af9c94a7af822,e90295d105a78826356e6ec8ff1be443d6bf507ec4833353badc99b2c37cac16,"In Alice's Wonderland, a secret set of transformation rules is applied to equations. Below are a few examples:
06{33 = 72{
78%14 = 7653
65%98 = 4894
93%03 = 0711
Now, determine the result for: 27%73"
691f2f76,equation_transform,b0af676e95a36f6738e5a78e2fb5710ff99f90bf3b919ef4b5437b82acaff8eb,9b92b0cbab25735d63f611a3d0269d97ed337172f8cb79b178ad8c2afe043684,"In Alice's Wonderland, a secret set of transformation rules is applied to equations. Below are a few examples:
65+55 = 111
15+04 = 19
03+34 = 37
13+44 = 57
Now, determine the result for: 57+85"
693432da,equation_transform,ea0114b8b178450e854ee4913d2cd0ea1f3738519c50e869e9fdffbd7f0cce84,ba967ee01f2a74752f9acbb1c595e516e1972bd344b4335e839d0136b3a3a437,"In Alice's Wonderland, a secret set of transformation rules is applied to equations. Below are a few examples:
^?*[? = \${|
[(-[? = -|
(>*[$ = \|$$
{[+(\ = |^$
Now, determine the result for: ?(+>^"
69771374,equation_transform,87aebc89447eb47020ab822bf3f88e1d909df9b80498c65708a66d0a4a33beb4,0e395ef437902f19d9a205ac625d7e2416389d0c6a6076977e24739093b7b7f7,"In Alice's Wonderland, a secret set of transformation rules is applied to equations. Below are a few examples:
'(*(} = ']]
)}*([ = )<>}
[[*#) = )}})
>(*>( = ##(
Now, determine the result for: <'+)#"
69eccfa5,equation_transform,8290d5cd0b970a769c169c99e5abf72bc72a24d76bcacc10b026aa11e6c212d8,64f46bc41f59632fc75e81b27f35f4c8783eb4c75374ce5abc79c6c89c11f5c1,"In Alice's Wonderland, a secret set of transformation rules is applied to equations. Below are a few examples:
^^+!) = #[
"")-$! = -""
\|+\! = |$
|)*|) = |!!
Now, determine the result for: $$-)|"
69fe4b0d,equation_transform,8bcb143c2ca4dfd5095a78bc81c62dc7254fb194da2745e1189fc8bc6a91338a,02cad659a61960011d4cb1c2cff62fef4a2dfc232c8b298132d758fcb9e51d27,"In Alice's Wonderland, a secret set of transformation rules is applied to equations. Below are a few examples:
90#96 = 8639
63^42 = 105
61#74 = 4513
31#74 = 2293
58^68 = 126
Now, determine the result for: 70-11"
6a5cd9ec,equation_transform,23946f4e0695fda7cbd300809532c0698b6a8550860080dc200b8bac6225c48c,df9c7e8cf1d0f7c8f911bef8981665d24b125963d689ed07b080e9aca53d7226,"In Alice's Wonderland, a secret set of transformation rules is applied to equations. Below are a few examples:
!!%(( = $$
<$%(| = $!
$$-|$ = -/[
(?%|? = //(
|/#?| = !![^
Now, determine the result for: <$#|?"
6ab04968,equation_transform,d58efb9beb1a0c1f2e2de8f32f17aee22a74ac64b4531d958914458f1c1b310d,aa8dec9ec2fde0e6e317679ccb43112bc8e6876a40cc0002f4e6baeffe5bd15c,"In Alice's Wonderland, a secret set of transformation rules is applied to equations. Below are a few examples:
66""29 = 1915
59(88 = 29
12(79 = 67
36(96 = 60
Now, determine the result for: 20""62"
6ac4d8c2,equation_transform,814c933cc10b8006b0af618715f979941fce369d89c4a6ddcbc2066e7788542b,6d659a1c41a3334c735cb97859bee91f27e19dfae17e9e184483643308a1a19d,"In Alice's Wonderland, a secret set of transformation rules is applied to equations. Below are a few examples:
08-29 = -21
78*63 = 3313
86*23 = 7712
Now, determine the result for: 17+76"
6b2e0c5a,equation_transform,3071adabd4ca205d8721044df6b198fd1f5a6f9d310436e5ab788ca756e6cafd,43d5ec636bd71826eb2fe765adbb589fca0e207b0bc7bc67cc477cc210967111,"In Alice's Wonderland, a secret set of transformation rules is applied to equations. Below are a few examples:
/:[$@ = :^
(]*/$ = !^:
:@*:] = @}
!![/} = [^$
!:*/$ = (@
Now, determine the result for: ':""/$"
6b393b81,equation_transform,67642a258c00f2c33b94a9aa1adf4d4711d71f995397f8a69721b54365e06a6b,3014dbd40ac6ca5269c754b4d918281f8668e0ff2994096a83645583210bb75b,"In Alice's Wonderland, a secret set of transformation rules is applied to equations. Below are a few examples:
19>36 = 1936
63>24 = 6324
36>39 = 3639
50<19 = 5019
65<72 = 6572
Now, determine the result for: 40>46"
6b769a9e,equation_transform,8b6214c355e88cac86d013af2e8f486661f91864eaafd0367efc9120c57b88ae,38b8398d528a721f20dd3caab26ba3bd4f164779915cb9ff56978522362f0f77,"In Alice's Wonderland, a secret set of transformation rules is applied to equations. Below are a few examples:
56-36 = 821
84{57 = 9953
51+19 = +67
Now, determine the result for: 24+17"
6bd59a1f,equation_transform,16b2f1c5ea1d9194947676ca2769d3a0fde727b166a6ac5b5c2fbd82c52c2521,4b55793378aec9a2cbbf55164866c46b56bd96d23354a67b90b06c80285384ca,"In Alice's Wonderland, a secret set of transformation rules is applied to equations. Below are a few examples:
35+01 = 34
74$02 = 939
93[74 = 68
72[49 = 121
41$63 = 305
Now, determine the result for: 82$15"
6be00ae9,equation_transform,5ccd6c06f902a15743ea40e3de3257037f15921b65dc57ae57840ab200c12ec3,cb5b24b092f73cbf43488558599b87b73f1a350e07008e79b2776e6d6daef0cb,"In Alice's Wonderland, a secret set of transformation rules is applied to equations. Below are a few examples:
35*26 = 6823
46*41 = 698
61-26 = -64
52*43 = 058
07-66 = -4
Now, determine the result for: 29+11"
6beb3a1f,equation_transform,94351d83ae7ccbcda72ad2afcf406aa1b924d5815ab2bb9ac0b5541c03667e19,e56fea77a567afe8bf371b4156ccce3d6ecafe3e84216b81246e94f82244ac2b,"In Alice's Wonderland, a secret set of transformation rules is applied to equations. Below are a few examples:
&\*&[ = [`?^
:)-^^ = [?
&`-/} = [`
^:*`: = /\/:
Now, determine the result for: `)-/["
6bef7413,equation_transform,6a99645ef61706a7e8c0141c9ef7c31fc3bea274a8963e54422d6013379060ee,99cad5e5cb3395e0ff0745f97c3d4a02e891002083ee9661fda989e9540f581d,"In Alice's Wonderland, a secret set of transformation rules is applied to equations. Below are a few examples:
42*06 = 0441
87+04 = 711
46*25 = 8233
71+58 = 101
Now, determine the result for: 01-29"
6c30f260,equation_transform,6d158c8fc5c284800ee138fc439c4804c8bbc21175e6c3d6120a4b12270a8cee,f416aa2a9b34059ee0a6fe8fcb58ba4e5875243d866a4885f8a491cfabfdf435,"In Alice's Wonderland, a secret set of transformation rules is applied to equations. Below are a few examples:
?\+!' = ]@
[]+([ = !#
(:*[' = '!:
:#+:: = (]'
Now, determine the result for: [?-:["
6c402bb7,equation_transform,751c6a0b3bf2852b171cea74167d26604bee4615380dc2551f984d773b49819e,3dfb006d64db495dd35bd476fb2e530edbb962bb19aa26f84c55266ded7340c6,"In Alice's Wonderland, a secret set of transformation rules is applied to equations. Below are a few examples:
38>92 = 7042
13>39 = 3882
12`84 = 72
43`65 = 22
Now, determine the result for: 81-52"
6c7231ac,equation_transform,9d66f60ade6662cbf93c0caa5089ee5379e9668827b937c6d1f14a7d1a4c3c61,00ff59189a4d78537d0ebee99522c931d69b038d57ae092bcfa0087ac9f89962,"In Alice's Wonderland, a secret set of transformation rules is applied to equations. Below are a few examples:
$#+$/ = <|#
$&+:: = !`#
:/+#` = $|#
Now, determine the result for: &}+#}"
6c7f24b7,equation_transform,cd1290cdfa812c5a3bcde52b29ff46a55ab74fc9be6eba89d4c2bcbf812f1ddb,c44a7d0cd094c324589d50d3df4831fc0d81ec40909af026ae99d7eee5bde38e,"In Alice's Wonderland, a secret set of transformation rules is applied to equations. Below are a few examples:
$^+|) = ?'|
&'*)/ = &??|
&^-&^ = &
Now, determine the result for: $'-^$"
6c9e4485,equation_transform,6f70f52109972cf7af155709fc808429a3c4ef3f3613d8396f3c9873c8907a9e,271ffc5a140303f3eac4b0c53b48ed6ef225b355393a8ce4a4bd9fbadd64393c,"In Alice's Wonderland, a secret set of transformation rules is applied to equations. Below are a few examples:
85>17 = 31
28%99 = 8118
47%77 = 8965
68>34 = 34>
31%97 = 7201
Now, determine the result for: 28%34"
6cd73bdd,equation_transform,10992e380e7080171dabae02adadba798e0105f7dd05b9f68392716e7c82f26e,062800d0998e604010e7131f915689712f5d818757e65b38d3e5bf354d011f8c,"In Alice's Wonderland, a secret set of transformation rules is applied to equations. Below are a few examples:
29{89 = 6109
49#54 = 931
58{62 = 0122
03#77 = 701
44#82 = 27
Now, determine the result for: 37{28"
6cdc3a9f,equation_transform,d905684f1aaf2d8eeffd9ac17f9f20addc9bdecdaae5d1ffc8259692e61178bf,f9bdbd41b9885e888439f2f0edd38b08d64fe3e36ecbcb8b26f77296c38dceb3,"In Alice's Wonderland, a secret set of transformation rules is applied to equations. Below are a few examples:
38>14 = 53
46!64 = 2944
64&98 = &34
36&13 = &23
Now, determine the result for: 43!76"
6d3b9da4,equation_transform,f936986cbb2d446b859456d21de56ba43941e52a9a1c31321d0d94a610b3d955,e4e46de8add455f64d334f469d1f5f1212a6590319427a3ee59ea7de7389e40e,"In Alice's Wonderland, a secret set of transformation rules is applied to equations. Below are a few examples:
58[99 = 4148
26'22 = 04'
74<53 = 28
02'83 = 81
93'61 = 32'
Now, determine the result for: 67<32"
