id,subtype,rule_class,status,prediction,answer,baseline_prediction,verified_by_weak_label,incorrect_by_weak_label,promotable_after_class_gate,query,example_count,candidate_program_count,unique_prediction_count,proof,candidate_source
09d5ee68,equation_symbolic_punct,v274_guarded_numeric_not_numeric_query,abstain,,!?'!,|:>>,False,False,False,|:*>>,4,0,0,query is not a numeric binary expression,v274_guarded_numeric_postprocessor
09d5ee68,equation_symbolic_punct,symbolic_char_transducer,abstain,,!?'!,|:>>,False,False,False,|:*>>,4,0,0,no_pair_mapping,v278_symbolic_pbe
09d5ee68,equation_symbolic_punct,symbolic_delete_selected_chars,abstain,,!?'!,|:>>,False,False,False,|:*>>,4,0,0,delete_char_sets=; unique_prediction_count=0,v278_symbolic_pbe
09d5ee68,equation_symbolic_punct,symbolic_keep_selected_chars,abstain,,!?'!,|:>>,False,False,False,|:*>>,4,0,0,keep_char_sets=; unique_prediction_count=0,v278_symbolic_pbe
09d5ee68,equation_symbolic_punct,symbolic_prefix_until_marker,abstain,,!?'!,|:>>,False,False,False,|:*>>,4,0,0,markers=''; unique_prediction_count=0,v278_symbolic_pbe
09d5ee68,equation_symbolic_punct,symbolic_suffix_after_marker,abstain,,!?'!,|:>>,False,False,False,|:*>>,4,0,0,markers=''; unique_prediction_count=0,v278_symbolic_pbe
09d5ee68,equation_symbolic_punct,symbolic_prefix_before_last_marker,abstain,,!?'!,|:>>,False,False,False,|:*>>,4,0,0,markers=''; unique_prediction_count=0,v278_symbolic_pbe
09d5ee68,equation_symbolic_punct,symbolic_suffix_after_last_marker,abstain,,!?'!,|:>>,False,False,False,|:*>>,4,0,0,markers=''; unique_prediction_count=0,v278_symbolic_pbe
09d5ee68,equation_symbolic_punct,symbolic_remove_first_marker,abstain,,!?'!,|:>>,False,False,False,|:*>>,4,0,0,markers=''; unique_prediction_count=0,v278_symbolic_pbe
09d5ee68,equation_symbolic_punct,symbolic_position_template,abstain,,!?'!,|:>>,False,False,False,|:*>>,4,0,0,nonuniform_rhs_lengths,v278_symbolic_pbe
09d5ee68,equation_symbolic_punct,symbolic_operator_index_template,abstain,,!?'!,|:>>,False,False,False,|:*>>,4,0,0,programs=; unique_prediction_count=0,v278_symbolic_pbe
09d5ee68,equation_symbolic_punct,symbolic_variable_operator_drop_operator,abstain,,!?'!,|:>>,False,False,False,|:*>>,4,0,0,"one_or_more_examples_have_no_matching_split; split_counts=1,1,0",v324_variable_operator_symbolic
09d5ee68,equation_symbolic_punct,symbolic_variable_operator_reverse_drop_operator,abstain,,!?'!,|:>>,False,False,False,|:*>>,4,0,0,one_or_more_examples_have_no_matching_split; split_counts=0,v324_variable_operator_symbolic
09d5ee68,equation_symbolic_punct,symbolic_variable_operator_left_only,abstain,,!?'!,|:>>,False,False,False,|:*>>,4,0,0,one_or_more_examples_have_no_matching_split; split_counts=0,v324_variable_operator_symbolic
09d5ee68,equation_symbolic_punct,symbolic_variable_operator_right_only,abstain,,!?'!,|:>>,False,False,False,|:*>>,4,0,0,one_or_more_examples_have_no_matching_split; split_counts=0,v324_variable_operator_symbolic
09d5ee68,equation_symbolic_punct,symbolic_variable_operator_right_left,abstain,,!?'!,|:>>,False,False,False,|:*>>,4,0,0,one_or_more_examples_have_no_matching_split; split_counts=0,v324_variable_operator_symbolic
09d5ee68,equation_symbolic_punct,symbolic_variable_operator_left_reverse_right,abstain,,!?'!,|:>>,False,False,False,|:*>>,4,0,0,one_or_more_examples_have_no_matching_split; split_counts=0,v324_variable_operator_symbolic
09d5ee68,equation_symbolic_punct,symbolic_variable_operator_reverse_left_right,abstain,,!?'!,|:>>,False,False,False,|:*>>,4,0,0,one_or_more_examples_have_no_matching_split; split_counts=0,v324_variable_operator_symbolic
09d5ee68,equation_symbolic_punct,symbolic_variable_operator_right_reverse_left,abstain,,!?'!,|:>>,False,False,False,|:*>>,4,0,0,one_or_more_examples_have_no_matching_split; split_counts=0,v324_variable_operator_symbolic
09d5ee68,equation_symbolic_punct,symbolic_variable_operator_reverse_right_left,abstain,,!?'!,|:>>,False,False,False,|:*>>,4,0,0,one_or_more_examples_have_no_matching_split; split_counts=0,v324_variable_operator_symbolic
09d5ee68,equation_symbolic_punct,symbolic_variable_operator_operator_between_reversed,abstain,,!?'!,|:>>,False,False,False,|:*>>,4,0,0,one_or_more_examples_have_no_matching_split; split_counts=0,v324_variable_operator_symbolic
00457d26,equation_symbolic_punct,v274_guarded_numeric_not_numeric_query,abstain,,@&,[[!',False,False,False,[[-!',4,0,0,query is not a numeric binary expression,v274_guarded_numeric_postprocessor
00457d26,equation_symbolic_punct,symbolic_char_transducer,abstain,,@&,[[!',False,False,False,[[-!',4,0,0,no_global_mapping,v278_symbolic_pbe
00457d26,equation_symbolic_punct,symbolic_delete_selected_chars,abstain,,@&,[[!',False,False,False,[[-!',4,0,0,delete_char_sets=; unique_prediction_count=0,v278_symbolic_pbe
00457d26,equation_symbolic_punct,symbolic_keep_selected_chars,abstain,,@&,[[!',False,False,False,[[-!',4,0,0,keep_char_sets=; unique_prediction_count=0,v278_symbolic_pbe
00457d26,equation_symbolic_punct,symbolic_prefix_until_marker,abstain,,@&,[[!',False,False,False,[[-!',4,0,0,markers=''; unique_prediction_count=0,v278_symbolic_pbe
00457d26,equation_symbolic_punct,symbolic_suffix_after_marker,abstain,,@&,[[!',False,False,False,[[-!',4,0,0,markers=''; unique_prediction_count=0,v278_symbolic_pbe
00457d26,equation_symbolic_punct,symbolic_prefix_before_last_marker,abstain,,@&,[[!',False,False,False,[[-!',4,0,0,markers=''; unique_prediction_count=0,v278_symbolic_pbe
00457d26,equation_symbolic_punct,symbolic_suffix_after_last_marker,abstain,,@&,[[!',False,False,False,[[-!',4,0,0,markers=''; unique_prediction_count=0,v278_symbolic_pbe
00457d26,equation_symbolic_punct,symbolic_remove_first_marker,abstain,,@&,[[!',False,False,False,[[-!',4,0,0,markers=''; unique_prediction_count=0,v278_symbolic_pbe
00457d26,equation_symbolic_punct,symbolic_position_template,abstain,,@&,[[!',False,False,False,[[-!',4,0,0,nonuniform_rhs_lengths,v278_symbolic_pbe
00457d26,equation_symbolic_punct,symbolic_operator_index_template,abstain,,@&,[[!',False,False,False,[[-!',4,0,0,programs=; unique_prediction_count=0,v278_symbolic_pbe
00457d26,equation_symbolic_punct,symbolic_variable_operator_drop_operator,abstain,,@&,[[!',False,False,False,[[-!',4,0,0,one_or_more_examples_have_no_matching_split; split_counts=0,v324_variable_operator_symbolic
00457d26,equation_symbolic_punct,symbolic_variable_operator_reverse_drop_operator,abstain,,@&,[[!',False,False,False,[[-!',4,0,0,one_or_more_examples_have_no_matching_split; split_counts=0,v324_variable_operator_symbolic
00457d26,equation_symbolic_punct,symbolic_variable_operator_left_only,abstain,,@&,[[!',False,False,False,[[-!',4,0,0,one_or_more_examples_have_no_matching_split; split_counts=0,v324_variable_operator_symbolic
00457d26,equation_symbolic_punct,symbolic_variable_operator_right_only,abstain,,@&,[[!',False,False,False,[[-!',4,0,0,one_or_more_examples_have_no_matching_split; split_counts=0,v324_variable_operator_symbolic
00457d26,equation_symbolic_punct,symbolic_variable_operator_right_left,abstain,,@&,[[!',False,False,False,[[-!',4,0,0,one_or_more_examples_have_no_matching_split; split_counts=0,v324_variable_operator_symbolic
00457d26,equation_symbolic_punct,symbolic_variable_operator_left_reverse_right,abstain,,@&,[[!',False,False,False,[[-!',4,0,0,one_or_more_examples_have_no_matching_split; split_counts=0,v324_variable_operator_symbolic
00457d26,equation_symbolic_punct,symbolic_variable_operator_reverse_left_right,abstain,,@&,[[!',False,False,False,[[-!',4,0,0,one_or_more_examples_have_no_matching_split; split_counts=0,v324_variable_operator_symbolic
00457d26,equation_symbolic_punct,symbolic_variable_operator_right_reverse_left,abstain,,@&,[[!',False,False,False,[[-!',4,0,0,one_or_more_examples_have_no_matching_split; split_counts=0,v324_variable_operator_symbolic
00457d26,equation_symbolic_punct,symbolic_variable_operator_reverse_right_left,abstain,,@&,[[!',False,False,False,[[-!',4,0,0,one_or_more_examples_have_no_matching_split; split_counts=0,v324_variable_operator_symbolic
00457d26,equation_symbolic_punct,symbolic_variable_operator_operator_between_reversed,abstain,,@&,[[!',False,False,False,[[-!',4,0,0,one_or_more_examples_have_no_matching_split; split_counts=0,v324_variable_operator_symbolic
518deb39,equation_symbolic_punct,v274_guarded_numeric_not_numeric_query,abstain,,$,{}$>,False,False,False,$$-<>,4,0,0,query is not a numeric binary expression,v274_guarded_numeric_postprocessor
518deb39,equation_symbolic_punct,symbolic_char_transducer,abstain,,$,{}$>,False,False,False,$$-<>,4,0,0,no_global_mapping,v278_symbolic_pbe
518deb39,equation_symbolic_punct,symbolic_delete_selected_chars,abstain,,$,{}$>,False,False,False,$$-<>,4,0,0,delete_char_sets=; unique_prediction_count=0,v278_symbolic_pbe
518deb39,equation_symbolic_punct,symbolic_keep_selected_chars,abstain,,$,{}$>,False,False,False,$$-<>,4,0,0,keep_char_sets=; unique_prediction_count=0,v278_symbolic_pbe
518deb39,equation_symbolic_punct,symbolic_prefix_until_marker,abstain,,$,{}$>,False,False,False,$$-<>,4,0,0,markers=''; unique_prediction_count=0,v278_symbolic_pbe
518deb39,equation_symbolic_punct,symbolic_suffix_after_marker,abstain,,$,{}$>,False,False,False,$$-<>,4,0,0,markers=''; unique_prediction_count=0,v278_symbolic_pbe
518deb39,equation_symbolic_punct,symbolic_prefix_before_last_marker,abstain,,$,{}$>,False,False,False,$$-<>,4,0,0,markers=''; unique_prediction_count=0,v278_symbolic_pbe
518deb39,equation_symbolic_punct,symbolic_suffix_after_last_marker,abstain,,$,{}$>,False,False,False,$$-<>,4,0,0,markers=''; unique_prediction_count=0,v278_symbolic_pbe
518deb39,equation_symbolic_punct,symbolic_remove_first_marker,abstain,,$,{}$>,False,False,False,$$-<>,4,0,0,markers=''; unique_prediction_count=0,v278_symbolic_pbe
518deb39,equation_symbolic_punct,symbolic_position_template,abstain,,$,{}$>,False,False,False,$$-<>,4,0,0,nonuniform_rhs_lengths,v278_symbolic_pbe
518deb39,equation_symbolic_punct,symbolic_operator_index_template,abstain,,$,{}$>,False,False,False,$$-<>,4,0,0,programs=; unique_prediction_count=0,v278_symbolic_pbe
518deb39,equation_symbolic_punct,symbolic_variable_operator_drop_operator,abstain,,$,{}$>,False,False,False,$$-<>,4,0,0,one_or_more_examples_have_no_matching_split; split_counts=0,v324_variable_operator_symbolic
518deb39,equation_symbolic_punct,symbolic_variable_operator_reverse_drop_operator,abstain,,$,{}$>,False,False,False,$$-<>,4,0,0,one_or_more_examples_have_no_matching_split; split_counts=0,v324_variable_operator_symbolic
518deb39,equation_symbolic_punct,symbolic_variable_operator_left_only,abstain,,$,{}$>,False,False,False,$$-<>,4,0,0,one_or_more_examples_have_no_matching_split; split_counts=0,v324_variable_operator_symbolic
518deb39,equation_symbolic_punct,symbolic_variable_operator_right_only,abstain,,$,{}$>,False,False,False,$$-<>,4,0,0,one_or_more_examples_have_no_matching_split; split_counts=0,v324_variable_operator_symbolic
518deb39,equation_symbolic_punct,symbolic_variable_operator_right_left,abstain,,$,{}$>,False,False,False,$$-<>,4,0,0,one_or_more_examples_have_no_matching_split; split_counts=0,v324_variable_operator_symbolic
518deb39,equation_symbolic_punct,symbolic_variable_operator_left_reverse_right,abstain,,$,{}$>,False,False,False,$$-<>,4,0,0,one_or_more_examples_have_no_matching_split; split_counts=0,v324_variable_operator_symbolic
518deb39,equation_symbolic_punct,symbolic_variable_operator_reverse_left_right,abstain,,$,{}$>,False,False,False,$$-<>,4,0,0,one_or_more_examples_have_no_matching_split; split_counts=0,v324_variable_operator_symbolic
518deb39,equation_symbolic_punct,symbolic_variable_operator_right_reverse_left,abstain,,$,{}$>,False,False,False,$$-<>,4,0,0,one_or_more_examples_have_no_matching_split; split_counts=0,v324_variable_operator_symbolic
518deb39,equation_symbolic_punct,symbolic_variable_operator_reverse_right_left,abstain,,$,{}$>,False,False,False,$$-<>,4,0,0,one_or_more_examples_have_no_matching_split; split_counts=0,v324_variable_operator_symbolic
518deb39,equation_symbolic_punct,symbolic_variable_operator_operator_between_reversed,abstain,,$,{}$>,False,False,False,$$-<>,4,0,0,one_or_more_examples_have_no_matching_split; split_counts=0,v324_variable_operator_symbolic
82109e34,equation_symbolic_punct,v274_guarded_numeric_not_numeric_query,abstain,,-@>,'^^^',False,False,False,'^-^^,4,0,0,query is not a numeric binary expression,v274_guarded_numeric_postprocessor
82109e34,equation_symbolic_punct,symbolic_char_transducer,abstain,,-@>,'^^^',False,False,False,'^-^^,4,0,0,no_global_mapping,v278_symbolic_pbe
82109e34,equation_symbolic_punct,symbolic_delete_selected_chars,abstain,,-@>,'^^^',False,False,False,'^-^^,4,0,0,delete_char_sets=; unique_prediction_count=0,v278_symbolic_pbe
82109e34,equation_symbolic_punct,symbolic_keep_selected_chars,abstain,,-@>,'^^^',False,False,False,'^-^^,4,0,0,keep_char_sets=; unique_prediction_count=0,v278_symbolic_pbe
82109e34,equation_symbolic_punct,symbolic_prefix_until_marker,abstain,,-@>,'^^^',False,False,False,'^-^^,4,0,0,markers=''; unique_prediction_count=0,v278_symbolic_pbe
82109e34,equation_symbolic_punct,symbolic_suffix_after_marker,abstain,,-@>,'^^^',False,False,False,'^-^^,4,0,0,markers=''; unique_prediction_count=0,v278_symbolic_pbe
82109e34,equation_symbolic_punct,symbolic_prefix_before_last_marker,abstain,,-@>,'^^^',False,False,False,'^-^^,4,0,0,markers=''; unique_prediction_count=0,v278_symbolic_pbe
82109e34,equation_symbolic_punct,symbolic_suffix_after_last_marker,abstain,,-@>,'^^^',False,False,False,'^-^^,4,0,0,markers=''; unique_prediction_count=0,v278_symbolic_pbe
82109e34,equation_symbolic_punct,symbolic_remove_first_marker,abstain,,-@>,'^^^',False,False,False,'^-^^,4,0,0,markers=''; unique_prediction_count=0,v278_symbolic_pbe
82109e34,equation_symbolic_punct,symbolic_position_template,abstain,,-@>,'^^^',False,False,False,'^-^^,4,0,0,nonuniform_rhs_lengths,v278_symbolic_pbe
82109e34,equation_symbolic_punct,symbolic_operator_index_template,abstain,,-@>,'^^^',False,False,False,'^-^^,4,0,0,programs=; unique_prediction_count=0,v278_symbolic_pbe
82109e34,equation_symbolic_punct,symbolic_variable_operator_drop_operator,abstain,,-@>,'^^^',False,False,False,'^-^^,4,0,0,one_or_more_examples_have_no_matching_split; split_counts=0,v324_variable_operator_symbolic
82109e34,equation_symbolic_punct,symbolic_variable_operator_reverse_drop_operator,abstain,,-@>,'^^^',False,False,False,'^-^^,4,0,0,one_or_more_examples_have_no_matching_split; split_counts=0,v324_variable_operator_symbolic
82109e34,equation_symbolic_punct,symbolic_variable_operator_left_only,abstain,,-@>,'^^^',False,False,False,'^-^^,4,0,0,one_or_more_examples_have_no_matching_split; split_counts=0,v324_variable_operator_symbolic
82109e34,equation_symbolic_punct,symbolic_variable_operator_right_only,abstain,,-@>,'^^^',False,False,False,'^-^^,4,0,0,one_or_more_examples_have_no_matching_split; split_counts=0,v324_variable_operator_symbolic
82109e34,equation_symbolic_punct,symbolic_variable_operator_right_left,abstain,,-@>,'^^^',False,False,False,'^-^^,4,0,0,one_or_more_examples_have_no_matching_split; split_counts=0,v324_variable_operator_symbolic
82109e34,equation_symbolic_punct,symbolic_variable_operator_left_reverse_right,abstain,,-@>,'^^^',False,False,False,'^-^^,4,0,0,one_or_more_examples_have_no_matching_split; split_counts=0,v324_variable_operator_symbolic
82109e34,equation_symbolic_punct,symbolic_variable_operator_reverse_left_right,abstain,,-@>,'^^^',False,False,False,'^-^^,4,0,0,one_or_more_examples_have_no_matching_split; split_counts=0,v324_variable_operator_symbolic
82109e34,equation_symbolic_punct,symbolic_variable_operator_right_reverse_left,abstain,,-@>,'^^^',False,False,False,'^-^^,4,0,0,one_or_more_examples_have_no_matching_split; split_counts=0,v324_variable_operator_symbolic
82109e34,equation_symbolic_punct,symbolic_variable_operator_reverse_right_left,abstain,,-@>,'^^^',False,False,False,'^-^^,4,0,0,one_or_more_examples_have_no_matching_split; split_counts=0,v324_variable_operator_symbolic
82109e34,equation_symbolic_punct,symbolic_variable_operator_operator_between_reversed,abstain,,-@>,'^^^',False,False,False,'^-^^,4,0,0,one_or_more_examples_have_no_matching_split; split_counts=0,v324_variable_operator_symbolic
e1728524,equation_numeric_operator,v274_guarded_numeric_query_operator_unseen,abstain,,1089,0,False,False,False,99/99,5,0,0,query_op='/' not present in examples,v274_guarded_numeric_postprocessor
e1728524,equation_numeric_operator,numeric_same_operator_extended,abstain,,1089,0,False,False,False,99/99,5,0,0,same_operator_examples=0 below_min=2,v278_numeric_same_operator
e1728524,equation_numeric_operator,v299_same_operator_unique_numeric_dsl,abstain,,1089,0,False,False,False,99/99,5,0,0,query_op='/' absent from examples,v299_numeric_dsl
e1728524,equation_numeric_operator,v299_all_numeric_examples_unique_dsl,abstain,,1089,0,False,False,False,99/99,5,0,0,unique_prediction_count=0; candidate_rules=0,v299_numeric_dsl
e1728524,equation_numeric_operator,v299_conventional_operator_prior_unique,abstain,,1089,0,False,False,False,99/99,5,16,2,unique_prediction_count=2; candidate_rules=16,v299_numeric_dsl
e3bf0c2c,equation_symbolic_punct,v274_guarded_numeric_not_numeric_query,abstain,,"""`",@`',False,False,False,@`}'',5,0,0,query is not a numeric binary expression,v274_guarded_numeric_postprocessor
e3bf0c2c,equation_symbolic_punct,symbolic_char_transducer,abstain,,"""`",@`',False,False,False,@`}'',5,0,0,no_global_mapping,v278_symbolic_pbe
e3bf0c2c,equation_symbolic_punct,symbolic_delete_selected_chars,abstain,,"""`",@`',False,False,False,@`}'',5,0,0,delete_char_sets=; unique_prediction_count=0,v278_symbolic_pbe
e3bf0c2c,equation_symbolic_punct,symbolic_keep_selected_chars,abstain,,"""`",@`',False,False,False,@`}'',5,0,0,keep_char_sets=; unique_prediction_count=0,v278_symbolic_pbe
e3bf0c2c,equation_symbolic_punct,symbolic_prefix_until_marker,abstain,,"""`",@`',False,False,False,@`}'',5,0,0,markers=''; unique_prediction_count=0,v278_symbolic_pbe
e3bf0c2c,equation_symbolic_punct,symbolic_suffix_after_marker,abstain,,"""`",@`',False,False,False,@`}'',5,0,0,markers=''; unique_prediction_count=0,v278_symbolic_pbe
e3bf0c2c,equation_symbolic_punct,symbolic_prefix_before_last_marker,abstain,,"""`",@`',False,False,False,@`}'',5,0,0,markers=''; unique_prediction_count=0,v278_symbolic_pbe
e3bf0c2c,equation_symbolic_punct,symbolic_suffix_after_last_marker,abstain,,"""`",@`',False,False,False,@`}'',5,0,0,markers=''; unique_prediction_count=0,v278_symbolic_pbe
e3bf0c2c,equation_symbolic_punct,symbolic_remove_first_marker,abstain,,"""`",@`',False,False,False,@`}'',5,0,0,markers=''; unique_prediction_count=0,v278_symbolic_pbe
e3bf0c2c,equation_symbolic_punct,symbolic_position_template,abstain,,"""`",@`',False,False,False,@`}'',5,0,0,nonuniform_rhs_lengths,v278_symbolic_pbe
e3bf0c2c,equation_symbolic_punct,symbolic_operator_index_template,abstain,,"""`",@`',False,False,False,@`}'',5,0,0,programs=; unique_prediction_count=0,v278_symbolic_pbe
e3bf0c2c,equation_symbolic_punct,symbolic_variable_operator_drop_operator,abstain,,"""`",@`',False,False,False,@`}'',5,0,0,one_or_more_examples_have_no_matching_split; split_counts=0,v324_variable_operator_symbolic
e3bf0c2c,equation_symbolic_punct,symbolic_variable_operator_reverse_drop_operator,abstain,,"""`",@`',False,False,False,@`}'',5,0,0,one_or_more_examples_have_no_matching_split; split_counts=0,v324_variable_operator_symbolic
e3bf0c2c,equation_symbolic_punct,symbolic_variable_operator_left_only,abstain,,"""`",@`',False,False,False,@`}'',5,0,0,one_or_more_examples_have_no_matching_split; split_counts=0,v324_variable_operator_symbolic
e3bf0c2c,equation_symbolic_punct,symbolic_variable_operator_right_only,abstain,,"""`",@`',False,False,False,@`}'',5,0,0,one_or_more_examples_have_no_matching_split; split_counts=0,v324_variable_operator_symbolic
e3bf0c2c,equation_symbolic_punct,symbolic_variable_operator_right_left,abstain,,"""`",@`',False,False,False,@`}'',5,0,0,one_or_more_examples_have_no_matching_split; split_counts=0,v324_variable_operator_symbolic
e3bf0c2c,equation_symbolic_punct,symbolic_variable_operator_left_reverse_right,abstain,,"""`",@`',False,False,False,@`}'',5,0,0,one_or_more_examples_have_no_matching_split; split_counts=0,v324_variable_operator_symbolic
e3bf0c2c,equation_symbolic_punct,symbolic_variable_operator_reverse_left_right,abstain,,"""`",@`',False,False,False,@`}'',5,0,0,one_or_more_examples_have_no_matching_split; split_counts=0,v324_variable_operator_symbolic
e3bf0c2c,equation_symbolic_punct,symbolic_variable_operator_right_reverse_left,abstain,,"""`",@`',False,False,False,@`}'',5,0,0,one_or_more_examples_have_no_matching_split; split_counts=0,v324_variable_operator_symbolic
e3bf0c2c,equation_symbolic_punct,symbolic_variable_operator_reverse_right_left,abstain,,"""`",@`',False,False,False,@`}'',5,0,0,one_or_more_examples_have_no_matching_split; split_counts=0,v324_variable_operator_symbolic
e3bf0c2c,equation_symbolic_punct,symbolic_variable_operator_operator_between_reversed,abstain,,"""`",@`',False,False,False,@`}'',5,0,0,one_or_more_examples_have_no_matching_split; split_counts=0,v324_variable_operator_symbolic
fdbdf50c,equation_symbolic_punct,v274_guarded_numeric_not_numeric_query,abstain,,"-\""",|?|,False,False,False,|\-?|,5,0,0,query is not a numeric binary expression,v274_guarded_numeric_postprocessor
fdbdf50c,equation_symbolic_punct,symbolic_char_transducer,abstain,,"-\""",|?|,False,False,False,|\-?|,5,0,0,no_global_mapping,v278_symbolic_pbe
fdbdf50c,equation_symbolic_punct,symbolic_delete_selected_chars,abstain,,"-\""",|?|,False,False,False,|\-?|,5,0,0,delete_char_sets=; unique_prediction_count=0,v278_symbolic_pbe
fdbdf50c,equation_symbolic_punct,symbolic_keep_selected_chars,abstain,,"-\""",|?|,False,False,False,|\-?|,5,0,0,keep_char_sets=; unique_prediction_count=0,v278_symbolic_pbe
fdbdf50c,equation_symbolic_punct,symbolic_prefix_until_marker,abstain,,"-\""",|?|,False,False,False,|\-?|,5,0,0,markers=''; unique_prediction_count=0,v278_symbolic_pbe
fdbdf50c,equation_symbolic_punct,symbolic_suffix_after_marker,abstain,,"-\""",|?|,False,False,False,|\-?|,5,0,0,markers=''; unique_prediction_count=0,v278_symbolic_pbe
fdbdf50c,equation_symbolic_punct,symbolic_prefix_before_last_marker,abstain,,"-\""",|?|,False,False,False,|\-?|,5,0,0,markers=''; unique_prediction_count=0,v278_symbolic_pbe
fdbdf50c,equation_symbolic_punct,symbolic_suffix_after_last_marker,abstain,,"-\""",|?|,False,False,False,|\-?|,5,0,0,markers=''; unique_prediction_count=0,v278_symbolic_pbe
fdbdf50c,equation_symbolic_punct,symbolic_remove_first_marker,abstain,,"-\""",|?|,False,False,False,|\-?|,5,0,0,markers=''; unique_prediction_count=0,v278_symbolic_pbe
fdbdf50c,equation_symbolic_punct,symbolic_position_template,abstain,,"-\""",|?|,False,False,False,|\-?|,5,0,0,nonuniform_rhs_lengths,v278_symbolic_pbe
fdbdf50c,equation_symbolic_punct,symbolic_operator_index_template,abstain,,"-\""",|?|,False,False,False,|\-?|,5,0,0,programs=; unique_prediction_count=0,v278_symbolic_pbe
fdbdf50c,equation_symbolic_punct,symbolic_variable_operator_drop_operator,abstain,,"-\""",|?|,False,False,False,|\-?|,5,0,0,one_or_more_examples_have_no_matching_split; split_counts=0,v324_variable_operator_symbolic
fdbdf50c,equation_symbolic_punct,symbolic_variable_operator_reverse_drop_operator,abstain,,"-\""",|?|,False,False,False,|\-?|,5,0,0,one_or_more_examples_have_no_matching_split; split_counts=0,v324_variable_operator_symbolic
fdbdf50c,equation_symbolic_punct,symbolic_variable_operator_left_only,abstain,,"-\""",|?|,False,False,False,|\-?|,5,0,0,one_or_more_examples_have_no_matching_split; split_counts=0,v324_variable_operator_symbolic
fdbdf50c,equation_symbolic_punct,symbolic_variable_operator_right_only,abstain,,"-\""",|?|,False,False,False,|\-?|,5,0,0,one_or_more_examples_have_no_matching_split; split_counts=0,v324_variable_operator_symbolic
fdbdf50c,equation_symbolic_punct,symbolic_variable_operator_right_left,abstain,,"-\""",|?|,False,False,False,|\-?|,5,0,0,one_or_more_examples_have_no_matching_split; split_counts=0,v324_variable_operator_symbolic
fdbdf50c,equation_symbolic_punct,symbolic_variable_operator_left_reverse_right,abstain,,"-\""",|?|,False,False,False,|\-?|,5,0,0,one_or_more_examples_have_no_matching_split; split_counts=0,v324_variable_operator_symbolic
fdbdf50c,equation_symbolic_punct,symbolic_variable_operator_reverse_left_right,abstain,,"-\""",|?|,False,False,False,|\-?|,5,0,0,one_or_more_examples_have_no_matching_split; split_counts=0,v324_variable_operator_symbolic
fdbdf50c,equation_symbolic_punct,symbolic_variable_operator_right_reverse_left,abstain,,"-\""",|?|,False,False,False,|\-?|,5,0,0,one_or_more_examples_have_no_matching_split; split_counts=0,v324_variable_operator_symbolic
fdbdf50c,equation_symbolic_punct,symbolic_variable_operator_reverse_right_left,abstain,,"-\""",|?|,False,False,False,|\-?|,5,0,0,one_or_more_examples_have_no_matching_split; split_counts=0,v324_variable_operator_symbolic
fdbdf50c,equation_symbolic_punct,symbolic_variable_operator_operator_between_reversed,abstain,,"-\""",|?|,False,False,False,|\-?|,5,0,0,one_or_more_examples_have_no_matching_split; split_counts=0,v324_variable_operator_symbolic
47c1d8f5,equation_symbolic_punct,v274_guarded_numeric_not_numeric_query,abstain,,]%],/`%`,False,False,False,/`#%`,4,0,0,query is not a numeric binary expression,v274_guarded_numeric_postprocessor
47c1d8f5,equation_symbolic_punct,symbolic_char_transducer,abstain,,]%],/`%`,False,False,False,/`#%`,4,0,0,no_global_mapping,v278_symbolic_pbe
47c1d8f5,equation_symbolic_punct,symbolic_delete_selected_chars,abstain,,]%],/`%`,False,False,False,/`#%`,4,0,0,delete_char_sets=; unique_prediction_count=0,v278_symbolic_pbe
47c1d8f5,equation_symbolic_punct,symbolic_keep_selected_chars,abstain,,]%],/`%`,False,False,False,/`#%`,4,0,0,keep_char_sets=; unique_prediction_count=0,v278_symbolic_pbe
47c1d8f5,equation_symbolic_punct,symbolic_prefix_until_marker,abstain,,]%],/`%`,False,False,False,/`#%`,4,0,0,markers=''; unique_prediction_count=0,v278_symbolic_pbe
47c1d8f5,equation_symbolic_punct,symbolic_suffix_after_marker,abstain,,]%],/`%`,False,False,False,/`#%`,4,0,0,markers=''; unique_prediction_count=0,v278_symbolic_pbe
47c1d8f5,equation_symbolic_punct,symbolic_prefix_before_last_marker,abstain,,]%],/`%`,False,False,False,/`#%`,4,0,0,markers=''; unique_prediction_count=0,v278_symbolic_pbe
47c1d8f5,equation_symbolic_punct,symbolic_suffix_after_last_marker,abstain,,]%],/`%`,False,False,False,/`#%`,4,0,0,markers=''; unique_prediction_count=0,v278_symbolic_pbe
47c1d8f5,equation_symbolic_punct,symbolic_remove_first_marker,abstain,,]%],/`%`,False,False,False,/`#%`,4,0,0,markers=''; unique_prediction_count=0,v278_symbolic_pbe
47c1d8f5,equation_symbolic_punct,symbolic_position_template,abstain,,]%],/`%`,False,False,False,/`#%`,4,0,0,nonuniform_rhs_lengths,v278_symbolic_pbe
47c1d8f5,equation_symbolic_punct,symbolic_operator_index_template,abstain,,]%],/`%`,False,False,False,/`#%`,4,0,0,programs=; unique_prediction_count=0,v278_symbolic_pbe
47c1d8f5,equation_symbolic_punct,symbolic_variable_operator_drop_operator,abstain,,]%],/`%`,False,False,False,/`#%`,4,0,0,one_or_more_examples_have_no_matching_split; split_counts=0,v324_variable_operator_symbolic
47c1d8f5,equation_symbolic_punct,symbolic_variable_operator_reverse_drop_operator,abstain,,]%],/`%`,False,False,False,/`#%`,4,0,0,one_or_more_examples_have_no_matching_split; split_counts=0,v324_variable_operator_symbolic
47c1d8f5,equation_symbolic_punct,symbolic_variable_operator_left_only,abstain,,]%],/`%`,False,False,False,/`#%`,4,0,0,one_or_more_examples_have_no_matching_split; split_counts=0,v324_variable_operator_symbolic
47c1d8f5,equation_symbolic_punct,symbolic_variable_operator_right_only,abstain,,]%],/`%`,False,False,False,/`#%`,4,0,0,one_or_more_examples_have_no_matching_split; split_counts=0,v324_variable_operator_symbolic
47c1d8f5,equation_symbolic_punct,symbolic_variable_operator_right_left,abstain,,]%],/`%`,False,False,False,/`#%`,4,0,0,one_or_more_examples_have_no_matching_split; split_counts=0,v324_variable_operator_symbolic
47c1d8f5,equation_symbolic_punct,symbolic_variable_operator_left_reverse_right,abstain,,]%],/`%`,False,False,False,/`#%`,4,0,0,one_or_more_examples_have_no_matching_split; split_counts=0,v324_variable_operator_symbolic
47c1d8f5,equation_symbolic_punct,symbolic_variable_operator_reverse_left_right,abstain,,]%],/`%`,False,False,False,/`#%`,4,0,0,one_or_more_examples_have_no_matching_split; split_counts=0,v324_variable_operator_symbolic
47c1d8f5,equation_symbolic_punct,symbolic_variable_operator_right_reverse_left,abstain,,]%],/`%`,False,False,False,/`#%`,4,0,0,one_or_more_examples_have_no_matching_split; split_counts=0,v324_variable_operator_symbolic
47c1d8f5,equation_symbolic_punct,symbolic_variable_operator_reverse_right_left,abstain,,]%],/`%`,False,False,False,/`#%`,4,0,0,one_or_more_examples_have_no_matching_split; split_counts=0,v324_variable_operator_symbolic
47c1d8f5,equation_symbolic_punct,symbolic_variable_operator_operator_between_reversed,abstain,,]%],/`%`,False,False,False,/`#%`,4,0,0,one_or_more_examples_have_no_matching_split; split_counts=0,v324_variable_operator_symbolic
f9a33aa1,equation_symbolic_punct,v274_guarded_numeric_not_numeric_query,abstain,,/((`,@($/,False,False,False,@(\$/,4,0,0,query is not a numeric binary expression,v274_guarded_numeric_postprocessor
f9a33aa1,equation_symbolic_punct,symbolic_char_transducer,abstain,,/((`,@($/,False,False,False,@(\$/,4,0,0,no_pair_mapping,v278_symbolic_pbe
f9a33aa1,equation_symbolic_punct,symbolic_delete_selected_chars,abstain,,/((`,@($/,False,False,False,@(\$/,4,0,0,delete_char_sets=; unique_prediction_count=0,v278_symbolic_pbe
f9a33aa1,equation_symbolic_punct,symbolic_keep_selected_chars,abstain,,/((`,@($/,False,False,False,@(\$/,4,0,0,keep_char_sets=; unique_prediction_count=0,v278_symbolic_pbe
f9a33aa1,equation_symbolic_punct,symbolic_prefix_until_marker,abstain,,/((`,@($/,False,False,False,@(\$/,4,0,0,markers=''; unique_prediction_count=0,v278_symbolic_pbe
f9a33aa1,equation_symbolic_punct,symbolic_suffix_after_marker,abstain,,/((`,@($/,False,False,False,@(\$/,4,0,0,markers=''; unique_prediction_count=0,v278_symbolic_pbe
f9a33aa1,equation_symbolic_punct,symbolic_prefix_before_last_marker,abstain,,/((`,@($/,False,False,False,@(\$/,4,0,0,markers=''; unique_prediction_count=0,v278_symbolic_pbe
f9a33aa1,equation_symbolic_punct,symbolic_suffix_after_last_marker,abstain,,/((`,@($/,False,False,False,@(\$/,4,0,0,markers=''; unique_prediction_count=0,v278_symbolic_pbe
f9a33aa1,equation_symbolic_punct,symbolic_remove_first_marker,abstain,,/((`,@($/,False,False,False,@(\$/,4,0,0,markers=''; unique_prediction_count=0,v278_symbolic_pbe
f9a33aa1,equation_symbolic_punct,symbolic_position_template,abstain,,/((`,@($/,False,False,False,@(\$/,4,0,0,nonuniform_rhs_lengths,v278_symbolic_pbe
f9a33aa1,equation_symbolic_punct,symbolic_operator_index_template,abstain,,/((`,@($/,False,False,False,@(\$/,4,0,0,programs=; unique_prediction_count=0,v278_symbolic_pbe
f9a33aa1,equation_symbolic_punct,symbolic_variable_operator_drop_operator,abstain,,/((`,@($/,False,False,False,@(\$/,4,0,0,one_or_more_examples_have_no_matching_split; split_counts=0,v324_variable_operator_symbolic
f9a33aa1,equation_symbolic_punct,symbolic_variable_operator_reverse_drop_operator,abstain,,/((`,@($/,False,False,False,@(\$/,4,0,0,one_or_more_examples_have_no_matching_split; split_counts=0,v324_variable_operator_symbolic
f9a33aa1,equation_symbolic_punct,symbolic_variable_operator_left_only,abstain,,/((`,@($/,False,False,False,@(\$/,4,0,0,one_or_more_examples_have_no_matching_split; split_counts=0,v324_variable_operator_symbolic
f9a33aa1,equation_symbolic_punct,symbolic_variable_operator_right_only,abstain,,/((`,@($/,False,False,False,@(\$/,4,0,0,one_or_more_examples_have_no_matching_split; split_counts=0,v324_variable_operator_symbolic
f9a33aa1,equation_symbolic_punct,symbolic_variable_operator_right_left,abstain,,/((`,@($/,False,False,False,@(\$/,4,0,0,one_or_more_examples_have_no_matching_split; split_counts=0,v324_variable_operator_symbolic
f9a33aa1,equation_symbolic_punct,symbolic_variable_operator_left_reverse_right,abstain,,/((`,@($/,False,False,False,@(\$/,4,0,0,one_or_more_examples_have_no_matching_split; split_counts=0,v324_variable_operator_symbolic
f9a33aa1,equation_symbolic_punct,symbolic_variable_operator_reverse_left_right,abstain,,/((`,@($/,False,False,False,@(\$/,4,0,0,one_or_more_examples_have_no_matching_split; split_counts=0,v324_variable_operator_symbolic
f9a33aa1,equation_symbolic_punct,symbolic_variable_operator_right_reverse_left,abstain,,/((`,@($/,False,False,False,@(\$/,4,0,0,one_or_more_examples_have_no_matching_split; split_counts=0,v324_variable_operator_symbolic
f9a33aa1,equation_symbolic_punct,symbolic_variable_operator_reverse_right_left,abstain,,/((`,@($/,False,False,False,@(\$/,4,0,0,one_or_more_examples_have_no_matching_split; split_counts=0,v324_variable_operator_symbolic
f9a33aa1,equation_symbolic_punct,symbolic_variable_operator_operator_between_reversed,abstain,,/((`,@($/,False,False,False,@(\$/,4,0,0,one_or_more_examples_have_no_matching_split; split_counts=0,v324_variable_operator_symbolic
f9799a68,equation_symbolic_punct,v274_guarded_numeric_not_numeric_query,abstain,,&:/?,:^?\,False,False,False,:^*?\,4,0,0,query is not a numeric binary expression,v274_guarded_numeric_postprocessor
f9799a68,equation_symbolic_punct,symbolic_char_transducer,abstain,,&:/?,:^?\,False,False,False,:^*?\,4,0,0,no_global_mapping,v278_symbolic_pbe
f9799a68,equation_symbolic_punct,symbolic_delete_selected_chars,abstain,,&:/?,:^?\,False,False,False,:^*?\,4,0,0,delete_char_sets=; unique_prediction_count=0,v278_symbolic_pbe
f9799a68,equation_symbolic_punct,symbolic_keep_selected_chars,abstain,,&:/?,:^?\,False,False,False,:^*?\,4,0,0,keep_char_sets=; unique_prediction_count=0,v278_symbolic_pbe
f9799a68,equation_symbolic_punct,symbolic_prefix_until_marker,abstain,,&:/?,:^?\,False,False,False,:^*?\,4,0,0,markers=''; unique_prediction_count=0,v278_symbolic_pbe
f9799a68,equation_symbolic_punct,symbolic_suffix_after_marker,abstain,,&:/?,:^?\,False,False,False,:^*?\,4,0,0,markers=''; unique_prediction_count=0,v278_symbolic_pbe
f9799a68,equation_symbolic_punct,symbolic_prefix_before_last_marker,abstain,,&:/?,:^?\,False,False,False,:^*?\,4,0,0,markers=''; unique_prediction_count=0,v278_symbolic_pbe
f9799a68,equation_symbolic_punct,symbolic_suffix_after_last_marker,abstain,,&:/?,:^?\,False,False,False,:^*?\,4,0,0,markers=''; unique_prediction_count=0,v278_symbolic_pbe
f9799a68,equation_symbolic_punct,symbolic_remove_first_marker,abstain,,&:/?,:^?\,False,False,False,:^*?\,4,0,0,markers=''; unique_prediction_count=0,v278_symbolic_pbe
f9799a68,equation_symbolic_punct,symbolic_position_template,abstain,,&:/?,:^?\,False,False,False,:^*?\,4,0,0,nonuniform_rhs_lengths,v278_symbolic_pbe
f9799a68,equation_symbolic_punct,symbolic_operator_index_template,abstain,,&:/?,:^?\,False,False,False,:^*?\,4,0,0,programs=; unique_prediction_count=0,v278_symbolic_pbe
f9799a68,equation_symbolic_punct,symbolic_variable_operator_drop_operator,abstain,,&:/?,:^?\,False,False,False,:^*?\,4,0,0,one_or_more_examples_have_no_matching_split; split_counts=0,v324_variable_operator_symbolic
f9799a68,equation_symbolic_punct,symbolic_variable_operator_reverse_drop_operator,abstain,,&:/?,:^?\,False,False,False,:^*?\,4,0,0,one_or_more_examples_have_no_matching_split; split_counts=0,v324_variable_operator_symbolic
f9799a68,equation_symbolic_punct,symbolic_variable_operator_left_only,abstain,,&:/?,:^?\,False,False,False,:^*?\,4,0,0,one_or_more_examples_have_no_matching_split; split_counts=0,v324_variable_operator_symbolic
f9799a68,equation_symbolic_punct,symbolic_variable_operator_right_only,abstain,,&:/?,:^?\,False,False,False,:^*?\,4,0,0,one_or_more_examples_have_no_matching_split; split_counts=0,v324_variable_operator_symbolic
f9799a68,equation_symbolic_punct,symbolic_variable_operator_right_left,abstain,,&:/?,:^?\,False,False,False,:^*?\,4,0,0,"one_or_more_examples_have_no_matching_split; split_counts=1,0",v324_variable_operator_symbolic
f9799a68,equation_symbolic_punct,symbolic_variable_operator_left_reverse_right,abstain,,&:/?,:^?\,False,False,False,:^*?\,4,0,0,one_or_more_examples_have_no_matching_split; split_counts=0,v324_variable_operator_symbolic
f9799a68,equation_symbolic_punct,symbolic_variable_operator_reverse_left_right,abstain,,&:/?,:^?\,False,False,False,:^*?\,4,0,0,one_or_more_examples_have_no_matching_split; split_counts=0,v324_variable_operator_symbolic
f9799a68,equation_symbolic_punct,symbolic_variable_operator_right_reverse_left,abstain,,&:/?,:^?\,False,False,False,:^*?\,4,0,0,one_or_more_examples_have_no_matching_split; split_counts=0,v324_variable_operator_symbolic
f9799a68,equation_symbolic_punct,symbolic_variable_operator_reverse_right_left,abstain,,&:/?,:^?\,False,False,False,:^*?\,4,0,0,one_or_more_examples_have_no_matching_split; split_counts=0,v324_variable_operator_symbolic
f9799a68,equation_symbolic_punct,symbolic_variable_operator_operator_between_reversed,abstain,,&:/?,:^?\,False,False,False,:^*?\,4,0,0,one_or_more_examples_have_no_matching_split; split_counts=0,v324_variable_operator_symbolic
c24074a8,equation_symbolic_punct,v274_guarded_numeric_not_numeric_query,abstain,,&/,]]]%,False,False,False,]]`]%,5,0,0,query is not a numeric binary expression,v274_guarded_numeric_postprocessor
c24074a8,equation_symbolic_punct,symbolic_char_transducer,abstain,,&/,]]]%,False,False,False,]]`]%,5,0,0,no_global_mapping,v278_symbolic_pbe
c24074a8,equation_symbolic_punct,symbolic_delete_selected_chars,abstain,,&/,]]]%,False,False,False,]]`]%,5,0,0,delete_char_sets=; unique_prediction_count=0,v278_symbolic_pbe
c24074a8,equation_symbolic_punct,symbolic_keep_selected_chars,abstain,,&/,]]]%,False,False,False,]]`]%,5,0,0,keep_char_sets=; unique_prediction_count=0,v278_symbolic_pbe
c24074a8,equation_symbolic_punct,symbolic_prefix_until_marker,abstain,,&/,]]]%,False,False,False,]]`]%,5,0,0,markers=''; unique_prediction_count=0,v278_symbolic_pbe
c24074a8,equation_symbolic_punct,symbolic_suffix_after_marker,abstain,,&/,]]]%,False,False,False,]]`]%,5,0,0,markers=''; unique_prediction_count=0,v278_symbolic_pbe
c24074a8,equation_symbolic_punct,symbolic_prefix_before_last_marker,abstain,,&/,]]]%,False,False,False,]]`]%,5,0,0,markers=''; unique_prediction_count=0,v278_symbolic_pbe
c24074a8,equation_symbolic_punct,symbolic_suffix_after_last_marker,abstain,,&/,]]]%,False,False,False,]]`]%,5,0,0,markers=''; unique_prediction_count=0,v278_symbolic_pbe
c24074a8,equation_symbolic_punct,symbolic_remove_first_marker,abstain,,&/,]]]%,False,False,False,]]`]%,5,0,0,markers=''; unique_prediction_count=0,v278_symbolic_pbe
c24074a8,equation_symbolic_punct,symbolic_position_template,abstain,,&/,]]]%,False,False,False,]]`]%,5,0,0,nonuniform_rhs_lengths,v278_symbolic_pbe
c24074a8,equation_symbolic_punct,symbolic_operator_index_template,abstain,,&/,]]]%,False,False,False,]]`]%,5,0,0,programs=; unique_prediction_count=0,v278_symbolic_pbe
c24074a8,equation_symbolic_punct,symbolic_variable_operator_drop_operator,abstain,,&/,]]]%,False,False,False,]]`]%,5,0,0,one_or_more_examples_have_no_matching_split; split_counts=0,v324_variable_operator_symbolic
c24074a8,equation_symbolic_punct,symbolic_variable_operator_reverse_drop_operator,abstain,,&/,]]]%,False,False,False,]]`]%,5,0,0,one_or_more_examples_have_no_matching_split; split_counts=0,v324_variable_operator_symbolic
c24074a8,equation_symbolic_punct,symbolic_variable_operator_left_only,abstain,,&/,]]]%,False,False,False,]]`]%,5,0,0,one_or_more_examples_have_no_matching_split; split_counts=0,v324_variable_operator_symbolic
c24074a8,equation_symbolic_punct,symbolic_variable_operator_right_only,abstain,,&/,]]]%,False,False,False,]]`]%,5,0,0,one_or_more_examples_have_no_matching_split; split_counts=0,v324_variable_operator_symbolic
c24074a8,equation_symbolic_punct,symbolic_variable_operator_right_left,abstain,,&/,]]]%,False,False,False,]]`]%,5,0,0,one_or_more_examples_have_no_matching_split; split_counts=0,v324_variable_operator_symbolic
c24074a8,equation_symbolic_punct,symbolic_variable_operator_left_reverse_right,abstain,,&/,]]]%,False,False,False,]]`]%,5,0,0,one_or_more_examples_have_no_matching_split; split_counts=0,v324_variable_operator_symbolic
c24074a8,equation_symbolic_punct,symbolic_variable_operator_reverse_left_right,abstain,,&/,]]]%,False,False,False,]]`]%,5,0,0,one_or_more_examples_have_no_matching_split; split_counts=0,v324_variable_operator_symbolic
c24074a8,equation_symbolic_punct,symbolic_variable_operator_right_reverse_left,abstain,,&/,]]]%,False,False,False,]]`]%,5,0,0,one_or_more_examples_have_no_matching_split; split_counts=0,v324_variable_operator_symbolic
c24074a8,equation_symbolic_punct,symbolic_variable_operator_reverse_right_left,abstain,,&/,]]]%,False,False,False,]]`]%,5,0,0,one_or_more_examples_have_no_matching_split; split_counts=0,v324_variable_operator_symbolic
c24074a8,equation_symbolic_punct,symbolic_variable_operator_operator_between_reversed,abstain,,&/,]]]%,False,False,False,]]`]%,5,0,0,one_or_more_examples_have_no_matching_split; split_counts=0,v324_variable_operator_symbolic
893ffb06,equation_symbolic_punct,v274_guarded_numeric_not_numeric_query,abstain,,-@',@``:,False,False,False,@`-`:,4,0,0,query is not a numeric binary expression,v274_guarded_numeric_postprocessor
893ffb06,equation_symbolic_punct,symbolic_char_transducer,abstain,,-@',@``:,False,False,False,@`-`:,4,0,0,no_global_mapping,v278_symbolic_pbe
893ffb06,equation_symbolic_punct,symbolic_delete_selected_chars,abstain,,-@',@``:,False,False,False,@`-`:,4,0,0,delete_char_sets=; unique_prediction_count=0,v278_symbolic_pbe
893ffb06,equation_symbolic_punct,symbolic_keep_selected_chars,abstain,,-@',@``:,False,False,False,@`-`:,4,0,0,keep_char_sets=; unique_prediction_count=0,v278_symbolic_pbe
893ffb06,equation_symbolic_punct,symbolic_prefix_until_marker,abstain,,-@',@``:,False,False,False,@`-`:,4,0,0,markers=''; unique_prediction_count=0,v278_symbolic_pbe
893ffb06,equation_symbolic_punct,symbolic_suffix_after_marker,abstain,,-@',@``:,False,False,False,@`-`:,4,0,0,markers=''; unique_prediction_count=0,v278_symbolic_pbe
893ffb06,equation_symbolic_punct,symbolic_prefix_before_last_marker,abstain,,-@',@``:,False,False,False,@`-`:,4,0,0,markers=''; unique_prediction_count=0,v278_symbolic_pbe
893ffb06,equation_symbolic_punct,symbolic_suffix_after_last_marker,abstain,,-@',@``:,False,False,False,@`-`:,4,0,0,markers=''; unique_prediction_count=0,v278_symbolic_pbe
893ffb06,equation_symbolic_punct,symbolic_remove_first_marker,abstain,,-@',@``:,False,False,False,@`-`:,4,0,0,markers=''; unique_prediction_count=0,v278_symbolic_pbe
893ffb06,equation_symbolic_punct,symbolic_position_template,abstain,,-@',@``:,False,False,False,@`-`:,4,0,0,nonuniform_rhs_lengths,v278_symbolic_pbe
893ffb06,equation_symbolic_punct,symbolic_operator_index_template,abstain,,-@',@``:,False,False,False,@`-`:,4,0,0,programs=; unique_prediction_count=0,v278_symbolic_pbe
893ffb06,equation_symbolic_punct,symbolic_variable_operator_drop_operator,abstain,,-@',@``:,False,False,False,@`-`:,4,0,0,"one_or_more_examples_have_no_matching_split; split_counts=1,0",v324_variable_operator_symbolic
893ffb06,equation_symbolic_punct,symbolic_variable_operator_reverse_drop_operator,abstain,,-@',@``:,False,False,False,@`-`:,4,0,0,one_or_more_examples_have_no_matching_split; split_counts=0,v324_variable_operator_symbolic
893ffb06,equation_symbolic_punct,symbolic_variable_operator_left_only,abstain,,-@',@``:,False,False,False,@`-`:,4,0,0,one_or_more_examples_have_no_matching_split; split_counts=0,v324_variable_operator_symbolic
893ffb06,equation_symbolic_punct,symbolic_variable_operator_right_only,abstain,,-@',@``:,False,False,False,@`-`:,4,0,0,one_or_more_examples_have_no_matching_split; split_counts=0,v324_variable_operator_symbolic
893ffb06,equation_symbolic_punct,symbolic_variable_operator_right_left,abstain,,-@',@``:,False,False,False,@`-`:,4,0,0,one_or_more_examples_have_no_matching_split; split_counts=0,v324_variable_operator_symbolic
893ffb06,equation_symbolic_punct,symbolic_variable_operator_left_reverse_right,abstain,,-@',@``:,False,False,False,@`-`:,4,0,0,one_or_more_examples_have_no_matching_split; split_counts=0,v324_variable_operator_symbolic
893ffb06,equation_symbolic_punct,symbolic_variable_operator_reverse_left_right,abstain,,-@',@``:,False,False,False,@`-`:,4,0,0,"one_or_more_examples_have_no_matching_split; split_counts=1,0",v324_variable_operator_symbolic
893ffb06,equation_symbolic_punct,symbolic_variable_operator_right_reverse_left,abstain,,-@',@``:,False,False,False,@`-`:,4,0,0,one_or_more_examples_have_no_matching_split; split_counts=0,v324_variable_operator_symbolic
893ffb06,equation_symbolic_punct,symbolic_variable_operator_reverse_right_left,abstain,,-@',@``:,False,False,False,@`-`:,4,0,0,one_or_more_examples_have_no_matching_split; split_counts=0,v324_variable_operator_symbolic
893ffb06,equation_symbolic_punct,symbolic_variable_operator_operator_between_reversed,abstain,,-@',@``:,False,False,False,@`-`:,4,0,0,one_or_more_examples_have_no_matching_split; split_counts=0,v324_variable_operator_symbolic
cf4c04c0,equation_symbolic_punct,v274_guarded_numeric_not_numeric_query,abstain,,-[,@|#|,False,False,False,@|-#|,5,0,0,query is not a numeric binary expression,v274_guarded_numeric_postprocessor
cf4c04c0,equation_symbolic_punct,symbolic_char_transducer,abstain,,-[,@|#|,False,False,False,@|-#|,5,0,0,no_pair_mapping,v278_symbolic_pbe
cf4c04c0,equation_symbolic_punct,symbolic_delete_selected_chars,abstain,,-[,@|#|,False,False,False,@|-#|,5,0,0,delete_char_sets=; unique_prediction_count=0,v278_symbolic_pbe
cf4c04c0,equation_symbolic_punct,symbolic_keep_selected_chars,abstain,,-[,@|#|,False,False,False,@|-#|,5,0,0,keep_char_sets=; unique_prediction_count=0,v278_symbolic_pbe
cf4c04c0,equation_symbolic_punct,symbolic_prefix_until_marker,abstain,,-[,@|#|,False,False,False,@|-#|,5,0,0,markers=''; unique_prediction_count=0,v278_symbolic_pbe
cf4c04c0,equation_symbolic_punct,symbolic_suffix_after_marker,abstain,,-[,@|#|,False,False,False,@|-#|,5,0,0,markers=''; unique_prediction_count=0,v278_symbolic_pbe
cf4c04c0,equation_symbolic_punct,symbolic_prefix_before_last_marker,abstain,,-[,@|#|,False,False,False,@|-#|,5,0,0,markers=''; unique_prediction_count=0,v278_symbolic_pbe
cf4c04c0,equation_symbolic_punct,symbolic_suffix_after_last_marker,abstain,,-[,@|#|,False,False,False,@|-#|,5,0,0,markers=''; unique_prediction_count=0,v278_symbolic_pbe
cf4c04c0,equation_symbolic_punct,symbolic_remove_first_marker,abstain,,-[,@|#|,False,False,False,@|-#|,5,0,0,markers=''; unique_prediction_count=0,v278_symbolic_pbe
cf4c04c0,equation_symbolic_punct,symbolic_position_template,abstain,,-[,@|#|,False,False,False,@|-#|,5,0,0,nonuniform_rhs_lengths,v278_symbolic_pbe
cf4c04c0,equation_symbolic_punct,symbolic_operator_index_template,abstain,,-[,@|#|,False,False,False,@|-#|,5,0,0,programs=; unique_prediction_count=0,v278_symbolic_pbe
cf4c04c0,equation_symbolic_punct,symbolic_variable_operator_drop_operator,abstain,,-[,@|#|,False,False,False,@|-#|,5,0,0,one_or_more_examples_have_no_matching_split; split_counts=0,v324_variable_operator_symbolic
cf4c04c0,equation_symbolic_punct,symbolic_variable_operator_reverse_drop_operator,abstain,,-[,@|#|,False,False,False,@|-#|,5,0,0,one_or_more_examples_have_no_matching_split; split_counts=0,v324_variable_operator_symbolic
cf4c04c0,equation_symbolic_punct,symbolic_variable_operator_left_only,abstain,,-[,@|#|,False,False,False,@|-#|,5,0,0,one_or_more_examples_have_no_matching_split; split_counts=0,v324_variable_operator_symbolic
cf4c04c0,equation_symbolic_punct,symbolic_variable_operator_right_only,abstain,,-[,@|#|,False,False,False,@|-#|,5,0,0,one_or_more_examples_have_no_matching_split; split_counts=0,v324_variable_operator_symbolic
cf4c04c0,equation_symbolic_punct,symbolic_variable_operator_right_left,abstain,,-[,@|#|,False,False,False,@|-#|,5,0,0,one_or_more_examples_have_no_matching_split; split_counts=0,v324_variable_operator_symbolic
cf4c04c0,equation_symbolic_punct,symbolic_variable_operator_left_reverse_right,abstain,,-[,@|#|,False,False,False,@|-#|,5,0,0,one_or_more_examples_have_no_matching_split; split_counts=0,v324_variable_operator_symbolic
cf4c04c0,equation_symbolic_punct,symbolic_variable_operator_reverse_left_right,abstain,,-[,@|#|,False,False,False,@|-#|,5,0,0,one_or_more_examples_have_no_matching_split; split_counts=0,v324_variable_operator_symbolic
cf4c04c0,equation_symbolic_punct,symbolic_variable_operator_right_reverse_left,abstain,,-[,@|#|,False,False,False,@|-#|,5,0,0,one_or_more_examples_have_no_matching_split; split_counts=0,v324_variable_operator_symbolic
cf4c04c0,equation_symbolic_punct,symbolic_variable_operator_reverse_right_left,abstain,,-[,@|#|,False,False,False,@|-#|,5,0,0,one_or_more_examples_have_no_matching_split; split_counts=0,v324_variable_operator_symbolic
cf4c04c0,equation_symbolic_punct,symbolic_variable_operator_operator_between_reversed,abstain,,-[,@|#|,False,False,False,@|-#|,5,0,0,one_or_more_examples_have_no_matching_split; split_counts=0,v324_variable_operator_symbolic
8e411cc7,equation_symbolic_punct,v274_guarded_numeric_not_numeric_query,abstain,,]]],$&&,False,False,False,$&!&},4,0,0,query is not a numeric binary expression,v274_guarded_numeric_postprocessor
8e411cc7,equation_symbolic_punct,symbolic_char_transducer,abstain,,]]],$&&,False,False,False,$&!&},4,0,0,no_global_mapping,v278_symbolic_pbe
8e411cc7,equation_symbolic_punct,symbolic_delete_selected_chars,abstain,,]]],$&&,False,False,False,$&!&},4,0,0,delete_char_sets=; unique_prediction_count=0,v278_symbolic_pbe
8e411cc7,equation_symbolic_punct,symbolic_keep_selected_chars,abstain,,]]],$&&,False,False,False,$&!&},4,0,0,keep_char_sets=; unique_prediction_count=0,v278_symbolic_pbe
8e411cc7,equation_symbolic_punct,symbolic_prefix_until_marker,abstain,,]]],$&&,False,False,False,$&!&},4,0,0,markers=''; unique_prediction_count=0,v278_symbolic_pbe
8e411cc7,equation_symbolic_punct,symbolic_suffix_after_marker,abstain,,]]],$&&,False,False,False,$&!&},4,0,0,markers=''; unique_prediction_count=0,v278_symbolic_pbe
8e411cc7,equation_symbolic_punct,symbolic_prefix_before_last_marker,abstain,,]]],$&&,False,False,False,$&!&},4,0,0,markers=''; unique_prediction_count=0,v278_symbolic_pbe
8e411cc7,equation_symbolic_punct,symbolic_suffix_after_last_marker,abstain,,]]],$&&,False,False,False,$&!&},4,0,0,markers=''; unique_prediction_count=0,v278_symbolic_pbe
8e411cc7,equation_symbolic_punct,symbolic_remove_first_marker,abstain,,]]],$&&,False,False,False,$&!&},4,0,0,markers=''; unique_prediction_count=0,v278_symbolic_pbe
8e411cc7,equation_symbolic_punct,symbolic_position_template,abstain,,]]],$&&,False,False,False,$&!&},4,0,0,nonuniform_rhs_lengths,v278_symbolic_pbe
8e411cc7,equation_symbolic_punct,symbolic_operator_index_template,abstain,,]]],$&&,False,False,False,$&!&},4,0,0,programs=; unique_prediction_count=0,v278_symbolic_pbe
8e411cc7,equation_symbolic_punct,symbolic_variable_operator_drop_operator,abstain,,]]],$&&,False,False,False,$&!&},4,0,0,one_or_more_examples_have_no_matching_split; split_counts=0,v324_variable_operator_symbolic
8e411cc7,equation_symbolic_punct,symbolic_variable_operator_reverse_drop_operator,abstain,,]]],$&&,False,False,False,$&!&},4,0,0,one_or_more_examples_have_no_matching_split; split_counts=0,v324_variable_operator_symbolic
8e411cc7,equation_symbolic_punct,symbolic_variable_operator_left_only,abstain,,]]],$&&,False,False,False,$&!&},4,0,0,one_or_more_examples_have_no_matching_split; split_counts=0,v324_variable_operator_symbolic
8e411cc7,equation_symbolic_punct,symbolic_variable_operator_right_only,abstain,,]]],$&&,False,False,False,$&!&},4,0,0,one_or_more_examples_have_no_matching_split; split_counts=0,v324_variable_operator_symbolic
8e411cc7,equation_symbolic_punct,symbolic_variable_operator_right_left,abstain,,]]],$&&,False,False,False,$&!&},4,0,0,one_or_more_examples_have_no_matching_split; split_counts=0,v324_variable_operator_symbolic
8e411cc7,equation_symbolic_punct,symbolic_variable_operator_left_reverse_right,abstain,,]]],$&&,False,False,False,$&!&},4,0,0,one_or_more_examples_have_no_matching_split; split_counts=0,v324_variable_operator_symbolic
8e411cc7,equation_symbolic_punct,symbolic_variable_operator_reverse_left_right,abstain,,]]],$&&,False,False,False,$&!&},4,0,0,one_or_more_examples_have_no_matching_split; split_counts=0,v324_variable_operator_symbolic
8e411cc7,equation_symbolic_punct,symbolic_variable_operator_right_reverse_left,abstain,,]]],$&&,False,False,False,$&!&},4,0,0,one_or_more_examples_have_no_matching_split; split_counts=0,v324_variable_operator_symbolic
8e411cc7,equation_symbolic_punct,symbolic_variable_operator_reverse_right_left,abstain,,]]],$&&,False,False,False,$&!&},4,0,0,one_or_more_examples_have_no_matching_split; split_counts=0,v324_variable_operator_symbolic
8e411cc7,equation_symbolic_punct,symbolic_variable_operator_operator_between_reversed,abstain,,]]],$&&,False,False,False,$&!&},4,0,0,one_or_more_examples_have_no_matching_split; split_counts=0,v324_variable_operator_symbolic
48c25e0e,equation_numeric_operator,v274_guarded_numeric_query_operator_unseen,abstain,,53,32,False,False,False,43&11,3,0,0,query_op='&' not present in examples,v274_guarded_numeric_postprocessor
48c25e0e,equation_numeric_operator,numeric_same_operator_extended,abstain,,53,32,False,False,False,43&11,3,0,0,same_operator_examples=0 below_min=2,v278_numeric_same_operator
48c25e0e,equation_numeric_operator,v299_same_operator_unique_numeric_dsl,abstain,,53,32,False,False,False,43&11,3,0,0,query_op='&' absent from examples,v299_numeric_dsl
48c25e0e,equation_numeric_operator,v299_all_numeric_examples_unique_dsl,abstain,,53,32,False,False,False,43&11,3,0,0,unique_prediction_count=0; candidate_rules=0,v299_numeric_dsl
48c25e0e,equation_numeric_operator,v299_conventional_operator_prior_unique,abstain,,53,32,False,False,False,43&11,3,0,0,unique_prediction_count=0; candidate_rules=0,v299_numeric_dsl
a98d4d53,equation_symbolic_punct,v274_guarded_numeric_not_numeric_query,abstain,,-),!$$[,False,False,False,!$-$[,3,0,0,query is not a numeric binary expression,v274_guarded_numeric_postprocessor
a98d4d53,equation_symbolic_punct,symbolic_char_transducer,abstain,,-),!$$[,False,False,False,!$-$[,3,0,0,no_global_mapping,v278_symbolic_pbe
a98d4d53,equation_symbolic_punct,symbolic_delete_selected_chars,abstain,,-),!$$[,False,False,False,!$-$[,3,0,0,delete_char_sets=; unique_prediction_count=0,v278_symbolic_pbe
a98d4d53,equation_symbolic_punct,symbolic_keep_selected_chars,abstain,,-),!$$[,False,False,False,!$-$[,3,0,0,keep_char_sets=; unique_prediction_count=0,v278_symbolic_pbe
a98d4d53,equation_symbolic_punct,symbolic_prefix_until_marker,abstain,,-),!$$[,False,False,False,!$-$[,3,0,0,markers=''; unique_prediction_count=0,v278_symbolic_pbe
a98d4d53,equation_symbolic_punct,symbolic_suffix_after_marker,abstain,,-),!$$[,False,False,False,!$-$[,3,0,0,markers=''; unique_prediction_count=0,v278_symbolic_pbe
a98d4d53,equation_symbolic_punct,symbolic_prefix_before_last_marker,abstain,,-),!$$[,False,False,False,!$-$[,3,0,0,markers=''; unique_prediction_count=0,v278_symbolic_pbe
a98d4d53,equation_symbolic_punct,symbolic_suffix_after_last_marker,abstain,,-),!$$[,False,False,False,!$-$[,3,0,0,markers=''; unique_prediction_count=0,v278_symbolic_pbe
a98d4d53,equation_symbolic_punct,symbolic_remove_first_marker,abstain,,-),!$$[,False,False,False,!$-$[,3,0,0,markers=''; unique_prediction_count=0,v278_symbolic_pbe
a98d4d53,equation_symbolic_punct,symbolic_position_template,abstain,,-),!$$[,False,False,False,!$-$[,3,0,0,nonuniform_rhs_lengths,v278_symbolic_pbe
a98d4d53,equation_symbolic_punct,symbolic_operator_index_template,abstain,,-),!$$[,False,False,False,!$-$[,3,0,0,programs=; unique_prediction_count=0,v278_symbolic_pbe
a98d4d53,equation_symbolic_punct,symbolic_variable_operator_drop_operator,abstain,,-),!$$[,False,False,False,!$-$[,3,0,0,one_or_more_examples_have_no_matching_split; split_counts=0,v324_variable_operator_symbolic
a98d4d53,equation_symbolic_punct,symbolic_variable_operator_reverse_drop_operator,abstain,,-),!$$[,False,False,False,!$-$[,3,0,0,one_or_more_examples_have_no_matching_split; split_counts=0,v324_variable_operator_symbolic
a98d4d53,equation_symbolic_punct,symbolic_variable_operator_left_only,abstain,,-),!$$[,False,False,False,!$-$[,3,0,0,one_or_more_examples_have_no_matching_split; split_counts=0,v324_variable_operator_symbolic
a98d4d53,equation_symbolic_punct,symbolic_variable_operator_right_only,abstain,,-),!$$[,False,False,False,!$-$[,3,0,0,one_or_more_examples_have_no_matching_split; split_counts=0,v324_variable_operator_symbolic
a98d4d53,equation_symbolic_punct,symbolic_variable_operator_right_left,abstain,,-),!$$[,False,False,False,!$-$[,3,0,0,one_or_more_examples_have_no_matching_split; split_counts=0,v324_variable_operator_symbolic
a98d4d53,equation_symbolic_punct,symbolic_variable_operator_left_reverse_right,abstain,,-),!$$[,False,False,False,!$-$[,3,0,0,one_or_more_examples_have_no_matching_split; split_counts=0,v324_variable_operator_symbolic
a98d4d53,equation_symbolic_punct,symbolic_variable_operator_reverse_left_right,abstain,,-),!$$[,False,False,False,!$-$[,3,0,0,one_or_more_examples_have_no_matching_split; split_counts=0,v324_variable_operator_symbolic
a98d4d53,equation_symbolic_punct,symbolic_variable_operator_right_reverse_left,abstain,,-),!$$[,False,False,False,!$-$[,3,0,0,one_or_more_examples_have_no_matching_split; split_counts=0,v324_variable_operator_symbolic
a98d4d53,equation_symbolic_punct,symbolic_variable_operator_reverse_right_left,abstain,,-),!$$[,False,False,False,!$-$[,3,0,0,one_or_more_examples_have_no_matching_split; split_counts=0,v324_variable_operator_symbolic
a98d4d53,equation_symbolic_punct,symbolic_variable_operator_operator_between_reversed,abstain,,-),!$$[,False,False,False,!$-$[,3,0,0,one_or_more_examples_have_no_matching_split; split_counts=0,v324_variable_operator_symbolic
59733f94,equation_symbolic_punct,v274_guarded_numeric_not_numeric_query,abstain,,/,$/>/,False,False,False,$/->/,5,0,0,query is not a numeric binary expression,v274_guarded_numeric_postprocessor
59733f94,equation_symbolic_punct,symbolic_char_transducer,abstain,,/,$/>/,False,False,False,$/->/,5,0,0,no_global_mapping,v278_symbolic_pbe
59733f94,equation_symbolic_punct,symbolic_delete_selected_chars,abstain,,/,$/>/,False,False,False,$/->/,5,0,0,delete_char_sets=; unique_prediction_count=0,v278_symbolic_pbe
59733f94,equation_symbolic_punct,symbolic_keep_selected_chars,abstain,,/,$/>/,False,False,False,$/->/,5,0,0,keep_char_sets=; unique_prediction_count=0,v278_symbolic_pbe
59733f94,equation_symbolic_punct,symbolic_prefix_until_marker,abstain,,/,$/>/,False,False,False,$/->/,5,0,0,markers=''; unique_prediction_count=0,v278_symbolic_pbe
59733f94,equation_symbolic_punct,symbolic_suffix_after_marker,abstain,,/,$/>/,False,False,False,$/->/,5,0,0,markers=''; unique_prediction_count=0,v278_symbolic_pbe
59733f94,equation_symbolic_punct,symbolic_prefix_before_last_marker,abstain,,/,$/>/,False,False,False,$/->/,5,0,0,markers=''; unique_prediction_count=0,v278_symbolic_pbe
59733f94,equation_symbolic_punct,symbolic_suffix_after_last_marker,abstain,,/,$/>/,False,False,False,$/->/,5,0,0,markers=''; unique_prediction_count=0,v278_symbolic_pbe
59733f94,equation_symbolic_punct,symbolic_remove_first_marker,abstain,,/,$/>/,False,False,False,$/->/,5,0,0,markers=''; unique_prediction_count=0,v278_symbolic_pbe
59733f94,equation_symbolic_punct,symbolic_position_template,abstain,,/,$/>/,False,False,False,$/->/,5,0,0,nonuniform_rhs_lengths,v278_symbolic_pbe
59733f94,equation_symbolic_punct,symbolic_operator_index_template,abstain,,/,$/>/,False,False,False,$/->/,5,0,0,programs=; unique_prediction_count=0,v278_symbolic_pbe
59733f94,equation_symbolic_punct,symbolic_variable_operator_drop_operator,abstain,,/,$/>/,False,False,False,$/->/,5,0,0,one_or_more_examples_have_no_matching_split; split_counts=0,v324_variable_operator_symbolic
59733f94,equation_symbolic_punct,symbolic_variable_operator_reverse_drop_operator,abstain,,/,$/>/,False,False,False,$/->/,5,0,0,one_or_more_examples_have_no_matching_split; split_counts=0,v324_variable_operator_symbolic
59733f94,equation_symbolic_punct,symbolic_variable_operator_left_only,abstain,,/,$/>/,False,False,False,$/->/,5,0,0,one_or_more_examples_have_no_matching_split; split_counts=0,v324_variable_operator_symbolic
59733f94,equation_symbolic_punct,symbolic_variable_operator_right_only,abstain,,/,$/>/,False,False,False,$/->/,5,0,0,one_or_more_examples_have_no_matching_split; split_counts=0,v324_variable_operator_symbolic
59733f94,equation_symbolic_punct,symbolic_variable_operator_right_left,abstain,,/,$/>/,False,False,False,$/->/,5,0,0,one_or_more_examples_have_no_matching_split; split_counts=0,v324_variable_operator_symbolic
59733f94,equation_symbolic_punct,symbolic_variable_operator_left_reverse_right,abstain,,/,$/>/,False,False,False,$/->/,5,0,0,one_or_more_examples_have_no_matching_split; split_counts=0,v324_variable_operator_symbolic
59733f94,equation_symbolic_punct,symbolic_variable_operator_reverse_left_right,abstain,,/,$/>/,False,False,False,$/->/,5,0,0,one_or_more_examples_have_no_matching_split; split_counts=0,v324_variable_operator_symbolic
59733f94,equation_symbolic_punct,symbolic_variable_operator_right_reverse_left,abstain,,/,$/>/,False,False,False,$/->/,5,0,0,one_or_more_examples_have_no_matching_split; split_counts=0,v324_variable_operator_symbolic
59733f94,equation_symbolic_punct,symbolic_variable_operator_reverse_right_left,abstain,,/,$/>/,False,False,False,$/->/,5,0,0,one_or_more_examples_have_no_matching_split; split_counts=0,v324_variable_operator_symbolic
59733f94,equation_symbolic_punct,symbolic_variable_operator_operator_between_reversed,abstain,,/,$/>/,False,False,False,$/->/,5,0,0,one_or_more_examples_have_no_matching_split; split_counts=0,v324_variable_operator_symbolic
9dae880f,equation_symbolic_punct,v274_guarded_numeric_not_numeric_query,abstain,,))[,:<`\,False,False,False,:<}`\,5,0,0,query is not a numeric binary expression,v274_guarded_numeric_postprocessor
9dae880f,equation_symbolic_punct,symbolic_char_transducer,abstain,,))[,:<`\,False,False,False,:<}`\,5,0,0,no_global_mapping,v278_symbolic_pbe
9dae880f,equation_symbolic_punct,symbolic_delete_selected_chars,abstain,,))[,:<`\,False,False,False,:<}`\,5,0,0,delete_char_sets=; unique_prediction_count=0,v278_symbolic_pbe
9dae880f,equation_symbolic_punct,symbolic_keep_selected_chars,abstain,,))[,:<`\,False,False,False,:<}`\,5,0,0,keep_char_sets=; unique_prediction_count=0,v278_symbolic_pbe
9dae880f,equation_symbolic_punct,symbolic_prefix_until_marker,abstain,,))[,:<`\,False,False,False,:<}`\,5,0,0,markers=''; unique_prediction_count=0,v278_symbolic_pbe
9dae880f,equation_symbolic_punct,symbolic_suffix_after_marker,abstain,,))[,:<`\,False,False,False,:<}`\,5,0,0,markers=''; unique_prediction_count=0,v278_symbolic_pbe
9dae880f,equation_symbolic_punct,symbolic_prefix_before_last_marker,abstain,,))[,:<`\,False,False,False,:<}`\,5,0,0,markers=''; unique_prediction_count=0,v278_symbolic_pbe
9dae880f,equation_symbolic_punct,symbolic_suffix_after_last_marker,abstain,,))[,:<`\,False,False,False,:<}`\,5,0,0,markers=''; unique_prediction_count=0,v278_symbolic_pbe
9dae880f,equation_symbolic_punct,symbolic_remove_first_marker,abstain,,))[,:<`\,False,False,False,:<}`\,5,0,0,markers=''; unique_prediction_count=0,v278_symbolic_pbe
9dae880f,equation_symbolic_punct,symbolic_position_template,abstain,,))[,:<`\,False,False,False,:<}`\,5,0,0,nonuniform_rhs_lengths,v278_symbolic_pbe
9dae880f,equation_symbolic_punct,symbolic_operator_index_template,abstain,,))[,:<`\,False,False,False,:<}`\,5,0,0,programs=; unique_prediction_count=0,v278_symbolic_pbe
9dae880f,equation_symbolic_punct,symbolic_variable_operator_drop_operator,abstain,,))[,:<`\,False,False,False,:<}`\,5,0,0,one_or_more_examples_have_no_matching_split; split_counts=0,v324_variable_operator_symbolic
9dae880f,equation_symbolic_punct,symbolic_variable_operator_reverse_drop_operator,abstain,,))[,:<`\,False,False,False,:<}`\,5,0,0,one_or_more_examples_have_no_matching_split; split_counts=0,v324_variable_operator_symbolic
9dae880f,equation_symbolic_punct,symbolic_variable_operator_left_only,abstain,,))[,:<`\,False,False,False,:<}`\,5,0,0,one_or_more_examples_have_no_matching_split; split_counts=0,v324_variable_operator_symbolic
9dae880f,equation_symbolic_punct,symbolic_variable_operator_right_only,abstain,,))[,:<`\,False,False,False,:<}`\,5,0,0,one_or_more_examples_have_no_matching_split; split_counts=0,v324_variable_operator_symbolic
9dae880f,equation_symbolic_punct,symbolic_variable_operator_right_left,abstain,,))[,:<`\,False,False,False,:<}`\,5,0,0,one_or_more_examples_have_no_matching_split; split_counts=0,v324_variable_operator_symbolic
9dae880f,equation_symbolic_punct,symbolic_variable_operator_left_reverse_right,abstain,,))[,:<`\,False,False,False,:<}`\,5,0,0,one_or_more_examples_have_no_matching_split; split_counts=0,v324_variable_operator_symbolic
9dae880f,equation_symbolic_punct,symbolic_variable_operator_reverse_left_right,abstain,,))[,:<`\,False,False,False,:<}`\,5,0,0,one_or_more_examples_have_no_matching_split; split_counts=0,v324_variable_operator_symbolic
9dae880f,equation_symbolic_punct,symbolic_variable_operator_right_reverse_left,abstain,,))[,:<`\,False,False,False,:<}`\,5,0,0,one_or_more_examples_have_no_matching_split; split_counts=0,v324_variable_operator_symbolic
9dae880f,equation_symbolic_punct,symbolic_variable_operator_reverse_right_left,abstain,,))[,:<`\,False,False,False,:<}`\,5,0,0,one_or_more_examples_have_no_matching_split; split_counts=0,v324_variable_operator_symbolic
9dae880f,equation_symbolic_punct,symbolic_variable_operator_operator_between_reversed,abstain,,))[,:<`\,False,False,False,:<}`\,5,0,0,one_or_more_examples_have_no_matching_split; split_counts=0,v324_variable_operator_symbolic
ae6be599,equation_symbolic_punct,v274_guarded_numeric_not_numeric_query,abstain,,#`,$?]$,False,False,False,$?+]$,3,0,0,query is not a numeric binary expression,v274_guarded_numeric_postprocessor
ae6be599,equation_symbolic_punct,symbolic_char_transducer,abstain,,#`,$?]$,False,False,False,$?+]$,3,0,0,no_global_mapping,v278_symbolic_pbe
ae6be599,equation_symbolic_punct,symbolic_delete_selected_chars,abstain,,#`,$?]$,False,False,False,$?+]$,3,0,0,delete_char_sets=; unique_prediction_count=0,v278_symbolic_pbe
ae6be599,equation_symbolic_punct,symbolic_keep_selected_chars,abstain,,#`,$?]$,False,False,False,$?+]$,3,0,0,keep_char_sets=; unique_prediction_count=0,v278_symbolic_pbe
ae6be599,equation_symbolic_punct,symbolic_prefix_until_marker,abstain,,#`,$?]$,False,False,False,$?+]$,3,0,0,markers=''; unique_prediction_count=0,v278_symbolic_pbe
ae6be599,equation_symbolic_punct,symbolic_suffix_after_marker,abstain,,#`,$?]$,False,False,False,$?+]$,3,0,0,markers=''; unique_prediction_count=0,v278_symbolic_pbe
ae6be599,equation_symbolic_punct,symbolic_prefix_before_last_marker,abstain,,#`,$?]$,False,False,False,$?+]$,3,0,0,markers=''; unique_prediction_count=0,v278_symbolic_pbe
ae6be599,equation_symbolic_punct,symbolic_suffix_after_last_marker,abstain,,#`,$?]$,False,False,False,$?+]$,3,0,0,markers=''; unique_prediction_count=0,v278_symbolic_pbe
ae6be599,equation_symbolic_punct,symbolic_remove_first_marker,abstain,,#`,$?]$,False,False,False,$?+]$,3,0,0,markers=''; unique_prediction_count=0,v278_symbolic_pbe
ae6be599,equation_symbolic_punct,symbolic_position_template,abstain,,#`,$?]$,False,False,False,$?+]$,3,0,0,nonuniform_rhs_lengths,v278_symbolic_pbe
ae6be599,equation_symbolic_punct,symbolic_operator_index_template,abstain,,#`,$?]$,False,False,False,$?+]$,3,0,0,programs=; unique_prediction_count=0,v278_symbolic_pbe
ae6be599,equation_symbolic_punct,symbolic_variable_operator_drop_operator,abstain,,#`,$?]$,False,False,False,$?+]$,3,0,0,"one_or_more_examples_have_no_matching_split; split_counts=1,0",v324_variable_operator_symbolic
ae6be599,equation_symbolic_punct,symbolic_variable_operator_reverse_drop_operator,abstain,,#`,$?]$,False,False,False,$?+]$,3,0,0,one_or_more_examples_have_no_matching_split; split_counts=0,v324_variable_operator_symbolic
ae6be599,equation_symbolic_punct,symbolic_variable_operator_left_only,abstain,,#`,$?]$,False,False,False,$?+]$,3,0,0,one_or_more_examples_have_no_matching_split; split_counts=0,v324_variable_operator_symbolic
ae6be599,equation_symbolic_punct,symbolic_variable_operator_right_only,abstain,,#`,$?]$,False,False,False,$?+]$,3,0,0,one_or_more_examples_have_no_matching_split; split_counts=0,v324_variable_operator_symbolic
ae6be599,equation_symbolic_punct,symbolic_variable_operator_right_left,abstain,,#`,$?]$,False,False,False,$?+]$,3,0,0,one_or_more_examples_have_no_matching_split; split_counts=0,v324_variable_operator_symbolic
ae6be599,equation_symbolic_punct,symbolic_variable_operator_left_reverse_right,abstain,,#`,$?]$,False,False,False,$?+]$,3,0,0,one_or_more_examples_have_no_matching_split; split_counts=0,v324_variable_operator_symbolic
ae6be599,equation_symbolic_punct,symbolic_variable_operator_reverse_left_right,abstain,,#`,$?]$,False,False,False,$?+]$,3,0,0,one_or_more_examples_have_no_matching_split; split_counts=0,v324_variable_operator_symbolic
ae6be599,equation_symbolic_punct,symbolic_variable_operator_right_reverse_left,abstain,,#`,$?]$,False,False,False,$?+]$,3,0,0,one_or_more_examples_have_no_matching_split; split_counts=0,v324_variable_operator_symbolic
ae6be599,equation_symbolic_punct,symbolic_variable_operator_reverse_right_left,abstain,,#`,$?]$,False,False,False,$?+]$,3,0,0,one_or_more_examples_have_no_matching_split; split_counts=0,v324_variable_operator_symbolic
ae6be599,equation_symbolic_punct,symbolic_variable_operator_operator_between_reversed,abstain,,#`,$?]$,False,False,False,$?+]$,3,0,0,one_or_more_examples_have_no_matching_split; split_counts=0,v324_variable_operator_symbolic
8494aad3,equation_symbolic_punct,v274_guarded_numeric_not_numeric_query,abstain,,"""`#&","])<""",False,False,False,"])*<""",4,0,0,query is not a numeric binary expression,v274_guarded_numeric_postprocessor
8494aad3,equation_symbolic_punct,symbolic_char_transducer,abstain,,"""`#&","])<""",False,False,False,"])*<""",4,0,0,no_pair_mapping,v278_symbolic_pbe
8494aad3,equation_symbolic_punct,symbolic_delete_selected_chars,abstain,,"""`#&","])<""",False,False,False,"])*<""",4,0,0,delete_char_sets=; unique_prediction_count=0,v278_symbolic_pbe
8494aad3,equation_symbolic_punct,symbolic_keep_selected_chars,abstain,,"""`#&","])<""",False,False,False,"])*<""",4,0,0,keep_char_sets=; unique_prediction_count=0,v278_symbolic_pbe
8494aad3,equation_symbolic_punct,symbolic_prefix_until_marker,abstain,,"""`#&","])<""",False,False,False,"])*<""",4,0,0,markers=''; unique_prediction_count=0,v278_symbolic_pbe
8494aad3,equation_symbolic_punct,symbolic_suffix_after_marker,abstain,,"""`#&","])<""",False,False,False,"])*<""",4,0,0,markers=''; unique_prediction_count=0,v278_symbolic_pbe
8494aad3,equation_symbolic_punct,symbolic_prefix_before_last_marker,abstain,,"""`#&","])<""",False,False,False,"])*<""",4,0,0,markers=''; unique_prediction_count=0,v278_symbolic_pbe
8494aad3,equation_symbolic_punct,symbolic_suffix_after_last_marker,abstain,,"""`#&","])<""",False,False,False,"])*<""",4,0,0,markers=''; unique_prediction_count=0,v278_symbolic_pbe
8494aad3,equation_symbolic_punct,symbolic_remove_first_marker,abstain,,"""`#&","])<""",False,False,False,"])*<""",4,0,0,markers=''; unique_prediction_count=0,v278_symbolic_pbe
8494aad3,equation_symbolic_punct,symbolic_position_template,abstain,,"""`#&","])<""",False,False,False,"])*<""",4,0,0,no_source_for_output_index=0,v278_symbolic_pbe
8494aad3,equation_symbolic_punct,symbolic_operator_index_template,abstain,,"""`#&","])<""",False,False,False,"])*<""",4,0,0,programs=; unique_prediction_count=0,v278_symbolic_pbe
8494aad3,equation_symbolic_punct,symbolic_variable_operator_drop_operator,abstain,,"""`#&","])<""",False,False,False,"])*<""",4,0,0,one_or_more_examples_have_no_matching_split; split_counts=0,v324_variable_operator_symbolic
8494aad3,equation_symbolic_punct,symbolic_variable_operator_reverse_drop_operator,abstain,,"""`#&","])<""",False,False,False,"])*<""",4,0,0,one_or_more_examples_have_no_matching_split; split_counts=0,v324_variable_operator_symbolic
8494aad3,equation_symbolic_punct,symbolic_variable_operator_left_only,abstain,,"""`#&","])<""",False,False,False,"])*<""",4,0,0,one_or_more_examples_have_no_matching_split; split_counts=0,v324_variable_operator_symbolic
8494aad3,equation_symbolic_punct,symbolic_variable_operator_right_only,abstain,,"""`#&","])<""",False,False,False,"])*<""",4,0,0,one_or_more_examples_have_no_matching_split; split_counts=0,v324_variable_operator_symbolic
8494aad3,equation_symbolic_punct,symbolic_variable_operator_right_left,abstain,,"""`#&","])<""",False,False,False,"])*<""",4,0,0,one_or_more_examples_have_no_matching_split; split_counts=0,v324_variable_operator_symbolic
8494aad3,equation_symbolic_punct,symbolic_variable_operator_left_reverse_right,abstain,,"""`#&","])<""",False,False,False,"])*<""",4,0,0,one_or_more_examples_have_no_matching_split; split_counts=0,v324_variable_operator_symbolic
8494aad3,equation_symbolic_punct,symbolic_variable_operator_reverse_left_right,abstain,,"""`#&","])<""",False,False,False,"])*<""",4,0,0,one_or_more_examples_have_no_matching_split; split_counts=0,v324_variable_operator_symbolic
8494aad3,equation_symbolic_punct,symbolic_variable_operator_right_reverse_left,abstain,,"""`#&","])<""",False,False,False,"])*<""",4,0,0,one_or_more_examples_have_no_matching_split; split_counts=0,v324_variable_operator_symbolic
8494aad3,equation_symbolic_punct,symbolic_variable_operator_reverse_right_left,abstain,,"""`#&","])<""",False,False,False,"])*<""",4,0,0,one_or_more_examples_have_no_matching_split; split_counts=0,v324_variable_operator_symbolic
8494aad3,equation_symbolic_punct,symbolic_variable_operator_operator_between_reversed,abstain,,"""`#&","])<""",False,False,False,"])*<""",4,0,0,one_or_more_examples_have_no_matching_split; split_counts=0,v324_variable_operator_symbolic
e3890bf7,equation_symbolic_punct,v274_guarded_numeric_not_numeric_query,abstain,,{@%],(^@{,False,False,False,(^*{@,3,0,0,query is not a numeric binary expression,v274_guarded_numeric_postprocessor
e3890bf7,equation_symbolic_punct,symbolic_char_transducer,abstain,,{@%],(^@{,False,False,False,(^*{@,3,0,0,no_global_mapping,v278_symbolic_pbe
e3890bf7,equation_symbolic_punct,symbolic_delete_selected_chars,abstain,,{@%],(^@{,False,False,False,(^*{@,3,0,0,delete_char_sets=; unique_prediction_count=0,v278_symbolic_pbe
e3890bf7,equation_symbolic_punct,symbolic_keep_selected_chars,abstain,,{@%],(^@{,False,False,False,(^*{@,3,0,0,keep_char_sets=; unique_prediction_count=0,v278_symbolic_pbe
e3890bf7,equation_symbolic_punct,symbolic_prefix_until_marker,abstain,,{@%],(^@{,False,False,False,(^*{@,3,0,0,markers=''; unique_prediction_count=0,v278_symbolic_pbe
e3890bf7,equation_symbolic_punct,symbolic_suffix_after_marker,abstain,,{@%],(^@{,False,False,False,(^*{@,3,0,0,markers=''; unique_prediction_count=0,v278_symbolic_pbe
e3890bf7,equation_symbolic_punct,symbolic_prefix_before_last_marker,abstain,,{@%],(^@{,False,False,False,(^*{@,3,0,0,markers=''; unique_prediction_count=0,v278_symbolic_pbe
e3890bf7,equation_symbolic_punct,symbolic_suffix_after_last_marker,abstain,,{@%],(^@{,False,False,False,(^*{@,3,0,0,markers=''; unique_prediction_count=0,v278_symbolic_pbe
e3890bf7,equation_symbolic_punct,symbolic_remove_first_marker,abstain,,{@%],(^@{,False,False,False,(^*{@,3,0,0,markers=''; unique_prediction_count=0,v278_symbolic_pbe
e3890bf7,equation_symbolic_punct,symbolic_position_template,abstain,,{@%],(^@{,False,False,False,(^*{@,3,0,0,nonuniform_rhs_lengths,v278_symbolic_pbe
e3890bf7,equation_symbolic_punct,symbolic_operator_index_template,abstain,,{@%],(^@{,False,False,False,(^*{@,3,0,0,programs=; unique_prediction_count=0,v278_symbolic_pbe
e3890bf7,equation_symbolic_punct,symbolic_variable_operator_drop_operator,abstain,,{@%],(^@{,False,False,False,(^*{@,3,0,0,one_or_more_examples_have_no_matching_split; split_counts=0,v324_variable_operator_symbolic
e3890bf7,equation_symbolic_punct,symbolic_variable_operator_reverse_drop_operator,abstain,,{@%],(^@{,False,False,False,(^*{@,3,0,0,one_or_more_examples_have_no_matching_split; split_counts=0,v324_variable_operator_symbolic
e3890bf7,equation_symbolic_punct,symbolic_variable_operator_left_only,abstain,,{@%],(^@{,False,False,False,(^*{@,3,0,0,one_or_more_examples_have_no_matching_split; split_counts=0,v324_variable_operator_symbolic
e3890bf7,equation_symbolic_punct,symbolic_variable_operator_right_only,abstain,,{@%],(^@{,False,False,False,(^*{@,3,0,0,one_or_more_examples_have_no_matching_split; split_counts=0,v324_variable_operator_symbolic
e3890bf7,equation_symbolic_punct,symbolic_variable_operator_right_left,abstain,,{@%],(^@{,False,False,False,(^*{@,3,0,0,one_or_more_examples_have_no_matching_split; split_counts=0,v324_variable_operator_symbolic
e3890bf7,equation_symbolic_punct,symbolic_variable_operator_left_reverse_right,abstain,,{@%],(^@{,False,False,False,(^*{@,3,0,0,one_or_more_examples_have_no_matching_split; split_counts=0,v324_variable_operator_symbolic
e3890bf7,equation_symbolic_punct,symbolic_variable_operator_reverse_left_right,abstain,,{@%],(^@{,False,False,False,(^*{@,3,0,0,one_or_more_examples_have_no_matching_split; split_counts=0,v324_variable_operator_symbolic
e3890bf7,equation_symbolic_punct,symbolic_variable_operator_right_reverse_left,abstain,,{@%],(^@{,False,False,False,(^*{@,3,0,0,one_or_more_examples_have_no_matching_split; split_counts=0,v324_variable_operator_symbolic
e3890bf7,equation_symbolic_punct,symbolic_variable_operator_reverse_right_left,abstain,,{@%],(^@{,False,False,False,(^*{@,3,0,0,one_or_more_examples_have_no_matching_split; split_counts=0,v324_variable_operator_symbolic
e3890bf7,equation_symbolic_punct,symbolic_variable_operator_operator_between_reversed,abstain,,{@%],(^@{,False,False,False,(^*{@,3,0,0,one_or_more_examples_have_no_matching_split; split_counts=0,v324_variable_operator_symbolic
d29e19a4,equation_symbolic_punct,v274_guarded_numeric_not_numeric_query,abstain,,?|,|''>,False,False,False,|'$>',4,0,0,query is not a numeric binary expression,v274_guarded_numeric_postprocessor
d29e19a4,equation_symbolic_punct,symbolic_char_transducer,abstain,,?|,|''>,False,False,False,|'$>',4,0,0,no_global_mapping,v278_symbolic_pbe
d29e19a4,equation_symbolic_punct,symbolic_delete_selected_chars,abstain,,?|,|''>,False,False,False,|'$>',4,0,0,delete_char_sets=; unique_prediction_count=0,v278_symbolic_pbe
d29e19a4,equation_symbolic_punct,symbolic_keep_selected_chars,abstain,,?|,|''>,False,False,False,|'$>',4,0,0,keep_char_sets=; unique_prediction_count=0,v278_symbolic_pbe
d29e19a4,equation_symbolic_punct,symbolic_prefix_until_marker,abstain,,?|,|''>,False,False,False,|'$>',4,0,0,markers=''; unique_prediction_count=0,v278_symbolic_pbe
d29e19a4,equation_symbolic_punct,symbolic_suffix_after_marker,abstain,,?|,|''>,False,False,False,|'$>',4,0,0,markers=''; unique_prediction_count=0,v278_symbolic_pbe
d29e19a4,equation_symbolic_punct,symbolic_prefix_before_last_marker,abstain,,?|,|''>,False,False,False,|'$>',4,0,0,markers=''; unique_prediction_count=0,v278_symbolic_pbe
d29e19a4,equation_symbolic_punct,symbolic_suffix_after_last_marker,abstain,,?|,|''>,False,False,False,|'$>',4,0,0,markers=''; unique_prediction_count=0,v278_symbolic_pbe
d29e19a4,equation_symbolic_punct,symbolic_remove_first_marker,abstain,,?|,|''>,False,False,False,|'$>',4,0,0,markers=''; unique_prediction_count=0,v278_symbolic_pbe
d29e19a4,equation_symbolic_punct,symbolic_position_template,abstain,,?|,|''>,False,False,False,|'$>',4,0,0,nonuniform_rhs_lengths,v278_symbolic_pbe
d29e19a4,equation_symbolic_punct,symbolic_operator_index_template,abstain,,?|,|''>,False,False,False,|'$>',4,0,0,programs=; unique_prediction_count=0,v278_symbolic_pbe
d29e19a4,equation_symbolic_punct,symbolic_variable_operator_drop_operator,abstain,,?|,|''>,False,False,False,|'$>',4,0,0,one_or_more_examples_have_no_matching_split; split_counts=0,v324_variable_operator_symbolic
d29e19a4,equation_symbolic_punct,symbolic_variable_operator_reverse_drop_operator,abstain,,?|,|''>,False,False,False,|'$>',4,0,0,one_or_more_examples_have_no_matching_split; split_counts=0,v324_variable_operator_symbolic
d29e19a4,equation_symbolic_punct,symbolic_variable_operator_left_only,abstain,,?|,|''>,False,False,False,|'$>',4,0,0,one_or_more_examples_have_no_matching_split; split_counts=0,v324_variable_operator_symbolic
d29e19a4,equation_symbolic_punct,symbolic_variable_operator_right_only,abstain,,?|,|''>,False,False,False,|'$>',4,0,0,one_or_more_examples_have_no_matching_split; split_counts=0,v324_variable_operator_symbolic
d29e19a4,equation_symbolic_punct,symbolic_variable_operator_right_left,abstain,,?|,|''>,False,False,False,|'$>',4,0,0,one_or_more_examples_have_no_matching_split; split_counts=0,v324_variable_operator_symbolic
d29e19a4,equation_symbolic_punct,symbolic_variable_operator_left_reverse_right,abstain,,?|,|''>,False,False,False,|'$>',4,0,0,one_or_more_examples_have_no_matching_split; split_counts=0,v324_variable_operator_symbolic
d29e19a4,equation_symbolic_punct,symbolic_variable_operator_reverse_left_right,abstain,,?|,|''>,False,False,False,|'$>',4,0,0,one_or_more_examples_have_no_matching_split; split_counts=0,v324_variable_operator_symbolic
d29e19a4,equation_symbolic_punct,symbolic_variable_operator_right_reverse_left,abstain,,?|,|''>,False,False,False,|'$>',4,0,0,one_or_more_examples_have_no_matching_split; split_counts=0,v324_variable_operator_symbolic
d29e19a4,equation_symbolic_punct,symbolic_variable_operator_reverse_right_left,abstain,,?|,|''>,False,False,False,|'$>',4,0,0,one_or_more_examples_have_no_matching_split; split_counts=0,v324_variable_operator_symbolic
d29e19a4,equation_symbolic_punct,symbolic_variable_operator_operator_between_reversed,abstain,,?|,|''>,False,False,False,|'$>',4,0,0,one_or_more_examples_have_no_matching_split; split_counts=0,v324_variable_operator_symbolic
b06625c4,equation_symbolic_punct,v274_guarded_numeric_not_numeric_query,abstain,,^&/,"""$ $]""",False,False,False,"""$*$]",4,0,0,query is not a numeric binary expression,v274_guarded_numeric_postprocessor
b06625c4,equation_symbolic_punct,symbolic_char_transducer,abstain,,^&/,"""$ $]""",False,False,False,"""$*$]",4,0,0,no_pair_mapping,v278_symbolic_pbe
b06625c4,equation_symbolic_punct,symbolic_delete_selected_chars,abstain,,^&/,"""$ $]""",False,False,False,"""$*$]",4,0,0,delete_char_sets=; unique_prediction_count=0,v278_symbolic_pbe
b06625c4,equation_symbolic_punct,symbolic_keep_selected_chars,abstain,,^&/,"""$ $]""",False,False,False,"""$*$]",4,0,0,keep_char_sets=; unique_prediction_count=0,v278_symbolic_pbe
b06625c4,equation_symbolic_punct,symbolic_prefix_until_marker,abstain,,^&/,"""$ $]""",False,False,False,"""$*$]",4,0,0,markers=''; unique_prediction_count=0,v278_symbolic_pbe
b06625c4,equation_symbolic_punct,symbolic_suffix_after_marker,abstain,,^&/,"""$ $]""",False,False,False,"""$*$]",4,0,0,markers=''; unique_prediction_count=0,v278_symbolic_pbe
b06625c4,equation_symbolic_punct,symbolic_prefix_before_last_marker,abstain,,^&/,"""$ $]""",False,False,False,"""$*$]",4,0,0,markers=''; unique_prediction_count=0,v278_symbolic_pbe
b06625c4,equation_symbolic_punct,symbolic_suffix_after_last_marker,abstain,,^&/,"""$ $]""",False,False,False,"""$*$]",4,0,0,markers=''; unique_prediction_count=0,v278_symbolic_pbe
b06625c4,equation_symbolic_punct,symbolic_remove_first_marker,abstain,,^&/,"""$ $]""",False,False,False,"""$*$]",4,0,0,markers=''; unique_prediction_count=0,v278_symbolic_pbe
b06625c4,equation_symbolic_punct,symbolic_position_template,abstain,,^&/,"""$ $]""",False,False,False,"""$*$]",4,0,0,nonuniform_rhs_lengths,v278_symbolic_pbe
b06625c4,equation_symbolic_punct,symbolic_operator_index_template,abstain,,^&/,"""$ $]""",False,False,False,"""$*$]",4,0,0,programs=; unique_prediction_count=0,v278_symbolic_pbe
b06625c4,equation_symbolic_punct,symbolic_variable_operator_drop_operator,abstain,,^&/,"""$ $]""",False,False,False,"""$*$]",4,0,0,one_or_more_examples_have_no_matching_split; split_counts=0,v324_variable_operator_symbolic
b06625c4,equation_symbolic_punct,symbolic_variable_operator_reverse_drop_operator,abstain,,^&/,"""$ $]""",False,False,False,"""$*$]",4,0,0,one_or_more_examples_have_no_matching_split; split_counts=0,v324_variable_operator_symbolic
b06625c4,equation_symbolic_punct,symbolic_variable_operator_left_only,abstain,,^&/,"""$ $]""",False,False,False,"""$*$]",4,0,0,one_or_more_examples_have_no_matching_split; split_counts=0,v324_variable_operator_symbolic
b06625c4,equation_symbolic_punct,symbolic_variable_operator_right_only,abstain,,^&/,"""$ $]""",False,False,False,"""$*$]",4,0,0,one_or_more_examples_have_no_matching_split; split_counts=0,v324_variable_operator_symbolic
b06625c4,equation_symbolic_punct,symbolic_variable_operator_right_left,abstain,,^&/,"""$ $]""",False,False,False,"""$*$]",4,0,0,one_or_more_examples_have_no_matching_split; split_counts=0,v324_variable_operator_symbolic
b06625c4,equation_symbolic_punct,symbolic_variable_operator_left_reverse_right,abstain,,^&/,"""$ $]""",False,False,False,"""$*$]",4,0,0,one_or_more_examples_have_no_matching_split; split_counts=0,v324_variable_operator_symbolic
b06625c4,equation_symbolic_punct,symbolic_variable_operator_reverse_left_right,abstain,,^&/,"""$ $]""",False,False,False,"""$*$]",4,0,0,one_or_more_examples_have_no_matching_split; split_counts=0,v324_variable_operator_symbolic
b06625c4,equation_symbolic_punct,symbolic_variable_operator_right_reverse_left,abstain,,^&/,"""$ $]""",False,False,False,"""$*$]",4,0,0,one_or_more_examples_have_no_matching_split; split_counts=0,v324_variable_operator_symbolic
b06625c4,equation_symbolic_punct,symbolic_variable_operator_reverse_right_left,abstain,,^&/,"""$ $]""",False,False,False,"""$*$]",4,0,0,one_or_more_examples_have_no_matching_split; split_counts=0,v324_variable_operator_symbolic
b06625c4,equation_symbolic_punct,symbolic_variable_operator_operator_between_reversed,abstain,,^&/,"""$ $]""",False,False,False,"""$*$]",4,0,0,one_or_more_examples_have_no_matching_split; split_counts=0,v324_variable_operator_symbolic
52be4988,equation_symbolic_punct,v274_guarded_numeric_not_numeric_query,abstain,,'!,&&&`,False,False,False,&&+&`,5,0,0,query is not a numeric binary expression,v274_guarded_numeric_postprocessor
52be4988,equation_symbolic_punct,symbolic_char_transducer,abstain,,'!,&&&`,False,False,False,&&+&`,5,0,0,no_global_mapping,v278_symbolic_pbe
52be4988,equation_symbolic_punct,symbolic_delete_selected_chars,abstain,,'!,&&&`,False,False,False,&&+&`,5,0,0,delete_char_sets=; unique_prediction_count=0,v278_symbolic_pbe
52be4988,equation_symbolic_punct,symbolic_keep_selected_chars,abstain,,'!,&&&`,False,False,False,&&+&`,5,0,0,keep_char_sets=; unique_prediction_count=0,v278_symbolic_pbe
52be4988,equation_symbolic_punct,symbolic_prefix_until_marker,abstain,,'!,&&&`,False,False,False,&&+&`,5,0,0,markers=''; unique_prediction_count=0,v278_symbolic_pbe
52be4988,equation_symbolic_punct,symbolic_suffix_after_marker,abstain,,'!,&&&`,False,False,False,&&+&`,5,0,0,markers=''; unique_prediction_count=0,v278_symbolic_pbe
52be4988,equation_symbolic_punct,symbolic_prefix_before_last_marker,abstain,,'!,&&&`,False,False,False,&&+&`,5,0,0,markers=''; unique_prediction_count=0,v278_symbolic_pbe
52be4988,equation_symbolic_punct,symbolic_suffix_after_last_marker,abstain,,'!,&&&`,False,False,False,&&+&`,5,0,0,markers=''; unique_prediction_count=0,v278_symbolic_pbe
52be4988,equation_symbolic_punct,symbolic_remove_first_marker,abstain,,'!,&&&`,False,False,False,&&+&`,5,0,0,markers=''; unique_prediction_count=0,v278_symbolic_pbe
52be4988,equation_symbolic_punct,symbolic_position_template,abstain,,'!,&&&`,False,False,False,&&+&`,5,0,0,nonuniform_rhs_lengths,v278_symbolic_pbe
52be4988,equation_symbolic_punct,symbolic_operator_index_template,abstain,,'!,&&&`,False,False,False,&&+&`,5,0,0,programs=; unique_prediction_count=0,v278_symbolic_pbe
52be4988,equation_symbolic_punct,symbolic_variable_operator_drop_operator,abstain,,'!,&&&`,False,False,False,&&+&`,5,0,0,one_or_more_examples_have_no_matching_split; split_counts=0,v324_variable_operator_symbolic
52be4988,equation_symbolic_punct,symbolic_variable_operator_reverse_drop_operator,abstain,,'!,&&&`,False,False,False,&&+&`,5,0,0,one_or_more_examples_have_no_matching_split; split_counts=0,v324_variable_operator_symbolic
52be4988,equation_symbolic_punct,symbolic_variable_operator_left_only,abstain,,'!,&&&`,False,False,False,&&+&`,5,0,0,one_or_more_examples_have_no_matching_split; split_counts=0,v324_variable_operator_symbolic
52be4988,equation_symbolic_punct,symbolic_variable_operator_right_only,abstain,,'!,&&&`,False,False,False,&&+&`,5,0,0,one_or_more_examples_have_no_matching_split; split_counts=0,v324_variable_operator_symbolic
52be4988,equation_symbolic_punct,symbolic_variable_operator_right_left,abstain,,'!,&&&`,False,False,False,&&+&`,5,0,0,one_or_more_examples_have_no_matching_split; split_counts=0,v324_variable_operator_symbolic
52be4988,equation_symbolic_punct,symbolic_variable_operator_left_reverse_right,abstain,,'!,&&&`,False,False,False,&&+&`,5,0,0,one_or_more_examples_have_no_matching_split; split_counts=0,v324_variable_operator_symbolic
52be4988,equation_symbolic_punct,symbolic_variable_operator_reverse_left_right,abstain,,'!,&&&`,False,False,False,&&+&`,5,0,0,one_or_more_examples_have_no_matching_split; split_counts=0,v324_variable_operator_symbolic
52be4988,equation_symbolic_punct,symbolic_variable_operator_right_reverse_left,abstain,,'!,&&&`,False,False,False,&&+&`,5,0,0,one_or_more_examples_have_no_matching_split; split_counts=0,v324_variable_operator_symbolic
52be4988,equation_symbolic_punct,symbolic_variable_operator_reverse_right_left,abstain,,'!,&&&`,False,False,False,&&+&`,5,0,0,one_or_more_examples_have_no_matching_split; split_counts=0,v324_variable_operator_symbolic
52be4988,equation_symbolic_punct,symbolic_variable_operator_operator_between_reversed,abstain,,'!,&&&`,False,False,False,&&+&`,5,0,0,one_or_more_examples_have_no_matching_split; split_counts=0,v324_variable_operator_symbolic
99d6a3b5,equation_symbolic_punct,v274_guarded_numeric_not_numeric_query,abstain,,?()<,(<)),False,False,False,(<%)),4,0,0,query is not a numeric binary expression,v274_guarded_numeric_postprocessor
99d6a3b5,equation_symbolic_punct,symbolic_char_transducer,abstain,,?()<,(<)),False,False,False,(<%)),4,0,0,no_pair_mapping,v278_symbolic_pbe
99d6a3b5,equation_symbolic_punct,symbolic_delete_selected_chars,abstain,,?()<,(<)),False,False,False,(<%)),4,0,0,delete_char_sets=; unique_prediction_count=0,v278_symbolic_pbe
99d6a3b5,equation_symbolic_punct,symbolic_keep_selected_chars,abstain,,?()<,(<)),False,False,False,(<%)),4,0,0,keep_char_sets=; unique_prediction_count=0,v278_symbolic_pbe
99d6a3b5,equation_symbolic_punct,symbolic_prefix_until_marker,abstain,,?()<,(<)),False,False,False,(<%)),4,0,0,markers=''; unique_prediction_count=0,v278_symbolic_pbe
99d6a3b5,equation_symbolic_punct,symbolic_suffix_after_marker,abstain,,?()<,(<)),False,False,False,(<%)),4,0,0,markers=''; unique_prediction_count=0,v278_symbolic_pbe
99d6a3b5,equation_symbolic_punct,symbolic_prefix_before_last_marker,abstain,,?()<,(<)),False,False,False,(<%)),4,0,0,markers=''; unique_prediction_count=0,v278_symbolic_pbe
99d6a3b5,equation_symbolic_punct,symbolic_suffix_after_last_marker,abstain,,?()<,(<)),False,False,False,(<%)),4,0,0,markers=''; unique_prediction_count=0,v278_symbolic_pbe
99d6a3b5,equation_symbolic_punct,symbolic_remove_first_marker,abstain,,?()<,(<)),False,False,False,(<%)),4,0,0,markers=''; unique_prediction_count=0,v278_symbolic_pbe
99d6a3b5,equation_symbolic_punct,symbolic_position_template,abstain,,?()<,(<)),False,False,False,(<%)),4,0,0,nonuniform_rhs_lengths,v278_symbolic_pbe
99d6a3b5,equation_symbolic_punct,symbolic_operator_index_template,abstain,,?()<,(<)),False,False,False,(<%)),4,0,0,programs=; unique_prediction_count=0,v278_symbolic_pbe
99d6a3b5,equation_symbolic_punct,symbolic_variable_operator_drop_operator,abstain,,?()<,(<)),False,False,False,(<%)),4,0,0,one_or_more_examples_have_no_matching_split; split_counts=0,v324_variable_operator_symbolic
99d6a3b5,equation_symbolic_punct,symbolic_variable_operator_reverse_drop_operator,abstain,,?()<,(<)),False,False,False,(<%)),4,0,0,one_or_more_examples_have_no_matching_split; split_counts=0,v324_variable_operator_symbolic
99d6a3b5,equation_symbolic_punct,symbolic_variable_operator_left_only,abstain,,?()<,(<)),False,False,False,(<%)),4,0,0,one_or_more_examples_have_no_matching_split; split_counts=0,v324_variable_operator_symbolic
99d6a3b5,equation_symbolic_punct,symbolic_variable_operator_right_only,abstain,,?()<,(<)),False,False,False,(<%)),4,0,0,one_or_more_examples_have_no_matching_split; split_counts=0,v324_variable_operator_symbolic
99d6a3b5,equation_symbolic_punct,symbolic_variable_operator_right_left,abstain,,?()<,(<)),False,False,False,(<%)),4,0,0,one_or_more_examples_have_no_matching_split; split_counts=0,v324_variable_operator_symbolic
99d6a3b5,equation_symbolic_punct,symbolic_variable_operator_left_reverse_right,abstain,,?()<,(<)),False,False,False,(<%)),4,0,0,one_or_more_examples_have_no_matching_split; split_counts=0,v324_variable_operator_symbolic
99d6a3b5,equation_symbolic_punct,symbolic_variable_operator_reverse_left_right,abstain,,?()<,(<)),False,False,False,(<%)),4,0,0,one_or_more_examples_have_no_matching_split; split_counts=0,v324_variable_operator_symbolic
99d6a3b5,equation_symbolic_punct,symbolic_variable_operator_right_reverse_left,abstain,,?()<,(<)),False,False,False,(<%)),4,0,0,one_or_more_examples_have_no_matching_split; split_counts=0,v324_variable_operator_symbolic
99d6a3b5,equation_symbolic_punct,symbolic_variable_operator_reverse_right_left,abstain,,?()<,(<)),False,False,False,(<%)),4,0,0,one_or_more_examples_have_no_matching_split; split_counts=0,v324_variable_operator_symbolic
99d6a3b5,equation_symbolic_punct,symbolic_variable_operator_operator_between_reversed,abstain,,?()<,(<)),False,False,False,(<%)),4,0,0,one_or_more_examples_have_no_matching_split; split_counts=0,v324_variable_operator_symbolic
2d3547af,equation_symbolic_punct,v274_guarded_numeric_not_numeric_query,abstain,,))^),\$\\,False,False,False,\$&\\,4,0,0,query is not a numeric binary expression,v274_guarded_numeric_postprocessor
2d3547af,equation_symbolic_punct,symbolic_char_transducer,abstain,,))^),\$\\,False,False,False,\$&\\,4,0,0,no_global_mapping,v278_symbolic_pbe
2d3547af,equation_symbolic_punct,symbolic_delete_selected_chars,abstain,,))^),\$\\,False,False,False,\$&\\,4,0,0,delete_char_sets=; unique_prediction_count=0,v278_symbolic_pbe
2d3547af,equation_symbolic_punct,symbolic_keep_selected_chars,abstain,,))^),\$\\,False,False,False,\$&\\,4,0,0,keep_char_sets=; unique_prediction_count=0,v278_symbolic_pbe
2d3547af,equation_symbolic_punct,symbolic_prefix_until_marker,abstain,,))^),\$\\,False,False,False,\$&\\,4,0,0,markers=''; unique_prediction_count=0,v278_symbolic_pbe
2d3547af,equation_symbolic_punct,symbolic_suffix_after_marker,abstain,,))^),\$\\,False,False,False,\$&\\,4,0,0,markers=''; unique_prediction_count=0,v278_symbolic_pbe
2d3547af,equation_symbolic_punct,symbolic_prefix_before_last_marker,abstain,,))^),\$\\,False,False,False,\$&\\,4,0,0,markers=''; unique_prediction_count=0,v278_symbolic_pbe
2d3547af,equation_symbolic_punct,symbolic_suffix_after_last_marker,abstain,,))^),\$\\,False,False,False,\$&\\,4,0,0,markers=''; unique_prediction_count=0,v278_symbolic_pbe
2d3547af,equation_symbolic_punct,symbolic_remove_first_marker,abstain,,))^),\$\\,False,False,False,\$&\\,4,0,0,markers=''; unique_prediction_count=0,v278_symbolic_pbe
2d3547af,equation_symbolic_punct,symbolic_position_template,abstain,,))^),\$\\,False,False,False,\$&\\,4,0,0,nonuniform_rhs_lengths,v278_symbolic_pbe
2d3547af,equation_symbolic_punct,symbolic_operator_index_template,abstain,,))^),\$\\,False,False,False,\$&\\,4,0,0,programs=; unique_prediction_count=0,v278_symbolic_pbe
2d3547af,equation_symbolic_punct,symbolic_variable_operator_drop_operator,abstain,,))^),\$\\,False,False,False,\$&\\,4,0,0,one_or_more_examples_have_no_matching_split; split_counts=0,v324_variable_operator_symbolic
2d3547af,equation_symbolic_punct,symbolic_variable_operator_reverse_drop_operator,abstain,,))^),\$\\,False,False,False,\$&\\,4,0,0,one_or_more_examples_have_no_matching_split; split_counts=0,v324_variable_operator_symbolic
2d3547af,equation_symbolic_punct,symbolic_variable_operator_left_only,abstain,,))^),\$\\,False,False,False,\$&\\,4,0,0,one_or_more_examples_have_no_matching_split; split_counts=0,v324_variable_operator_symbolic
2d3547af,equation_symbolic_punct,symbolic_variable_operator_right_only,abstain,,))^),\$\\,False,False,False,\$&\\,4,0,0,one_or_more_examples_have_no_matching_split; split_counts=0,v324_variable_operator_symbolic
2d3547af,equation_symbolic_punct,symbolic_variable_operator_right_left,abstain,,))^),\$\\,False,False,False,\$&\\,4,0,0,one_or_more_examples_have_no_matching_split; split_counts=0,v324_variable_operator_symbolic
2d3547af,equation_symbolic_punct,symbolic_variable_operator_left_reverse_right,abstain,,))^),\$\\,False,False,False,\$&\\,4,0,0,one_or_more_examples_have_no_matching_split; split_counts=0,v324_variable_operator_symbolic
2d3547af,equation_symbolic_punct,symbolic_variable_operator_reverse_left_right,abstain,,))^),\$\\,False,False,False,\$&\\,4,0,0,one_or_more_examples_have_no_matching_split; split_counts=0,v324_variable_operator_symbolic
2d3547af,equation_symbolic_punct,symbolic_variable_operator_right_reverse_left,abstain,,))^),\$\\,False,False,False,\$&\\,4,0,0,one_or_more_examples_have_no_matching_split; split_counts=0,v324_variable_operator_symbolic
2d3547af,equation_symbolic_punct,symbolic_variable_operator_reverse_right_left,abstain,,))^),\$\\,False,False,False,\$&\\,4,0,0,one_or_more_examples_have_no_matching_split; split_counts=0,v324_variable_operator_symbolic
2d3547af,equation_symbolic_punct,symbolic_variable_operator_operator_between_reversed,abstain,,))^),\$\\,False,False,False,\$&\\,4,0,0,one_or_more_examples_have_no_matching_split; split_counts=0,v324_variable_operator_symbolic
28b0ff48,equation_symbolic_punct,v274_guarded_numeric_not_numeric_query,abstain,,'],|^^^,False,False,False,|^-^^,3,0,0,query is not a numeric binary expression,v274_guarded_numeric_postprocessor
28b0ff48,equation_symbolic_punct,symbolic_char_transducer,abstain,,'],|^^^,False,False,False,|^-^^,3,0,0,no_global_mapping,v278_symbolic_pbe
28b0ff48,equation_symbolic_punct,symbolic_delete_selected_chars,abstain,,'],|^^^,False,False,False,|^-^^,3,0,0,delete_char_sets=; unique_prediction_count=0,v278_symbolic_pbe
28b0ff48,equation_symbolic_punct,symbolic_keep_selected_chars,abstain,,'],|^^^,False,False,False,|^-^^,3,0,0,keep_char_sets=; unique_prediction_count=0,v278_symbolic_pbe
28b0ff48,equation_symbolic_punct,symbolic_prefix_until_marker,abstain,,'],|^^^,False,False,False,|^-^^,3,0,0,markers=''; unique_prediction_count=0,v278_symbolic_pbe
28b0ff48,equation_symbolic_punct,symbolic_suffix_after_marker,abstain,,'],|^^^,False,False,False,|^-^^,3,0,0,markers=''; unique_prediction_count=0,v278_symbolic_pbe
28b0ff48,equation_symbolic_punct,symbolic_prefix_before_last_marker,abstain,,'],|^^^,False,False,False,|^-^^,3,0,0,markers=''; unique_prediction_count=0,v278_symbolic_pbe
28b0ff48,equation_symbolic_punct,symbolic_suffix_after_last_marker,abstain,,'],|^^^,False,False,False,|^-^^,3,0,0,markers=''; unique_prediction_count=0,v278_symbolic_pbe
28b0ff48,equation_symbolic_punct,symbolic_remove_first_marker,abstain,,'],|^^^,False,False,False,|^-^^,3,0,0,markers=''; unique_prediction_count=0,v278_symbolic_pbe
28b0ff48,equation_symbolic_punct,symbolic_position_template,abstain,,'],|^^^,False,False,False,|^-^^,3,0,0,nonuniform_rhs_lengths,v278_symbolic_pbe
28b0ff48,equation_symbolic_punct,symbolic_operator_index_template,abstain,,'],|^^^,False,False,False,|^-^^,3,0,0,programs=; unique_prediction_count=0,v278_symbolic_pbe
28b0ff48,equation_symbolic_punct,symbolic_variable_operator_drop_operator,abstain,,'],|^^^,False,False,False,|^-^^,3,0,0,one_or_more_examples_have_no_matching_split; split_counts=0,v324_variable_operator_symbolic
28b0ff48,equation_symbolic_punct,symbolic_variable_operator_reverse_drop_operator,abstain,,'],|^^^,False,False,False,|^-^^,3,0,0,one_or_more_examples_have_no_matching_split; split_counts=0,v324_variable_operator_symbolic
28b0ff48,equation_symbolic_punct,symbolic_variable_operator_left_only,abstain,,'],|^^^,False,False,False,|^-^^,3,0,0,one_or_more_examples_have_no_matching_split; split_counts=0,v324_variable_operator_symbolic
28b0ff48,equation_symbolic_punct,symbolic_variable_operator_right_only,abstain,,'],|^^^,False,False,False,|^-^^,3,0,0,one_or_more_examples_have_no_matching_split; split_counts=0,v324_variable_operator_symbolic
28b0ff48,equation_symbolic_punct,symbolic_variable_operator_right_left,abstain,,'],|^^^,False,False,False,|^-^^,3,0,0,one_or_more_examples_have_no_matching_split; split_counts=0,v324_variable_operator_symbolic
28b0ff48,equation_symbolic_punct,symbolic_variable_operator_left_reverse_right,abstain,,'],|^^^,False,False,False,|^-^^,3,0,0,one_or_more_examples_have_no_matching_split; split_counts=0,v324_variable_operator_symbolic
28b0ff48,equation_symbolic_punct,symbolic_variable_operator_reverse_left_right,abstain,,'],|^^^,False,False,False,|^-^^,3,0,0,one_or_more_examples_have_no_matching_split; split_counts=0,v324_variable_operator_symbolic
28b0ff48,equation_symbolic_punct,symbolic_variable_operator_right_reverse_left,abstain,,'],|^^^,False,False,False,|^-^^,3,0,0,one_or_more_examples_have_no_matching_split; split_counts=0,v324_variable_operator_symbolic
28b0ff48,equation_symbolic_punct,symbolic_variable_operator_reverse_right_left,abstain,,'],|^^^,False,False,False,|^-^^,3,0,0,one_or_more_examples_have_no_matching_split; split_counts=0,v324_variable_operator_symbolic
28b0ff48,equation_symbolic_punct,symbolic_variable_operator_operator_between_reversed,abstain,,'],|^^^,False,False,False,|^-^^,3,0,0,one_or_more_examples_have_no_matching_split; split_counts=0,v324_variable_operator_symbolic
61557701,equation_symbolic_punct,v274_guarded_numeric_not_numeric_query,abstain,,|&,'{),False,False,False,'{+{),4,0,0,query is not a numeric binary expression,v274_guarded_numeric_postprocessor
61557701,equation_symbolic_punct,symbolic_char_transducer,abstain,,|&,'{),False,False,False,'{+{),4,0,0,no_global_mapping,v278_symbolic_pbe
61557701,equation_symbolic_punct,symbolic_delete_selected_chars,abstain,,|&,'{),False,False,False,'{+{),4,0,0,delete_char_sets=; unique_prediction_count=0,v278_symbolic_pbe
61557701,equation_symbolic_punct,symbolic_keep_selected_chars,abstain,,|&,'{),False,False,False,'{+{),4,0,0,keep_char_sets=; unique_prediction_count=0,v278_symbolic_pbe
61557701,equation_symbolic_punct,symbolic_prefix_until_marker,abstain,,|&,'{),False,False,False,'{+{),4,0,0,markers=''; unique_prediction_count=0,v278_symbolic_pbe
61557701,equation_symbolic_punct,symbolic_suffix_after_marker,abstain,,|&,'{),False,False,False,'{+{),4,0,0,markers=''; unique_prediction_count=0,v278_symbolic_pbe
61557701,equation_symbolic_punct,symbolic_prefix_before_last_marker,abstain,,|&,'{),False,False,False,'{+{),4,0,0,markers=''; unique_prediction_count=0,v278_symbolic_pbe
61557701,equation_symbolic_punct,symbolic_suffix_after_last_marker,abstain,,|&,'{),False,False,False,'{+{),4,0,0,markers=''; unique_prediction_count=0,v278_symbolic_pbe
61557701,equation_symbolic_punct,symbolic_remove_first_marker,abstain,,|&,'{),False,False,False,'{+{),4,0,0,markers=''; unique_prediction_count=0,v278_symbolic_pbe
61557701,equation_symbolic_punct,symbolic_position_template,abstain,,|&,'{),False,False,False,'{+{),4,0,0,nonuniform_rhs_lengths,v278_symbolic_pbe
61557701,equation_symbolic_punct,symbolic_operator_index_template,abstain,,|&,'{),False,False,False,'{+{),4,0,0,programs=; unique_prediction_count=0,v278_symbolic_pbe
61557701,equation_symbolic_punct,symbolic_variable_operator_drop_operator,abstain,,|&,'{),False,False,False,'{+{),4,0,0,one_or_more_examples_have_no_matching_split; split_counts=0,v324_variable_operator_symbolic
61557701,equation_symbolic_punct,symbolic_variable_operator_reverse_drop_operator,abstain,,|&,'{),False,False,False,'{+{),4,0,0,one_or_more_examples_have_no_matching_split; split_counts=0,v324_variable_operator_symbolic
61557701,equation_symbolic_punct,symbolic_variable_operator_left_only,abstain,,|&,'{),False,False,False,'{+{),4,0,0,one_or_more_examples_have_no_matching_split; split_counts=0,v324_variable_operator_symbolic
61557701,equation_symbolic_punct,symbolic_variable_operator_right_only,abstain,,|&,'{),False,False,False,'{+{),4,0,0,one_or_more_examples_have_no_matching_split; split_counts=0,v324_variable_operator_symbolic
61557701,equation_symbolic_punct,symbolic_variable_operator_right_left,abstain,,|&,'{),False,False,False,'{+{),4,0,0,one_or_more_examples_have_no_matching_split; split_counts=0,v324_variable_operator_symbolic
61557701,equation_symbolic_punct,symbolic_variable_operator_left_reverse_right,abstain,,|&,'{),False,False,False,'{+{),4,0,0,one_or_more_examples_have_no_matching_split; split_counts=0,v324_variable_operator_symbolic
61557701,equation_symbolic_punct,symbolic_variable_operator_reverse_left_right,abstain,,|&,'{),False,False,False,'{+{),4,0,0,one_or_more_examples_have_no_matching_split; split_counts=0,v324_variable_operator_symbolic
61557701,equation_symbolic_punct,symbolic_variable_operator_right_reverse_left,abstain,,|&,'{),False,False,False,'{+{),4,0,0,one_or_more_examples_have_no_matching_split; split_counts=0,v324_variable_operator_symbolic
61557701,equation_symbolic_punct,symbolic_variable_operator_reverse_right_left,abstain,,|&,'{),False,False,False,'{+{),4,0,0,one_or_more_examples_have_no_matching_split; split_counts=0,v324_variable_operator_symbolic
61557701,equation_symbolic_punct,symbolic_variable_operator_operator_between_reversed,abstain,,|&,'{),False,False,False,'{+{),4,0,0,one_or_more_examples_have_no_matching_split; split_counts=0,v324_variable_operator_symbolic
02902eb3,equation_symbolic_punct,v274_guarded_numeric_not_numeric_query,abstain,,>/,!!$>,False,False,False,!!+$>,3,0,0,query is not a numeric binary expression,v274_guarded_numeric_postprocessor
02902eb3,equation_symbolic_punct,symbolic_char_transducer,abstain,,>/,!!$>,False,False,False,!!+$>,3,0,0,no_pair_mapping,v278_symbolic_pbe
02902eb3,equation_symbolic_punct,symbolic_delete_selected_chars,abstain,,>/,!!$>,False,False,False,!!+$>,3,0,0,delete_char_sets=; unique_prediction_count=0,v278_symbolic_pbe
02902eb3,equation_symbolic_punct,symbolic_keep_selected_chars,abstain,,>/,!!$>,False,False,False,!!+$>,3,0,0,keep_char_sets=; unique_prediction_count=0,v278_symbolic_pbe
02902eb3,equation_symbolic_punct,symbolic_prefix_until_marker,abstain,,>/,!!$>,False,False,False,!!+$>,3,0,0,markers=''; unique_prediction_count=0,v278_symbolic_pbe
02902eb3,equation_symbolic_punct,symbolic_suffix_after_marker,abstain,,>/,!!$>,False,False,False,!!+$>,3,0,0,markers=''; unique_prediction_count=0,v278_symbolic_pbe
02902eb3,equation_symbolic_punct,symbolic_prefix_before_last_marker,abstain,,>/,!!$>,False,False,False,!!+$>,3,0,0,markers=''; unique_prediction_count=0,v278_symbolic_pbe
02902eb3,equation_symbolic_punct,symbolic_suffix_after_last_marker,abstain,,>/,!!$>,False,False,False,!!+$>,3,0,0,markers=''; unique_prediction_count=0,v278_symbolic_pbe
02902eb3,equation_symbolic_punct,symbolic_remove_first_marker,abstain,,>/,!!$>,False,False,False,!!+$>,3,0,0,markers=''; unique_prediction_count=0,v278_symbolic_pbe
02902eb3,equation_symbolic_punct,symbolic_position_template,abstain,,>/,!!$>,False,False,False,!!+$>,3,0,0,nonuniform_rhs_lengths,v278_symbolic_pbe
02902eb3,equation_symbolic_punct,symbolic_operator_index_template,abstain,,>/,!!$>,False,False,False,!!+$>,3,0,0,programs=; unique_prediction_count=0,v278_symbolic_pbe
02902eb3,equation_symbolic_punct,symbolic_variable_operator_drop_operator,abstain,,>/,!!$>,False,False,False,!!+$>,3,0,0,one_or_more_examples_have_no_matching_split; split_counts=0,v324_variable_operator_symbolic
02902eb3,equation_symbolic_punct,symbolic_variable_operator_reverse_drop_operator,abstain,,>/,!!$>,False,False,False,!!+$>,3,0,0,one_or_more_examples_have_no_matching_split; split_counts=0,v324_variable_operator_symbolic
02902eb3,equation_symbolic_punct,symbolic_variable_operator_left_only,abstain,,>/,!!$>,False,False,False,!!+$>,3,0,0,one_or_more_examples_have_no_matching_split; split_counts=0,v324_variable_operator_symbolic
02902eb3,equation_symbolic_punct,symbolic_variable_operator_right_only,abstain,,>/,!!$>,False,False,False,!!+$>,3,0,0,one_or_more_examples_have_no_matching_split; split_counts=0,v324_variable_operator_symbolic
02902eb3,equation_symbolic_punct,symbolic_variable_operator_right_left,abstain,,>/,!!$>,False,False,False,!!+$>,3,0,0,one_or_more_examples_have_no_matching_split; split_counts=0,v324_variable_operator_symbolic
02902eb3,equation_symbolic_punct,symbolic_variable_operator_left_reverse_right,abstain,,>/,!!$>,False,False,False,!!+$>,3,0,0,one_or_more_examples_have_no_matching_split; split_counts=0,v324_variable_operator_symbolic
02902eb3,equation_symbolic_punct,symbolic_variable_operator_reverse_left_right,abstain,,>/,!!$>,False,False,False,!!+$>,3,0,0,one_or_more_examples_have_no_matching_split; split_counts=0,v324_variable_operator_symbolic
02902eb3,equation_symbolic_punct,symbolic_variable_operator_right_reverse_left,abstain,,>/,!!$>,False,False,False,!!+$>,3,0,0,one_or_more_examples_have_no_matching_split; split_counts=0,v324_variable_operator_symbolic
02902eb3,equation_symbolic_punct,symbolic_variable_operator_reverse_right_left,abstain,,>/,!!$>,False,False,False,!!+$>,3,0,0,one_or_more_examples_have_no_matching_split; split_counts=0,v324_variable_operator_symbolic
02902eb3,equation_symbolic_punct,symbolic_variable_operator_operator_between_reversed,abstain,,>/,!!$>,False,False,False,!!+$>,3,0,0,one_or_more_examples_have_no_matching_split; split_counts=0,v324_variable_operator_symbolic
0d90736f,equation_symbolic_punct,v274_guarded_numeric_not_numeric_query,abstain,,:,::)[,False,False,False,::-)[,5,0,0,query is not a numeric binary expression,v274_guarded_numeric_postprocessor
0d90736f,equation_symbolic_punct,symbolic_char_transducer,abstain,,:,::)[,False,False,False,::-)[,5,0,0,no_pair_mapping,v278_symbolic_pbe
0d90736f,equation_symbolic_punct,symbolic_delete_selected_chars,abstain,,:,::)[,False,False,False,::-)[,5,0,0,delete_char_sets=; unique_prediction_count=0,v278_symbolic_pbe
0d90736f,equation_symbolic_punct,symbolic_keep_selected_chars,abstain,,:,::)[,False,False,False,::-)[,5,0,0,keep_char_sets=; unique_prediction_count=0,v278_symbolic_pbe
0d90736f,equation_symbolic_punct,symbolic_prefix_until_marker,abstain,,:,::)[,False,False,False,::-)[,5,0,0,markers=''; unique_prediction_count=0,v278_symbolic_pbe
0d90736f,equation_symbolic_punct,symbolic_suffix_after_marker,abstain,,:,::)[,False,False,False,::-)[,5,0,0,markers=''; unique_prediction_count=0,v278_symbolic_pbe
0d90736f,equation_symbolic_punct,symbolic_prefix_before_last_marker,abstain,,:,::)[,False,False,False,::-)[,5,0,0,markers=''; unique_prediction_count=0,v278_symbolic_pbe
0d90736f,equation_symbolic_punct,symbolic_suffix_after_last_marker,abstain,,:,::)[,False,False,False,::-)[,5,0,0,markers=''; unique_prediction_count=0,v278_symbolic_pbe
0d90736f,equation_symbolic_punct,symbolic_remove_first_marker,abstain,,:,::)[,False,False,False,::-)[,5,0,0,markers=''; unique_prediction_count=0,v278_symbolic_pbe
0d90736f,equation_symbolic_punct,symbolic_position_template,abstain,,:,::)[,False,False,False,::-)[,5,0,0,nonuniform_rhs_lengths,v278_symbolic_pbe
0d90736f,equation_symbolic_punct,symbolic_operator_index_template,abstain,,:,::)[,False,False,False,::-)[,5,0,0,programs=; unique_prediction_count=0,v278_symbolic_pbe
0d90736f,equation_symbolic_punct,symbolic_variable_operator_drop_operator,abstain,,:,::)[,False,False,False,::-)[,5,0,0,one_or_more_examples_have_no_matching_split; split_counts=0,v324_variable_operator_symbolic
0d90736f,equation_symbolic_punct,symbolic_variable_operator_reverse_drop_operator,abstain,,:,::)[,False,False,False,::-)[,5,0,0,one_or_more_examples_have_no_matching_split; split_counts=0,v324_variable_operator_symbolic
0d90736f,equation_symbolic_punct,symbolic_variable_operator_left_only,abstain,,:,::)[,False,False,False,::-)[,5,0,0,one_or_more_examples_have_no_matching_split; split_counts=0,v324_variable_operator_symbolic
0d90736f,equation_symbolic_punct,symbolic_variable_operator_right_only,abstain,,:,::)[,False,False,False,::-)[,5,0,0,one_or_more_examples_have_no_matching_split; split_counts=0,v324_variable_operator_symbolic
0d90736f,equation_symbolic_punct,symbolic_variable_operator_right_left,abstain,,:,::)[,False,False,False,::-)[,5,0,0,one_or_more_examples_have_no_matching_split; split_counts=0,v324_variable_operator_symbolic
0d90736f,equation_symbolic_punct,symbolic_variable_operator_left_reverse_right,abstain,,:,::)[,False,False,False,::-)[,5,0,0,one_or_more_examples_have_no_matching_split; split_counts=0,v324_variable_operator_symbolic
0d90736f,equation_symbolic_punct,symbolic_variable_operator_reverse_left_right,abstain,,:,::)[,False,False,False,::-)[,5,0,0,one_or_more_examples_have_no_matching_split; split_counts=0,v324_variable_operator_symbolic
0d90736f,equation_symbolic_punct,symbolic_variable_operator_right_reverse_left,abstain,,:,::)[,False,False,False,::-)[,5,0,0,one_or_more_examples_have_no_matching_split; split_counts=0,v324_variable_operator_symbolic
0d90736f,equation_symbolic_punct,symbolic_variable_operator_reverse_right_left,abstain,,:,::)[,False,False,False,::-)[,5,0,0,one_or_more_examples_have_no_matching_split; split_counts=0,v324_variable_operator_symbolic
0d90736f,equation_symbolic_punct,symbolic_variable_operator_operator_between_reversed,abstain,,:,::)[,False,False,False,::-)[,5,0,0,one_or_more_examples_have_no_matching_split; split_counts=0,v324_variable_operator_symbolic
294453b5,equation_symbolic_punct,v274_guarded_numeric_not_numeric_query,abstain,,&(,##!),False,False,False,##-!),3,0,0,query is not a numeric binary expression,v274_guarded_numeric_postprocessor
294453b5,equation_symbolic_punct,symbolic_char_transducer,abstain,,&(,##!),False,False,False,##-!),3,0,0,no_global_mapping,v278_symbolic_pbe
294453b5,equation_symbolic_punct,symbolic_delete_selected_chars,abstain,,&(,##!),False,False,False,##-!),3,0,0,delete_char_sets=; unique_prediction_count=0,v278_symbolic_pbe
294453b5,equation_symbolic_punct,symbolic_keep_selected_chars,abstain,,&(,##!),False,False,False,##-!),3,0,0,keep_char_sets=; unique_prediction_count=0,v278_symbolic_pbe
294453b5,equation_symbolic_punct,symbolic_prefix_until_marker,abstain,,&(,##!),False,False,False,##-!),3,0,0,markers=''; unique_prediction_count=0,v278_symbolic_pbe
294453b5,equation_symbolic_punct,symbolic_suffix_after_marker,abstain,,&(,##!),False,False,False,##-!),3,0,0,markers=''; unique_prediction_count=0,v278_symbolic_pbe
294453b5,equation_symbolic_punct,symbolic_prefix_before_last_marker,abstain,,&(,##!),False,False,False,##-!),3,0,0,markers=''; unique_prediction_count=0,v278_symbolic_pbe
294453b5,equation_symbolic_punct,symbolic_suffix_after_last_marker,abstain,,&(,##!),False,False,False,##-!),3,0,0,markers=''; unique_prediction_count=0,v278_symbolic_pbe
294453b5,equation_symbolic_punct,symbolic_remove_first_marker,abstain,,&(,##!),False,False,False,##-!),3,0,0,markers=''; unique_prediction_count=0,v278_symbolic_pbe
294453b5,equation_symbolic_punct,symbolic_position_template,abstain,,&(,##!),False,False,False,##-!),3,0,0,nonuniform_rhs_lengths,v278_symbolic_pbe
294453b5,equation_symbolic_punct,symbolic_operator_index_template,abstain,,&(,##!),False,False,False,##-!),3,0,0,programs=; unique_prediction_count=0,v278_symbolic_pbe
294453b5,equation_symbolic_punct,symbolic_variable_operator_drop_operator,abstain,,&(,##!),False,False,False,##-!),3,0,0,one_or_more_examples_have_no_matching_split; split_counts=0,v324_variable_operator_symbolic
294453b5,equation_symbolic_punct,symbolic_variable_operator_reverse_drop_operator,abstain,,&(,##!),False,False,False,##-!),3,0,0,one_or_more_examples_have_no_matching_split; split_counts=0,v324_variable_operator_symbolic
294453b5,equation_symbolic_punct,symbolic_variable_operator_left_only,abstain,,&(,##!),False,False,False,##-!),3,0,0,one_or_more_examples_have_no_matching_split; split_counts=0,v324_variable_operator_symbolic
294453b5,equation_symbolic_punct,symbolic_variable_operator_right_only,abstain,,&(,##!),False,False,False,##-!),3,0,0,one_or_more_examples_have_no_matching_split; split_counts=0,v324_variable_operator_symbolic
294453b5,equation_symbolic_punct,symbolic_variable_operator_right_left,abstain,,&(,##!),False,False,False,##-!),3,0,0,one_or_more_examples_have_no_matching_split; split_counts=0,v324_variable_operator_symbolic
294453b5,equation_symbolic_punct,symbolic_variable_operator_left_reverse_right,abstain,,&(,##!),False,False,False,##-!),3,0,0,one_or_more_examples_have_no_matching_split; split_counts=0,v324_variable_operator_symbolic
294453b5,equation_symbolic_punct,symbolic_variable_operator_reverse_left_right,abstain,,&(,##!),False,False,False,##-!),3,0,0,one_or_more_examples_have_no_matching_split; split_counts=0,v324_variable_operator_symbolic
294453b5,equation_symbolic_punct,symbolic_variable_operator_right_reverse_left,abstain,,&(,##!),False,False,False,##-!),3,0,0,one_or_more_examples_have_no_matching_split; split_counts=0,v324_variable_operator_symbolic
294453b5,equation_symbolic_punct,symbolic_variable_operator_reverse_right_left,abstain,,&(,##!),False,False,False,##-!),3,0,0,one_or_more_examples_have_no_matching_split; split_counts=0,v324_variable_operator_symbolic
294453b5,equation_symbolic_punct,symbolic_variable_operator_operator_between_reversed,abstain,,&(,##!),False,False,False,##-!),3,0,0,one_or_more_examples_have_no_matching_split; split_counts=0,v324_variable_operator_symbolic
386b6d03,equation_numeric_operator,v274_guarded_numeric_query_operator_unseen,abstain,,671,18,False,False,False,79'97,3,0,0,"query_op=""'"" not present in examples",v274_guarded_numeric_postprocessor
386b6d03,equation_numeric_operator,numeric_same_operator_extended,abstain,,671,18,False,False,False,79'97,3,0,0,same_operator_examples=0 below_min=2,v278_numeric_same_operator
386b6d03,equation_numeric_operator,v299_same_operator_unique_numeric_dsl,abstain,,671,18,False,False,False,79'97,3,0,0,"query_op=""'"" absent from examples",v299_numeric_dsl
386b6d03,equation_numeric_operator,v299_all_numeric_examples_unique_dsl,abstain,,671,18,False,False,False,79'97,3,0,0,unique_prediction_count=0; candidate_rules=0,v299_numeric_dsl
386b6d03,equation_numeric_operator,v299_conventional_operator_prior_unique,abstain,,671,18,False,False,False,79'97,3,0,0,unique_prediction_count=0; candidate_rules=0,v299_numeric_dsl
57f6878e,equation_symbolic_punct,v274_guarded_numeric_not_numeric_query,abstain,,%{{,|@(!,False,False,False,|@<:(,5,0,0,query is not a numeric binary expression,v274_guarded_numeric_postprocessor
57f6878e,equation_symbolic_punct,symbolic_char_transducer,abstain,,%{{,|@(!,False,False,False,|@<:(,5,0,0,no_global_mapping,v278_symbolic_pbe
57f6878e,equation_symbolic_punct,symbolic_delete_selected_chars,abstain,,%{{,|@(!,False,False,False,|@<:(,5,0,0,delete_char_sets=; unique_prediction_count=0,v278_symbolic_pbe
57f6878e,equation_symbolic_punct,symbolic_keep_selected_chars,abstain,,%{{,|@(!,False,False,False,|@<:(,5,0,0,keep_char_sets=; unique_prediction_count=0,v278_symbolic_pbe
57f6878e,equation_symbolic_punct,symbolic_prefix_until_marker,abstain,,%{{,|@(!,False,False,False,|@<:(,5,0,0,markers=''; unique_prediction_count=0,v278_symbolic_pbe
57f6878e,equation_symbolic_punct,symbolic_suffix_after_marker,abstain,,%{{,|@(!,False,False,False,|@<:(,5,0,0,markers=''; unique_prediction_count=0,v278_symbolic_pbe
57f6878e,equation_symbolic_punct,symbolic_prefix_before_last_marker,abstain,,%{{,|@(!,False,False,False,|@<:(,5,0,0,markers=''; unique_prediction_count=0,v278_symbolic_pbe
57f6878e,equation_symbolic_punct,symbolic_suffix_after_last_marker,abstain,,%{{,|@(!,False,False,False,|@<:(,5,0,0,markers=''; unique_prediction_count=0,v278_symbolic_pbe
57f6878e,equation_symbolic_punct,symbolic_remove_first_marker,abstain,,%{{,|@(!,False,False,False,|@<:(,5,0,0,markers=''; unique_prediction_count=0,v278_symbolic_pbe
57f6878e,equation_symbolic_punct,symbolic_position_template,abstain,,%{{,|@(!,False,False,False,|@<:(,5,0,0,nonuniform_rhs_lengths,v278_symbolic_pbe
57f6878e,equation_symbolic_punct,symbolic_operator_index_template,abstain,,%{{,|@(!,False,False,False,|@<:(,5,0,0,programs=; unique_prediction_count=0,v278_symbolic_pbe
57f6878e,equation_symbolic_punct,symbolic_variable_operator_drop_operator,abstain,,%{{,|@(!,False,False,False,|@<:(,5,0,0,one_or_more_examples_have_no_matching_split; split_counts=0,v324_variable_operator_symbolic
57f6878e,equation_symbolic_punct,symbolic_variable_operator_reverse_drop_operator,abstain,,%{{,|@(!,False,False,False,|@<:(,5,0,0,one_or_more_examples_have_no_matching_split; split_counts=0,v324_variable_operator_symbolic
57f6878e,equation_symbolic_punct,symbolic_variable_operator_left_only,abstain,,%{{,|@(!,False,False,False,|@<:(,5,0,0,one_or_more_examples_have_no_matching_split; split_counts=0,v324_variable_operator_symbolic
57f6878e,equation_symbolic_punct,symbolic_variable_operator_right_only,abstain,,%{{,|@(!,False,False,False,|@<:(,5,0,0,one_or_more_examples_have_no_matching_split; split_counts=0,v324_variable_operator_symbolic
57f6878e,equation_symbolic_punct,symbolic_variable_operator_right_left,abstain,,%{{,|@(!,False,False,False,|@<:(,5,0,0,one_or_more_examples_have_no_matching_split; split_counts=0,v324_variable_operator_symbolic
57f6878e,equation_symbolic_punct,symbolic_variable_operator_left_reverse_right,abstain,,%{{,|@(!,False,False,False,|@<:(,5,0,0,one_or_more_examples_have_no_matching_split; split_counts=0,v324_variable_operator_symbolic
57f6878e,equation_symbolic_punct,symbolic_variable_operator_reverse_left_right,abstain,,%{{,|@(!,False,False,False,|@<:(,5,0,0,one_or_more_examples_have_no_matching_split; split_counts=0,v324_variable_operator_symbolic
57f6878e,equation_symbolic_punct,symbolic_variable_operator_right_reverse_left,abstain,,%{{,|@(!,False,False,False,|@<:(,5,0,0,one_or_more_examples_have_no_matching_split; split_counts=0,v324_variable_operator_symbolic
57f6878e,equation_symbolic_punct,symbolic_variable_operator_reverse_right_left,abstain,,%{{,|@(!,False,False,False,|@<:(,5,0,0,one_or_more_examples_have_no_matching_split; split_counts=0,v324_variable_operator_symbolic
57f6878e,equation_symbolic_punct,symbolic_variable_operator_operator_between_reversed,abstain,,%{{,|@(!,False,False,False,|@<:(,5,0,0,one_or_more_examples_have_no_matching_split; split_counts=0,v324_variable_operator_symbolic
a361a1b7,equation_numeric_operator,v274_guarded_numeric_query_operator_unseen,abstain,,:46,46,False,False,False,53:99,5,0,0,query_op=':' not present in examples,v274_guarded_numeric_postprocessor
a361a1b7,equation_numeric_operator,numeric_same_operator_extended,abstain,,:46,46,False,False,False,53:99,5,0,0,same_operator_examples=0 below_min=2,v278_numeric_same_operator
a361a1b7,equation_numeric_operator,v299_same_operator_unique_numeric_dsl,abstain,,:46,46,False,False,False,53:99,5,0,0,query_op=':' absent from examples,v299_numeric_dsl
a361a1b7,equation_numeric_operator,v299_all_numeric_examples_unique_dsl,abstain,,:46,46,False,False,False,53:99,5,0,0,unique_prediction_count=0; candidate_rules=0,v299_numeric_dsl
a361a1b7,equation_numeric_operator,v299_conventional_operator_prior_unique,abstain,,:46,46,False,False,False,53:99,5,16,2,unique_prediction_count=2; candidate_rules=16,v299_numeric_dsl
d911e8e1,equation_symbolic_punct,v274_guarded_numeric_not_numeric_query,abstain,,:\:,@}<',False,False,False,@})<',3,0,0,query is not a numeric binary expression,v274_guarded_numeric_postprocessor
d911e8e1,equation_symbolic_punct,symbolic_char_transducer,abstain,,:\:,@}<',False,False,False,@})<',3,0,0,no_pair_mapping,v278_symbolic_pbe
d911e8e1,equation_symbolic_punct,symbolic_delete_selected_chars,abstain,,:\:,@}<',False,False,False,@})<',3,0,0,delete_char_sets=; unique_prediction_count=0,v278_symbolic_pbe
d911e8e1,equation_symbolic_punct,symbolic_keep_selected_chars,abstain,,:\:,@}<',False,False,False,@})<',3,0,0,keep_char_sets=; unique_prediction_count=0,v278_symbolic_pbe
d911e8e1,equation_symbolic_punct,symbolic_prefix_until_marker,abstain,,:\:,@}<',False,False,False,@})<',3,0,0,markers=''; unique_prediction_count=0,v278_symbolic_pbe
d911e8e1,equation_symbolic_punct,symbolic_suffix_after_marker,abstain,,:\:,@}<',False,False,False,@})<',3,0,0,markers=''; unique_prediction_count=0,v278_symbolic_pbe
d911e8e1,equation_symbolic_punct,symbolic_prefix_before_last_marker,abstain,,:\:,@}<',False,False,False,@})<',3,0,0,markers=''; unique_prediction_count=0,v278_symbolic_pbe
d911e8e1,equation_symbolic_punct,symbolic_suffix_after_last_marker,abstain,,:\:,@}<',False,False,False,@})<',3,0,0,markers=''; unique_prediction_count=0,v278_symbolic_pbe
d911e8e1,equation_symbolic_punct,symbolic_remove_first_marker,abstain,,:\:,@}<',False,False,False,@})<',3,0,0,markers=''; unique_prediction_count=0,v278_symbolic_pbe
d911e8e1,equation_symbolic_punct,symbolic_position_template,abstain,,:\:,@}<',False,False,False,@})<',3,0,0,nonuniform_rhs_lengths,v278_symbolic_pbe
d911e8e1,equation_symbolic_punct,symbolic_operator_index_template,abstain,,:\:,@}<',False,False,False,@})<',3,0,0,programs=; unique_prediction_count=0,v278_symbolic_pbe
d911e8e1,equation_symbolic_punct,symbolic_variable_operator_drop_operator,abstain,,:\:,@}<',False,False,False,@})<',3,0,0,one_or_more_examples_have_no_matching_split; split_counts=0,v324_variable_operator_symbolic
d911e8e1,equation_symbolic_punct,symbolic_variable_operator_reverse_drop_operator,abstain,,:\:,@}<',False,False,False,@})<',3,0,0,one_or_more_examples_have_no_matching_split; split_counts=0,v324_variable_operator_symbolic
d911e8e1,equation_symbolic_punct,symbolic_variable_operator_left_only,abstain,,:\:,@}<',False,False,False,@})<',3,0,0,one_or_more_examples_have_no_matching_split; split_counts=0,v324_variable_operator_symbolic
d911e8e1,equation_symbolic_punct,symbolic_variable_operator_right_only,abstain,,:\:,@}<',False,False,False,@})<',3,0,0,one_or_more_examples_have_no_matching_split; split_counts=0,v324_variable_operator_symbolic
d911e8e1,equation_symbolic_punct,symbolic_variable_operator_right_left,abstain,,:\:,@}<',False,False,False,@})<',3,0,0,one_or_more_examples_have_no_matching_split; split_counts=0,v324_variable_operator_symbolic
d911e8e1,equation_symbolic_punct,symbolic_variable_operator_left_reverse_right,abstain,,:\:,@}<',False,False,False,@})<',3,0,0,one_or_more_examples_have_no_matching_split; split_counts=0,v324_variable_operator_symbolic
d911e8e1,equation_symbolic_punct,symbolic_variable_operator_reverse_left_right,abstain,,:\:,@}<',False,False,False,@})<',3,0,0,one_or_more_examples_have_no_matching_split; split_counts=0,v324_variable_operator_symbolic
d911e8e1,equation_symbolic_punct,symbolic_variable_operator_right_reverse_left,abstain,,:\:,@}<',False,False,False,@})<',3,0,0,one_or_more_examples_have_no_matching_split; split_counts=0,v324_variable_operator_symbolic
d911e8e1,equation_symbolic_punct,symbolic_variable_operator_reverse_right_left,abstain,,:\:,@}<',False,False,False,@})<',3,0,0,one_or_more_examples_have_no_matching_split; split_counts=0,v324_variable_operator_symbolic
d911e8e1,equation_symbolic_punct,symbolic_variable_operator_operator_between_reversed,abstain,,:\:,@}<',False,False,False,@})<',3,0,0,one_or_more_examples_have_no_matching_split; split_counts=0,v324_variable_operator_symbolic
7688e06e,equation_numeric_operator,v274_guarded_numeric_minus_signed_opposite_sign_guarded,candidate,-55,-55,55,True,False,True,63-19,5,1,1,candidate=-55; baseline=55,v274_guarded_numeric_postprocessor
7688e06e,equation_numeric_operator,numeric_same_operator_extended,abstain,,-55,55,False,False,False,63-19,5,0,0,same_operator_examples=5; rules=; unique_prediction_count=0,v278_numeric_same_operator
7688e06e,equation_numeric_operator,v299_same_operator_unique_numeric_dsl,abstain,,-55,55,False,False,False,63-19,5,4,2,unique_prediction_count=2; candidate_rules=4,v299_numeric_dsl
7688e06e,equation_numeric_operator,v299_all_numeric_examples_unique_dsl,abstain,,-55,55,False,False,False,63-19,5,4,2,unique_prediction_count=2; candidate_rules=4,v299_numeric_dsl
7688e06e,equation_numeric_operator,v299_conventional_operator_prior_unique,abstain,,-55,55,False,False,False,63-19,5,16,3,unique_prediction_count=3; candidate_rules=16,v299_numeric_dsl
5f9f0ed7,equation_symbolic_punct,v274_guarded_numeric_not_numeric_query,abstain,,}/!},|!@[,False,False,False,|!*@[,5,0,0,query is not a numeric binary expression,v274_guarded_numeric_postprocessor
5f9f0ed7,equation_symbolic_punct,symbolic_char_transducer,abstain,,}/!},|!@[,False,False,False,|!*@[,5,0,0,no_global_mapping,v278_symbolic_pbe
5f9f0ed7,equation_symbolic_punct,symbolic_delete_selected_chars,abstain,,}/!},|!@[,False,False,False,|!*@[,5,0,0,delete_char_sets=; unique_prediction_count=0,v278_symbolic_pbe
5f9f0ed7,equation_symbolic_punct,symbolic_keep_selected_chars,abstain,,}/!},|!@[,False,False,False,|!*@[,5,0,0,keep_char_sets=; unique_prediction_count=0,v278_symbolic_pbe
5f9f0ed7,equation_symbolic_punct,symbolic_prefix_until_marker,abstain,,}/!},|!@[,False,False,False,|!*@[,5,0,0,markers=''; unique_prediction_count=0,v278_symbolic_pbe
5f9f0ed7,equation_symbolic_punct,symbolic_suffix_after_marker,abstain,,}/!},|!@[,False,False,False,|!*@[,5,0,0,markers=''; unique_prediction_count=0,v278_symbolic_pbe
5f9f0ed7,equation_symbolic_punct,symbolic_prefix_before_last_marker,abstain,,}/!},|!@[,False,False,False,|!*@[,5,0,0,markers=''; unique_prediction_count=0,v278_symbolic_pbe
5f9f0ed7,equation_symbolic_punct,symbolic_suffix_after_last_marker,abstain,,}/!},|!@[,False,False,False,|!*@[,5,0,0,markers=''; unique_prediction_count=0,v278_symbolic_pbe
5f9f0ed7,equation_symbolic_punct,symbolic_remove_first_marker,abstain,,}/!},|!@[,False,False,False,|!*@[,5,0,0,markers=''; unique_prediction_count=0,v278_symbolic_pbe
5f9f0ed7,equation_symbolic_punct,symbolic_position_template,abstain,,}/!},|!@[,False,False,False,|!*@[,5,0,0,nonuniform_rhs_lengths,v278_symbolic_pbe
5f9f0ed7,equation_symbolic_punct,symbolic_operator_index_template,abstain,,}/!},|!@[,False,False,False,|!*@[,5,0,0,programs=; unique_prediction_count=0,v278_symbolic_pbe
5f9f0ed7,equation_symbolic_punct,symbolic_variable_operator_drop_operator,abstain,,}/!},|!@[,False,False,False,|!*@[,5,0,0,one_or_more_examples_have_no_matching_split; split_counts=0,v324_variable_operator_symbolic
5f9f0ed7,equation_symbolic_punct,symbolic_variable_operator_reverse_drop_operator,abstain,,}/!},|!@[,False,False,False,|!*@[,5,0,0,one_or_more_examples_have_no_matching_split; split_counts=0,v324_variable_operator_symbolic
5f9f0ed7,equation_symbolic_punct,symbolic_variable_operator_left_only,abstain,,}/!},|!@[,False,False,False,|!*@[,5,0,0,one_or_more_examples_have_no_matching_split; split_counts=0,v324_variable_operator_symbolic
5f9f0ed7,equation_symbolic_punct,symbolic_variable_operator_right_only,abstain,,}/!},|!@[,False,False,False,|!*@[,5,0,0,one_or_more_examples_have_no_matching_split; split_counts=0,v324_variable_operator_symbolic
5f9f0ed7,equation_symbolic_punct,symbolic_variable_operator_right_left,abstain,,}/!},|!@[,False,False,False,|!*@[,5,0,0,one_or_more_examples_have_no_matching_split; split_counts=0,v324_variable_operator_symbolic
5f9f0ed7,equation_symbolic_punct,symbolic_variable_operator_left_reverse_right,abstain,,}/!},|!@[,False,False,False,|!*@[,5,0,0,one_or_more_examples_have_no_matching_split; split_counts=0,v324_variable_operator_symbolic
5f9f0ed7,equation_symbolic_punct,symbolic_variable_operator_reverse_left_right,abstain,,}/!},|!@[,False,False,False,|!*@[,5,0,0,one_or_more_examples_have_no_matching_split; split_counts=0,v324_variable_operator_symbolic
5f9f0ed7,equation_symbolic_punct,symbolic_variable_operator_right_reverse_left,abstain,,}/!},|!@[,False,False,False,|!*@[,5,0,0,one_or_more_examples_have_no_matching_split; split_counts=0,v324_variable_operator_symbolic
5f9f0ed7,equation_symbolic_punct,symbolic_variable_operator_reverse_right_left,abstain,,}/!},|!@[,False,False,False,|!*@[,5,0,0,one_or_more_examples_have_no_matching_split; split_counts=0,v324_variable_operator_symbolic
5f9f0ed7,equation_symbolic_punct,symbolic_variable_operator_operator_between_reversed,abstain,,}/!},|!@[,False,False,False,|!*@[,5,0,0,one_or_more_examples_have_no_matching_split; split_counts=0,v324_variable_operator_symbolic
c43b5a13,equation_symbolic_punct,v274_guarded_numeric_not_numeric_query,abstain,,)|,$):$,False,False,False,$)+:$,3,0,0,query is not a numeric binary expression,v274_guarded_numeric_postprocessor
c43b5a13,equation_symbolic_punct,symbolic_char_transducer,abstain,,)|,$):$,False,False,False,$)+:$,3,16,9,char_transducer mappings=16 usable=16 unique_predictions=9,v278_symbolic_pbe
c43b5a13,equation_symbolic_punct,symbolic_delete_selected_chars,abstain,,)|,$):$,False,False,False,$)+:$,3,0,0,delete_char_sets=; unique_prediction_count=0,v278_symbolic_pbe
c43b5a13,equation_symbolic_punct,symbolic_keep_selected_chars,abstain,,)|,$):$,False,False,False,$)+:$,3,0,0,keep_char_sets=; unique_prediction_count=0,v278_symbolic_pbe
c43b5a13,equation_symbolic_punct,symbolic_prefix_until_marker,abstain,,)|,$):$,False,False,False,$)+:$,3,0,0,markers=''; unique_prediction_count=0,v278_symbolic_pbe
c43b5a13,equation_symbolic_punct,symbolic_suffix_after_marker,abstain,,)|,$):$,False,False,False,$)+:$,3,0,0,markers=''; unique_prediction_count=0,v278_symbolic_pbe
c43b5a13,equation_symbolic_punct,symbolic_prefix_before_last_marker,abstain,,)|,$):$,False,False,False,$)+:$,3,0,0,markers=''; unique_prediction_count=0,v278_symbolic_pbe
c43b5a13,equation_symbolic_punct,symbolic_suffix_after_last_marker,abstain,,)|,$):$,False,False,False,$)+:$,3,0,0,markers=''; unique_prediction_count=0,v278_symbolic_pbe
c43b5a13,equation_symbolic_punct,symbolic_remove_first_marker,abstain,,)|,$):$,False,False,False,$)+:$,3,0,0,markers=''; unique_prediction_count=0,v278_symbolic_pbe
c43b5a13,equation_symbolic_punct,symbolic_position_template,abstain,,)|,$):$,False,False,False,$)+:$,3,0,0,no_source_for_output_index=0,v278_symbolic_pbe
c43b5a13,equation_symbolic_punct,symbolic_operator_index_template,abstain,,)|,$):$,False,False,False,$)+:$,3,0,0,programs=; unique_prediction_count=0,v278_symbolic_pbe
c43b5a13,equation_symbolic_punct,symbolic_variable_operator_drop_operator,abstain,,)|,$):$,False,False,False,$)+:$,3,0,0,one_or_more_examples_have_no_matching_split; split_counts=0,v324_variable_operator_symbolic
c43b5a13,equation_symbolic_punct,symbolic_variable_operator_reverse_drop_operator,abstain,,)|,$):$,False,False,False,$)+:$,3,0,0,one_or_more_examples_have_no_matching_split; split_counts=0,v324_variable_operator_symbolic
c43b5a13,equation_symbolic_punct,symbolic_variable_operator_left_only,abstain,,)|,$):$,False,False,False,$)+:$,3,0,0,one_or_more_examples_have_no_matching_split; split_counts=0,v324_variable_operator_symbolic
c43b5a13,equation_symbolic_punct,symbolic_variable_operator_right_only,abstain,,)|,$):$,False,False,False,$)+:$,3,0,0,one_or_more_examples_have_no_matching_split; split_counts=0,v324_variable_operator_symbolic
c43b5a13,equation_symbolic_punct,symbolic_variable_operator_right_left,abstain,,)|,$):$,False,False,False,$)+:$,3,0,0,one_or_more_examples_have_no_matching_split; split_counts=0,v324_variable_operator_symbolic
c43b5a13,equation_symbolic_punct,symbolic_variable_operator_left_reverse_right,abstain,,)|,$):$,False,False,False,$)+:$,3,0,0,one_or_more_examples_have_no_matching_split; split_counts=0,v324_variable_operator_symbolic
c43b5a13,equation_symbolic_punct,symbolic_variable_operator_reverse_left_right,abstain,,)|,$):$,False,False,False,$)+:$,3,0,0,one_or_more_examples_have_no_matching_split; split_counts=0,v324_variable_operator_symbolic
c43b5a13,equation_symbolic_punct,symbolic_variable_operator_right_reverse_left,abstain,,)|,$):$,False,False,False,$)+:$,3,0,0,one_or_more_examples_have_no_matching_split; split_counts=0,v324_variable_operator_symbolic
c43b5a13,equation_symbolic_punct,symbolic_variable_operator_reverse_right_left,abstain,,)|,$):$,False,False,False,$)+:$,3,0,0,one_or_more_examples_have_no_matching_split; split_counts=0,v324_variable_operator_symbolic
c43b5a13,equation_symbolic_punct,symbolic_variable_operator_operator_between_reversed,abstain,,)|,$):$,False,False,False,$)+:$,3,0,0,one_or_more_examples_have_no_matching_split; split_counts=0,v324_variable_operator_symbolic
b0206bb7,equation_symbolic_punct,v274_guarded_numeric_not_numeric_query,abstain,,]$!,$){,False,False,False,${*)},5,0,0,query is not a numeric binary expression,v274_guarded_numeric_postprocessor
b0206bb7,equation_symbolic_punct,symbolic_char_transducer,abstain,,]$!,$){,False,False,False,${*)},5,0,0,no_global_mapping,v278_symbolic_pbe
b0206bb7,equation_symbolic_punct,symbolic_delete_selected_chars,abstain,,]$!,$){,False,False,False,${*)},5,0,0,delete_char_sets=; unique_prediction_count=0,v278_symbolic_pbe
b0206bb7,equation_symbolic_punct,symbolic_keep_selected_chars,abstain,,]$!,$){,False,False,False,${*)},5,0,0,keep_char_sets=; unique_prediction_count=0,v278_symbolic_pbe
b0206bb7,equation_symbolic_punct,symbolic_prefix_until_marker,abstain,,]$!,$){,False,False,False,${*)},5,0,0,markers=''; unique_prediction_count=0,v278_symbolic_pbe
b0206bb7,equation_symbolic_punct,symbolic_suffix_after_marker,abstain,,]$!,$){,False,False,False,${*)},5,0,0,markers=''; unique_prediction_count=0,v278_symbolic_pbe
b0206bb7,equation_symbolic_punct,symbolic_prefix_before_last_marker,abstain,,]$!,$){,False,False,False,${*)},5,0,0,markers=''; unique_prediction_count=0,v278_symbolic_pbe
b0206bb7,equation_symbolic_punct,symbolic_suffix_after_last_marker,abstain,,]$!,$){,False,False,False,${*)},5,0,0,markers=''; unique_prediction_count=0,v278_symbolic_pbe
b0206bb7,equation_symbolic_punct,symbolic_remove_first_marker,abstain,,]$!,$){,False,False,False,${*)},5,0,0,markers=''; unique_prediction_count=0,v278_symbolic_pbe
b0206bb7,equation_symbolic_punct,symbolic_position_template,abstain,,]$!,$){,False,False,False,${*)},5,0,0,nonuniform_rhs_lengths,v278_symbolic_pbe
b0206bb7,equation_symbolic_punct,symbolic_operator_index_template,abstain,,]$!,$){,False,False,False,${*)},5,0,0,programs=; unique_prediction_count=0,v278_symbolic_pbe
b0206bb7,equation_symbolic_punct,symbolic_variable_operator_drop_operator,abstain,,]$!,$){,False,False,False,${*)},5,0,0,one_or_more_examples_have_no_matching_split; split_counts=0,v324_variable_operator_symbolic
b0206bb7,equation_symbolic_punct,symbolic_variable_operator_reverse_drop_operator,abstain,,]$!,$){,False,False,False,${*)},5,0,0,one_or_more_examples_have_no_matching_split; split_counts=0,v324_variable_operator_symbolic
b0206bb7,equation_symbolic_punct,symbolic_variable_operator_left_only,abstain,,]$!,$){,False,False,False,${*)},5,0,0,one_or_more_examples_have_no_matching_split; split_counts=0,v324_variable_operator_symbolic
b0206bb7,equation_symbolic_punct,symbolic_variable_operator_right_only,abstain,,]$!,$){,False,False,False,${*)},5,0,0,one_or_more_examples_have_no_matching_split; split_counts=0,v324_variable_operator_symbolic
b0206bb7,equation_symbolic_punct,symbolic_variable_operator_right_left,abstain,,]$!,$){,False,False,False,${*)},5,0,0,one_or_more_examples_have_no_matching_split; split_counts=0,v324_variable_operator_symbolic
b0206bb7,equation_symbolic_punct,symbolic_variable_operator_left_reverse_right,abstain,,]$!,$){,False,False,False,${*)},5,0,0,one_or_more_examples_have_no_matching_split; split_counts=0,v324_variable_operator_symbolic
b0206bb7,equation_symbolic_punct,symbolic_variable_operator_reverse_left_right,abstain,,]$!,$){,False,False,False,${*)},5,0,0,one_or_more_examples_have_no_matching_split; split_counts=0,v324_variable_operator_symbolic
b0206bb7,equation_symbolic_punct,symbolic_variable_operator_right_reverse_left,abstain,,]$!,$){,False,False,False,${*)},5,0,0,one_or_more_examples_have_no_matching_split; split_counts=0,v324_variable_operator_symbolic
b0206bb7,equation_symbolic_punct,symbolic_variable_operator_reverse_right_left,abstain,,]$!,$){,False,False,False,${*)},5,0,0,one_or_more_examples_have_no_matching_split; split_counts=0,v324_variable_operator_symbolic
b0206bb7,equation_symbolic_punct,symbolic_variable_operator_operator_between_reversed,abstain,,]$!,$){,False,False,False,${*)},5,0,0,one_or_more_examples_have_no_matching_split; split_counts=0,v324_variable_operator_symbolic
638f93ca,equation_symbolic_punct,v274_guarded_numeric_not_numeric_query,abstain,,@,$<]$,False,False,False,$<-]$,4,0,0,query is not a numeric binary expression,v274_guarded_numeric_postprocessor
638f93ca,equation_symbolic_punct,symbolic_char_transducer,abstain,,@,$<]$,False,False,False,$<-]$,4,0,0,no_global_mapping,v278_symbolic_pbe
638f93ca,equation_symbolic_punct,symbolic_delete_selected_chars,abstain,,@,$<]$,False,False,False,$<-]$,4,0,0,delete_char_sets=; unique_prediction_count=0,v278_symbolic_pbe
638f93ca,equation_symbolic_punct,symbolic_keep_selected_chars,abstain,,@,$<]$,False,False,False,$<-]$,4,0,0,keep_char_sets=; unique_prediction_count=0,v278_symbolic_pbe
638f93ca,equation_symbolic_punct,symbolic_prefix_until_marker,abstain,,@,$<]$,False,False,False,$<-]$,4,0,0,markers=''; unique_prediction_count=0,v278_symbolic_pbe
638f93ca,equation_symbolic_punct,symbolic_suffix_after_marker,abstain,,@,$<]$,False,False,False,$<-]$,4,0,0,markers=''; unique_prediction_count=0,v278_symbolic_pbe
638f93ca,equation_symbolic_punct,symbolic_prefix_before_last_marker,abstain,,@,$<]$,False,False,False,$<-]$,4,0,0,markers=''; unique_prediction_count=0,v278_symbolic_pbe
638f93ca,equation_symbolic_punct,symbolic_suffix_after_last_marker,abstain,,@,$<]$,False,False,False,$<-]$,4,0,0,markers=''; unique_prediction_count=0,v278_symbolic_pbe
638f93ca,equation_symbolic_punct,symbolic_remove_first_marker,abstain,,@,$<]$,False,False,False,$<-]$,4,0,0,markers=''; unique_prediction_count=0,v278_symbolic_pbe
638f93ca,equation_symbolic_punct,symbolic_position_template,abstain,,@,$<]$,False,False,False,$<-]$,4,0,0,nonuniform_rhs_lengths,v278_symbolic_pbe
638f93ca,equation_symbolic_punct,symbolic_operator_index_template,abstain,,@,$<]$,False,False,False,$<-]$,4,0,0,programs=; unique_prediction_count=0,v278_symbolic_pbe
638f93ca,equation_symbolic_punct,symbolic_variable_operator_drop_operator,abstain,,@,$<]$,False,False,False,$<-]$,4,0,0,one_or_more_examples_have_no_matching_split; split_counts=0,v324_variable_operator_symbolic
638f93ca,equation_symbolic_punct,symbolic_variable_operator_reverse_drop_operator,abstain,,@,$<]$,False,False,False,$<-]$,4,0,0,one_or_more_examples_have_no_matching_split; split_counts=0,v324_variable_operator_symbolic
638f93ca,equation_symbolic_punct,symbolic_variable_operator_left_only,abstain,,@,$<]$,False,False,False,$<-]$,4,0,0,one_or_more_examples_have_no_matching_split; split_counts=0,v324_variable_operator_symbolic
638f93ca,equation_symbolic_punct,symbolic_variable_operator_right_only,abstain,,@,$<]$,False,False,False,$<-]$,4,0,0,one_or_more_examples_have_no_matching_split; split_counts=0,v324_variable_operator_symbolic
638f93ca,equation_symbolic_punct,symbolic_variable_operator_right_left,abstain,,@,$<]$,False,False,False,$<-]$,4,0,0,one_or_more_examples_have_no_matching_split; split_counts=0,v324_variable_operator_symbolic
638f93ca,equation_symbolic_punct,symbolic_variable_operator_left_reverse_right,abstain,,@,$<]$,False,False,False,$<-]$,4,0,0,one_or_more_examples_have_no_matching_split; split_counts=0,v324_variable_operator_symbolic
638f93ca,equation_symbolic_punct,symbolic_variable_operator_reverse_left_right,abstain,,@,$<]$,False,False,False,$<-]$,4,0,0,one_or_more_examples_have_no_matching_split; split_counts=0,v324_variable_operator_symbolic
638f93ca,equation_symbolic_punct,symbolic_variable_operator_right_reverse_left,abstain,,@,$<]$,False,False,False,$<-]$,4,0,0,one_or_more_examples_have_no_matching_split; split_counts=0,v324_variable_operator_symbolic
638f93ca,equation_symbolic_punct,symbolic_variable_operator_reverse_right_left,abstain,,@,$<]$,False,False,False,$<-]$,4,0,0,one_or_more_examples_have_no_matching_split; split_counts=0,v324_variable_operator_symbolic
638f93ca,equation_symbolic_punct,symbolic_variable_operator_operator_between_reversed,abstain,,@,$<]$,False,False,False,$<-]$,4,0,0,one_or_more_examples_have_no_matching_split; split_counts=0,v324_variable_operator_symbolic
4bfd095a,equation_symbolic_punct,v274_guarded_numeric_not_numeric_query,abstain,,{<<<,@/[@,False,False,False,@/*[@,4,0,0,query is not a numeric binary expression,v274_guarded_numeric_postprocessor
4bfd095a,equation_symbolic_punct,symbolic_char_transducer,abstain,,{<<<,@/[@,False,False,False,@/*[@,4,0,0,no_global_mapping,v278_symbolic_pbe
4bfd095a,equation_symbolic_punct,symbolic_delete_selected_chars,abstain,,{<<<,@/[@,False,False,False,@/*[@,4,0,0,delete_char_sets=; unique_prediction_count=0,v278_symbolic_pbe
4bfd095a,equation_symbolic_punct,symbolic_keep_selected_chars,abstain,,{<<<,@/[@,False,False,False,@/*[@,4,0,0,keep_char_sets=; unique_prediction_count=0,v278_symbolic_pbe
4bfd095a,equation_symbolic_punct,symbolic_prefix_until_marker,abstain,,{<<<,@/[@,False,False,False,@/*[@,4,0,0,markers=''; unique_prediction_count=0,v278_symbolic_pbe
4bfd095a,equation_symbolic_punct,symbolic_suffix_after_marker,abstain,,{<<<,@/[@,False,False,False,@/*[@,4,0,0,markers=''; unique_prediction_count=0,v278_symbolic_pbe
4bfd095a,equation_symbolic_punct,symbolic_prefix_before_last_marker,abstain,,{<<<,@/[@,False,False,False,@/*[@,4,0,0,markers=''; unique_prediction_count=0,v278_symbolic_pbe
4bfd095a,equation_symbolic_punct,symbolic_suffix_after_last_marker,abstain,,{<<<,@/[@,False,False,False,@/*[@,4,0,0,markers=''; unique_prediction_count=0,v278_symbolic_pbe
4bfd095a,equation_symbolic_punct,symbolic_remove_first_marker,abstain,,{<<<,@/[@,False,False,False,@/*[@,4,0,0,markers=''; unique_prediction_count=0,v278_symbolic_pbe
4bfd095a,equation_symbolic_punct,symbolic_position_template,abstain,,{<<<,@/[@,False,False,False,@/*[@,4,0,0,nonuniform_rhs_lengths,v278_symbolic_pbe
4bfd095a,equation_symbolic_punct,symbolic_operator_index_template,abstain,,{<<<,@/[@,False,False,False,@/*[@,4,0,0,programs=; unique_prediction_count=0,v278_symbolic_pbe
4bfd095a,equation_symbolic_punct,symbolic_variable_operator_drop_operator,abstain,,{<<<,@/[@,False,False,False,@/*[@,4,0,0,one_or_more_examples_have_no_matching_split; split_counts=0,v324_variable_operator_symbolic
4bfd095a,equation_symbolic_punct,symbolic_variable_operator_reverse_drop_operator,abstain,,{<<<,@/[@,False,False,False,@/*[@,4,0,0,one_or_more_examples_have_no_matching_split; split_counts=0,v324_variable_operator_symbolic
4bfd095a,equation_symbolic_punct,symbolic_variable_operator_left_only,abstain,,{<<<,@/[@,False,False,False,@/*[@,4,0,0,one_or_more_examples_have_no_matching_split; split_counts=0,v324_variable_operator_symbolic
4bfd095a,equation_symbolic_punct,symbolic_variable_operator_right_only,abstain,,{<<<,@/[@,False,False,False,@/*[@,4,0,0,one_or_more_examples_have_no_matching_split; split_counts=0,v324_variable_operator_symbolic
4bfd095a,equation_symbolic_punct,symbolic_variable_operator_right_left,abstain,,{<<<,@/[@,False,False,False,@/*[@,4,0,0,one_or_more_examples_have_no_matching_split; split_counts=0,v324_variable_operator_symbolic
4bfd095a,equation_symbolic_punct,symbolic_variable_operator_left_reverse_right,abstain,,{<<<,@/[@,False,False,False,@/*[@,4,0,0,one_or_more_examples_have_no_matching_split; split_counts=0,v324_variable_operator_symbolic
4bfd095a,equation_symbolic_punct,symbolic_variable_operator_reverse_left_right,abstain,,{<<<,@/[@,False,False,False,@/*[@,4,0,0,one_or_more_examples_have_no_matching_split; split_counts=0,v324_variable_operator_symbolic
4bfd095a,equation_symbolic_punct,symbolic_variable_operator_right_reverse_left,abstain,,{<<<,@/[@,False,False,False,@/*[@,4,0,0,one_or_more_examples_have_no_matching_split; split_counts=0,v324_variable_operator_symbolic
4bfd095a,equation_symbolic_punct,symbolic_variable_operator_reverse_right_left,abstain,,{<<<,@/[@,False,False,False,@/*[@,4,0,0,one_or_more_examples_have_no_matching_split; split_counts=0,v324_variable_operator_symbolic
4bfd095a,equation_symbolic_punct,symbolic_variable_operator_operator_between_reversed,abstain,,{<<<,@/[@,False,False,False,@/*[@,4,0,0,one_or_more_examples_have_no_matching_split; split_counts=0,v324_variable_operator_symbolic
7a422e17,equation_symbolic_punct,v274_guarded_numeric_not_numeric_query,abstain,,%'!,"#`""",False,False,False,"#`@{""",4,0,0,query is not a numeric binary expression,v274_guarded_numeric_postprocessor
7a422e17,equation_symbolic_punct,symbolic_char_transducer,abstain,,%'!,"#`""",False,False,False,"#`@{""",4,0,0,no_pair_mapping,v278_symbolic_pbe
7a422e17,equation_symbolic_punct,symbolic_delete_selected_chars,abstain,,%'!,"#`""",False,False,False,"#`@{""",4,0,0,delete_char_sets=; unique_prediction_count=0,v278_symbolic_pbe
7a422e17,equation_symbolic_punct,symbolic_keep_selected_chars,abstain,,%'!,"#`""",False,False,False,"#`@{""",4,0,0,keep_char_sets=; unique_prediction_count=0,v278_symbolic_pbe
7a422e17,equation_symbolic_punct,symbolic_prefix_until_marker,abstain,,%'!,"#`""",False,False,False,"#`@{""",4,0,0,markers=''; unique_prediction_count=0,v278_symbolic_pbe
7a422e17,equation_symbolic_punct,symbolic_suffix_after_marker,abstain,,%'!,"#`""",False,False,False,"#`@{""",4,0,0,markers=''; unique_prediction_count=0,v278_symbolic_pbe
7a422e17,equation_symbolic_punct,symbolic_prefix_before_last_marker,abstain,,%'!,"#`""",False,False,False,"#`@{""",4,0,0,markers=''; unique_prediction_count=0,v278_symbolic_pbe
7a422e17,equation_symbolic_punct,symbolic_suffix_after_last_marker,abstain,,%'!,"#`""",False,False,False,"#`@{""",4,0,0,markers=''; unique_prediction_count=0,v278_symbolic_pbe
7a422e17,equation_symbolic_punct,symbolic_remove_first_marker,abstain,,%'!,"#`""",False,False,False,"#`@{""",4,0,0,markers=''; unique_prediction_count=0,v278_symbolic_pbe
7a422e17,equation_symbolic_punct,symbolic_position_template,abstain,,%'!,"#`""",False,False,False,"#`@{""",4,0,0,nonuniform_rhs_lengths,v278_symbolic_pbe
7a422e17,equation_symbolic_punct,symbolic_operator_index_template,abstain,,%'!,"#`""",False,False,False,"#`@{""",4,0,0,programs=; unique_prediction_count=0,v278_symbolic_pbe
7a422e17,equation_symbolic_punct,symbolic_variable_operator_drop_operator,abstain,,%'!,"#`""",False,False,False,"#`@{""",4,0,0,one_or_more_examples_have_no_matching_split; split_counts=0,v324_variable_operator_symbolic
7a422e17,equation_symbolic_punct,symbolic_variable_operator_reverse_drop_operator,abstain,,%'!,"#`""",False,False,False,"#`@{""",4,0,0,one_or_more_examples_have_no_matching_split; split_counts=0,v324_variable_operator_symbolic
7a422e17,equation_symbolic_punct,symbolic_variable_operator_left_only,abstain,,%'!,"#`""",False,False,False,"#`@{""",4,0,0,one_or_more_examples_have_no_matching_split; split_counts=0,v324_variable_operator_symbolic
7a422e17,equation_symbolic_punct,symbolic_variable_operator_right_only,abstain,,%'!,"#`""",False,False,False,"#`@{""",4,0,0,one_or_more_examples_have_no_matching_split; split_counts=0,v324_variable_operator_symbolic
7a422e17,equation_symbolic_punct,symbolic_variable_operator_right_left,abstain,,%'!,"#`""",False,False,False,"#`@{""",4,0,0,one_or_more_examples_have_no_matching_split; split_counts=0,v324_variable_operator_symbolic
7a422e17,equation_symbolic_punct,symbolic_variable_operator_left_reverse_right,abstain,,%'!,"#`""",False,False,False,"#`@{""",4,0,0,one_or_more_examples_have_no_matching_split; split_counts=0,v324_variable_operator_symbolic
7a422e17,equation_symbolic_punct,symbolic_variable_operator_reverse_left_right,abstain,,%'!,"#`""",False,False,False,"#`@{""",4,0,0,one_or_more_examples_have_no_matching_split; split_counts=0,v324_variable_operator_symbolic
7a422e17,equation_symbolic_punct,symbolic_variable_operator_right_reverse_left,abstain,,%'!,"#`""",False,False,False,"#`@{""",4,0,0,one_or_more_examples_have_no_matching_split; split_counts=0,v324_variable_operator_symbolic
7a422e17,equation_symbolic_punct,symbolic_variable_operator_reverse_right_left,abstain,,%'!,"#`""",False,False,False,"#`@{""",4,0,0,one_or_more_examples_have_no_matching_split; split_counts=0,v324_variable_operator_symbolic
7a422e17,equation_symbolic_punct,symbolic_variable_operator_operator_between_reversed,abstain,,%'!,"#`""",False,False,False,"#`@{""",4,0,0,one_or_more_examples_have_no_matching_split; split_counts=0,v324_variable_operator_symbolic
5b2523e6,equation_symbolic_punct,v274_guarded_numeric_not_numeric_query,abstain,,&&,><\$,False,False,False,><-\$,4,0,0,query is not a numeric binary expression,v274_guarded_numeric_postprocessor
5b2523e6,equation_symbolic_punct,symbolic_char_transducer,abstain,,&&,><\$,False,False,False,><-\$,4,0,0,no_pair_mapping,v278_symbolic_pbe
5b2523e6,equation_symbolic_punct,symbolic_delete_selected_chars,abstain,,&&,><\$,False,False,False,><-\$,4,0,0,delete_char_sets=; unique_prediction_count=0,v278_symbolic_pbe
5b2523e6,equation_symbolic_punct,symbolic_keep_selected_chars,abstain,,&&,><\$,False,False,False,><-\$,4,0,0,keep_char_sets=; unique_prediction_count=0,v278_symbolic_pbe
5b2523e6,equation_symbolic_punct,symbolic_prefix_until_marker,abstain,,&&,><\$,False,False,False,><-\$,4,0,0,markers=''; unique_prediction_count=0,v278_symbolic_pbe
5b2523e6,equation_symbolic_punct,symbolic_suffix_after_marker,abstain,,&&,><\$,False,False,False,><-\$,4,0,0,markers=''; unique_prediction_count=0,v278_symbolic_pbe
5b2523e6,equation_symbolic_punct,symbolic_prefix_before_last_marker,abstain,,&&,><\$,False,False,False,><-\$,4,0,0,markers=''; unique_prediction_count=0,v278_symbolic_pbe
5b2523e6,equation_symbolic_punct,symbolic_suffix_after_last_marker,abstain,,&&,><\$,False,False,False,><-\$,4,0,0,markers=''; unique_prediction_count=0,v278_symbolic_pbe
5b2523e6,equation_symbolic_punct,symbolic_remove_first_marker,abstain,,&&,><\$,False,False,False,><-\$,4,0,0,markers=''; unique_prediction_count=0,v278_symbolic_pbe
5b2523e6,equation_symbolic_punct,symbolic_position_template,abstain,,&&,><\$,False,False,False,><-\$,4,0,0,nonuniform_rhs_lengths,v278_symbolic_pbe
5b2523e6,equation_symbolic_punct,symbolic_operator_index_template,abstain,,&&,><\$,False,False,False,><-\$,4,0,0,programs=; unique_prediction_count=0,v278_symbolic_pbe
5b2523e6,equation_symbolic_punct,symbolic_variable_operator_drop_operator,abstain,,&&,><\$,False,False,False,><-\$,4,0,0,one_or_more_examples_have_no_matching_split; split_counts=0,v324_variable_operator_symbolic
5b2523e6,equation_symbolic_punct,symbolic_variable_operator_reverse_drop_operator,abstain,,&&,><\$,False,False,False,><-\$,4,0,0,one_or_more_examples_have_no_matching_split; split_counts=0,v324_variable_operator_symbolic
5b2523e6,equation_symbolic_punct,symbolic_variable_operator_left_only,abstain,,&&,><\$,False,False,False,><-\$,4,0,0,one_or_more_examples_have_no_matching_split; split_counts=0,v324_variable_operator_symbolic
5b2523e6,equation_symbolic_punct,symbolic_variable_operator_right_only,abstain,,&&,><\$,False,False,False,><-\$,4,0,0,one_or_more_examples_have_no_matching_split; split_counts=0,v324_variable_operator_symbolic
5b2523e6,equation_symbolic_punct,symbolic_variable_operator_right_left,abstain,,&&,><\$,False,False,False,><-\$,4,0,0,one_or_more_examples_have_no_matching_split; split_counts=0,v324_variable_operator_symbolic
5b2523e6,equation_symbolic_punct,symbolic_variable_operator_left_reverse_right,abstain,,&&,><\$,False,False,False,><-\$,4,0,0,one_or_more_examples_have_no_matching_split; split_counts=0,v324_variable_operator_symbolic
5b2523e6,equation_symbolic_punct,symbolic_variable_operator_reverse_left_right,abstain,,&&,><\$,False,False,False,><-\$,4,0,0,one_or_more_examples_have_no_matching_split; split_counts=0,v324_variable_operator_symbolic
5b2523e6,equation_symbolic_punct,symbolic_variable_operator_right_reverse_left,abstain,,&&,><\$,False,False,False,><-\$,4,0,0,one_or_more_examples_have_no_matching_split; split_counts=0,v324_variable_operator_symbolic
5b2523e6,equation_symbolic_punct,symbolic_variable_operator_reverse_right_left,abstain,,&&,><\$,False,False,False,><-\$,4,0,0,one_or_more_examples_have_no_matching_split; split_counts=0,v324_variable_operator_symbolic
5b2523e6,equation_symbolic_punct,symbolic_variable_operator_operator_between_reversed,abstain,,&&,><\$,False,False,False,><-\$,4,0,0,one_or_more_examples_have_no_matching_split; split_counts=0,v324_variable_operator_symbolic
0fe53bac,equation_symbolic_punct,v274_guarded_numeric_not_numeric_query,abstain,,"(""",^?(|,False,False,False,^?+(|,4,0,0,query is not a numeric binary expression,v274_guarded_numeric_postprocessor
0fe53bac,equation_symbolic_punct,symbolic_char_transducer,abstain,,"(""",^?(|,False,False,False,^?+(|,4,0,0,no_global_mapping,v278_symbolic_pbe
0fe53bac,equation_symbolic_punct,symbolic_delete_selected_chars,abstain,,"(""",^?(|,False,False,False,^?+(|,4,0,0,delete_char_sets=; unique_prediction_count=0,v278_symbolic_pbe
0fe53bac,equation_symbolic_punct,symbolic_keep_selected_chars,abstain,,"(""",^?(|,False,False,False,^?+(|,4,0,0,keep_char_sets=; unique_prediction_count=0,v278_symbolic_pbe
0fe53bac,equation_symbolic_punct,symbolic_prefix_until_marker,abstain,,"(""",^?(|,False,False,False,^?+(|,4,0,0,markers=''; unique_prediction_count=0,v278_symbolic_pbe
0fe53bac,equation_symbolic_punct,symbolic_suffix_after_marker,abstain,,"(""",^?(|,False,False,False,^?+(|,4,0,0,markers=''; unique_prediction_count=0,v278_symbolic_pbe
0fe53bac,equation_symbolic_punct,symbolic_prefix_before_last_marker,abstain,,"(""",^?(|,False,False,False,^?+(|,4,0,0,markers=''; unique_prediction_count=0,v278_symbolic_pbe
0fe53bac,equation_symbolic_punct,symbolic_suffix_after_last_marker,abstain,,"(""",^?(|,False,False,False,^?+(|,4,0,0,markers=''; unique_prediction_count=0,v278_symbolic_pbe
0fe53bac,equation_symbolic_punct,symbolic_remove_first_marker,abstain,,"(""",^?(|,False,False,False,^?+(|,4,0,0,markers=''; unique_prediction_count=0,v278_symbolic_pbe
0fe53bac,equation_symbolic_punct,symbolic_position_template,abstain,,"(""",^?(|,False,False,False,^?+(|,4,0,0,nonuniform_rhs_lengths,v278_symbolic_pbe
0fe53bac,equation_symbolic_punct,symbolic_operator_index_template,abstain,,"(""",^?(|,False,False,False,^?+(|,4,0,0,programs=; unique_prediction_count=0,v278_symbolic_pbe
0fe53bac,equation_symbolic_punct,symbolic_variable_operator_drop_operator,abstain,,"(""",^?(|,False,False,False,^?+(|,4,0,0,one_or_more_examples_have_no_matching_split; split_counts=0,v324_variable_operator_symbolic
0fe53bac,equation_symbolic_punct,symbolic_variable_operator_reverse_drop_operator,abstain,,"(""",^?(|,False,False,False,^?+(|,4,0,0,one_or_more_examples_have_no_matching_split; split_counts=0,v324_variable_operator_symbolic
0fe53bac,equation_symbolic_punct,symbolic_variable_operator_left_only,abstain,,"(""",^?(|,False,False,False,^?+(|,4,0,0,one_or_more_examples_have_no_matching_split; split_counts=0,v324_variable_operator_symbolic
0fe53bac,equation_symbolic_punct,symbolic_variable_operator_right_only,abstain,,"(""",^?(|,False,False,False,^?+(|,4,0,0,one_or_more_examples_have_no_matching_split; split_counts=0,v324_variable_operator_symbolic
0fe53bac,equation_symbolic_punct,symbolic_variable_operator_right_left,abstain,,"(""",^?(|,False,False,False,^?+(|,4,0,0,one_or_more_examples_have_no_matching_split; split_counts=0,v324_variable_operator_symbolic
0fe53bac,equation_symbolic_punct,symbolic_variable_operator_left_reverse_right,abstain,,"(""",^?(|,False,False,False,^?+(|,4,0,0,one_or_more_examples_have_no_matching_split; split_counts=0,v324_variable_operator_symbolic
0fe53bac,equation_symbolic_punct,symbolic_variable_operator_reverse_left_right,abstain,,"(""",^?(|,False,False,False,^?+(|,4,0,0,one_or_more_examples_have_no_matching_split; split_counts=0,v324_variable_operator_symbolic
0fe53bac,equation_symbolic_punct,symbolic_variable_operator_right_reverse_left,abstain,,"(""",^?(|,False,False,False,^?+(|,4,0,0,one_or_more_examples_have_no_matching_split; split_counts=0,v324_variable_operator_symbolic
0fe53bac,equation_symbolic_punct,symbolic_variable_operator_reverse_right_left,abstain,,"(""",^?(|,False,False,False,^?+(|,4,0,0,one_or_more_examples_have_no_matching_split; split_counts=0,v324_variable_operator_symbolic
0fe53bac,equation_symbolic_punct,symbolic_variable_operator_operator_between_reversed,abstain,,"(""",^?(|,False,False,False,^?+(|,4,0,0,one_or_more_examples_have_no_matching_split; split_counts=0,v324_variable_operator_symbolic
274def88,equation_numeric_operator,v274_guarded_numeric_minus_signed_opposite_sign_guarded,candidate,92,92,-92,True,False,True,85-92,5,1,1,candidate=92; baseline=-92,v274_guarded_numeric_postprocessor
274def88,equation_numeric_operator,numeric_same_operator_extended,abstain,,92,-92,False,False,False,85-92,5,0,0,same_operator_examples=2; rules=; unique_prediction_count=0,v278_numeric_same_operator
274def88,equation_numeric_operator,v299_same_operator_unique_numeric_dsl,candidate,92,92,-92,True,False,True,85-92,5,2,1,unique_prediction=92; candidate_rules=2,v299_numeric_dsl
274def88,equation_numeric_operator,v299_all_numeric_examples_unique_dsl,abstain,,92,-92,False,False,False,85-92,5,0,0,unique_prediction_count=0; candidate_rules=0,v299_numeric_dsl
274def88,equation_numeric_operator,v299_conventional_operator_prior_unique,abstain,,92,-92,False,False,False,85-92,5,16,4,unique_prediction_count=4; candidate_rules=16,v299_numeric_dsl
03a3437f,equation_symbolic_punct,v274_guarded_numeric_not_numeric_query,abstain,,-!,'}>/,False,False,False,'}-/>,3,0,0,query is not a numeric binary expression,v274_guarded_numeric_postprocessor
03a3437f,equation_symbolic_punct,symbolic_char_transducer,abstain,,-!,'}>/,False,False,False,'}-/>,3,0,0,no_global_mapping,v278_symbolic_pbe
03a3437f,equation_symbolic_punct,symbolic_delete_selected_chars,abstain,,-!,'}>/,False,False,False,'}-/>,3,0,0,delete_char_sets=; unique_prediction_count=0,v278_symbolic_pbe
03a3437f,equation_symbolic_punct,symbolic_keep_selected_chars,abstain,,-!,'}>/,False,False,False,'}-/>,3,0,0,keep_char_sets=; unique_prediction_count=0,v278_symbolic_pbe
03a3437f,equation_symbolic_punct,symbolic_prefix_until_marker,abstain,,-!,'}>/,False,False,False,'}-/>,3,0,0,markers=''; unique_prediction_count=0,v278_symbolic_pbe
03a3437f,equation_symbolic_punct,symbolic_suffix_after_marker,abstain,,-!,'}>/,False,False,False,'}-/>,3,0,0,markers=''; unique_prediction_count=0,v278_symbolic_pbe
03a3437f,equation_symbolic_punct,symbolic_prefix_before_last_marker,abstain,,-!,'}>/,False,False,False,'}-/>,3,0,0,markers=''; unique_prediction_count=0,v278_symbolic_pbe
03a3437f,equation_symbolic_punct,symbolic_suffix_after_last_marker,abstain,,-!,'}>/,False,False,False,'}-/>,3,0,0,markers=''; unique_prediction_count=0,v278_symbolic_pbe
03a3437f,equation_symbolic_punct,symbolic_remove_first_marker,abstain,,-!,'}>/,False,False,False,'}-/>,3,0,0,markers=''; unique_prediction_count=0,v278_symbolic_pbe
03a3437f,equation_symbolic_punct,symbolic_position_template,abstain,,-!,'}>/,False,False,False,'}-/>,3,0,0,nonuniform_rhs_lengths,v278_symbolic_pbe
03a3437f,equation_symbolic_punct,symbolic_operator_index_template,abstain,,-!,'}>/,False,False,False,'}-/>,3,0,0,programs=; unique_prediction_count=0,v278_symbolic_pbe
03a3437f,equation_symbolic_punct,symbolic_variable_operator_drop_operator,abstain,,-!,'}>/,False,False,False,'}-/>,3,0,0,one_or_more_examples_have_no_matching_split; split_counts=0,v324_variable_operator_symbolic
03a3437f,equation_symbolic_punct,symbolic_variable_operator_reverse_drop_operator,abstain,,-!,'}>/,False,False,False,'}-/>,3,0,0,one_or_more_examples_have_no_matching_split; split_counts=0,v324_variable_operator_symbolic
03a3437f,equation_symbolic_punct,symbolic_variable_operator_left_only,abstain,,-!,'}>/,False,False,False,'}-/>,3,0,0,one_or_more_examples_have_no_matching_split; split_counts=0,v324_variable_operator_symbolic
03a3437f,equation_symbolic_punct,symbolic_variable_operator_right_only,abstain,,-!,'}>/,False,False,False,'}-/>,3,0,0,one_or_more_examples_have_no_matching_split; split_counts=0,v324_variable_operator_symbolic
03a3437f,equation_symbolic_punct,symbolic_variable_operator_right_left,abstain,,-!,'}>/,False,False,False,'}-/>,3,0,0,one_or_more_examples_have_no_matching_split; split_counts=0,v324_variable_operator_symbolic
03a3437f,equation_symbolic_punct,symbolic_variable_operator_left_reverse_right,abstain,,-!,'}>/,False,False,False,'}-/>,3,0,0,one_or_more_examples_have_no_matching_split; split_counts=0,v324_variable_operator_symbolic
03a3437f,equation_symbolic_punct,symbolic_variable_operator_reverse_left_right,abstain,,-!,'}>/,False,False,False,'}-/>,3,0,0,one_or_more_examples_have_no_matching_split; split_counts=0,v324_variable_operator_symbolic
03a3437f,equation_symbolic_punct,symbolic_variable_operator_right_reverse_left,abstain,,-!,'}>/,False,False,False,'}-/>,3,0,0,one_or_more_examples_have_no_matching_split; split_counts=0,v324_variable_operator_symbolic
03a3437f,equation_symbolic_punct,symbolic_variable_operator_reverse_right_left,abstain,,-!,'}>/,False,False,False,'}-/>,3,0,0,one_or_more_examples_have_no_matching_split; split_counts=0,v324_variable_operator_symbolic
03a3437f,equation_symbolic_punct,symbolic_variable_operator_operator_between_reversed,abstain,,-!,'}>/,False,False,False,'}-/>,3,0,0,one_or_more_examples_have_no_matching_split; split_counts=0,v324_variable_operator_symbolic
30ac5c8e,equation_symbolic_punct,v274_guarded_numeric_not_numeric_query,abstain,,)#?,@\}?,False,False,False,@\+}?,5,0,0,query is not a numeric binary expression,v274_guarded_numeric_postprocessor
30ac5c8e,equation_symbolic_punct,symbolic_char_transducer,abstain,,)#?,@\}?,False,False,False,@\+}?,5,0,0,no_pair_mapping,v278_symbolic_pbe
30ac5c8e,equation_symbolic_punct,symbolic_delete_selected_chars,abstain,,)#?,@\}?,False,False,False,@\+}?,5,0,0,delete_char_sets=; unique_prediction_count=0,v278_symbolic_pbe
30ac5c8e,equation_symbolic_punct,symbolic_keep_selected_chars,abstain,,)#?,@\}?,False,False,False,@\+}?,5,0,0,keep_char_sets=; unique_prediction_count=0,v278_symbolic_pbe
30ac5c8e,equation_symbolic_punct,symbolic_prefix_until_marker,abstain,,)#?,@\}?,False,False,False,@\+}?,5,0,0,markers=''; unique_prediction_count=0,v278_symbolic_pbe
30ac5c8e,equation_symbolic_punct,symbolic_suffix_after_marker,abstain,,)#?,@\}?,False,False,False,@\+}?,5,0,0,markers=''; unique_prediction_count=0,v278_symbolic_pbe
30ac5c8e,equation_symbolic_punct,symbolic_prefix_before_last_marker,abstain,,)#?,@\}?,False,False,False,@\+}?,5,0,0,markers=''; unique_prediction_count=0,v278_symbolic_pbe
30ac5c8e,equation_symbolic_punct,symbolic_suffix_after_last_marker,abstain,,)#?,@\}?,False,False,False,@\+}?,5,0,0,markers=''; unique_prediction_count=0,v278_symbolic_pbe
30ac5c8e,equation_symbolic_punct,symbolic_remove_first_marker,abstain,,)#?,@\}?,False,False,False,@\+}?,5,0,0,markers=''; unique_prediction_count=0,v278_symbolic_pbe
30ac5c8e,equation_symbolic_punct,symbolic_position_template,abstain,,)#?,@\}?,False,False,False,@\+}?,5,0,0,nonuniform_rhs_lengths,v278_symbolic_pbe
30ac5c8e,equation_symbolic_punct,symbolic_operator_index_template,abstain,,)#?,@\}?,False,False,False,@\+}?,5,0,0,programs=; unique_prediction_count=0,v278_symbolic_pbe
30ac5c8e,equation_symbolic_punct,symbolic_variable_operator_drop_operator,abstain,,)#?,@\}?,False,False,False,@\+}?,5,0,0,one_or_more_examples_have_no_matching_split; split_counts=0,v324_variable_operator_symbolic
30ac5c8e,equation_symbolic_punct,symbolic_variable_operator_reverse_drop_operator,abstain,,)#?,@\}?,False,False,False,@\+}?,5,0,0,one_or_more_examples_have_no_matching_split; split_counts=0,v324_variable_operator_symbolic
30ac5c8e,equation_symbolic_punct,symbolic_variable_operator_left_only,abstain,,)#?,@\}?,False,False,False,@\+}?,5,0,0,one_or_more_examples_have_no_matching_split; split_counts=0,v324_variable_operator_symbolic
30ac5c8e,equation_symbolic_punct,symbolic_variable_operator_right_only,abstain,,)#?,@\}?,False,False,False,@\+}?,5,0,0,one_or_more_examples_have_no_matching_split; split_counts=0,v324_variable_operator_symbolic
30ac5c8e,equation_symbolic_punct,symbolic_variable_operator_right_left,abstain,,)#?,@\}?,False,False,False,@\+}?,5,0,0,one_or_more_examples_have_no_matching_split; split_counts=0,v324_variable_operator_symbolic
30ac5c8e,equation_symbolic_punct,symbolic_variable_operator_left_reverse_right,abstain,,)#?,@\}?,False,False,False,@\+}?,5,0,0,one_or_more_examples_have_no_matching_split; split_counts=0,v324_variable_operator_symbolic
30ac5c8e,equation_symbolic_punct,symbolic_variable_operator_reverse_left_right,abstain,,)#?,@\}?,False,False,False,@\+}?,5,0,0,one_or_more_examples_have_no_matching_split; split_counts=0,v324_variable_operator_symbolic
30ac5c8e,equation_symbolic_punct,symbolic_variable_operator_right_reverse_left,abstain,,)#?,@\}?,False,False,False,@\+}?,5,0,0,one_or_more_examples_have_no_matching_split; split_counts=0,v324_variable_operator_symbolic
30ac5c8e,equation_symbolic_punct,symbolic_variable_operator_reverse_right_left,abstain,,)#?,@\}?,False,False,False,@\+}?,5,0,0,one_or_more_examples_have_no_matching_split; split_counts=0,v324_variable_operator_symbolic
30ac5c8e,equation_symbolic_punct,symbolic_variable_operator_operator_between_reversed,abstain,,)#?,@\}?,False,False,False,@\+}?,5,0,0,one_or_more_examples_have_no_matching_split; split_counts=0,v324_variable_operator_symbolic
ff121f08,equation_symbolic_punct,v274_guarded_numeric_not_numeric_query,abstain,,#<,!%<<,False,False,False,!%+<<,5,0,0,query is not a numeric binary expression,v274_guarded_numeric_postprocessor
ff121f08,equation_symbolic_punct,symbolic_char_transducer,abstain,,#<,!%<<,False,False,False,!%+<<,5,0,0,no_global_mapping,v278_symbolic_pbe
ff121f08,equation_symbolic_punct,symbolic_delete_selected_chars,abstain,,#<,!%<<,False,False,False,!%+<<,5,0,0,delete_char_sets=; unique_prediction_count=0,v278_symbolic_pbe
ff121f08,equation_symbolic_punct,symbolic_keep_selected_chars,abstain,,#<,!%<<,False,False,False,!%+<<,5,0,0,keep_char_sets=; unique_prediction_count=0,v278_symbolic_pbe
ff121f08,equation_symbolic_punct,symbolic_prefix_until_marker,abstain,,#<,!%<<,False,False,False,!%+<<,5,0,0,markers=''; unique_prediction_count=0,v278_symbolic_pbe
ff121f08,equation_symbolic_punct,symbolic_suffix_after_marker,abstain,,#<,!%<<,False,False,False,!%+<<,5,0,0,markers=''; unique_prediction_count=0,v278_symbolic_pbe
ff121f08,equation_symbolic_punct,symbolic_prefix_before_last_marker,abstain,,#<,!%<<,False,False,False,!%+<<,5,0,0,markers=''; unique_prediction_count=0,v278_symbolic_pbe
ff121f08,equation_symbolic_punct,symbolic_suffix_after_last_marker,abstain,,#<,!%<<,False,False,False,!%+<<,5,0,0,markers=''; unique_prediction_count=0,v278_symbolic_pbe
ff121f08,equation_symbolic_punct,symbolic_remove_first_marker,abstain,,#<,!%<<,False,False,False,!%+<<,5,0,0,markers=''; unique_prediction_count=0,v278_symbolic_pbe
ff121f08,equation_symbolic_punct,symbolic_position_template,abstain,,#<,!%<<,False,False,False,!%+<<,5,0,0,nonuniform_rhs_lengths,v278_symbolic_pbe
ff121f08,equation_symbolic_punct,symbolic_operator_index_template,abstain,,#<,!%<<,False,False,False,!%+<<,5,0,0,programs=; unique_prediction_count=0,v278_symbolic_pbe
ff121f08,equation_symbolic_punct,symbolic_variable_operator_drop_operator,abstain,,#<,!%<<,False,False,False,!%+<<,5,0,0,one_or_more_examples_have_no_matching_split; split_counts=0,v324_variable_operator_symbolic
ff121f08,equation_symbolic_punct,symbolic_variable_operator_reverse_drop_operator,abstain,,#<,!%<<,False,False,False,!%+<<,5,0,0,one_or_more_examples_have_no_matching_split; split_counts=0,v324_variable_operator_symbolic
ff121f08,equation_symbolic_punct,symbolic_variable_operator_left_only,abstain,,#<,!%<<,False,False,False,!%+<<,5,0,0,one_or_more_examples_have_no_matching_split; split_counts=0,v324_variable_operator_symbolic
ff121f08,equation_symbolic_punct,symbolic_variable_operator_right_only,abstain,,#<,!%<<,False,False,False,!%+<<,5,0,0,one_or_more_examples_have_no_matching_split; split_counts=0,v324_variable_operator_symbolic
ff121f08,equation_symbolic_punct,symbolic_variable_operator_right_left,abstain,,#<,!%<<,False,False,False,!%+<<,5,0,0,one_or_more_examples_have_no_matching_split; split_counts=0,v324_variable_operator_symbolic
ff121f08,equation_symbolic_punct,symbolic_variable_operator_left_reverse_right,abstain,,#<,!%<<,False,False,False,!%+<<,5,0,0,one_or_more_examples_have_no_matching_split; split_counts=0,v324_variable_operator_symbolic
ff121f08,equation_symbolic_punct,symbolic_variable_operator_reverse_left_right,abstain,,#<,!%<<,False,False,False,!%+<<,5,0,0,one_or_more_examples_have_no_matching_split; split_counts=0,v324_variable_operator_symbolic
ff121f08,equation_symbolic_punct,symbolic_variable_operator_right_reverse_left,abstain,,#<,!%<<,False,False,False,!%+<<,5,0,0,one_or_more_examples_have_no_matching_split; split_counts=0,v324_variable_operator_symbolic
ff121f08,equation_symbolic_punct,symbolic_variable_operator_reverse_right_left,abstain,,#<,!%<<,False,False,False,!%+<<,5,0,0,one_or_more_examples_have_no_matching_split; split_counts=0,v324_variable_operator_symbolic
ff121f08,equation_symbolic_punct,symbolic_variable_operator_operator_between_reversed,abstain,,#<,!%<<,False,False,False,!%+<<,5,0,0,one_or_more_examples_have_no_matching_split; split_counts=0,v324_variable_operator_symbolic
ec8b4875,equation_symbolic_punct,v274_guarded_numeric_not_numeric_query,abstain,,"|""]",|@<!,False,False,False,|@*<!,3,0,0,query is not a numeric binary expression,v274_guarded_numeric_postprocessor
ec8b4875,equation_symbolic_punct,symbolic_char_transducer,abstain,,"|""]",|@<!,False,False,False,|@*<!,3,0,0,no_pair_mapping,v278_symbolic_pbe
ec8b4875,equation_symbolic_punct,symbolic_delete_selected_chars,abstain,,"|""]",|@<!,False,False,False,|@*<!,3,0,0,delete_char_sets=; unique_prediction_count=0,v278_symbolic_pbe
ec8b4875,equation_symbolic_punct,symbolic_keep_selected_chars,abstain,,"|""]",|@<!,False,False,False,|@*<!,3,0,0,keep_char_sets=; unique_prediction_count=0,v278_symbolic_pbe
ec8b4875,equation_symbolic_punct,symbolic_prefix_until_marker,abstain,,"|""]",|@<!,False,False,False,|@*<!,3,0,0,markers=''; unique_prediction_count=0,v278_symbolic_pbe
ec8b4875,equation_symbolic_punct,symbolic_suffix_after_marker,abstain,,"|""]",|@<!,False,False,False,|@*<!,3,0,0,markers=''; unique_prediction_count=0,v278_symbolic_pbe
ec8b4875,equation_symbolic_punct,symbolic_prefix_before_last_marker,abstain,,"|""]",|@<!,False,False,False,|@*<!,3,0,0,markers=''; unique_prediction_count=0,v278_symbolic_pbe
ec8b4875,equation_symbolic_punct,symbolic_suffix_after_last_marker,abstain,,"|""]",|@<!,False,False,False,|@*<!,3,0,0,markers=''; unique_prediction_count=0,v278_symbolic_pbe
ec8b4875,equation_symbolic_punct,symbolic_remove_first_marker,abstain,,"|""]",|@<!,False,False,False,|@*<!,3,0,0,markers=''; unique_prediction_count=0,v278_symbolic_pbe
ec8b4875,equation_symbolic_punct,symbolic_position_template,abstain,,"|""]",|@<!,False,False,False,|@*<!,3,0,0,nonuniform_rhs_lengths,v278_symbolic_pbe
ec8b4875,equation_symbolic_punct,symbolic_operator_index_template,abstain,,"|""]",|@<!,False,False,False,|@*<!,3,0,0,programs=; unique_prediction_count=0,v278_symbolic_pbe
ec8b4875,equation_symbolic_punct,symbolic_variable_operator_drop_operator,abstain,,"|""]",|@<!,False,False,False,|@*<!,3,0,0,one_or_more_examples_have_no_matching_split; split_counts=0,v324_variable_operator_symbolic
ec8b4875,equation_symbolic_punct,symbolic_variable_operator_reverse_drop_operator,abstain,,"|""]",|@<!,False,False,False,|@*<!,3,0,0,one_or_more_examples_have_no_matching_split; split_counts=0,v324_variable_operator_symbolic
ec8b4875,equation_symbolic_punct,symbolic_variable_operator_left_only,abstain,,"|""]",|@<!,False,False,False,|@*<!,3,0,0,one_or_more_examples_have_no_matching_split; split_counts=0,v324_variable_operator_symbolic
ec8b4875,equation_symbolic_punct,symbolic_variable_operator_right_only,abstain,,"|""]",|@<!,False,False,False,|@*<!,3,0,0,one_or_more_examples_have_no_matching_split; split_counts=0,v324_variable_operator_symbolic
ec8b4875,equation_symbolic_punct,symbolic_variable_operator_right_left,abstain,,"|""]",|@<!,False,False,False,|@*<!,3,0,0,one_or_more_examples_have_no_matching_split; split_counts=0,v324_variable_operator_symbolic
ec8b4875,equation_symbolic_punct,symbolic_variable_operator_left_reverse_right,abstain,,"|""]",|@<!,False,False,False,|@*<!,3,0,0,one_or_more_examples_have_no_matching_split; split_counts=0,v324_variable_operator_symbolic
ec8b4875,equation_symbolic_punct,symbolic_variable_operator_reverse_left_right,abstain,,"|""]",|@<!,False,False,False,|@*<!,3,0,0,one_or_more_examples_have_no_matching_split; split_counts=0,v324_variable_operator_symbolic
ec8b4875,equation_symbolic_punct,symbolic_variable_operator_right_reverse_left,abstain,,"|""]",|@<!,False,False,False,|@*<!,3,0,0,one_or_more_examples_have_no_matching_split; split_counts=0,v324_variable_operator_symbolic
ec8b4875,equation_symbolic_punct,symbolic_variable_operator_reverse_right_left,abstain,,"|""]",|@<!,False,False,False,|@*<!,3,0,0,one_or_more_examples_have_no_matching_split; split_counts=0,v324_variable_operator_symbolic
ec8b4875,equation_symbolic_punct,symbolic_variable_operator_operator_between_reversed,abstain,,"|""]",|@<!,False,False,False,|@*<!,3,0,0,one_or_more_examples_have_no_matching_split; split_counts=0,v324_variable_operator_symbolic
e3fbc768,equation_symbolic_punct,v274_guarded_numeric_not_numeric_query,abstain,,'(^),%??,False,False,False,{%/??,3,0,0,query is not a numeric binary expression,v274_guarded_numeric_postprocessor
e3fbc768,equation_symbolic_punct,symbolic_char_transducer,abstain,,'(^),%??,False,False,False,{%/??,3,0,0,no_pair_mapping,v278_symbolic_pbe
e3fbc768,equation_symbolic_punct,symbolic_delete_selected_chars,abstain,,'(^),%??,False,False,False,{%/??,3,0,0,delete_char_sets=; unique_prediction_count=0,v278_symbolic_pbe
e3fbc768,equation_symbolic_punct,symbolic_keep_selected_chars,abstain,,'(^),%??,False,False,False,{%/??,3,0,0,keep_char_sets=; unique_prediction_count=0,v278_symbolic_pbe
e3fbc768,equation_symbolic_punct,symbolic_prefix_until_marker,abstain,,'(^),%??,False,False,False,{%/??,3,0,0,markers=''; unique_prediction_count=0,v278_symbolic_pbe
e3fbc768,equation_symbolic_punct,symbolic_suffix_after_marker,abstain,,'(^),%??,False,False,False,{%/??,3,0,0,markers=''; unique_prediction_count=0,v278_symbolic_pbe
e3fbc768,equation_symbolic_punct,symbolic_prefix_before_last_marker,abstain,,'(^),%??,False,False,False,{%/??,3,0,0,markers=''; unique_prediction_count=0,v278_symbolic_pbe
e3fbc768,equation_symbolic_punct,symbolic_suffix_after_last_marker,abstain,,'(^),%??,False,False,False,{%/??,3,0,0,markers=''; unique_prediction_count=0,v278_symbolic_pbe
e3fbc768,equation_symbolic_punct,symbolic_remove_first_marker,abstain,,'(^),%??,False,False,False,{%/??,3,0,0,markers=''; unique_prediction_count=0,v278_symbolic_pbe
e3fbc768,equation_symbolic_punct,symbolic_position_template,abstain,,'(^),%??,False,False,False,{%/??,3,0,0,nonuniform_rhs_lengths,v278_symbolic_pbe
e3fbc768,equation_symbolic_punct,symbolic_operator_index_template,abstain,,'(^),%??,False,False,False,{%/??,3,0,0,programs=; unique_prediction_count=0,v278_symbolic_pbe
e3fbc768,equation_symbolic_punct,symbolic_variable_operator_drop_operator,abstain,,'(^),%??,False,False,False,{%/??,3,0,0,one_or_more_examples_have_no_matching_split; split_counts=0,v324_variable_operator_symbolic
e3fbc768,equation_symbolic_punct,symbolic_variable_operator_reverse_drop_operator,abstain,,'(^),%??,False,False,False,{%/??,3,0,0,one_or_more_examples_have_no_matching_split; split_counts=0,v324_variable_operator_symbolic
e3fbc768,equation_symbolic_punct,symbolic_variable_operator_left_only,abstain,,'(^),%??,False,False,False,{%/??,3,0,0,one_or_more_examples_have_no_matching_split; split_counts=0,v324_variable_operator_symbolic
e3fbc768,equation_symbolic_punct,symbolic_variable_operator_right_only,abstain,,'(^),%??,False,False,False,{%/??,3,0,0,one_or_more_examples_have_no_matching_split; split_counts=0,v324_variable_operator_symbolic
e3fbc768,equation_symbolic_punct,symbolic_variable_operator_right_left,abstain,,'(^),%??,False,False,False,{%/??,3,0,0,one_or_more_examples_have_no_matching_split; split_counts=0,v324_variable_operator_symbolic
e3fbc768,equation_symbolic_punct,symbolic_variable_operator_left_reverse_right,abstain,,'(^),%??,False,False,False,{%/??,3,0,0,one_or_more_examples_have_no_matching_split; split_counts=0,v324_variable_operator_symbolic
e3fbc768,equation_symbolic_punct,symbolic_variable_operator_reverse_left_right,abstain,,'(^),%??,False,False,False,{%/??,3,0,0,one_or_more_examples_have_no_matching_split; split_counts=0,v324_variable_operator_symbolic
e3fbc768,equation_symbolic_punct,symbolic_variable_operator_right_reverse_left,abstain,,'(^),%??,False,False,False,{%/??,3,0,0,one_or_more_examples_have_no_matching_split; split_counts=0,v324_variable_operator_symbolic
e3fbc768,equation_symbolic_punct,symbolic_variable_operator_reverse_right_left,abstain,,'(^),%??,False,False,False,{%/??,3,0,0,one_or_more_examples_have_no_matching_split; split_counts=0,v324_variable_operator_symbolic
e3fbc768,equation_symbolic_punct,symbolic_variable_operator_operator_between_reversed,abstain,,'(^),%??,False,False,False,{%/??,3,0,0,one_or_more_examples_have_no_matching_split; split_counts=0,v324_variable_operator_symbolic
6cc5dafb,equation_symbolic_punct,v274_guarded_numeric_not_numeric_query,abstain,,)(,^&>),False,False,False,^&!>),4,0,0,query is not a numeric binary expression,v274_guarded_numeric_postprocessor
6cc5dafb,equation_symbolic_punct,symbolic_char_transducer,abstain,,)(,^&>),False,False,False,^&!>),4,0,0,no_global_mapping,v278_symbolic_pbe
6cc5dafb,equation_symbolic_punct,symbolic_delete_selected_chars,abstain,,)(,^&>),False,False,False,^&!>),4,0,0,delete_char_sets=; unique_prediction_count=0,v278_symbolic_pbe
6cc5dafb,equation_symbolic_punct,symbolic_keep_selected_chars,abstain,,)(,^&>),False,False,False,^&!>),4,0,0,keep_char_sets=; unique_prediction_count=0,v278_symbolic_pbe
6cc5dafb,equation_symbolic_punct,symbolic_prefix_until_marker,abstain,,)(,^&>),False,False,False,^&!>),4,0,0,markers=''; unique_prediction_count=0,v278_symbolic_pbe
6cc5dafb,equation_symbolic_punct,symbolic_suffix_after_marker,abstain,,)(,^&>),False,False,False,^&!>),4,0,0,markers=''; unique_prediction_count=0,v278_symbolic_pbe
6cc5dafb,equation_symbolic_punct,symbolic_prefix_before_last_marker,abstain,,)(,^&>),False,False,False,^&!>),4,0,0,markers=''; unique_prediction_count=0,v278_symbolic_pbe
6cc5dafb,equation_symbolic_punct,symbolic_suffix_after_last_marker,abstain,,)(,^&>),False,False,False,^&!>),4,0,0,markers=''; unique_prediction_count=0,v278_symbolic_pbe
6cc5dafb,equation_symbolic_punct,symbolic_remove_first_marker,abstain,,)(,^&>),False,False,False,^&!>),4,0,0,markers=''; unique_prediction_count=0,v278_symbolic_pbe
6cc5dafb,equation_symbolic_punct,symbolic_position_template,abstain,,)(,^&>),False,False,False,^&!>),4,0,0,nonuniform_rhs_lengths,v278_symbolic_pbe
6cc5dafb,equation_symbolic_punct,symbolic_operator_index_template,abstain,,)(,^&>),False,False,False,^&!>),4,0,0,programs=; unique_prediction_count=0,v278_symbolic_pbe
6cc5dafb,equation_symbolic_punct,symbolic_variable_operator_drop_operator,abstain,,)(,^&>),False,False,False,^&!>),4,0,0,one_or_more_examples_have_no_matching_split; split_counts=0,v324_variable_operator_symbolic
6cc5dafb,equation_symbolic_punct,symbolic_variable_operator_reverse_drop_operator,abstain,,)(,^&>),False,False,False,^&!>),4,0,0,one_or_more_examples_have_no_matching_split; split_counts=0,v324_variable_operator_symbolic
6cc5dafb,equation_symbolic_punct,symbolic_variable_operator_left_only,abstain,,)(,^&>),False,False,False,^&!>),4,0,0,one_or_more_examples_have_no_matching_split; split_counts=0,v324_variable_operator_symbolic
6cc5dafb,equation_symbolic_punct,symbolic_variable_operator_right_only,abstain,,)(,^&>),False,False,False,^&!>),4,0,0,one_or_more_examples_have_no_matching_split; split_counts=0,v324_variable_operator_symbolic
6cc5dafb,equation_symbolic_punct,symbolic_variable_operator_right_left,abstain,,)(,^&>),False,False,False,^&!>),4,0,0,one_or_more_examples_have_no_matching_split; split_counts=0,v324_variable_operator_symbolic
6cc5dafb,equation_symbolic_punct,symbolic_variable_operator_left_reverse_right,abstain,,)(,^&>),False,False,False,^&!>),4,0,0,one_or_more_examples_have_no_matching_split; split_counts=0,v324_variable_operator_symbolic
6cc5dafb,equation_symbolic_punct,symbolic_variable_operator_reverse_left_right,abstain,,)(,^&>),False,False,False,^&!>),4,0,0,one_or_more_examples_have_no_matching_split; split_counts=0,v324_variable_operator_symbolic
6cc5dafb,equation_symbolic_punct,symbolic_variable_operator_right_reverse_left,abstain,,)(,^&>),False,False,False,^&!>),4,0,0,one_or_more_examples_have_no_matching_split; split_counts=0,v324_variable_operator_symbolic
6cc5dafb,equation_symbolic_punct,symbolic_variable_operator_reverse_right_left,abstain,,)(,^&>),False,False,False,^&!>),4,0,0,one_or_more_examples_have_no_matching_split; split_counts=0,v324_variable_operator_symbolic
6cc5dafb,equation_symbolic_punct,symbolic_variable_operator_operator_between_reversed,abstain,,)(,^&>),False,False,False,^&!>),4,0,0,one_or_more_examples_have_no_matching_split; split_counts=0,v324_variable_operator_symbolic
d5a03a2e,equation_symbolic_punct,v274_guarded_numeric_not_numeric_query,abstain,,>>,""")&&",False,False,False,""""")&&",4,0,0,query is not a numeric binary expression,v274_guarded_numeric_postprocessor
d5a03a2e,equation_symbolic_punct,symbolic_char_transducer,abstain,,>>,""")&&",False,False,False,""""")&&",4,0,0,no_global_mapping,v278_symbolic_pbe
d5a03a2e,equation_symbolic_punct,symbolic_delete_selected_chars,abstain,,>>,""")&&",False,False,False,""""")&&",4,0,0,delete_char_sets=; unique_prediction_count=0,v278_symbolic_pbe
d5a03a2e,equation_symbolic_punct,symbolic_keep_selected_chars,abstain,,>>,""")&&",False,False,False,""""")&&",4,0,0,keep_char_sets=; unique_prediction_count=0,v278_symbolic_pbe
d5a03a2e,equation_symbolic_punct,symbolic_prefix_until_marker,abstain,,>>,""")&&",False,False,False,""""")&&",4,0,0,markers=''; unique_prediction_count=0,v278_symbolic_pbe
d5a03a2e,equation_symbolic_punct,symbolic_suffix_after_marker,abstain,,>>,""")&&",False,False,False,""""")&&",4,0,0,markers=''; unique_prediction_count=0,v278_symbolic_pbe
d5a03a2e,equation_symbolic_punct,symbolic_prefix_before_last_marker,abstain,,>>,""")&&",False,False,False,""""")&&",4,0,0,markers=''; unique_prediction_count=0,v278_symbolic_pbe
d5a03a2e,equation_symbolic_punct,symbolic_suffix_after_last_marker,abstain,,>>,""")&&",False,False,False,""""")&&",4,0,0,markers=''; unique_prediction_count=0,v278_symbolic_pbe
d5a03a2e,equation_symbolic_punct,symbolic_remove_first_marker,abstain,,>>,""")&&",False,False,False,""""")&&",4,0,0,markers=''; unique_prediction_count=0,v278_symbolic_pbe
d5a03a2e,equation_symbolic_punct,symbolic_position_template,abstain,,>>,""")&&",False,False,False,""""")&&",4,0,0,nonuniform_rhs_lengths,v278_symbolic_pbe
d5a03a2e,equation_symbolic_punct,symbolic_operator_index_template,abstain,,>>,""")&&",False,False,False,""""")&&",4,0,0,programs=; unique_prediction_count=0,v278_symbolic_pbe
d5a03a2e,equation_symbolic_punct,symbolic_variable_operator_drop_operator,abstain,,>>,""")&&",False,False,False,""""")&&",4,0,0,one_or_more_examples_have_no_matching_split; split_counts=0,v324_variable_operator_symbolic
d5a03a2e,equation_symbolic_punct,symbolic_variable_operator_reverse_drop_operator,abstain,,>>,""")&&",False,False,False,""""")&&",4,0,0,one_or_more_examples_have_no_matching_split; split_counts=0,v324_variable_operator_symbolic
d5a03a2e,equation_symbolic_punct,symbolic_variable_operator_left_only,abstain,,>>,""")&&",False,False,False,""""")&&",4,0,0,one_or_more_examples_have_no_matching_split; split_counts=0,v324_variable_operator_symbolic
d5a03a2e,equation_symbolic_punct,symbolic_variable_operator_right_only,abstain,,>>,""")&&",False,False,False,""""")&&",4,0,0,one_or_more_examples_have_no_matching_split; split_counts=0,v324_variable_operator_symbolic
d5a03a2e,equation_symbolic_punct,symbolic_variable_operator_right_left,abstain,,>>,""")&&",False,False,False,""""")&&",4,0,0,one_or_more_examples_have_no_matching_split; split_counts=0,v324_variable_operator_symbolic
d5a03a2e,equation_symbolic_punct,symbolic_variable_operator_left_reverse_right,abstain,,>>,""")&&",False,False,False,""""")&&",4,0,0,one_or_more_examples_have_no_matching_split; split_counts=0,v324_variable_operator_symbolic
d5a03a2e,equation_symbolic_punct,symbolic_variable_operator_reverse_left_right,abstain,,>>,""")&&",False,False,False,""""")&&",4,0,0,one_or_more_examples_have_no_matching_split; split_counts=0,v324_variable_operator_symbolic
d5a03a2e,equation_symbolic_punct,symbolic_variable_operator_right_reverse_left,abstain,,>>,""")&&",False,False,False,""""")&&",4,0,0,one_or_more_examples_have_no_matching_split; split_counts=0,v324_variable_operator_symbolic
d5a03a2e,equation_symbolic_punct,symbolic_variable_operator_reverse_right_left,abstain,,>>,""")&&",False,False,False,""""")&&",4,0,0,one_or_more_examples_have_no_matching_split; split_counts=0,v324_variable_operator_symbolic
d5a03a2e,equation_symbolic_punct,symbolic_variable_operator_operator_between_reversed,abstain,,>>,""")&&",False,False,False,""""")&&",4,0,0,one_or_more_examples_have_no_matching_split; split_counts=0,v324_variable_operator_symbolic
fb623471,equation_numeric_operator,v274_guarded_numeric_minus_direct_negative_restore_sign,candidate,-21,-21,21,True,False,True,08-29,3,1,1,candidate=-21; baseline=21,v274_guarded_numeric_postprocessor
fb623471,equation_numeric_operator,numeric_same_operator_extended,abstain,,-21,21,False,False,False,08-29,3,0,0,same_operator_examples=1 below_min=2,v278_numeric_same_operator
fb623471,equation_numeric_operator,v299_same_operator_unique_numeric_dsl,abstain,,-21,21,False,False,False,08-29,3,10,4,unique_prediction_count=4; candidate_rules=10,v299_numeric_dsl
fb623471,equation_numeric_operator,v299_all_numeric_examples_unique_dsl,abstain,,-21,21,False,False,False,08-29,3,0,0,unique_prediction_count=0; candidate_rules=0,v299_numeric_dsl
fb623471,equation_numeric_operator,v299_conventional_operator_prior_unique,abstain,,-21,21,False,False,False,08-29,3,16,4,unique_prediction_count=4; candidate_rules=16,v299_numeric_dsl
d129b085,equation_symbolic_punct,v274_guarded_numeric_not_numeric_query,abstain,,##$,!>``,False,False,False,"!>+`""",4,0,0,query is not a numeric binary expression,v274_guarded_numeric_postprocessor
d129b085,equation_symbolic_punct,symbolic_char_transducer,abstain,,##$,!>``,False,False,False,"!>+`""",4,0,0,no_global_mapping,v278_symbolic_pbe
d129b085,equation_symbolic_punct,symbolic_delete_selected_chars,abstain,,##$,!>``,False,False,False,"!>+`""",4,0,0,delete_char_sets=; unique_prediction_count=0,v278_symbolic_pbe
d129b085,equation_symbolic_punct,symbolic_keep_selected_chars,abstain,,##$,!>``,False,False,False,"!>+`""",4,0,0,keep_char_sets=; unique_prediction_count=0,v278_symbolic_pbe
d129b085,equation_symbolic_punct,symbolic_prefix_until_marker,abstain,,##$,!>``,False,False,False,"!>+`""",4,0,0,markers=''; unique_prediction_count=0,v278_symbolic_pbe
d129b085,equation_symbolic_punct,symbolic_suffix_after_marker,abstain,,##$,!>``,False,False,False,"!>+`""",4,0,0,markers=''; unique_prediction_count=0,v278_symbolic_pbe
d129b085,equation_symbolic_punct,symbolic_prefix_before_last_marker,abstain,,##$,!>``,False,False,False,"!>+`""",4,0,0,markers=''; unique_prediction_count=0,v278_symbolic_pbe
d129b085,equation_symbolic_punct,symbolic_suffix_after_last_marker,abstain,,##$,!>``,False,False,False,"!>+`""",4,0,0,markers=''; unique_prediction_count=0,v278_symbolic_pbe
d129b085,equation_symbolic_punct,symbolic_remove_first_marker,abstain,,##$,!>``,False,False,False,"!>+`""",4,0,0,markers=''; unique_prediction_count=0,v278_symbolic_pbe
d129b085,equation_symbolic_punct,symbolic_position_template,abstain,,##$,!>``,False,False,False,"!>+`""",4,0,0,nonuniform_rhs_lengths,v278_symbolic_pbe
d129b085,equation_symbolic_punct,symbolic_operator_index_template,abstain,,##$,!>``,False,False,False,"!>+`""",4,0,0,programs=; unique_prediction_count=0,v278_symbolic_pbe
d129b085,equation_symbolic_punct,symbolic_variable_operator_drop_operator,abstain,,##$,!>``,False,False,False,"!>+`""",4,0,0,one_or_more_examples_have_no_matching_split; split_counts=0,v324_variable_operator_symbolic
d129b085,equation_symbolic_punct,symbolic_variable_operator_reverse_drop_operator,abstain,,##$,!>``,False,False,False,"!>+`""",4,0,0,one_or_more_examples_have_no_matching_split; split_counts=0,v324_variable_operator_symbolic
d129b085,equation_symbolic_punct,symbolic_variable_operator_left_only,abstain,,##$,!>``,False,False,False,"!>+`""",4,0,0,one_or_more_examples_have_no_matching_split; split_counts=0,v324_variable_operator_symbolic
d129b085,equation_symbolic_punct,symbolic_variable_operator_right_only,abstain,,##$,!>``,False,False,False,"!>+`""",4,0,0,one_or_more_examples_have_no_matching_split; split_counts=0,v324_variable_operator_symbolic
d129b085,equation_symbolic_punct,symbolic_variable_operator_right_left,abstain,,##$,!>``,False,False,False,"!>+`""",4,0,0,one_or_more_examples_have_no_matching_split; split_counts=0,v324_variable_operator_symbolic
d129b085,equation_symbolic_punct,symbolic_variable_operator_left_reverse_right,abstain,,##$,!>``,False,False,False,"!>+`""",4,0,0,one_or_more_examples_have_no_matching_split; split_counts=0,v324_variable_operator_symbolic
d129b085,equation_symbolic_punct,symbolic_variable_operator_reverse_left_right,abstain,,##$,!>``,False,False,False,"!>+`""",4,0,0,one_or_more_examples_have_no_matching_split; split_counts=0,v324_variable_operator_symbolic
d129b085,equation_symbolic_punct,symbolic_variable_operator_right_reverse_left,abstain,,##$,!>``,False,False,False,"!>+`""",4,0,0,one_or_more_examples_have_no_matching_split; split_counts=0,v324_variable_operator_symbolic
d129b085,equation_symbolic_punct,symbolic_variable_operator_reverse_right_left,abstain,,##$,!>``,False,False,False,"!>+`""",4,0,0,one_or_more_examples_have_no_matching_split; split_counts=0,v324_variable_operator_symbolic
d129b085,equation_symbolic_punct,symbolic_variable_operator_operator_between_reversed,abstain,,##$,!>``,False,False,False,"!>+`""",4,0,0,one_or_more_examples_have_no_matching_split; split_counts=0,v324_variable_operator_symbolic
e582df31,equation_symbolic_punct,v274_guarded_numeric_not_numeric_query,abstain,,}@,"""']@",False,False,False,"""'?]@",3,0,0,query is not a numeric binary expression,v274_guarded_numeric_postprocessor
e582df31,equation_symbolic_punct,symbolic_char_transducer,abstain,,}@,"""']@",False,False,False,"""'?]@",3,0,0,no_global_mapping,v278_symbolic_pbe
e582df31,equation_symbolic_punct,symbolic_delete_selected_chars,abstain,,}@,"""']@",False,False,False,"""'?]@",3,0,0,delete_char_sets=; unique_prediction_count=0,v278_symbolic_pbe
e582df31,equation_symbolic_punct,symbolic_keep_selected_chars,abstain,,}@,"""']@",False,False,False,"""'?]@",3,0,0,keep_char_sets=; unique_prediction_count=0,v278_symbolic_pbe
e582df31,equation_symbolic_punct,symbolic_prefix_until_marker,abstain,,}@,"""']@",False,False,False,"""'?]@",3,0,0,markers=''; unique_prediction_count=0,v278_symbolic_pbe
e582df31,equation_symbolic_punct,symbolic_suffix_after_marker,abstain,,}@,"""']@",False,False,False,"""'?]@",3,0,0,markers=''; unique_prediction_count=0,v278_symbolic_pbe
e582df31,equation_symbolic_punct,symbolic_prefix_before_last_marker,abstain,,}@,"""']@",False,False,False,"""'?]@",3,0,0,markers=''; unique_prediction_count=0,v278_symbolic_pbe
e582df31,equation_symbolic_punct,symbolic_suffix_after_last_marker,abstain,,}@,"""']@",False,False,False,"""'?]@",3,0,0,markers=''; unique_prediction_count=0,v278_symbolic_pbe
e582df31,equation_symbolic_punct,symbolic_remove_first_marker,abstain,,}@,"""']@",False,False,False,"""'?]@",3,0,0,markers=''; unique_prediction_count=0,v278_symbolic_pbe
e582df31,equation_symbolic_punct,symbolic_position_template,abstain,,}@,"""']@",False,False,False,"""'?]@",3,0,0,nonuniform_rhs_lengths,v278_symbolic_pbe
e582df31,equation_symbolic_punct,symbolic_operator_index_template,abstain,,}@,"""']@",False,False,False,"""'?]@",3,0,0,programs=; unique_prediction_count=0,v278_symbolic_pbe
e582df31,equation_symbolic_punct,symbolic_variable_operator_drop_operator,abstain,,}@,"""']@",False,False,False,"""'?]@",3,0,0,one_or_more_examples_have_no_matching_split; split_counts=0,v324_variable_operator_symbolic
e582df31,equation_symbolic_punct,symbolic_variable_operator_reverse_drop_operator,abstain,,}@,"""']@",False,False,False,"""'?]@",3,0,0,one_or_more_examples_have_no_matching_split; split_counts=0,v324_variable_operator_symbolic
e582df31,equation_symbolic_punct,symbolic_variable_operator_left_only,abstain,,}@,"""']@",False,False,False,"""'?]@",3,0,0,one_or_more_examples_have_no_matching_split; split_counts=0,v324_variable_operator_symbolic
e582df31,equation_symbolic_punct,symbolic_variable_operator_right_only,abstain,,}@,"""']@",False,False,False,"""'?]@",3,0,0,one_or_more_examples_have_no_matching_split; split_counts=0,v324_variable_operator_symbolic
e582df31,equation_symbolic_punct,symbolic_variable_operator_right_left,abstain,,}@,"""']@",False,False,False,"""'?]@",3,0,0,one_or_more_examples_have_no_matching_split; split_counts=0,v324_variable_operator_symbolic
e582df31,equation_symbolic_punct,symbolic_variable_operator_left_reverse_right,abstain,,}@,"""']@",False,False,False,"""'?]@",3,0,0,one_or_more_examples_have_no_matching_split; split_counts=0,v324_variable_operator_symbolic
e582df31,equation_symbolic_punct,symbolic_variable_operator_reverse_left_right,abstain,,}@,"""']@",False,False,False,"""'?]@",3,0,0,one_or_more_examples_have_no_matching_split; split_counts=0,v324_variable_operator_symbolic
e582df31,equation_symbolic_punct,symbolic_variable_operator_right_reverse_left,abstain,,}@,"""']@",False,False,False,"""'?]@",3,0,0,one_or_more_examples_have_no_matching_split; split_counts=0,v324_variable_operator_symbolic
e582df31,equation_symbolic_punct,symbolic_variable_operator_reverse_right_left,abstain,,}@,"""']@",False,False,False,"""'?]@",3,0,0,one_or_more_examples_have_no_matching_split; split_counts=0,v324_variable_operator_symbolic
e582df31,equation_symbolic_punct,symbolic_variable_operator_operator_between_reversed,abstain,,}@,"""']@",False,False,False,"""'?]@",3,0,0,one_or_more_examples_have_no_matching_split; split_counts=0,v324_variable_operator_symbolic
a77be9fa,equation_symbolic_punct,v274_guarded_numeric_not_numeric_query,abstain,,"[""",{>$[,False,False,False,{>|$[,3,0,0,query is not a numeric binary expression,v274_guarded_numeric_postprocessor
a77be9fa,equation_symbolic_punct,symbolic_char_transducer,abstain,,"[""",{>$[,False,False,False,{>|$[,3,0,0,no_global_mapping,v278_symbolic_pbe
a77be9fa,equation_symbolic_punct,symbolic_delete_selected_chars,abstain,,"[""",{>$[,False,False,False,{>|$[,3,0,0,delete_char_sets=; unique_prediction_count=0,v278_symbolic_pbe
a77be9fa,equation_symbolic_punct,symbolic_keep_selected_chars,abstain,,"[""",{>$[,False,False,False,{>|$[,3,0,0,keep_char_sets=; unique_prediction_count=0,v278_symbolic_pbe
a77be9fa,equation_symbolic_punct,symbolic_prefix_until_marker,abstain,,"[""",{>$[,False,False,False,{>|$[,3,0,0,markers=''; unique_prediction_count=0,v278_symbolic_pbe
a77be9fa,equation_symbolic_punct,symbolic_suffix_after_marker,abstain,,"[""",{>$[,False,False,False,{>|$[,3,0,0,markers=''; unique_prediction_count=0,v278_symbolic_pbe
a77be9fa,equation_symbolic_punct,symbolic_prefix_before_last_marker,abstain,,"[""",{>$[,False,False,False,{>|$[,3,0,0,markers=''; unique_prediction_count=0,v278_symbolic_pbe
a77be9fa,equation_symbolic_punct,symbolic_suffix_after_last_marker,abstain,,"[""",{>$[,False,False,False,{>|$[,3,0,0,markers=''; unique_prediction_count=0,v278_symbolic_pbe
a77be9fa,equation_symbolic_punct,symbolic_remove_first_marker,abstain,,"[""",{>$[,False,False,False,{>|$[,3,0,0,markers=''; unique_prediction_count=0,v278_symbolic_pbe
a77be9fa,equation_symbolic_punct,symbolic_position_template,abstain,,"[""",{>$[,False,False,False,{>|$[,3,0,0,nonuniform_rhs_lengths,v278_symbolic_pbe
a77be9fa,equation_symbolic_punct,symbolic_operator_index_template,abstain,,"[""",{>$[,False,False,False,{>|$[,3,0,0,programs=; unique_prediction_count=0,v278_symbolic_pbe
a77be9fa,equation_symbolic_punct,symbolic_variable_operator_drop_operator,abstain,,"[""",{>$[,False,False,False,{>|$[,3,0,0,one_or_more_examples_have_no_matching_split; split_counts=0,v324_variable_operator_symbolic
a77be9fa,equation_symbolic_punct,symbolic_variable_operator_reverse_drop_operator,abstain,,"[""",{>$[,False,False,False,{>|$[,3,0,0,one_or_more_examples_have_no_matching_split; split_counts=0,v324_variable_operator_symbolic
a77be9fa,equation_symbolic_punct,symbolic_variable_operator_left_only,abstain,,"[""",{>$[,False,False,False,{>|$[,3,0,0,one_or_more_examples_have_no_matching_split; split_counts=0,v324_variable_operator_symbolic
a77be9fa,equation_symbolic_punct,symbolic_variable_operator_right_only,abstain,,"[""",{>$[,False,False,False,{>|$[,3,0,0,one_or_more_examples_have_no_matching_split; split_counts=0,v324_variable_operator_symbolic
a77be9fa,equation_symbolic_punct,symbolic_variable_operator_right_left,abstain,,"[""",{>$[,False,False,False,{>|$[,3,0,0,one_or_more_examples_have_no_matching_split; split_counts=0,v324_variable_operator_symbolic
a77be9fa,equation_symbolic_punct,symbolic_variable_operator_left_reverse_right,abstain,,"[""",{>$[,False,False,False,{>|$[,3,0,0,one_or_more_examples_have_no_matching_split; split_counts=0,v324_variable_operator_symbolic
a77be9fa,equation_symbolic_punct,symbolic_variable_operator_reverse_left_right,abstain,,"[""",{>$[,False,False,False,{>|$[,3,0,0,one_or_more_examples_have_no_matching_split; split_counts=0,v324_variable_operator_symbolic
a77be9fa,equation_symbolic_punct,symbolic_variable_operator_right_reverse_left,abstain,,"[""",{>$[,False,False,False,{>|$[,3,0,0,one_or_more_examples_have_no_matching_split; split_counts=0,v324_variable_operator_symbolic
a77be9fa,equation_symbolic_punct,symbolic_variable_operator_reverse_right_left,abstain,,"[""",{>$[,False,False,False,{>|$[,3,0,0,one_or_more_examples_have_no_matching_split; split_counts=0,v324_variable_operator_symbolic
a77be9fa,equation_symbolic_punct,symbolic_variable_operator_operator_between_reversed,abstain,,"[""",{>$[,False,False,False,{>|$[,3,0,0,one_or_more_examples_have_no_matching_split; split_counts=0,v324_variable_operator_symbolic
4ed6b56f,equation_symbolic_punct,v274_guarded_numeric_not_numeric_query,abstain,,"(""/""",!:`(,False,False,False,!:*`(,4,0,0,query is not a numeric binary expression,v274_guarded_numeric_postprocessor
4ed6b56f,equation_symbolic_punct,symbolic_char_transducer,abstain,,"(""/""",!:`(,False,False,False,!:*`(,4,0,0,no_global_mapping,v278_symbolic_pbe
4ed6b56f,equation_symbolic_punct,symbolic_delete_selected_chars,abstain,,"(""/""",!:`(,False,False,False,!:*`(,4,0,0,delete_char_sets=; unique_prediction_count=0,v278_symbolic_pbe
4ed6b56f,equation_symbolic_punct,symbolic_keep_selected_chars,abstain,,"(""/""",!:`(,False,False,False,!:*`(,4,0,0,keep_char_sets=; unique_prediction_count=0,v278_symbolic_pbe
4ed6b56f,equation_symbolic_punct,symbolic_prefix_until_marker,abstain,,"(""/""",!:`(,False,False,False,!:*`(,4,0,0,markers=''; unique_prediction_count=0,v278_symbolic_pbe
4ed6b56f,equation_symbolic_punct,symbolic_suffix_after_marker,abstain,,"(""/""",!:`(,False,False,False,!:*`(,4,0,0,markers=''; unique_prediction_count=0,v278_symbolic_pbe
4ed6b56f,equation_symbolic_punct,symbolic_prefix_before_last_marker,abstain,,"(""/""",!:`(,False,False,False,!:*`(,4,0,0,markers=''; unique_prediction_count=0,v278_symbolic_pbe
4ed6b56f,equation_symbolic_punct,symbolic_suffix_after_last_marker,abstain,,"(""/""",!:`(,False,False,False,!:*`(,4,0,0,markers=''; unique_prediction_count=0,v278_symbolic_pbe
4ed6b56f,equation_symbolic_punct,symbolic_remove_first_marker,abstain,,"(""/""",!:`(,False,False,False,!:*`(,4,0,0,markers=''; unique_prediction_count=0,v278_symbolic_pbe
4ed6b56f,equation_symbolic_punct,symbolic_position_template,abstain,,"(""/""",!:`(,False,False,False,!:*`(,4,0,0,nonuniform_rhs_lengths,v278_symbolic_pbe
4ed6b56f,equation_symbolic_punct,symbolic_operator_index_template,abstain,,"(""/""",!:`(,False,False,False,!:*`(,4,0,0,programs=; unique_prediction_count=0,v278_symbolic_pbe
4ed6b56f,equation_symbolic_punct,symbolic_variable_operator_drop_operator,abstain,,"(""/""",!:`(,False,False,False,!:*`(,4,0,0,one_or_more_examples_have_no_matching_split; split_counts=0,v324_variable_operator_symbolic
4ed6b56f,equation_symbolic_punct,symbolic_variable_operator_reverse_drop_operator,abstain,,"(""/""",!:`(,False,False,False,!:*`(,4,0,0,one_or_more_examples_have_no_matching_split; split_counts=0,v324_variable_operator_symbolic
4ed6b56f,equation_symbolic_punct,symbolic_variable_operator_left_only,abstain,,"(""/""",!:`(,False,False,False,!:*`(,4,0,0,one_or_more_examples_have_no_matching_split; split_counts=0,v324_variable_operator_symbolic
4ed6b56f,equation_symbolic_punct,symbolic_variable_operator_right_only,abstain,,"(""/""",!:`(,False,False,False,!:*`(,4,0,0,one_or_more_examples_have_no_matching_split; split_counts=0,v324_variable_operator_symbolic
4ed6b56f,equation_symbolic_punct,symbolic_variable_operator_right_left,abstain,,"(""/""",!:`(,False,False,False,!:*`(,4,0,0,one_or_more_examples_have_no_matching_split; split_counts=0,v324_variable_operator_symbolic
4ed6b56f,equation_symbolic_punct,symbolic_variable_operator_left_reverse_right,abstain,,"(""/""",!:`(,False,False,False,!:*`(,4,0,0,one_or_more_examples_have_no_matching_split; split_counts=0,v324_variable_operator_symbolic
4ed6b56f,equation_symbolic_punct,symbolic_variable_operator_reverse_left_right,abstain,,"(""/""",!:`(,False,False,False,!:*`(,4,0,0,one_or_more_examples_have_no_matching_split; split_counts=0,v324_variable_operator_symbolic
4ed6b56f,equation_symbolic_punct,symbolic_variable_operator_right_reverse_left,abstain,,"(""/""",!:`(,False,False,False,!:*`(,4,0,0,one_or_more_examples_have_no_matching_split; split_counts=0,v324_variable_operator_symbolic
4ed6b56f,equation_symbolic_punct,symbolic_variable_operator_reverse_right_left,abstain,,"(""/""",!:`(,False,False,False,!:*`(,4,0,0,one_or_more_examples_have_no_matching_split; split_counts=0,v324_variable_operator_symbolic
4ed6b56f,equation_symbolic_punct,symbolic_variable_operator_operator_between_reversed,abstain,,"(""/""",!:`(,False,False,False,!:*`(,4,0,0,one_or_more_examples_have_no_matching_split; split_counts=0,v324_variable_operator_symbolic
208d7838,equation_symbolic_punct,v274_guarded_numeric_not_numeric_query,abstain,,[:,[&<>,False,False,False,[&-<>,5,0,0,query is not a numeric binary expression,v274_guarded_numeric_postprocessor
208d7838,equation_symbolic_punct,symbolic_char_transducer,abstain,,[:,[&<>,False,False,False,[&-<>,5,0,0,no_pair_mapping,v278_symbolic_pbe
208d7838,equation_symbolic_punct,symbolic_delete_selected_chars,abstain,,[:,[&<>,False,False,False,[&-<>,5,0,0,delete_char_sets=; unique_prediction_count=0,v278_symbolic_pbe
208d7838,equation_symbolic_punct,symbolic_keep_selected_chars,abstain,,[:,[&<>,False,False,False,[&-<>,5,0,0,keep_char_sets=; unique_prediction_count=0,v278_symbolic_pbe
208d7838,equation_symbolic_punct,symbolic_prefix_until_marker,abstain,,[:,[&<>,False,False,False,[&-<>,5,0,0,markers=''; unique_prediction_count=0,v278_symbolic_pbe
208d7838,equation_symbolic_punct,symbolic_suffix_after_marker,abstain,,[:,[&<>,False,False,False,[&-<>,5,0,0,markers=''; unique_prediction_count=0,v278_symbolic_pbe
208d7838,equation_symbolic_punct,symbolic_prefix_before_last_marker,abstain,,[:,[&<>,False,False,False,[&-<>,5,0,0,markers=''; unique_prediction_count=0,v278_symbolic_pbe
208d7838,equation_symbolic_punct,symbolic_suffix_after_last_marker,abstain,,[:,[&<>,False,False,False,[&-<>,5,0,0,markers=''; unique_prediction_count=0,v278_symbolic_pbe
208d7838,equation_symbolic_punct,symbolic_remove_first_marker,abstain,,[:,[&<>,False,False,False,[&-<>,5,0,0,markers=''; unique_prediction_count=0,v278_symbolic_pbe
208d7838,equation_symbolic_punct,symbolic_position_template,abstain,,[:,[&<>,False,False,False,[&-<>,5,0,0,nonuniform_rhs_lengths,v278_symbolic_pbe
208d7838,equation_symbolic_punct,symbolic_operator_index_template,abstain,,[:,[&<>,False,False,False,[&-<>,5,0,0,programs=; unique_prediction_count=0,v278_symbolic_pbe
208d7838,equation_symbolic_punct,symbolic_variable_operator_drop_operator,abstain,,[:,[&<>,False,False,False,[&-<>,5,0,0,one_or_more_examples_have_no_matching_split; split_counts=0,v324_variable_operator_symbolic
208d7838,equation_symbolic_punct,symbolic_variable_operator_reverse_drop_operator,abstain,,[:,[&<>,False,False,False,[&-<>,5,0,0,one_or_more_examples_have_no_matching_split; split_counts=0,v324_variable_operator_symbolic
208d7838,equation_symbolic_punct,symbolic_variable_operator_left_only,abstain,,[:,[&<>,False,False,False,[&-<>,5,0,0,one_or_more_examples_have_no_matching_split; split_counts=0,v324_variable_operator_symbolic
208d7838,equation_symbolic_punct,symbolic_variable_operator_right_only,abstain,,[:,[&<>,False,False,False,[&-<>,5,0,0,one_or_more_examples_have_no_matching_split; split_counts=0,v324_variable_operator_symbolic
208d7838,equation_symbolic_punct,symbolic_variable_operator_right_left,abstain,,[:,[&<>,False,False,False,[&-<>,5,0,0,one_or_more_examples_have_no_matching_split; split_counts=0,v324_variable_operator_symbolic
208d7838,equation_symbolic_punct,symbolic_variable_operator_left_reverse_right,abstain,,[:,[&<>,False,False,False,[&-<>,5,0,0,one_or_more_examples_have_no_matching_split; split_counts=0,v324_variable_operator_symbolic
208d7838,equation_symbolic_punct,symbolic_variable_operator_reverse_left_right,abstain,,[:,[&<>,False,False,False,[&-<>,5,0,0,one_or_more_examples_have_no_matching_split; split_counts=0,v324_variable_operator_symbolic
208d7838,equation_symbolic_punct,symbolic_variable_operator_right_reverse_left,abstain,,[:,[&<>,False,False,False,[&-<>,5,0,0,one_or_more_examples_have_no_matching_split; split_counts=0,v324_variable_operator_symbolic
208d7838,equation_symbolic_punct,symbolic_variable_operator_reverse_right_left,abstain,,[:,[&<>,False,False,False,[&-<>,5,0,0,one_or_more_examples_have_no_matching_split; split_counts=0,v324_variable_operator_symbolic
208d7838,equation_symbolic_punct,symbolic_variable_operator_operator_between_reversed,abstain,,[:,[&<>,False,False,False,[&-<>,5,0,0,one_or_more_examples_have_no_matching_split; split_counts=0,v324_variable_operator_symbolic
58c099d2,equation_symbolic_punct,v274_guarded_numeric_not_numeric_query,abstain,,-)\,^!#\,False,False,False,^!-#\,3,0,0,query is not a numeric binary expression,v274_guarded_numeric_postprocessor
58c099d2,equation_symbolic_punct,symbolic_char_transducer,abstain,,-)\,^!#\,False,False,False,^!-#\,3,0,0,no_global_mapping,v278_symbolic_pbe
58c099d2,equation_symbolic_punct,symbolic_delete_selected_chars,abstain,,-)\,^!#\,False,False,False,^!-#\,3,0,0,delete_char_sets=; unique_prediction_count=0,v278_symbolic_pbe
58c099d2,equation_symbolic_punct,symbolic_keep_selected_chars,abstain,,-)\,^!#\,False,False,False,^!-#\,3,0,0,keep_char_sets=; unique_prediction_count=0,v278_symbolic_pbe
58c099d2,equation_symbolic_punct,symbolic_prefix_until_marker,abstain,,-)\,^!#\,False,False,False,^!-#\,3,0,0,markers=''; unique_prediction_count=0,v278_symbolic_pbe
58c099d2,equation_symbolic_punct,symbolic_suffix_after_marker,abstain,,-)\,^!#\,False,False,False,^!-#\,3,0,0,markers=''; unique_prediction_count=0,v278_symbolic_pbe
58c099d2,equation_symbolic_punct,symbolic_prefix_before_last_marker,abstain,,-)\,^!#\,False,False,False,^!-#\,3,0,0,markers=''; unique_prediction_count=0,v278_symbolic_pbe
58c099d2,equation_symbolic_punct,symbolic_suffix_after_last_marker,abstain,,-)\,^!#\,False,False,False,^!-#\,3,0,0,markers=''; unique_prediction_count=0,v278_symbolic_pbe
58c099d2,equation_symbolic_punct,symbolic_remove_first_marker,abstain,,-)\,^!#\,False,False,False,^!-#\,3,0,0,markers=''; unique_prediction_count=0,v278_symbolic_pbe
58c099d2,equation_symbolic_punct,symbolic_position_template,abstain,,-)\,^!#\,False,False,False,^!-#\,3,0,0,nonuniform_rhs_lengths,v278_symbolic_pbe
58c099d2,equation_symbolic_punct,symbolic_operator_index_template,abstain,,-)\,^!#\,False,False,False,^!-#\,3,0,0,programs=; unique_prediction_count=0,v278_symbolic_pbe
58c099d2,equation_symbolic_punct,symbolic_variable_operator_drop_operator,abstain,,-)\,^!#\,False,False,False,^!-#\,3,0,0,one_or_more_examples_have_no_matching_split; split_counts=0,v324_variable_operator_symbolic
58c099d2,equation_symbolic_punct,symbolic_variable_operator_reverse_drop_operator,abstain,,-)\,^!#\,False,False,False,^!-#\,3,0,0,one_or_more_examples_have_no_matching_split; split_counts=0,v324_variable_operator_symbolic
58c099d2,equation_symbolic_punct,symbolic_variable_operator_left_only,abstain,,-)\,^!#\,False,False,False,^!-#\,3,0,0,one_or_more_examples_have_no_matching_split; split_counts=0,v324_variable_operator_symbolic
58c099d2,equation_symbolic_punct,symbolic_variable_operator_right_only,abstain,,-)\,^!#\,False,False,False,^!-#\,3,0,0,one_or_more_examples_have_no_matching_split; split_counts=0,v324_variable_operator_symbolic
58c099d2,equation_symbolic_punct,symbolic_variable_operator_right_left,abstain,,-)\,^!#\,False,False,False,^!-#\,3,0,0,one_or_more_examples_have_no_matching_split; split_counts=0,v324_variable_operator_symbolic
58c099d2,equation_symbolic_punct,symbolic_variable_operator_left_reverse_right,abstain,,-)\,^!#\,False,False,False,^!-#\,3,0,0,one_or_more_examples_have_no_matching_split; split_counts=0,v324_variable_operator_symbolic
58c099d2,equation_symbolic_punct,symbolic_variable_operator_reverse_left_right,abstain,,-)\,^!#\,False,False,False,^!-#\,3,0,0,one_or_more_examples_have_no_matching_split; split_counts=0,v324_variable_operator_symbolic
58c099d2,equation_symbolic_punct,symbolic_variable_operator_right_reverse_left,abstain,,-)\,^!#\,False,False,False,^!-#\,3,0,0,one_or_more_examples_have_no_matching_split; split_counts=0,v324_variable_operator_symbolic
58c099d2,equation_symbolic_punct,symbolic_variable_operator_reverse_right_left,abstain,,-)\,^!#\,False,False,False,^!-#\,3,0,0,one_or_more_examples_have_no_matching_split; split_counts=0,v324_variable_operator_symbolic
58c099d2,equation_symbolic_punct,symbolic_variable_operator_operator_between_reversed,abstain,,-)\,^!#\,False,False,False,^!-#\,3,0,0,one_or_more_examples_have_no_matching_split; split_counts=0,v324_variable_operator_symbolic
3cb3fd89,equation_symbolic_punct,v274_guarded_numeric_not_numeric_query,abstain,,[[&],]$$),False,False,False,]$*$),4,0,0,query is not a numeric binary expression,v274_guarded_numeric_postprocessor
3cb3fd89,equation_symbolic_punct,symbolic_char_transducer,abstain,,[[&],]$$),False,False,False,]$*$),4,0,0,no_pair_mapping,v278_symbolic_pbe
3cb3fd89,equation_symbolic_punct,symbolic_delete_selected_chars,abstain,,[[&],]$$),False,False,False,]$*$),4,0,0,delete_char_sets=; unique_prediction_count=0,v278_symbolic_pbe
3cb3fd89,equation_symbolic_punct,symbolic_keep_selected_chars,abstain,,[[&],]$$),False,False,False,]$*$),4,0,0,keep_char_sets=; unique_prediction_count=0,v278_symbolic_pbe
3cb3fd89,equation_symbolic_punct,symbolic_prefix_until_marker,abstain,,[[&],]$$),False,False,False,]$*$),4,0,0,markers=''; unique_prediction_count=0,v278_symbolic_pbe
3cb3fd89,equation_symbolic_punct,symbolic_suffix_after_marker,abstain,,[[&],]$$),False,False,False,]$*$),4,0,0,markers=''; unique_prediction_count=0,v278_symbolic_pbe
3cb3fd89,equation_symbolic_punct,symbolic_prefix_before_last_marker,abstain,,[[&],]$$),False,False,False,]$*$),4,0,0,markers=''; unique_prediction_count=0,v278_symbolic_pbe
3cb3fd89,equation_symbolic_punct,symbolic_suffix_after_last_marker,abstain,,[[&],]$$),False,False,False,]$*$),4,0,0,markers=''; unique_prediction_count=0,v278_symbolic_pbe
3cb3fd89,equation_symbolic_punct,symbolic_remove_first_marker,abstain,,[[&],]$$),False,False,False,]$*$),4,0,0,markers=''; unique_prediction_count=0,v278_symbolic_pbe
3cb3fd89,equation_symbolic_punct,symbolic_position_template,abstain,,[[&],]$$),False,False,False,]$*$),4,0,0,nonuniform_rhs_lengths,v278_symbolic_pbe
3cb3fd89,equation_symbolic_punct,symbolic_operator_index_template,abstain,,[[&],]$$),False,False,False,]$*$),4,0,0,programs=; unique_prediction_count=0,v278_symbolic_pbe
3cb3fd89,equation_symbolic_punct,symbolic_variable_operator_drop_operator,abstain,,[[&],]$$),False,False,False,]$*$),4,0,0,one_or_more_examples_have_no_matching_split; split_counts=0,v324_variable_operator_symbolic
3cb3fd89,equation_symbolic_punct,symbolic_variable_operator_reverse_drop_operator,abstain,,[[&],]$$),False,False,False,]$*$),4,0,0,one_or_more_examples_have_no_matching_split; split_counts=0,v324_variable_operator_symbolic
3cb3fd89,equation_symbolic_punct,symbolic_variable_operator_left_only,abstain,,[[&],]$$),False,False,False,]$*$),4,0,0,one_or_more_examples_have_no_matching_split; split_counts=0,v324_variable_operator_symbolic
3cb3fd89,equation_symbolic_punct,symbolic_variable_operator_right_only,abstain,,[[&],]$$),False,False,False,]$*$),4,0,0,one_or_more_examples_have_no_matching_split; split_counts=0,v324_variable_operator_symbolic
3cb3fd89,equation_symbolic_punct,symbolic_variable_operator_right_left,abstain,,[[&],]$$),False,False,False,]$*$),4,0,0,one_or_more_examples_have_no_matching_split; split_counts=0,v324_variable_operator_symbolic
3cb3fd89,equation_symbolic_punct,symbolic_variable_operator_left_reverse_right,abstain,,[[&],]$$),False,False,False,]$*$),4,0,0,one_or_more_examples_have_no_matching_split; split_counts=0,v324_variable_operator_symbolic
3cb3fd89,equation_symbolic_punct,symbolic_variable_operator_reverse_left_right,abstain,,[[&],]$$),False,False,False,]$*$),4,0,0,one_or_more_examples_have_no_matching_split; split_counts=0,v324_variable_operator_symbolic
3cb3fd89,equation_symbolic_punct,symbolic_variable_operator_right_reverse_left,abstain,,[[&],]$$),False,False,False,]$*$),4,0,0,one_or_more_examples_have_no_matching_split; split_counts=0,v324_variable_operator_symbolic
3cb3fd89,equation_symbolic_punct,symbolic_variable_operator_reverse_right_left,abstain,,[[&],]$$),False,False,False,]$*$),4,0,0,one_or_more_examples_have_no_matching_split; split_counts=0,v324_variable_operator_symbolic
3cb3fd89,equation_symbolic_punct,symbolic_variable_operator_operator_between_reversed,abstain,,[[&],]$$),False,False,False,]$*$),4,0,0,one_or_more_examples_have_no_matching_split; split_counts=0,v324_variable_operator_symbolic
a26065d4,equation_symbolic_punct,v274_guarded_numeric_not_numeric_query,abstain,,<',<&<#,False,False,False,<&+<#,5,0,0,query is not a numeric binary expression,v274_guarded_numeric_postprocessor
a26065d4,equation_symbolic_punct,symbolic_char_transducer,abstain,,<',<&<#,False,False,False,<&+<#,5,0,0,no_global_mapping,v278_symbolic_pbe
a26065d4,equation_symbolic_punct,symbolic_delete_selected_chars,abstain,,<',<&<#,False,False,False,<&+<#,5,0,0,delete_char_sets=; unique_prediction_count=0,v278_symbolic_pbe
a26065d4,equation_symbolic_punct,symbolic_keep_selected_chars,abstain,,<',<&<#,False,False,False,<&+<#,5,0,0,keep_char_sets=; unique_prediction_count=0,v278_symbolic_pbe
a26065d4,equation_symbolic_punct,symbolic_prefix_until_marker,abstain,,<',<&<#,False,False,False,<&+<#,5,0,0,markers=''; unique_prediction_count=0,v278_symbolic_pbe
a26065d4,equation_symbolic_punct,symbolic_suffix_after_marker,abstain,,<',<&<#,False,False,False,<&+<#,5,0,0,markers=''; unique_prediction_count=0,v278_symbolic_pbe
a26065d4,equation_symbolic_punct,symbolic_prefix_before_last_marker,abstain,,<',<&<#,False,False,False,<&+<#,5,0,0,markers=''; unique_prediction_count=0,v278_symbolic_pbe
a26065d4,equation_symbolic_punct,symbolic_suffix_after_last_marker,abstain,,<',<&<#,False,False,False,<&+<#,5,0,0,markers=''; unique_prediction_count=0,v278_symbolic_pbe
a26065d4,equation_symbolic_punct,symbolic_remove_first_marker,abstain,,<',<&<#,False,False,False,<&+<#,5,0,0,markers=''; unique_prediction_count=0,v278_symbolic_pbe
a26065d4,equation_symbolic_punct,symbolic_position_template,abstain,,<',<&<#,False,False,False,<&+<#,5,0,0,nonuniform_rhs_lengths,v278_symbolic_pbe
a26065d4,equation_symbolic_punct,symbolic_operator_index_template,abstain,,<',<&<#,False,False,False,<&+<#,5,0,0,programs=; unique_prediction_count=0,v278_symbolic_pbe
a26065d4,equation_symbolic_punct,symbolic_variable_operator_drop_operator,abstain,,<',<&<#,False,False,False,<&+<#,5,0,0,one_or_more_examples_have_no_matching_split; split_counts=0,v324_variable_operator_symbolic
a26065d4,equation_symbolic_punct,symbolic_variable_operator_reverse_drop_operator,abstain,,<',<&<#,False,False,False,<&+<#,5,0,0,one_or_more_examples_have_no_matching_split; split_counts=0,v324_variable_operator_symbolic
a26065d4,equation_symbolic_punct,symbolic_variable_operator_left_only,abstain,,<',<&<#,False,False,False,<&+<#,5,0,0,one_or_more_examples_have_no_matching_split; split_counts=0,v324_variable_operator_symbolic
a26065d4,equation_symbolic_punct,symbolic_variable_operator_right_only,abstain,,<',<&<#,False,False,False,<&+<#,5,0,0,one_or_more_examples_have_no_matching_split; split_counts=0,v324_variable_operator_symbolic
a26065d4,equation_symbolic_punct,symbolic_variable_operator_right_left,abstain,,<',<&<#,False,False,False,<&+<#,5,0,0,one_or_more_examples_have_no_matching_split; split_counts=0,v324_variable_operator_symbolic
a26065d4,equation_symbolic_punct,symbolic_variable_operator_left_reverse_right,abstain,,<',<&<#,False,False,False,<&+<#,5,0,0,one_or_more_examples_have_no_matching_split; split_counts=0,v324_variable_operator_symbolic
a26065d4,equation_symbolic_punct,symbolic_variable_operator_reverse_left_right,abstain,,<',<&<#,False,False,False,<&+<#,5,0,0,one_or_more_examples_have_no_matching_split; split_counts=0,v324_variable_operator_symbolic
a26065d4,equation_symbolic_punct,symbolic_variable_operator_right_reverse_left,abstain,,<',<&<#,False,False,False,<&+<#,5,0,0,one_or_more_examples_have_no_matching_split; split_counts=0,v324_variable_operator_symbolic
a26065d4,equation_symbolic_punct,symbolic_variable_operator_reverse_right_left,abstain,,<',<&<#,False,False,False,<&+<#,5,0,0,one_or_more_examples_have_no_matching_split; split_counts=0,v324_variable_operator_symbolic
a26065d4,equation_symbolic_punct,symbolic_variable_operator_operator_between_reversed,abstain,,<',<&<#,False,False,False,<&+<#,5,0,0,one_or_more_examples_have_no_matching_split; split_counts=0,v324_variable_operator_symbolic
194695e8,equation_symbolic_punct,v274_guarded_numeric_not_numeric_query,abstain,,%,!\{<,False,False,False,!\-{<,3,0,0,query is not a numeric binary expression,v274_guarded_numeric_postprocessor
194695e8,equation_symbolic_punct,symbolic_char_transducer,abstain,,%,!\{<,False,False,False,!\-{<,3,0,0,no_pair_mapping,v278_symbolic_pbe
194695e8,equation_symbolic_punct,symbolic_delete_selected_chars,abstain,,%,!\{<,False,False,False,!\-{<,3,0,0,delete_char_sets=; unique_prediction_count=0,v278_symbolic_pbe
194695e8,equation_symbolic_punct,symbolic_keep_selected_chars,abstain,,%,!\{<,False,False,False,!\-{<,3,0,0,keep_char_sets=; unique_prediction_count=0,v278_symbolic_pbe
194695e8,equation_symbolic_punct,symbolic_prefix_until_marker,abstain,,%,!\{<,False,False,False,!\-{<,3,0,0,markers=''; unique_prediction_count=0,v278_symbolic_pbe
194695e8,equation_symbolic_punct,symbolic_suffix_after_marker,abstain,,%,!\{<,False,False,False,!\-{<,3,0,0,markers=''; unique_prediction_count=0,v278_symbolic_pbe
194695e8,equation_symbolic_punct,symbolic_prefix_before_last_marker,abstain,,%,!\{<,False,False,False,!\-{<,3,0,0,markers=''; unique_prediction_count=0,v278_symbolic_pbe
194695e8,equation_symbolic_punct,symbolic_suffix_after_last_marker,abstain,,%,!\{<,False,False,False,!\-{<,3,0,0,markers=''; unique_prediction_count=0,v278_symbolic_pbe
194695e8,equation_symbolic_punct,symbolic_remove_first_marker,abstain,,%,!\{<,False,False,False,!\-{<,3,0,0,markers=''; unique_prediction_count=0,v278_symbolic_pbe
194695e8,equation_symbolic_punct,symbolic_position_template,abstain,,%,!\{<,False,False,False,!\-{<,3,0,0,nonuniform_rhs_lengths,v278_symbolic_pbe
194695e8,equation_symbolic_punct,symbolic_operator_index_template,abstain,,%,!\{<,False,False,False,!\-{<,3,0,0,programs=; unique_prediction_count=0,v278_symbolic_pbe
194695e8,equation_symbolic_punct,symbolic_variable_operator_drop_operator,abstain,,%,!\{<,False,False,False,!\-{<,3,0,0,one_or_more_examples_have_no_matching_split; split_counts=0,v324_variable_operator_symbolic
194695e8,equation_symbolic_punct,symbolic_variable_operator_reverse_drop_operator,abstain,,%,!\{<,False,False,False,!\-{<,3,0,0,one_or_more_examples_have_no_matching_split; split_counts=0,v324_variable_operator_symbolic
194695e8,equation_symbolic_punct,symbolic_variable_operator_left_only,abstain,,%,!\{<,False,False,False,!\-{<,3,0,0,one_or_more_examples_have_no_matching_split; split_counts=0,v324_variable_operator_symbolic
194695e8,equation_symbolic_punct,symbolic_variable_operator_right_only,abstain,,%,!\{<,False,False,False,!\-{<,3,0,0,one_or_more_examples_have_no_matching_split; split_counts=0,v324_variable_operator_symbolic
194695e8,equation_symbolic_punct,symbolic_variable_operator_right_left,abstain,,%,!\{<,False,False,False,!\-{<,3,0,0,one_or_more_examples_have_no_matching_split; split_counts=0,v324_variable_operator_symbolic
194695e8,equation_symbolic_punct,symbolic_variable_operator_left_reverse_right,abstain,,%,!\{<,False,False,False,!\-{<,3,0,0,one_or_more_examples_have_no_matching_split; split_counts=0,v324_variable_operator_symbolic
194695e8,equation_symbolic_punct,symbolic_variable_operator_reverse_left_right,abstain,,%,!\{<,False,False,False,!\-{<,3,0,0,one_or_more_examples_have_no_matching_split; split_counts=0,v324_variable_operator_symbolic
194695e8,equation_symbolic_punct,symbolic_variable_operator_right_reverse_left,abstain,,%,!\{<,False,False,False,!\-{<,3,0,0,one_or_more_examples_have_no_matching_split; split_counts=0,v324_variable_operator_symbolic
194695e8,equation_symbolic_punct,symbolic_variable_operator_reverse_right_left,abstain,,%,!\{<,False,False,False,!\-{<,3,0,0,one_or_more_examples_have_no_matching_split; split_counts=0,v324_variable_operator_symbolic
194695e8,equation_symbolic_punct,symbolic_variable_operator_operator_between_reversed,abstain,,%,!\{<,False,False,False,!\-{<,3,0,0,one_or_more_examples_have_no_matching_split; split_counts=0,v324_variable_operator_symbolic
528ec0d8,equation_numeric_operator,v274_guarded_numeric_minus_direct_negative_restore_sign,candidate,-39,-39,39,True,False,True,11-50,4,1,1,candidate=-39; baseline=39,v274_guarded_numeric_postprocessor
528ec0d8,equation_numeric_operator,numeric_same_operator_extended,abstain,,-39,39,False,False,False,11-50,4,0,0,same_operator_examples=0 below_min=2,v278_numeric_same_operator
528ec0d8,equation_numeric_operator,v299_same_operator_unique_numeric_dsl,abstain,,-39,39,False,False,False,11-50,4,0,0,query_op='-' absent from examples,v299_numeric_dsl
528ec0d8,equation_numeric_operator,v299_all_numeric_examples_unique_dsl,abstain,,-39,39,False,False,False,11-50,4,0,0,unique_prediction_count=0; candidate_rules=0,v299_numeric_dsl
528ec0d8,equation_numeric_operator,v299_conventional_operator_prior_unique,abstain,,-39,39,False,False,False,11-50,4,16,5,unique_prediction_count=5; candidate_rules=16,v299_numeric_dsl
57712d01,equation_symbolic_punct,v274_guarded_numeric_not_numeric_query,abstain,,-/<,$/'{,False,False,False,$/-'{,5,0,0,query is not a numeric binary expression,v274_guarded_numeric_postprocessor
57712d01,equation_symbolic_punct,symbolic_char_transducer,abstain,,-/<,$/'{,False,False,False,$/-'{,5,0,0,no_global_mapping,v278_symbolic_pbe
57712d01,equation_symbolic_punct,symbolic_delete_selected_chars,abstain,,-/<,$/'{,False,False,False,$/-'{,5,0,0,delete_char_sets=; unique_prediction_count=0,v278_symbolic_pbe
57712d01,equation_symbolic_punct,symbolic_keep_selected_chars,abstain,,-/<,$/'{,False,False,False,$/-'{,5,0,0,keep_char_sets=; unique_prediction_count=0,v278_symbolic_pbe
57712d01,equation_symbolic_punct,symbolic_prefix_until_marker,abstain,,-/<,$/'{,False,False,False,$/-'{,5,0,0,markers=''; unique_prediction_count=0,v278_symbolic_pbe
57712d01,equation_symbolic_punct,symbolic_suffix_after_marker,abstain,,-/<,$/'{,False,False,False,$/-'{,5,0,0,markers=''; unique_prediction_count=0,v278_symbolic_pbe
57712d01,equation_symbolic_punct,symbolic_prefix_before_last_marker,abstain,,-/<,$/'{,False,False,False,$/-'{,5,0,0,markers=''; unique_prediction_count=0,v278_symbolic_pbe
57712d01,equation_symbolic_punct,symbolic_suffix_after_last_marker,abstain,,-/<,$/'{,False,False,False,$/-'{,5,0,0,markers=''; unique_prediction_count=0,v278_symbolic_pbe
57712d01,equation_symbolic_punct,symbolic_remove_first_marker,abstain,,-/<,$/'{,False,False,False,$/-'{,5,0,0,markers=''; unique_prediction_count=0,v278_symbolic_pbe
57712d01,equation_symbolic_punct,symbolic_position_template,abstain,,-/<,$/'{,False,False,False,$/-'{,5,0,0,nonuniform_rhs_lengths,v278_symbolic_pbe
57712d01,equation_symbolic_punct,symbolic_operator_index_template,abstain,,-/<,$/'{,False,False,False,$/-'{,5,0,0,programs=; unique_prediction_count=0,v278_symbolic_pbe
57712d01,equation_symbolic_punct,symbolic_variable_operator_drop_operator,abstain,,-/<,$/'{,False,False,False,$/-'{,5,0,0,one_or_more_examples_have_no_matching_split; split_counts=0,v324_variable_operator_symbolic
57712d01,equation_symbolic_punct,symbolic_variable_operator_reverse_drop_operator,abstain,,-/<,$/'{,False,False,False,$/-'{,5,0,0,one_or_more_examples_have_no_matching_split; split_counts=0,v324_variable_operator_symbolic
57712d01,equation_symbolic_punct,symbolic_variable_operator_left_only,abstain,,-/<,$/'{,False,False,False,$/-'{,5,0,0,one_or_more_examples_have_no_matching_split; split_counts=0,v324_variable_operator_symbolic
57712d01,equation_symbolic_punct,symbolic_variable_operator_right_only,abstain,,-/<,$/'{,False,False,False,$/-'{,5,0,0,one_or_more_examples_have_no_matching_split; split_counts=0,v324_variable_operator_symbolic
57712d01,equation_symbolic_punct,symbolic_variable_operator_right_left,abstain,,-/<,$/'{,False,False,False,$/-'{,5,0,0,one_or_more_examples_have_no_matching_split; split_counts=0,v324_variable_operator_symbolic
57712d01,equation_symbolic_punct,symbolic_variable_operator_left_reverse_right,abstain,,-/<,$/'{,False,False,False,$/-'{,5,0,0,one_or_more_examples_have_no_matching_split; split_counts=0,v324_variable_operator_symbolic
57712d01,equation_symbolic_punct,symbolic_variable_operator_reverse_left_right,abstain,,-/<,$/'{,False,False,False,$/-'{,5,0,0,one_or_more_examples_have_no_matching_split; split_counts=0,v324_variable_operator_symbolic
57712d01,equation_symbolic_punct,symbolic_variable_operator_right_reverse_left,abstain,,-/<,$/'{,False,False,False,$/-'{,5,0,0,one_or_more_examples_have_no_matching_split; split_counts=0,v324_variable_operator_symbolic
57712d01,equation_symbolic_punct,symbolic_variable_operator_reverse_right_left,abstain,,-/<,$/'{,False,False,False,$/-'{,5,0,0,one_or_more_examples_have_no_matching_split; split_counts=0,v324_variable_operator_symbolic
57712d01,equation_symbolic_punct,symbolic_variable_operator_operator_between_reversed,abstain,,-/<,$/'{,False,False,False,$/-'{,5,0,0,one_or_more_examples_have_no_matching_split; split_counts=0,v324_variable_operator_symbolic
d98d85c0,equation_symbolic_punct,v274_guarded_numeric_not_numeric_query,abstain,,?(&@,(@@?,False,False,False,(@+@?,3,0,0,query is not a numeric binary expression,v274_guarded_numeric_postprocessor
d98d85c0,equation_symbolic_punct,symbolic_char_transducer,abstain,,?(&@,(@@?,False,False,False,(@+@?,3,0,0,no_global_mapping,v278_symbolic_pbe
d98d85c0,equation_symbolic_punct,symbolic_delete_selected_chars,abstain,,?(&@,(@@?,False,False,False,(@+@?,3,0,0,delete_char_sets=; unique_prediction_count=0,v278_symbolic_pbe
d98d85c0,equation_symbolic_punct,symbolic_keep_selected_chars,abstain,,?(&@,(@@?,False,False,False,(@+@?,3,0,0,keep_char_sets=; unique_prediction_count=0,v278_symbolic_pbe
d98d85c0,equation_symbolic_punct,symbolic_prefix_until_marker,abstain,,?(&@,(@@?,False,False,False,(@+@?,3,0,0,markers=''; unique_prediction_count=0,v278_symbolic_pbe
d98d85c0,equation_symbolic_punct,symbolic_suffix_after_marker,abstain,,?(&@,(@@?,False,False,False,(@+@?,3,0,0,markers=''; unique_prediction_count=0,v278_symbolic_pbe
d98d85c0,equation_symbolic_punct,symbolic_prefix_before_last_marker,abstain,,?(&@,(@@?,False,False,False,(@+@?,3,0,0,markers=''; unique_prediction_count=0,v278_symbolic_pbe
d98d85c0,equation_symbolic_punct,symbolic_suffix_after_last_marker,abstain,,?(&@,(@@?,False,False,False,(@+@?,3,0,0,markers=''; unique_prediction_count=0,v278_symbolic_pbe
d98d85c0,equation_symbolic_punct,symbolic_remove_first_marker,abstain,,?(&@,(@@?,False,False,False,(@+@?,3,0,0,markers=''; unique_prediction_count=0,v278_symbolic_pbe
d98d85c0,equation_symbolic_punct,symbolic_position_template,abstain,,?(&@,(@@?,False,False,False,(@+@?,3,0,0,nonuniform_rhs_lengths,v278_symbolic_pbe
d98d85c0,equation_symbolic_punct,symbolic_operator_index_template,abstain,,?(&@,(@@?,False,False,False,(@+@?,3,0,0,programs=; unique_prediction_count=0,v278_symbolic_pbe
d98d85c0,equation_symbolic_punct,symbolic_variable_operator_drop_operator,abstain,,?(&@,(@@?,False,False,False,(@+@?,3,0,0,one_or_more_examples_have_no_matching_split; split_counts=0,v324_variable_operator_symbolic
d98d85c0,equation_symbolic_punct,symbolic_variable_operator_reverse_drop_operator,abstain,,?(&@,(@@?,False,False,False,(@+@?,3,0,0,one_or_more_examples_have_no_matching_split; split_counts=0,v324_variable_operator_symbolic
d98d85c0,equation_symbolic_punct,symbolic_variable_operator_left_only,abstain,,?(&@,(@@?,False,False,False,(@+@?,3,0,0,one_or_more_examples_have_no_matching_split; split_counts=0,v324_variable_operator_symbolic
d98d85c0,equation_symbolic_punct,symbolic_variable_operator_right_only,abstain,,?(&@,(@@?,False,False,False,(@+@?,3,0,0,one_or_more_examples_have_no_matching_split; split_counts=0,v324_variable_operator_symbolic
d98d85c0,equation_symbolic_punct,symbolic_variable_operator_right_left,abstain,,?(&@,(@@?,False,False,False,(@+@?,3,0,0,one_or_more_examples_have_no_matching_split; split_counts=0,v324_variable_operator_symbolic
d98d85c0,equation_symbolic_punct,symbolic_variable_operator_left_reverse_right,abstain,,?(&@,(@@?,False,False,False,(@+@?,3,0,0,one_or_more_examples_have_no_matching_split; split_counts=0,v324_variable_operator_symbolic
d98d85c0,equation_symbolic_punct,symbolic_variable_operator_reverse_left_right,abstain,,?(&@,(@@?,False,False,False,(@+@?,3,0,0,one_or_more_examples_have_no_matching_split; split_counts=0,v324_variable_operator_symbolic
d98d85c0,equation_symbolic_punct,symbolic_variable_operator_right_reverse_left,abstain,,?(&@,(@@?,False,False,False,(@+@?,3,0,0,one_or_more_examples_have_no_matching_split; split_counts=0,v324_variable_operator_symbolic
d98d85c0,equation_symbolic_punct,symbolic_variable_operator_reverse_right_left,abstain,,?(&@,(@@?,False,False,False,(@+@?,3,0,0,one_or_more_examples_have_no_matching_split; split_counts=0,v324_variable_operator_symbolic
d98d85c0,equation_symbolic_punct,symbolic_variable_operator_operator_between_reversed,abstain,,?(&@,(@@?,False,False,False,(@+@?,3,0,0,one_or_more_examples_have_no_matching_split; split_counts=0,v324_variable_operator_symbolic
491b8ea5,equation_symbolic_punct,v274_guarded_numeric_not_numeric_query,abstain,,)!,@|]!,False,False,False,@|-]!,3,0,0,query is not a numeric binary expression,v274_guarded_numeric_postprocessor
491b8ea5,equation_symbolic_punct,symbolic_char_transducer,abstain,,)!,@|]!,False,False,False,@|-]!,3,0,0,no_global_mapping,v278_symbolic_pbe
491b8ea5,equation_symbolic_punct,symbolic_delete_selected_chars,abstain,,)!,@|]!,False,False,False,@|-]!,3,0,0,delete_char_sets=; unique_prediction_count=0,v278_symbolic_pbe
491b8ea5,equation_symbolic_punct,symbolic_keep_selected_chars,abstain,,)!,@|]!,False,False,False,@|-]!,3,0,0,keep_char_sets=; unique_prediction_count=0,v278_symbolic_pbe
491b8ea5,equation_symbolic_punct,symbolic_prefix_until_marker,abstain,,)!,@|]!,False,False,False,@|-]!,3,0,0,markers=''; unique_prediction_count=0,v278_symbolic_pbe
491b8ea5,equation_symbolic_punct,symbolic_suffix_after_marker,abstain,,)!,@|]!,False,False,False,@|-]!,3,0,0,markers=''; unique_prediction_count=0,v278_symbolic_pbe
491b8ea5,equation_symbolic_punct,symbolic_prefix_before_last_marker,abstain,,)!,@|]!,False,False,False,@|-]!,3,0,0,markers=''; unique_prediction_count=0,v278_symbolic_pbe
491b8ea5,equation_symbolic_punct,symbolic_suffix_after_last_marker,abstain,,)!,@|]!,False,False,False,@|-]!,3,0,0,markers=''; unique_prediction_count=0,v278_symbolic_pbe
491b8ea5,equation_symbolic_punct,symbolic_remove_first_marker,abstain,,)!,@|]!,False,False,False,@|-]!,3,0,0,markers=''; unique_prediction_count=0,v278_symbolic_pbe
491b8ea5,equation_symbolic_punct,symbolic_position_template,abstain,,)!,@|]!,False,False,False,@|-]!,3,0,0,nonuniform_rhs_lengths,v278_symbolic_pbe
491b8ea5,equation_symbolic_punct,symbolic_operator_index_template,abstain,,)!,@|]!,False,False,False,@|-]!,3,0,0,programs=; unique_prediction_count=0,v278_symbolic_pbe
491b8ea5,equation_symbolic_punct,symbolic_variable_operator_drop_operator,abstain,,)!,@|]!,False,False,False,@|-]!,3,0,0,one_or_more_examples_have_no_matching_split; split_counts=0,v324_variable_operator_symbolic
491b8ea5,equation_symbolic_punct,symbolic_variable_operator_reverse_drop_operator,abstain,,)!,@|]!,False,False,False,@|-]!,3,0,0,one_or_more_examples_have_no_matching_split; split_counts=0,v324_variable_operator_symbolic
491b8ea5,equation_symbolic_punct,symbolic_variable_operator_left_only,abstain,,)!,@|]!,False,False,False,@|-]!,3,0,0,one_or_more_examples_have_no_matching_split; split_counts=0,v324_variable_operator_symbolic
491b8ea5,equation_symbolic_punct,symbolic_variable_operator_right_only,abstain,,)!,@|]!,False,False,False,@|-]!,3,0,0,one_or_more_examples_have_no_matching_split; split_counts=0,v324_variable_operator_symbolic
491b8ea5,equation_symbolic_punct,symbolic_variable_operator_right_left,abstain,,)!,@|]!,False,False,False,@|-]!,3,0,0,one_or_more_examples_have_no_matching_split; split_counts=0,v324_variable_operator_symbolic
491b8ea5,equation_symbolic_punct,symbolic_variable_operator_left_reverse_right,abstain,,)!,@|]!,False,False,False,@|-]!,3,0,0,one_or_more_examples_have_no_matching_split; split_counts=0,v324_variable_operator_symbolic
491b8ea5,equation_symbolic_punct,symbolic_variable_operator_reverse_left_right,abstain,,)!,@|]!,False,False,False,@|-]!,3,0,0,one_or_more_examples_have_no_matching_split; split_counts=0,v324_variable_operator_symbolic
491b8ea5,equation_symbolic_punct,symbolic_variable_operator_right_reverse_left,abstain,,)!,@|]!,False,False,False,@|-]!,3,0,0,one_or_more_examples_have_no_matching_split; split_counts=0,v324_variable_operator_symbolic
491b8ea5,equation_symbolic_punct,symbolic_variable_operator_reverse_right_left,abstain,,)!,@|]!,False,False,False,@|-]!,3,0,0,one_or_more_examples_have_no_matching_split; split_counts=0,v324_variable_operator_symbolic
491b8ea5,equation_symbolic_punct,symbolic_variable_operator_operator_between_reversed,abstain,,)!,@|]!,False,False,False,@|-]!,3,0,0,one_or_more_examples_have_no_matching_split; split_counts=0,v324_variable_operator_symbolic
eb1a62f7,equation_symbolic_punct,v274_guarded_numeric_not_numeric_query,abstain,,>!>},){>),False,False,False,)}*>),3,0,0,query is not a numeric binary expression,v274_guarded_numeric_postprocessor
eb1a62f7,equation_symbolic_punct,symbolic_char_transducer,abstain,,>!>},){>),False,False,False,)}*>),3,0,0,no_global_mapping,v278_symbolic_pbe
eb1a62f7,equation_symbolic_punct,symbolic_delete_selected_chars,abstain,,>!>},){>),False,False,False,)}*>),3,0,0,delete_char_sets=; unique_prediction_count=0,v278_symbolic_pbe
eb1a62f7,equation_symbolic_punct,symbolic_keep_selected_chars,abstain,,>!>},){>),False,False,False,)}*>),3,0,0,keep_char_sets=; unique_prediction_count=0,v278_symbolic_pbe
eb1a62f7,equation_symbolic_punct,symbolic_prefix_until_marker,abstain,,>!>},){>),False,False,False,)}*>),3,0,0,markers=''; unique_prediction_count=0,v278_symbolic_pbe
eb1a62f7,equation_symbolic_punct,symbolic_suffix_after_marker,abstain,,>!>},){>),False,False,False,)}*>),3,0,0,markers=''; unique_prediction_count=0,v278_symbolic_pbe
eb1a62f7,equation_symbolic_punct,symbolic_prefix_before_last_marker,abstain,,>!>},){>),False,False,False,)}*>),3,0,0,markers=''; unique_prediction_count=0,v278_symbolic_pbe
eb1a62f7,equation_symbolic_punct,symbolic_suffix_after_last_marker,abstain,,>!>},){>),False,False,False,)}*>),3,0,0,markers=''; unique_prediction_count=0,v278_symbolic_pbe
eb1a62f7,equation_symbolic_punct,symbolic_remove_first_marker,abstain,,>!>},){>),False,False,False,)}*>),3,0,0,markers=''; unique_prediction_count=0,v278_symbolic_pbe
eb1a62f7,equation_symbolic_punct,symbolic_position_template,abstain,,>!>},){>),False,False,False,)}*>),3,0,0,no_source_for_output_index=0,v278_symbolic_pbe
eb1a62f7,equation_symbolic_punct,symbolic_operator_index_template,abstain,,>!>},){>),False,False,False,)}*>),3,0,0,programs=; unique_prediction_count=0,v278_symbolic_pbe
eb1a62f7,equation_symbolic_punct,symbolic_variable_operator_drop_operator,abstain,,>!>},){>),False,False,False,)}*>),3,0,0,one_or_more_examples_have_no_matching_split; split_counts=0,v324_variable_operator_symbolic
eb1a62f7,equation_symbolic_punct,symbolic_variable_operator_reverse_drop_operator,abstain,,>!>},){>),False,False,False,)}*>),3,0,0,one_or_more_examples_have_no_matching_split; split_counts=0,v324_variable_operator_symbolic
eb1a62f7,equation_symbolic_punct,symbolic_variable_operator_left_only,abstain,,>!>},){>),False,False,False,)}*>),3,0,0,one_or_more_examples_have_no_matching_split; split_counts=0,v324_variable_operator_symbolic
eb1a62f7,equation_symbolic_punct,symbolic_variable_operator_right_only,abstain,,>!>},){>),False,False,False,)}*>),3,0,0,one_or_more_examples_have_no_matching_split; split_counts=0,v324_variable_operator_symbolic
eb1a62f7,equation_symbolic_punct,symbolic_variable_operator_right_left,abstain,,>!>},){>),False,False,False,)}*>),3,0,0,one_or_more_examples_have_no_matching_split; split_counts=0,v324_variable_operator_symbolic
eb1a62f7,equation_symbolic_punct,symbolic_variable_operator_left_reverse_right,abstain,,>!>},){>),False,False,False,)}*>),3,0,0,one_or_more_examples_have_no_matching_split; split_counts=0,v324_variable_operator_symbolic
eb1a62f7,equation_symbolic_punct,symbolic_variable_operator_reverse_left_right,abstain,,>!>},){>),False,False,False,)}*>),3,0,0,one_or_more_examples_have_no_matching_split; split_counts=0,v324_variable_operator_symbolic
eb1a62f7,equation_symbolic_punct,symbolic_variable_operator_right_reverse_left,abstain,,>!>},){>),False,False,False,)}*>),3,0,0,one_or_more_examples_have_no_matching_split; split_counts=0,v324_variable_operator_symbolic
eb1a62f7,equation_symbolic_punct,symbolic_variable_operator_reverse_right_left,abstain,,>!>},){>),False,False,False,)}*>),3,0,0,one_or_more_examples_have_no_matching_split; split_counts=0,v324_variable_operator_symbolic
eb1a62f7,equation_symbolic_punct,symbolic_variable_operator_operator_between_reversed,abstain,,>!>},){>),False,False,False,)}*>),3,0,0,one_or_more_examples_have_no_matching_split; split_counts=0,v324_variable_operator_symbolic
0bb591e6,equation_symbolic_punct,v274_guarded_numeric_not_numeric_query,abstain,,%?<,"""$%%""",False,False,False,"""$+%%",4,0,0,query is not a numeric binary expression,v274_guarded_numeric_postprocessor
0bb591e6,equation_symbolic_punct,symbolic_char_transducer,abstain,,%?<,"""$%%""",False,False,False,"""$+%%",4,0,0,no_global_mapping,v278_symbolic_pbe
0bb591e6,equation_symbolic_punct,symbolic_delete_selected_chars,abstain,,%?<,"""$%%""",False,False,False,"""$+%%",4,0,0,delete_char_sets=; unique_prediction_count=0,v278_symbolic_pbe
0bb591e6,equation_symbolic_punct,symbolic_keep_selected_chars,abstain,,%?<,"""$%%""",False,False,False,"""$+%%",4,0,0,keep_char_sets=; unique_prediction_count=0,v278_symbolic_pbe
0bb591e6,equation_symbolic_punct,symbolic_prefix_until_marker,abstain,,%?<,"""$%%""",False,False,False,"""$+%%",4,0,0,markers=''; unique_prediction_count=0,v278_symbolic_pbe
0bb591e6,equation_symbolic_punct,symbolic_suffix_after_marker,abstain,,%?<,"""$%%""",False,False,False,"""$+%%",4,0,0,markers=''; unique_prediction_count=0,v278_symbolic_pbe
0bb591e6,equation_symbolic_punct,symbolic_prefix_before_last_marker,abstain,,%?<,"""$%%""",False,False,False,"""$+%%",4,0,0,markers=''; unique_prediction_count=0,v278_symbolic_pbe
0bb591e6,equation_symbolic_punct,symbolic_suffix_after_last_marker,abstain,,%?<,"""$%%""",False,False,False,"""$+%%",4,0,0,markers=''; unique_prediction_count=0,v278_symbolic_pbe
0bb591e6,equation_symbolic_punct,symbolic_remove_first_marker,abstain,,%?<,"""$%%""",False,False,False,"""$+%%",4,0,0,markers=''; unique_prediction_count=0,v278_symbolic_pbe
0bb591e6,equation_symbolic_punct,symbolic_position_template,abstain,,%?<,"""$%%""",False,False,False,"""$+%%",4,0,0,nonuniform_rhs_lengths,v278_symbolic_pbe
0bb591e6,equation_symbolic_punct,symbolic_operator_index_template,abstain,,%?<,"""$%%""",False,False,False,"""$+%%",4,0,0,programs=; unique_prediction_count=0,v278_symbolic_pbe
0bb591e6,equation_symbolic_punct,symbolic_variable_operator_drop_operator,abstain,,%?<,"""$%%""",False,False,False,"""$+%%",4,0,0,one_or_more_examples_have_no_matching_split; split_counts=0,v324_variable_operator_symbolic
0bb591e6,equation_symbolic_punct,symbolic_variable_operator_reverse_drop_operator,abstain,,%?<,"""$%%""",False,False,False,"""$+%%",4,0,0,one_or_more_examples_have_no_matching_split; split_counts=0,v324_variable_operator_symbolic
0bb591e6,equation_symbolic_punct,symbolic_variable_operator_left_only,abstain,,%?<,"""$%%""",False,False,False,"""$+%%",4,0,0,one_or_more_examples_have_no_matching_split; split_counts=0,v324_variable_operator_symbolic
0bb591e6,equation_symbolic_punct,symbolic_variable_operator_right_only,abstain,,%?<,"""$%%""",False,False,False,"""$+%%",4,0,0,one_or_more_examples_have_no_matching_split; split_counts=0,v324_variable_operator_symbolic
0bb591e6,equation_symbolic_punct,symbolic_variable_operator_right_left,abstain,,%?<,"""$%%""",False,False,False,"""$+%%",4,0,0,one_or_more_examples_have_no_matching_split; split_counts=0,v324_variable_operator_symbolic
0bb591e6,equation_symbolic_punct,symbolic_variable_operator_left_reverse_right,abstain,,%?<,"""$%%""",False,False,False,"""$+%%",4,0,0,one_or_more_examples_have_no_matching_split; split_counts=0,v324_variable_operator_symbolic
0bb591e6,equation_symbolic_punct,symbolic_variable_operator_reverse_left_right,abstain,,%?<,"""$%%""",False,False,False,"""$+%%",4,0,0,one_or_more_examples_have_no_matching_split; split_counts=0,v324_variable_operator_symbolic
0bb591e6,equation_symbolic_punct,symbolic_variable_operator_right_reverse_left,abstain,,%?<,"""$%%""",False,False,False,"""$+%%",4,0,0,one_or_more_examples_have_no_matching_split; split_counts=0,v324_variable_operator_symbolic
0bb591e6,equation_symbolic_punct,symbolic_variable_operator_reverse_right_left,abstain,,%?<,"""$%%""",False,False,False,"""$+%%",4,0,0,one_or_more_examples_have_no_matching_split; split_counts=0,v324_variable_operator_symbolic
0bb591e6,equation_symbolic_punct,symbolic_variable_operator_operator_between_reversed,abstain,,%?<,"""$%%""",False,False,False,"""$+%%",4,0,0,one_or_more_examples_have_no_matching_split; split_counts=0,v324_variable_operator_symbolic
9a19fc2d,equation_symbolic_punct,v274_guarded_numeric_not_numeric_query,abstain,,#>[,!&)#,False,False,False,!&+)#,5,0,0,query is not a numeric binary expression,v274_guarded_numeric_postprocessor
9a19fc2d,equation_symbolic_punct,symbolic_char_transducer,abstain,,#>[,!&)#,False,False,False,!&+)#,5,0,0,no_global_mapping,v278_symbolic_pbe
9a19fc2d,equation_symbolic_punct,symbolic_delete_selected_chars,abstain,,#>[,!&)#,False,False,False,!&+)#,5,0,0,delete_char_sets=; unique_prediction_count=0,v278_symbolic_pbe
9a19fc2d,equation_symbolic_punct,symbolic_keep_selected_chars,abstain,,#>[,!&)#,False,False,False,!&+)#,5,0,0,keep_char_sets=; unique_prediction_count=0,v278_symbolic_pbe
9a19fc2d,equation_symbolic_punct,symbolic_prefix_until_marker,abstain,,#>[,!&)#,False,False,False,!&+)#,5,0,0,markers=''; unique_prediction_count=0,v278_symbolic_pbe
9a19fc2d,equation_symbolic_punct,symbolic_suffix_after_marker,abstain,,#>[,!&)#,False,False,False,!&+)#,5,0,0,markers=''; unique_prediction_count=0,v278_symbolic_pbe
9a19fc2d,equation_symbolic_punct,symbolic_prefix_before_last_marker,abstain,,#>[,!&)#,False,False,False,!&+)#,5,0,0,markers=''; unique_prediction_count=0,v278_symbolic_pbe
9a19fc2d,equation_symbolic_punct,symbolic_suffix_after_last_marker,abstain,,#>[,!&)#,False,False,False,!&+)#,5,0,0,markers=''; unique_prediction_count=0,v278_symbolic_pbe
9a19fc2d,equation_symbolic_punct,symbolic_remove_first_marker,abstain,,#>[,!&)#,False,False,False,!&+)#,5,0,0,markers=''; unique_prediction_count=0,v278_symbolic_pbe
9a19fc2d,equation_symbolic_punct,symbolic_position_template,abstain,,#>[,!&)#,False,False,False,!&+)#,5,0,0,nonuniform_rhs_lengths,v278_symbolic_pbe
9a19fc2d,equation_symbolic_punct,symbolic_operator_index_template,abstain,,#>[,!&)#,False,False,False,!&+)#,5,0,0,programs=; unique_prediction_count=0,v278_symbolic_pbe
9a19fc2d,equation_symbolic_punct,symbolic_variable_operator_drop_operator,abstain,,#>[,!&)#,False,False,False,!&+)#,5,0,0,one_or_more_examples_have_no_matching_split; split_counts=0,v324_variable_operator_symbolic
9a19fc2d,equation_symbolic_punct,symbolic_variable_operator_reverse_drop_operator,abstain,,#>[,!&)#,False,False,False,!&+)#,5,0,0,one_or_more_examples_have_no_matching_split; split_counts=0,v324_variable_operator_symbolic
9a19fc2d,equation_symbolic_punct,symbolic_variable_operator_left_only,abstain,,#>[,!&)#,False,False,False,!&+)#,5,0,0,one_or_more_examples_have_no_matching_split; split_counts=0,v324_variable_operator_symbolic
9a19fc2d,equation_symbolic_punct,symbolic_variable_operator_right_only,abstain,,#>[,!&)#,False,False,False,!&+)#,5,0,0,one_or_more_examples_have_no_matching_split; split_counts=0,v324_variable_operator_symbolic
9a19fc2d,equation_symbolic_punct,symbolic_variable_operator_right_left,abstain,,#>[,!&)#,False,False,False,!&+)#,5,0,0,one_or_more_examples_have_no_matching_split; split_counts=0,v324_variable_operator_symbolic
9a19fc2d,equation_symbolic_punct,symbolic_variable_operator_left_reverse_right,abstain,,#>[,!&)#,False,False,False,!&+)#,5,0,0,one_or_more_examples_have_no_matching_split; split_counts=0,v324_variable_operator_symbolic
9a19fc2d,equation_symbolic_punct,symbolic_variable_operator_reverse_left_right,abstain,,#>[,!&)#,False,False,False,!&+)#,5,0,0,one_or_more_examples_have_no_matching_split; split_counts=0,v324_variable_operator_symbolic
9a19fc2d,equation_symbolic_punct,symbolic_variable_operator_right_reverse_left,abstain,,#>[,!&)#,False,False,False,!&+)#,5,0,0,one_or_more_examples_have_no_matching_split; split_counts=0,v324_variable_operator_symbolic
9a19fc2d,equation_symbolic_punct,symbolic_variable_operator_reverse_right_left,abstain,,#>[,!&)#,False,False,False,!&+)#,5,0,0,one_or_more_examples_have_no_matching_split; split_counts=0,v324_variable_operator_symbolic
9a19fc2d,equation_symbolic_punct,symbolic_variable_operator_operator_between_reversed,abstain,,#>[,!&)#,False,False,False,!&+)#,5,0,0,one_or_more_examples_have_no_matching_split; split_counts=0,v324_variable_operator_symbolic
528b694b,equation_symbolic_punct,v274_guarded_numeric_not_numeric_query,abstain,,"""'",>]]),False,False,False,>]<]),4,0,0,query is not a numeric binary expression,v274_guarded_numeric_postprocessor
528b694b,equation_symbolic_punct,symbolic_char_transducer,abstain,,"""'",>]]),False,False,False,>]<]),4,0,0,no_global_mapping,v278_symbolic_pbe
528b694b,equation_symbolic_punct,symbolic_delete_selected_chars,abstain,,"""'",>]]),False,False,False,>]<]),4,0,0,delete_char_sets=; unique_prediction_count=0,v278_symbolic_pbe
528b694b,equation_symbolic_punct,symbolic_keep_selected_chars,abstain,,"""'",>]]),False,False,False,>]<]),4,0,0,keep_char_sets=; unique_prediction_count=0,v278_symbolic_pbe
528b694b,equation_symbolic_punct,symbolic_prefix_until_marker,abstain,,"""'",>]]),False,False,False,>]<]),4,0,0,markers=''; unique_prediction_count=0,v278_symbolic_pbe
528b694b,equation_symbolic_punct,symbolic_suffix_after_marker,abstain,,"""'",>]]),False,False,False,>]<]),4,0,0,markers=''; unique_prediction_count=0,v278_symbolic_pbe
528b694b,equation_symbolic_punct,symbolic_prefix_before_last_marker,abstain,,"""'",>]]),False,False,False,>]<]),4,0,0,markers=''; unique_prediction_count=0,v278_symbolic_pbe
528b694b,equation_symbolic_punct,symbolic_suffix_after_last_marker,abstain,,"""'",>]]),False,False,False,>]<]),4,0,0,markers=''; unique_prediction_count=0,v278_symbolic_pbe
528b694b,equation_symbolic_punct,symbolic_remove_first_marker,abstain,,"""'",>]]),False,False,False,>]<]),4,0,0,markers=''; unique_prediction_count=0,v278_symbolic_pbe
528b694b,equation_symbolic_punct,symbolic_position_template,abstain,,"""'",>]]),False,False,False,>]<]),4,0,0,nonuniform_rhs_lengths,v278_symbolic_pbe
528b694b,equation_symbolic_punct,symbolic_operator_index_template,abstain,,"""'",>]]),False,False,False,>]<]),4,0,0,programs=; unique_prediction_count=0,v278_symbolic_pbe
528b694b,equation_symbolic_punct,symbolic_variable_operator_drop_operator,abstain,,"""'",>]]),False,False,False,>]<]),4,0,0,one_or_more_examples_have_no_matching_split; split_counts=0,v324_variable_operator_symbolic
528b694b,equation_symbolic_punct,symbolic_variable_operator_reverse_drop_operator,abstain,,"""'",>]]),False,False,False,>]<]),4,0,0,one_or_more_examples_have_no_matching_split; split_counts=0,v324_variable_operator_symbolic
528b694b,equation_symbolic_punct,symbolic_variable_operator_left_only,abstain,,"""'",>]]),False,False,False,>]<]),4,0,0,one_or_more_examples_have_no_matching_split; split_counts=0,v324_variable_operator_symbolic
528b694b,equation_symbolic_punct,symbolic_variable_operator_right_only,abstain,,"""'",>]]),False,False,False,>]<]),4,0,0,one_or_more_examples_have_no_matching_split; split_counts=0,v324_variable_operator_symbolic
528b694b,equation_symbolic_punct,symbolic_variable_operator_right_left,abstain,,"""'",>]]),False,False,False,>]<]),4,0,0,one_or_more_examples_have_no_matching_split; split_counts=0,v324_variable_operator_symbolic
528b694b,equation_symbolic_punct,symbolic_variable_operator_left_reverse_right,abstain,,"""'",>]]),False,False,False,>]<]),4,0,0,one_or_more_examples_have_no_matching_split; split_counts=0,v324_variable_operator_symbolic
528b694b,equation_symbolic_punct,symbolic_variable_operator_reverse_left_right,abstain,,"""'",>]]),False,False,False,>]<]),4,0,0,one_or_more_examples_have_no_matching_split; split_counts=0,v324_variable_operator_symbolic
528b694b,equation_symbolic_punct,symbolic_variable_operator_right_reverse_left,abstain,,"""'",>]]),False,False,False,>]<]),4,0,0,one_or_more_examples_have_no_matching_split; split_counts=0,v324_variable_operator_symbolic
528b694b,equation_symbolic_punct,symbolic_variable_operator_reverse_right_left,abstain,,"""'",>]]),False,False,False,>]<]),4,0,0,one_or_more_examples_have_no_matching_split; split_counts=0,v324_variable_operator_symbolic
528b694b,equation_symbolic_punct,symbolic_variable_operator_operator_between_reversed,abstain,,"""'",>]]),False,False,False,>]<]),4,0,0,one_or_more_examples_have_no_matching_split; split_counts=0,v324_variable_operator_symbolic
d1bd7478,equation_numeric_operator,v274_guarded_numeric_colon_absdiff_unreverse_same_len,candidate,30,30,03,True,False,True,37:67,4,1,1,candidate=30; baseline=03,v274_guarded_numeric_postprocessor
d1bd7478,equation_numeric_operator,numeric_same_operator_extended,abstain,,30,03,False,False,False,37:67,4,0,0,same_operator_examples=1 below_min=2,v278_numeric_same_operator
d1bd7478,equation_numeric_operator,v299_same_operator_unique_numeric_dsl,abstain,,30,03,False,False,False,37:67,4,28,8,unique_prediction_count=8; candidate_rules=28,v299_numeric_dsl
d1bd7478,equation_numeric_operator,v299_all_numeric_examples_unique_dsl,abstain,,30,03,False,False,False,37:67,4,0,0,unique_prediction_count=0; candidate_rules=0,v299_numeric_dsl
d1bd7478,equation_numeric_operator,v299_conventional_operator_prior_unique,abstain,,30,03,False,False,False,37:67,4,16,3,unique_prediction_count=3; candidate_rules=16,v299_numeric_dsl
fba40625,equation_symbolic_punct,v274_guarded_numeric_not_numeric_query,abstain,,'>&,{>?#,False,False,False,{>'?#,4,0,0,query is not a numeric binary expression,v274_guarded_numeric_postprocessor
fba40625,equation_symbolic_punct,symbolic_char_transducer,abstain,,'>&,{>?#,False,False,False,{>'?#,4,0,0,no_global_mapping,v278_symbolic_pbe
fba40625,equation_symbolic_punct,symbolic_delete_selected_chars,abstain,,'>&,{>?#,False,False,False,{>'?#,4,0,0,delete_char_sets=; unique_prediction_count=0,v278_symbolic_pbe
fba40625,equation_symbolic_punct,symbolic_keep_selected_chars,abstain,,'>&,{>?#,False,False,False,{>'?#,4,0,0,keep_char_sets=; unique_prediction_count=0,v278_symbolic_pbe
fba40625,equation_symbolic_punct,symbolic_prefix_until_marker,abstain,,'>&,{>?#,False,False,False,{>'?#,4,0,0,markers=''; unique_prediction_count=0,v278_symbolic_pbe
fba40625,equation_symbolic_punct,symbolic_suffix_after_marker,abstain,,'>&,{>?#,False,False,False,{>'?#,4,0,0,markers=''; unique_prediction_count=0,v278_symbolic_pbe
fba40625,equation_symbolic_punct,symbolic_prefix_before_last_marker,abstain,,'>&,{>?#,False,False,False,{>'?#,4,0,0,markers=''; unique_prediction_count=0,v278_symbolic_pbe
fba40625,equation_symbolic_punct,symbolic_suffix_after_last_marker,abstain,,'>&,{>?#,False,False,False,{>'?#,4,0,0,markers=''; unique_prediction_count=0,v278_symbolic_pbe
fba40625,equation_symbolic_punct,symbolic_remove_first_marker,abstain,,'>&,{>?#,False,False,False,{>'?#,4,0,0,markers=''; unique_prediction_count=0,v278_symbolic_pbe
fba40625,equation_symbolic_punct,symbolic_position_template,abstain,,'>&,{>?#,False,False,False,{>'?#,4,0,0,nonuniform_rhs_lengths,v278_symbolic_pbe
fba40625,equation_symbolic_punct,symbolic_operator_index_template,abstain,,'>&,{>?#,False,False,False,{>'?#,4,0,0,programs=; unique_prediction_count=0,v278_symbolic_pbe
fba40625,equation_symbolic_punct,symbolic_variable_operator_drop_operator,abstain,,'>&,{>?#,False,False,False,{>'?#,4,0,0,"one_or_more_examples_have_no_matching_split; split_counts=1,0",v324_variable_operator_symbolic
fba40625,equation_symbolic_punct,symbolic_variable_operator_reverse_drop_operator,abstain,,'>&,{>?#,False,False,False,{>'?#,4,0,0,one_or_more_examples_have_no_matching_split; split_counts=0,v324_variable_operator_symbolic
fba40625,equation_symbolic_punct,symbolic_variable_operator_left_only,abstain,,'>&,{>?#,False,False,False,{>'?#,4,0,0,one_or_more_examples_have_no_matching_split; split_counts=0,v324_variable_operator_symbolic
fba40625,equation_symbolic_punct,symbolic_variable_operator_right_only,abstain,,'>&,{>?#,False,False,False,{>'?#,4,0,0,one_or_more_examples_have_no_matching_split; split_counts=0,v324_variable_operator_symbolic
fba40625,equation_symbolic_punct,symbolic_variable_operator_right_left,abstain,,'>&,{>?#,False,False,False,{>'?#,4,0,0,one_or_more_examples_have_no_matching_split; split_counts=0,v324_variable_operator_symbolic
fba40625,equation_symbolic_punct,symbolic_variable_operator_left_reverse_right,abstain,,'>&,{>?#,False,False,False,{>'?#,4,0,0,one_or_more_examples_have_no_matching_split; split_counts=0,v324_variable_operator_symbolic
fba40625,equation_symbolic_punct,symbolic_variable_operator_reverse_left_right,abstain,,'>&,{>?#,False,False,False,{>'?#,4,0,0,one_or_more_examples_have_no_matching_split; split_counts=0,v324_variable_operator_symbolic
fba40625,equation_symbolic_punct,symbolic_variable_operator_right_reverse_left,abstain,,'>&,{>?#,False,False,False,{>'?#,4,0,0,one_or_more_examples_have_no_matching_split; split_counts=0,v324_variable_operator_symbolic
fba40625,equation_symbolic_punct,symbolic_variable_operator_reverse_right_left,abstain,,'>&,{>?#,False,False,False,{>'?#,4,0,0,one_or_more_examples_have_no_matching_split; split_counts=0,v324_variable_operator_symbolic
fba40625,equation_symbolic_punct,symbolic_variable_operator_operator_between_reversed,abstain,,'>&,{>?#,False,False,False,{>'?#,4,0,0,one_or_more_examples_have_no_matching_split; split_counts=0,v324_variable_operator_symbolic
c5b058d6,equation_numeric_operator,v274_guarded_numeric_add_direct_over_model_add_variant,candidate,134,134,35,True,False,True,94)40,4,1,1,candidate=134; baseline=35,v274_guarded_numeric_postprocessor
c5b058d6,equation_numeric_operator,numeric_same_operator_extended,abstain,,134,35,False,False,False,94)40,4,0,0,same_operator_examples=1 below_min=2,v278_numeric_same_operator
c5b058d6,equation_numeric_operator,v299_same_operator_unique_numeric_dsl,abstain,,134,35,False,False,False,94)40,4,16,6,unique_prediction_count=6; candidate_rules=16,v299_numeric_dsl
c5b058d6,equation_numeric_operator,v299_all_numeric_examples_unique_dsl,abstain,,134,35,False,False,False,94)40,4,0,0,unique_prediction_count=0; candidate_rules=0,v299_numeric_dsl
c5b058d6,equation_numeric_operator,v299_conventional_operator_prior_unique,abstain,,134,35,False,False,False,94)40,4,0,0,unique_prediction_count=0; candidate_rules=0,v299_numeric_dsl
837a6ae7,equation_symbolic_punct,v274_guarded_numeric_not_numeric_query,abstain,,<>\>,"<:{""",False,False,False,"<{*:""",5,0,0,query is not a numeric binary expression,v274_guarded_numeric_postprocessor
837a6ae7,equation_symbolic_punct,symbolic_char_transducer,abstain,,<>\>,"<:{""",False,False,False,"<{*:""",5,0,0,no_global_mapping,v278_symbolic_pbe
837a6ae7,equation_symbolic_punct,symbolic_delete_selected_chars,abstain,,<>\>,"<:{""",False,False,False,"<{*:""",5,0,0,delete_char_sets=; unique_prediction_count=0,v278_symbolic_pbe
837a6ae7,equation_symbolic_punct,symbolic_keep_selected_chars,abstain,,<>\>,"<:{""",False,False,False,"<{*:""",5,0,0,keep_char_sets=; unique_prediction_count=0,v278_symbolic_pbe
837a6ae7,equation_symbolic_punct,symbolic_prefix_until_marker,abstain,,<>\>,"<:{""",False,False,False,"<{*:""",5,0,0,markers=''; unique_prediction_count=0,v278_symbolic_pbe
837a6ae7,equation_symbolic_punct,symbolic_suffix_after_marker,abstain,,<>\>,"<:{""",False,False,False,"<{*:""",5,0,0,markers=''; unique_prediction_count=0,v278_symbolic_pbe
837a6ae7,equation_symbolic_punct,symbolic_prefix_before_last_marker,abstain,,<>\>,"<:{""",False,False,False,"<{*:""",5,0,0,markers=''; unique_prediction_count=0,v278_symbolic_pbe
837a6ae7,equation_symbolic_punct,symbolic_suffix_after_last_marker,abstain,,<>\>,"<:{""",False,False,False,"<{*:""",5,0,0,markers=''; unique_prediction_count=0,v278_symbolic_pbe
837a6ae7,equation_symbolic_punct,symbolic_remove_first_marker,abstain,,<>\>,"<:{""",False,False,False,"<{*:""",5,0,0,markers=''; unique_prediction_count=0,v278_symbolic_pbe
837a6ae7,equation_symbolic_punct,symbolic_position_template,abstain,,<>\>,"<:{""",False,False,False,"<{*:""",5,0,0,nonuniform_rhs_lengths,v278_symbolic_pbe
837a6ae7,equation_symbolic_punct,symbolic_operator_index_template,abstain,,<>\>,"<:{""",False,False,False,"<{*:""",5,0,0,programs=; unique_prediction_count=0,v278_symbolic_pbe
837a6ae7,equation_symbolic_punct,symbolic_variable_operator_drop_operator,abstain,,<>\>,"<:{""",False,False,False,"<{*:""",5,0,0,one_or_more_examples_have_no_matching_split; split_counts=0,v324_variable_operator_symbolic
837a6ae7,equation_symbolic_punct,symbolic_variable_operator_reverse_drop_operator,abstain,,<>\>,"<:{""",False,False,False,"<{*:""",5,0,0,one_or_more_examples_have_no_matching_split; split_counts=0,v324_variable_operator_symbolic
837a6ae7,equation_symbolic_punct,symbolic_variable_operator_left_only,abstain,,<>\>,"<:{""",False,False,False,"<{*:""",5,0,0,one_or_more_examples_have_no_matching_split; split_counts=0,v324_variable_operator_symbolic
837a6ae7,equation_symbolic_punct,symbolic_variable_operator_right_only,abstain,,<>\>,"<:{""",False,False,False,"<{*:""",5,0,0,one_or_more_examples_have_no_matching_split; split_counts=0,v324_variable_operator_symbolic
837a6ae7,equation_symbolic_punct,symbolic_variable_operator_right_left,abstain,,<>\>,"<:{""",False,False,False,"<{*:""",5,0,0,one_or_more_examples_have_no_matching_split; split_counts=0,v324_variable_operator_symbolic
837a6ae7,equation_symbolic_punct,symbolic_variable_operator_left_reverse_right,abstain,,<>\>,"<:{""",False,False,False,"<{*:""",5,0,0,one_or_more_examples_have_no_matching_split; split_counts=0,v324_variable_operator_symbolic
837a6ae7,equation_symbolic_punct,symbolic_variable_operator_reverse_left_right,abstain,,<>\>,"<:{""",False,False,False,"<{*:""",5,0,0,one_or_more_examples_have_no_matching_split; split_counts=0,v324_variable_operator_symbolic
837a6ae7,equation_symbolic_punct,symbolic_variable_operator_right_reverse_left,abstain,,<>\>,"<:{""",False,False,False,"<{*:""",5,0,0,one_or_more_examples_have_no_matching_split; split_counts=0,v324_variable_operator_symbolic
837a6ae7,equation_symbolic_punct,symbolic_variable_operator_reverse_right_left,abstain,,<>\>,"<:{""",False,False,False,"<{*:""",5,0,0,one_or_more_examples_have_no_matching_split; split_counts=0,v324_variable_operator_symbolic
837a6ae7,equation_symbolic_punct,symbolic_variable_operator_operator_between_reversed,abstain,,<>\>,"<:{""",False,False,False,"<{*:""",5,0,0,one_or_more_examples_have_no_matching_split; split_counts=0,v324_variable_operator_symbolic
d0e1010b,equation_symbolic_punct,v274_guarded_numeric_not_numeric_query,abstain,,!&&},|&$|,False,False,False,|&*$|,4,0,0,query is not a numeric binary expression,v274_guarded_numeric_postprocessor
d0e1010b,equation_symbolic_punct,symbolic_char_transducer,abstain,,!&&},|&$|,False,False,False,|&*$|,4,0,0,no_global_mapping,v278_symbolic_pbe
d0e1010b,equation_symbolic_punct,symbolic_delete_selected_chars,abstain,,!&&},|&$|,False,False,False,|&*$|,4,0,0,delete_char_sets=; unique_prediction_count=0,v278_symbolic_pbe
d0e1010b,equation_symbolic_punct,symbolic_keep_selected_chars,abstain,,!&&},|&$|,False,False,False,|&*$|,4,0,0,keep_char_sets=; unique_prediction_count=0,v278_symbolic_pbe
d0e1010b,equation_symbolic_punct,symbolic_prefix_until_marker,abstain,,!&&},|&$|,False,False,False,|&*$|,4,0,0,markers=''; unique_prediction_count=0,v278_symbolic_pbe
d0e1010b,equation_symbolic_punct,symbolic_suffix_after_marker,abstain,,!&&},|&$|,False,False,False,|&*$|,4,0,0,markers=''; unique_prediction_count=0,v278_symbolic_pbe
d0e1010b,equation_symbolic_punct,symbolic_prefix_before_last_marker,abstain,,!&&},|&$|,False,False,False,|&*$|,4,0,0,markers=''; unique_prediction_count=0,v278_symbolic_pbe
d0e1010b,equation_symbolic_punct,symbolic_suffix_after_last_marker,abstain,,!&&},|&$|,False,False,False,|&*$|,4,0,0,markers=''; unique_prediction_count=0,v278_symbolic_pbe
d0e1010b,equation_symbolic_punct,symbolic_remove_first_marker,abstain,,!&&},|&$|,False,False,False,|&*$|,4,0,0,markers=''; unique_prediction_count=0,v278_symbolic_pbe
d0e1010b,equation_symbolic_punct,symbolic_position_template,abstain,,!&&},|&$|,False,False,False,|&*$|,4,0,0,nonuniform_rhs_lengths,v278_symbolic_pbe
d0e1010b,equation_symbolic_punct,symbolic_operator_index_template,abstain,,!&&},|&$|,False,False,False,|&*$|,4,0,0,programs=; unique_prediction_count=0,v278_symbolic_pbe
d0e1010b,equation_symbolic_punct,symbolic_variable_operator_drop_operator,abstain,,!&&},|&$|,False,False,False,|&*$|,4,0,0,one_or_more_examples_have_no_matching_split; split_counts=0,v324_variable_operator_symbolic
d0e1010b,equation_symbolic_punct,symbolic_variable_operator_reverse_drop_operator,abstain,,!&&},|&$|,False,False,False,|&*$|,4,0,0,one_or_more_examples_have_no_matching_split; split_counts=0,v324_variable_operator_symbolic
d0e1010b,equation_symbolic_punct,symbolic_variable_operator_left_only,abstain,,!&&},|&$|,False,False,False,|&*$|,4,0,0,one_or_more_examples_have_no_matching_split; split_counts=0,v324_variable_operator_symbolic
d0e1010b,equation_symbolic_punct,symbolic_variable_operator_right_only,abstain,,!&&},|&$|,False,False,False,|&*$|,4,0,0,one_or_more_examples_have_no_matching_split; split_counts=0,v324_variable_operator_symbolic
d0e1010b,equation_symbolic_punct,symbolic_variable_operator_right_left,abstain,,!&&},|&$|,False,False,False,|&*$|,4,0,0,one_or_more_examples_have_no_matching_split; split_counts=0,v324_variable_operator_symbolic
d0e1010b,equation_symbolic_punct,symbolic_variable_operator_left_reverse_right,abstain,,!&&},|&$|,False,False,False,|&*$|,4,0,0,one_or_more_examples_have_no_matching_split; split_counts=0,v324_variable_operator_symbolic
d0e1010b,equation_symbolic_punct,symbolic_variable_operator_reverse_left_right,abstain,,!&&},|&$|,False,False,False,|&*$|,4,0,0,one_or_more_examples_have_no_matching_split; split_counts=0,v324_variable_operator_symbolic
d0e1010b,equation_symbolic_punct,symbolic_variable_operator_right_reverse_left,abstain,,!&&},|&$|,False,False,False,|&*$|,4,0,0,one_or_more_examples_have_no_matching_split; split_counts=0,v324_variable_operator_symbolic
d0e1010b,equation_symbolic_punct,symbolic_variable_operator_reverse_right_left,abstain,,!&&},|&$|,False,False,False,|&*$|,4,0,0,one_or_more_examples_have_no_matching_split; split_counts=0,v324_variable_operator_symbolic
d0e1010b,equation_symbolic_punct,symbolic_variable_operator_operator_between_reversed,abstain,,!&&},|&$|,False,False,False,|&*$|,4,0,0,one_or_more_examples_have_no_matching_split; split_counts=0,v324_variable_operator_symbolic
5a0d5d2a,equation_numeric_operator,v274_guarded_numeric_query_operator_unseen,abstain,,341,55,False,False,False,39+94,3,0,0,query_op='+' not present in examples,v274_guarded_numeric_postprocessor
5a0d5d2a,equation_numeric_operator,numeric_same_operator_extended,abstain,,341,55,False,False,False,39+94,3,0,0,same_operator_examples=0 below_min=2,v278_numeric_same_operator
5a0d5d2a,equation_numeric_operator,v299_same_operator_unique_numeric_dsl,abstain,,341,55,False,False,False,39+94,3,0,0,query_op='+' absent from examples,v299_numeric_dsl
5a0d5d2a,equation_numeric_operator,v299_all_numeric_examples_unique_dsl,abstain,,341,55,False,False,False,39+94,3,0,0,unique_prediction_count=0; candidate_rules=0,v299_numeric_dsl
5a0d5d2a,equation_numeric_operator,v299_conventional_operator_prior_unique,abstain,,341,55,False,False,False,39+94,3,12,4,unique_prediction_count=4; candidate_rules=12,v299_numeric_dsl
5a9fcf68,equation_numeric_operator,v274_guarded_numeric_query_operator_unseen,abstain,,4443,4,False,False,False,24@28,3,0,0,query_op='@' not present in examples,v274_guarded_numeric_postprocessor
5a9fcf68,equation_numeric_operator,numeric_same_operator_extended,abstain,,4443,4,False,False,False,24@28,3,0,0,same_operator_examples=0 below_min=2,v278_numeric_same_operator
5a9fcf68,equation_numeric_operator,v299_same_operator_unique_numeric_dsl,abstain,,4443,4,False,False,False,24@28,3,0,0,query_op='@' absent from examples,v299_numeric_dsl
5a9fcf68,equation_numeric_operator,v299_all_numeric_examples_unique_dsl,abstain,,4443,4,False,False,False,24@28,3,0,0,unique_prediction_count=0; candidate_rules=0,v299_numeric_dsl
5a9fcf68,equation_numeric_operator,v299_conventional_operator_prior_unique,abstain,,4443,4,False,False,False,24@28,3,0,0,unique_prediction_count=0; candidate_rules=0,v299_numeric_dsl
6e56b39a,equation_symbolic_punct,v274_guarded_numeric_not_numeric_query,abstain,,-/#,&#!,False,False,False,&#-!],4,0,0,query is not a numeric binary expression,v274_guarded_numeric_postprocessor
6e56b39a,equation_symbolic_punct,symbolic_char_transducer,abstain,,-/#,&#!,False,False,False,&#-!],4,0,0,no_global_mapping,v278_symbolic_pbe
6e56b39a,equation_symbolic_punct,symbolic_delete_selected_chars,abstain,,-/#,&#!,False,False,False,&#-!],4,0,0,delete_char_sets=; unique_prediction_count=0,v278_symbolic_pbe
6e56b39a,equation_symbolic_punct,symbolic_keep_selected_chars,abstain,,-/#,&#!,False,False,False,&#-!],4,0,0,keep_char_sets=; unique_prediction_count=0,v278_symbolic_pbe
6e56b39a,equation_symbolic_punct,symbolic_prefix_until_marker,abstain,,-/#,&#!,False,False,False,&#-!],4,0,0,markers=''; unique_prediction_count=0,v278_symbolic_pbe
6e56b39a,equation_symbolic_punct,symbolic_suffix_after_marker,abstain,,-/#,&#!,False,False,False,&#-!],4,0,0,markers=''; unique_prediction_count=0,v278_symbolic_pbe
6e56b39a,equation_symbolic_punct,symbolic_prefix_before_last_marker,abstain,,-/#,&#!,False,False,False,&#-!],4,0,0,markers=''; unique_prediction_count=0,v278_symbolic_pbe
6e56b39a,equation_symbolic_punct,symbolic_suffix_after_last_marker,abstain,,-/#,&#!,False,False,False,&#-!],4,0,0,markers=''; unique_prediction_count=0,v278_symbolic_pbe
6e56b39a,equation_symbolic_punct,symbolic_remove_first_marker,abstain,,-/#,&#!,False,False,False,&#-!],4,0,0,markers=''; unique_prediction_count=0,v278_symbolic_pbe
6e56b39a,equation_symbolic_punct,symbolic_position_template,abstain,,-/#,&#!,False,False,False,&#-!],4,0,0,no_source_for_output_index=1,v278_symbolic_pbe
6e56b39a,equation_symbolic_punct,symbolic_operator_index_template,abstain,,-/#,&#!,False,False,False,&#-!],4,0,0,programs=; unique_prediction_count=0,v278_symbolic_pbe
6e56b39a,equation_symbolic_punct,symbolic_variable_operator_drop_operator,abstain,,-/#,&#!,False,False,False,&#-!],4,0,0,one_or_more_examples_have_no_matching_split; split_counts=0,v324_variable_operator_symbolic
6e56b39a,equation_symbolic_punct,symbolic_variable_operator_reverse_drop_operator,abstain,,-/#,&#!,False,False,False,&#-!],4,0,0,one_or_more_examples_have_no_matching_split; split_counts=0,v324_variable_operator_symbolic
6e56b39a,equation_symbolic_punct,symbolic_variable_operator_left_only,abstain,,-/#,&#!,False,False,False,&#-!],4,0,0,one_or_more_examples_have_no_matching_split; split_counts=0,v324_variable_operator_symbolic
6e56b39a,equation_symbolic_punct,symbolic_variable_operator_right_only,abstain,,-/#,&#!,False,False,False,&#-!],4,0,0,one_or_more_examples_have_no_matching_split; split_counts=0,v324_variable_operator_symbolic
6e56b39a,equation_symbolic_punct,symbolic_variable_operator_right_left,abstain,,-/#,&#!,False,False,False,&#-!],4,0,0,one_or_more_examples_have_no_matching_split; split_counts=0,v324_variable_operator_symbolic
6e56b39a,equation_symbolic_punct,symbolic_variable_operator_left_reverse_right,abstain,,-/#,&#!,False,False,False,&#-!],4,0,0,one_or_more_examples_have_no_matching_split; split_counts=0,v324_variable_operator_symbolic
6e56b39a,equation_symbolic_punct,symbolic_variable_operator_reverse_left_right,abstain,,-/#,&#!,False,False,False,&#-!],4,0,0,one_or_more_examples_have_no_matching_split; split_counts=0,v324_variable_operator_symbolic
6e56b39a,equation_symbolic_punct,symbolic_variable_operator_right_reverse_left,abstain,,-/#,&#!,False,False,False,&#-!],4,0,0,one_or_more_examples_have_no_matching_split; split_counts=0,v324_variable_operator_symbolic
6e56b39a,equation_symbolic_punct,symbolic_variable_operator_reverse_right_left,abstain,,-/#,&#!,False,False,False,&#-!],4,0,0,one_or_more_examples_have_no_matching_split; split_counts=0,v324_variable_operator_symbolic
6e56b39a,equation_symbolic_punct,symbolic_variable_operator_operator_between_reversed,abstain,,-/#,&#!,False,False,False,&#-!],4,0,0,one_or_more_examples_have_no_matching_split; split_counts=0,v324_variable_operator_symbolic
a5f1991c,equation_symbolic_punct,v274_guarded_numeric_not_numeric_query,abstain,,/|',!&&&,False,False,False,!?/&&,5,0,0,query is not a numeric binary expression,v274_guarded_numeric_postprocessor
a5f1991c,equation_symbolic_punct,symbolic_char_transducer,abstain,,/|',!&&&,False,False,False,!?/&&,5,0,0,no_global_mapping,v278_symbolic_pbe
a5f1991c,equation_symbolic_punct,symbolic_delete_selected_chars,abstain,,/|',!&&&,False,False,False,!?/&&,5,0,0,delete_char_sets=; unique_prediction_count=0,v278_symbolic_pbe
a5f1991c,equation_symbolic_punct,symbolic_keep_selected_chars,abstain,,/|',!&&&,False,False,False,!?/&&,5,0,0,keep_char_sets=; unique_prediction_count=0,v278_symbolic_pbe
a5f1991c,equation_symbolic_punct,symbolic_prefix_until_marker,abstain,,/|',!&&&,False,False,False,!?/&&,5,0,0,markers=''; unique_prediction_count=0,v278_symbolic_pbe
a5f1991c,equation_symbolic_punct,symbolic_suffix_after_marker,abstain,,/|',!&&&,False,False,False,!?/&&,5,0,0,markers=''; unique_prediction_count=0,v278_symbolic_pbe
a5f1991c,equation_symbolic_punct,symbolic_prefix_before_last_marker,abstain,,/|',!&&&,False,False,False,!?/&&,5,0,0,markers=''; unique_prediction_count=0,v278_symbolic_pbe
a5f1991c,equation_symbolic_punct,symbolic_suffix_after_last_marker,abstain,,/|',!&&&,False,False,False,!?/&&,5,0,0,markers=''; unique_prediction_count=0,v278_symbolic_pbe
a5f1991c,equation_symbolic_punct,symbolic_remove_first_marker,abstain,,/|',!&&&,False,False,False,!?/&&,5,0,0,markers=''; unique_prediction_count=0,v278_symbolic_pbe
a5f1991c,equation_symbolic_punct,symbolic_position_template,abstain,,/|',!&&&,False,False,False,!?/&&,5,0,0,nonuniform_rhs_lengths,v278_symbolic_pbe
a5f1991c,equation_symbolic_punct,symbolic_operator_index_template,abstain,,/|',!&&&,False,False,False,!?/&&,5,0,0,programs=; unique_prediction_count=0,v278_symbolic_pbe
a5f1991c,equation_symbolic_punct,symbolic_variable_operator_drop_operator,abstain,,/|',!&&&,False,False,False,!?/&&,5,0,0,"one_or_more_examples_have_no_matching_split; split_counts=1,0",v324_variable_operator_symbolic
a5f1991c,equation_symbolic_punct,symbolic_variable_operator_reverse_drop_operator,abstain,,/|',!&&&,False,False,False,!?/&&,5,0,0,one_or_more_examples_have_no_matching_split; split_counts=0,v324_variable_operator_symbolic
a5f1991c,equation_symbolic_punct,symbolic_variable_operator_left_only,abstain,,/|',!&&&,False,False,False,!?/&&,5,0,0,one_or_more_examples_have_no_matching_split; split_counts=0,v324_variable_operator_symbolic
a5f1991c,equation_symbolic_punct,symbolic_variable_operator_right_only,abstain,,/|',!&&&,False,False,False,!?/&&,5,0,0,one_or_more_examples_have_no_matching_split; split_counts=0,v324_variable_operator_symbolic
a5f1991c,equation_symbolic_punct,symbolic_variable_operator_right_left,abstain,,/|',!&&&,False,False,False,!?/&&,5,0,0,one_or_more_examples_have_no_matching_split; split_counts=0,v324_variable_operator_symbolic
a5f1991c,equation_symbolic_punct,symbolic_variable_operator_left_reverse_right,abstain,,/|',!&&&,False,False,False,!?/&&,5,0,0,one_or_more_examples_have_no_matching_split; split_counts=0,v324_variable_operator_symbolic
a5f1991c,equation_symbolic_punct,symbolic_variable_operator_reverse_left_right,abstain,,/|',!&&&,False,False,False,!?/&&,5,0,0,one_or_more_examples_have_no_matching_split; split_counts=0,v324_variable_operator_symbolic
a5f1991c,equation_symbolic_punct,symbolic_variable_operator_right_reverse_left,abstain,,/|',!&&&,False,False,False,!?/&&,5,0,0,one_or_more_examples_have_no_matching_split; split_counts=0,v324_variable_operator_symbolic
a5f1991c,equation_symbolic_punct,symbolic_variable_operator_reverse_right_left,abstain,,/|',!&&&,False,False,False,!?/&&,5,0,0,one_or_more_examples_have_no_matching_split; split_counts=0,v324_variable_operator_symbolic
a5f1991c,equation_symbolic_punct,symbolic_variable_operator_operator_between_reversed,abstain,,/|',!&&&,False,False,False,!?/&&,5,0,0,one_or_more_examples_have_no_matching_split; split_counts=0,v324_variable_operator_symbolic
c7aae192,equation_symbolic_punct,v274_guarded_numeric_not_numeric_query,abstain,,">""(","\""]",False,False,False,"\""*}}",2,0,0,query is not a numeric binary expression,v274_guarded_numeric_postprocessor
c7aae192,equation_symbolic_punct,symbolic_char_transducer,abstain,,">""(","\""]",False,False,False,"\""*}}",2,0,0,no_pair_mapping,v278_symbolic_pbe
c7aae192,equation_symbolic_punct,symbolic_delete_selected_chars,abstain,,">""(","\""]",False,False,False,"\""*}}",2,0,0,delete_char_sets=; unique_prediction_count=0,v278_symbolic_pbe
c7aae192,equation_symbolic_punct,symbolic_keep_selected_chars,abstain,,">""(","\""]",False,False,False,"\""*}}",2,0,0,keep_char_sets=; unique_prediction_count=0,v278_symbolic_pbe
c7aae192,equation_symbolic_punct,symbolic_prefix_until_marker,abstain,,">""(","\""]",False,False,False,"\""*}}",2,0,0,markers=''; unique_prediction_count=0,v278_symbolic_pbe
c7aae192,equation_symbolic_punct,symbolic_suffix_after_marker,abstain,,">""(","\""]",False,False,False,"\""*}}",2,0,0,markers=''; unique_prediction_count=0,v278_symbolic_pbe
c7aae192,equation_symbolic_punct,symbolic_prefix_before_last_marker,abstain,,">""(","\""]",False,False,False,"\""*}}",2,0,0,markers=''; unique_prediction_count=0,v278_symbolic_pbe
c7aae192,equation_symbolic_punct,symbolic_suffix_after_last_marker,abstain,,">""(","\""]",False,False,False,"\""*}}",2,0,0,markers=''; unique_prediction_count=0,v278_symbolic_pbe
c7aae192,equation_symbolic_punct,symbolic_remove_first_marker,abstain,,">""(","\""]",False,False,False,"\""*}}",2,0,0,markers=''; unique_prediction_count=0,v278_symbolic_pbe
c7aae192,equation_symbolic_punct,symbolic_position_template,abstain,,">""(","\""]",False,False,False,"\""*}}",2,0,0,nonuniform_rhs_lengths,v278_symbolic_pbe
c7aae192,equation_symbolic_punct,symbolic_operator_index_template,abstain,,">""(","\""]",False,False,False,"\""*}}",2,0,0,programs=; unique_prediction_count=0,v278_symbolic_pbe
c7aae192,equation_symbolic_punct,symbolic_variable_operator_drop_operator,abstain,,">""(","\""]",False,False,False,"\""*}}",2,0,0,one_or_more_examples_have_no_matching_split; split_counts=0,v324_variable_operator_symbolic
c7aae192,equation_symbolic_punct,symbolic_variable_operator_reverse_drop_operator,abstain,,">""(","\""]",False,False,False,"\""*}}",2,0,0,one_or_more_examples_have_no_matching_split; split_counts=0,v324_variable_operator_symbolic
c7aae192,equation_symbolic_punct,symbolic_variable_operator_left_only,abstain,,">""(","\""]",False,False,False,"\""*}}",2,0,0,one_or_more_examples_have_no_matching_split; split_counts=0,v324_variable_operator_symbolic
c7aae192,equation_symbolic_punct,symbolic_variable_operator_right_only,abstain,,">""(","\""]",False,False,False,"\""*}}",2,0,0,one_or_more_examples_have_no_matching_split; split_counts=0,v324_variable_operator_symbolic
c7aae192,equation_symbolic_punct,symbolic_variable_operator_right_left,abstain,,">""(","\""]",False,False,False,"\""*}}",2,0,0,one_or_more_examples_have_no_matching_split; split_counts=0,v324_variable_operator_symbolic
c7aae192,equation_symbolic_punct,symbolic_variable_operator_left_reverse_right,abstain,,">""(","\""]",False,False,False,"\""*}}",2,0,0,one_or_more_examples_have_no_matching_split; split_counts=0,v324_variable_operator_symbolic
c7aae192,equation_symbolic_punct,symbolic_variable_operator_reverse_left_right,abstain,,">""(","\""]",False,False,False,"\""*}}",2,0,0,one_or_more_examples_have_no_matching_split; split_counts=0,v324_variable_operator_symbolic
c7aae192,equation_symbolic_punct,symbolic_variable_operator_right_reverse_left,abstain,,">""(","\""]",False,False,False,"\""*}}",2,0,0,one_or_more_examples_have_no_matching_split; split_counts=0,v324_variable_operator_symbolic
c7aae192,equation_symbolic_punct,symbolic_variable_operator_reverse_right_left,abstain,,">""(","\""]",False,False,False,"\""*}}",2,0,0,one_or_more_examples_have_no_matching_split; split_counts=0,v324_variable_operator_symbolic
c7aae192,equation_symbolic_punct,symbolic_variable_operator_operator_between_reversed,abstain,,">""(","\""]",False,False,False,"\""*}}",2,0,0,one_or_more_examples_have_no_matching_split; split_counts=0,v324_variable_operator_symbolic
e4cc7639,equation_numeric_operator,v274_guarded_numeric_query_operator_unseen,abstain,,113,16,False,False,False,48*64,5,0,0,query_op='*' not present in examples,v274_guarded_numeric_postprocessor
e4cc7639,equation_numeric_operator,numeric_same_operator_extended,abstain,,113,16,False,False,False,48*64,5,0,0,same_operator_examples=0 below_min=2,v278_numeric_same_operator
e4cc7639,equation_numeric_operator,v299_same_operator_unique_numeric_dsl,abstain,,113,16,False,False,False,48*64,5,0,0,query_op='*' absent from examples,v299_numeric_dsl
e4cc7639,equation_numeric_operator,v299_all_numeric_examples_unique_dsl,abstain,,113,16,False,False,False,48*64,5,0,0,unique_prediction_count=0; candidate_rules=0,v299_numeric_dsl
e4cc7639,equation_numeric_operator,v299_conventional_operator_prior_unique,abstain,,113,16,False,False,False,48*64,5,12,6,unique_prediction_count=6; candidate_rules=12,v299_numeric_dsl
844f826c,equation_symbolic_punct,v274_guarded_numeric_not_numeric_query,abstain,,"/""",`@>`,False,False,False,@*>,5,0,0,query is not a numeric binary expression,v274_guarded_numeric_postprocessor
844f826c,equation_symbolic_punct,symbolic_char_transducer,abstain,,"/""",`@>`,False,False,False,@*>,5,0,0,no_global_mapping,v278_symbolic_pbe
844f826c,equation_symbolic_punct,symbolic_delete_selected_chars,abstain,,"/""",`@>`,False,False,False,@*>,5,0,0,delete_char_sets=; unique_prediction_count=0,v278_symbolic_pbe
844f826c,equation_symbolic_punct,symbolic_keep_selected_chars,abstain,,"/""",`@>`,False,False,False,@*>,5,0,0,keep_char_sets=; unique_prediction_count=0,v278_symbolic_pbe
844f826c,equation_symbolic_punct,symbolic_prefix_until_marker,abstain,,"/""",`@>`,False,False,False,@*>,5,0,0,markers=''; unique_prediction_count=0,v278_symbolic_pbe
844f826c,equation_symbolic_punct,symbolic_suffix_after_marker,abstain,,"/""",`@>`,False,False,False,@*>,5,0,0,markers=''; unique_prediction_count=0,v278_symbolic_pbe
844f826c,equation_symbolic_punct,symbolic_prefix_before_last_marker,abstain,,"/""",`@>`,False,False,False,@*>,5,0,0,markers=''; unique_prediction_count=0,v278_symbolic_pbe
844f826c,equation_symbolic_punct,symbolic_suffix_after_last_marker,abstain,,"/""",`@>`,False,False,False,@*>,5,0,0,markers=''; unique_prediction_count=0,v278_symbolic_pbe
844f826c,equation_symbolic_punct,symbolic_remove_first_marker,abstain,,"/""",`@>`,False,False,False,@*>,5,0,0,markers=''; unique_prediction_count=0,v278_symbolic_pbe
844f826c,equation_symbolic_punct,symbolic_position_template,abstain,,"/""",`@>`,False,False,False,@*>,5,0,0,nonuniform_rhs_lengths,v278_symbolic_pbe
844f826c,equation_symbolic_punct,symbolic_operator_index_template,abstain,,"/""",`@>`,False,False,False,@*>,5,0,0,programs=; unique_prediction_count=0,v278_symbolic_pbe
844f826c,equation_symbolic_punct,symbolic_variable_operator_drop_operator,abstain,,"/""",`@>`,False,False,False,@*>,5,0,0,"one_or_more_examples_have_no_matching_split; split_counts=1,1,0",v324_variable_operator_symbolic
844f826c,equation_symbolic_punct,symbolic_variable_operator_reverse_drop_operator,abstain,,"/""",`@>`,False,False,False,@*>,5,0,0,one_or_more_examples_have_no_matching_split; split_counts=0,v324_variable_operator_symbolic
844f826c,equation_symbolic_punct,symbolic_variable_operator_left_only,abstain,,"/""",`@>`,False,False,False,@*>,5,0,0,one_or_more_examples_have_no_matching_split; split_counts=0,v324_variable_operator_symbolic
844f826c,equation_symbolic_punct,symbolic_variable_operator_right_only,abstain,,"/""",`@>`,False,False,False,@*>,5,0,0,one_or_more_examples_have_no_matching_split; split_counts=0,v324_variable_operator_symbolic
844f826c,equation_symbolic_punct,symbolic_variable_operator_right_left,abstain,,"/""",`@>`,False,False,False,@*>,5,0,0,one_or_more_examples_have_no_matching_split; split_counts=0,v324_variable_operator_symbolic
844f826c,equation_symbolic_punct,symbolic_variable_operator_left_reverse_right,abstain,,"/""",`@>`,False,False,False,@*>,5,0,0,one_or_more_examples_have_no_matching_split; split_counts=0,v324_variable_operator_symbolic
844f826c,equation_symbolic_punct,symbolic_variable_operator_reverse_left_right,abstain,,"/""",`@>`,False,False,False,@*>,5,0,0,one_or_more_examples_have_no_matching_split; split_counts=0,v324_variable_operator_symbolic
844f826c,equation_symbolic_punct,symbolic_variable_operator_right_reverse_left,abstain,,"/""",`@>`,False,False,False,@*>,5,0,0,one_or_more_examples_have_no_matching_split; split_counts=0,v324_variable_operator_symbolic
844f826c,equation_symbolic_punct,symbolic_variable_operator_reverse_right_left,abstain,,"/""",`@>`,False,False,False,@*>,5,0,0,one_or_more_examples_have_no_matching_split; split_counts=0,v324_variable_operator_symbolic
844f826c,equation_symbolic_punct,symbolic_variable_operator_operator_between_reversed,abstain,,"/""",`@>`,False,False,False,@*>,5,0,0,one_or_more_examples_have_no_matching_split; split_counts=0,v324_variable_operator_symbolic
8193e7e0,equation_symbolic_punct,v274_guarded_numeric_not_numeric_query,abstain,,??{`,#?&`,False,False,False,#?*&`,4,0,0,query is not a numeric binary expression,v274_guarded_numeric_postprocessor
8193e7e0,equation_symbolic_punct,symbolic_char_transducer,abstain,,??{`,#?&`,False,False,False,#?*&`,4,0,0,no_pair_mapping,v278_symbolic_pbe
8193e7e0,equation_symbolic_punct,symbolic_delete_selected_chars,abstain,,??{`,#?&`,False,False,False,#?*&`,4,0,0,delete_char_sets=; unique_prediction_count=0,v278_symbolic_pbe
8193e7e0,equation_symbolic_punct,symbolic_keep_selected_chars,abstain,,??{`,#?&`,False,False,False,#?*&`,4,0,0,keep_char_sets=; unique_prediction_count=0,v278_symbolic_pbe
8193e7e0,equation_symbolic_punct,symbolic_prefix_until_marker,abstain,,??{`,#?&`,False,False,False,#?*&`,4,0,0,markers=''; unique_prediction_count=0,v278_symbolic_pbe
8193e7e0,equation_symbolic_punct,symbolic_suffix_after_marker,abstain,,??{`,#?&`,False,False,False,#?*&`,4,0,0,markers=''; unique_prediction_count=0,v278_symbolic_pbe
8193e7e0,equation_symbolic_punct,symbolic_prefix_before_last_marker,abstain,,??{`,#?&`,False,False,False,#?*&`,4,0,0,markers=''; unique_prediction_count=0,v278_symbolic_pbe
8193e7e0,equation_symbolic_punct,symbolic_suffix_after_last_marker,abstain,,??{`,#?&`,False,False,False,#?*&`,4,0,0,markers=''; unique_prediction_count=0,v278_symbolic_pbe
8193e7e0,equation_symbolic_punct,symbolic_remove_first_marker,abstain,,??{`,#?&`,False,False,False,#?*&`,4,0,0,markers=''; unique_prediction_count=0,v278_symbolic_pbe
8193e7e0,equation_symbolic_punct,symbolic_position_template,abstain,,??{`,#?&`,False,False,False,#?*&`,4,0,0,nonuniform_rhs_lengths,v278_symbolic_pbe
8193e7e0,equation_symbolic_punct,symbolic_operator_index_template,abstain,,??{`,#?&`,False,False,False,#?*&`,4,0,0,programs=; unique_prediction_count=0,v278_symbolic_pbe
8193e7e0,equation_symbolic_punct,symbolic_variable_operator_drop_operator,abstain,,??{`,#?&`,False,False,False,#?*&`,4,0,0,one_or_more_examples_have_no_matching_split; split_counts=0,v324_variable_operator_symbolic
8193e7e0,equation_symbolic_punct,symbolic_variable_operator_reverse_drop_operator,abstain,,??{`,#?&`,False,False,False,#?*&`,4,0,0,one_or_more_examples_have_no_matching_split; split_counts=0,v324_variable_operator_symbolic
8193e7e0,equation_symbolic_punct,symbolic_variable_operator_left_only,abstain,,??{`,#?&`,False,False,False,#?*&`,4,0,0,one_or_more_examples_have_no_matching_split; split_counts=0,v324_variable_operator_symbolic
8193e7e0,equation_symbolic_punct,symbolic_variable_operator_right_only,abstain,,??{`,#?&`,False,False,False,#?*&`,4,0,0,one_or_more_examples_have_no_matching_split; split_counts=0,v324_variable_operator_symbolic
8193e7e0,equation_symbolic_punct,symbolic_variable_operator_right_left,abstain,,??{`,#?&`,False,False,False,#?*&`,4,0,0,one_or_more_examples_have_no_matching_split; split_counts=0,v324_variable_operator_symbolic
8193e7e0,equation_symbolic_punct,symbolic_variable_operator_left_reverse_right,abstain,,??{`,#?&`,False,False,False,#?*&`,4,0,0,one_or_more_examples_have_no_matching_split; split_counts=0,v324_variable_operator_symbolic
8193e7e0,equation_symbolic_punct,symbolic_variable_operator_reverse_left_right,abstain,,??{`,#?&`,False,False,False,#?*&`,4,0,0,one_or_more_examples_have_no_matching_split; split_counts=0,v324_variable_operator_symbolic
8193e7e0,equation_symbolic_punct,symbolic_variable_operator_right_reverse_left,abstain,,??{`,#?&`,False,False,False,#?*&`,4,0,0,one_or_more_examples_have_no_matching_split; split_counts=0,v324_variable_operator_symbolic
8193e7e0,equation_symbolic_punct,symbolic_variable_operator_reverse_right_left,abstain,,??{`,#?&`,False,False,False,#?*&`,4,0,0,one_or_more_examples_have_no_matching_split; split_counts=0,v324_variable_operator_symbolic
8193e7e0,equation_symbolic_punct,symbolic_variable_operator_operator_between_reversed,abstain,,??{`,#?&`,False,False,False,#?*&`,4,0,0,one_or_more_examples_have_no_matching_split; split_counts=0,v324_variable_operator_symbolic
5bcb572e,equation_symbolic_punct,v274_guarded_numeric_not_numeric_query,abstain,,-!#,"""{!",False,False,False,"""{-{!",3,0,0,query is not a numeric binary expression,v274_guarded_numeric_postprocessor
5bcb572e,equation_symbolic_punct,symbolic_char_transducer,abstain,,-!#,"""{!",False,False,False,"""{-{!",3,0,0,no_global_mapping,v278_symbolic_pbe
5bcb572e,equation_symbolic_punct,symbolic_delete_selected_chars,abstain,,-!#,"""{!",False,False,False,"""{-{!",3,0,0,delete_char_sets=; unique_prediction_count=0,v278_symbolic_pbe
5bcb572e,equation_symbolic_punct,symbolic_keep_selected_chars,abstain,,-!#,"""{!",False,False,False,"""{-{!",3,0,0,keep_char_sets=; unique_prediction_count=0,v278_symbolic_pbe
5bcb572e,equation_symbolic_punct,symbolic_prefix_until_marker,abstain,,-!#,"""{!",False,False,False,"""{-{!",3,0,0,markers=''; unique_prediction_count=0,v278_symbolic_pbe
5bcb572e,equation_symbolic_punct,symbolic_suffix_after_marker,abstain,,-!#,"""{!",False,False,False,"""{-{!",3,0,0,markers=''; unique_prediction_count=0,v278_symbolic_pbe
5bcb572e,equation_symbolic_punct,symbolic_prefix_before_last_marker,abstain,,-!#,"""{!",False,False,False,"""{-{!",3,0,0,markers=''; unique_prediction_count=0,v278_symbolic_pbe
5bcb572e,equation_symbolic_punct,symbolic_suffix_after_last_marker,abstain,,-!#,"""{!",False,False,False,"""{-{!",3,0,0,markers=''; unique_prediction_count=0,v278_symbolic_pbe
5bcb572e,equation_symbolic_punct,symbolic_remove_first_marker,abstain,,-!#,"""{!",False,False,False,"""{-{!",3,0,0,markers=''; unique_prediction_count=0,v278_symbolic_pbe
5bcb572e,equation_symbolic_punct,symbolic_position_template,abstain,,-!#,"""{!",False,False,False,"""{-{!",3,0,0,nonuniform_rhs_lengths,v278_symbolic_pbe
5bcb572e,equation_symbolic_punct,symbolic_operator_index_template,abstain,,-!#,"""{!",False,False,False,"""{-{!",3,0,0,programs=; unique_prediction_count=0,v278_symbolic_pbe
5bcb572e,equation_symbolic_punct,symbolic_variable_operator_drop_operator,abstain,,-!#,"""{!",False,False,False,"""{-{!",3,0,0,one_or_more_examples_have_no_matching_split; split_counts=0,v324_variable_operator_symbolic
5bcb572e,equation_symbolic_punct,symbolic_variable_operator_reverse_drop_operator,abstain,,-!#,"""{!",False,False,False,"""{-{!",3,0,0,one_or_more_examples_have_no_matching_split; split_counts=0,v324_variable_operator_symbolic
5bcb572e,equation_symbolic_punct,symbolic_variable_operator_left_only,abstain,,-!#,"""{!",False,False,False,"""{-{!",3,0,0,one_or_more_examples_have_no_matching_split; split_counts=0,v324_variable_operator_symbolic
5bcb572e,equation_symbolic_punct,symbolic_variable_operator_right_only,abstain,,-!#,"""{!",False,False,False,"""{-{!",3,0,0,one_or_more_examples_have_no_matching_split; split_counts=0,v324_variable_operator_symbolic
5bcb572e,equation_symbolic_punct,symbolic_variable_operator_right_left,abstain,,-!#,"""{!",False,False,False,"""{-{!",3,0,0,one_or_more_examples_have_no_matching_split; split_counts=0,v324_variable_operator_symbolic
5bcb572e,equation_symbolic_punct,symbolic_variable_operator_left_reverse_right,abstain,,-!#,"""{!",False,False,False,"""{-{!",3,0,0,one_or_more_examples_have_no_matching_split; split_counts=0,v324_variable_operator_symbolic
5bcb572e,equation_symbolic_punct,symbolic_variable_operator_reverse_left_right,abstain,,-!#,"""{!",False,False,False,"""{-{!",3,0,0,one_or_more_examples_have_no_matching_split; split_counts=0,v324_variable_operator_symbolic
5bcb572e,equation_symbolic_punct,symbolic_variable_operator_right_reverse_left,abstain,,-!#,"""{!",False,False,False,"""{-{!",3,0,0,one_or_more_examples_have_no_matching_split; split_counts=0,v324_variable_operator_symbolic
5bcb572e,equation_symbolic_punct,symbolic_variable_operator_reverse_right_left,abstain,,-!#,"""{!",False,False,False,"""{-{!",3,0,0,one_or_more_examples_have_no_matching_split; split_counts=0,v324_variable_operator_symbolic
5bcb572e,equation_symbolic_punct,symbolic_variable_operator_operator_between_reversed,abstain,,-!#,"""{!",False,False,False,"""{-{!",3,0,0,one_or_more_examples_have_no_matching_split; split_counts=0,v324_variable_operator_symbolic
cdec898a,equation_symbolic_punct,v274_guarded_numeric_not_numeric_query,abstain,,<?/,>}][?,False,False,False,>}+]?,4,0,0,query is not a numeric binary expression,v274_guarded_numeric_postprocessor
cdec898a,equation_symbolic_punct,symbolic_char_transducer,abstain,,<?/,>}][?,False,False,False,>}+]?,4,0,0,no_global_mapping,v278_symbolic_pbe
cdec898a,equation_symbolic_punct,symbolic_delete_selected_chars,abstain,,<?/,>}][?,False,False,False,>}+]?,4,0,0,delete_char_sets=; unique_prediction_count=0,v278_symbolic_pbe
cdec898a,equation_symbolic_punct,symbolic_keep_selected_chars,abstain,,<?/,>}][?,False,False,False,>}+]?,4,0,0,keep_char_sets=; unique_prediction_count=0,v278_symbolic_pbe
cdec898a,equation_symbolic_punct,symbolic_prefix_until_marker,abstain,,<?/,>}][?,False,False,False,>}+]?,4,0,0,markers=''; unique_prediction_count=0,v278_symbolic_pbe
cdec898a,equation_symbolic_punct,symbolic_suffix_after_marker,abstain,,<?/,>}][?,False,False,False,>}+]?,4,0,0,markers=''; unique_prediction_count=0,v278_symbolic_pbe
cdec898a,equation_symbolic_punct,symbolic_prefix_before_last_marker,abstain,,<?/,>}][?,False,False,False,>}+]?,4,0,0,markers=''; unique_prediction_count=0,v278_symbolic_pbe
cdec898a,equation_symbolic_punct,symbolic_suffix_after_last_marker,abstain,,<?/,>}][?,False,False,False,>}+]?,4,0,0,markers=''; unique_prediction_count=0,v278_symbolic_pbe
cdec898a,equation_symbolic_punct,symbolic_remove_first_marker,abstain,,<?/,>}][?,False,False,False,>}+]?,4,0,0,markers=''; unique_prediction_count=0,v278_symbolic_pbe
cdec898a,equation_symbolic_punct,symbolic_position_template,abstain,,<?/,>}][?,False,False,False,>}+]?,4,0,0,nonuniform_rhs_lengths,v278_symbolic_pbe
cdec898a,equation_symbolic_punct,symbolic_operator_index_template,abstain,,<?/,>}][?,False,False,False,>}+]?,4,0,0,programs=; unique_prediction_count=0,v278_symbolic_pbe
cdec898a,equation_symbolic_punct,symbolic_variable_operator_drop_operator,abstain,,<?/,>}][?,False,False,False,>}+]?,4,0,0,one_or_more_examples_have_no_matching_split; split_counts=0,v324_variable_operator_symbolic
cdec898a,equation_symbolic_punct,symbolic_variable_operator_reverse_drop_operator,abstain,,<?/,>}][?,False,False,False,>}+]?,4,0,0,one_or_more_examples_have_no_matching_split; split_counts=0,v324_variable_operator_symbolic
cdec898a,equation_symbolic_punct,symbolic_variable_operator_left_only,abstain,,<?/,>}][?,False,False,False,>}+]?,4,0,0,one_or_more_examples_have_no_matching_split; split_counts=0,v324_variable_operator_symbolic
cdec898a,equation_symbolic_punct,symbolic_variable_operator_right_only,abstain,,<?/,>}][?,False,False,False,>}+]?,4,0,0,one_or_more_examples_have_no_matching_split; split_counts=0,v324_variable_operator_symbolic
cdec898a,equation_symbolic_punct,symbolic_variable_operator_right_left,abstain,,<?/,>}][?,False,False,False,>}+]?,4,0,0,one_or_more_examples_have_no_matching_split; split_counts=0,v324_variable_operator_symbolic
cdec898a,equation_symbolic_punct,symbolic_variable_operator_left_reverse_right,abstain,,<?/,>}][?,False,False,False,>}+]?,4,0,0,one_or_more_examples_have_no_matching_split; split_counts=0,v324_variable_operator_symbolic
cdec898a,equation_symbolic_punct,symbolic_variable_operator_reverse_left_right,abstain,,<?/,>}][?,False,False,False,>}+]?,4,0,0,one_or_more_examples_have_no_matching_split; split_counts=0,v324_variable_operator_symbolic
cdec898a,equation_symbolic_punct,symbolic_variable_operator_right_reverse_left,abstain,,<?/,>}][?,False,False,False,>}+]?,4,0,0,one_or_more_examples_have_no_matching_split; split_counts=0,v324_variable_operator_symbolic
cdec898a,equation_symbolic_punct,symbolic_variable_operator_reverse_right_left,abstain,,<?/,>}][?,False,False,False,>}+]?,4,0,0,one_or_more_examples_have_no_matching_split; split_counts=0,v324_variable_operator_symbolic
cdec898a,equation_symbolic_punct,symbolic_variable_operator_operator_between_reversed,abstain,,<?/,>}][?,False,False,False,>}+]?,4,0,0,one_or_more_examples_have_no_matching_split; split_counts=0,v324_variable_operator_symbolic
edf364da,equation_symbolic_punct,v274_guarded_numeric_not_numeric_query,abstain,,$(%,::{[,False,False,False,::*{[,3,0,0,query is not a numeric binary expression,v274_guarded_numeric_postprocessor
edf364da,equation_symbolic_punct,symbolic_char_transducer,abstain,,$(%,::{[,False,False,False,::*{[,3,0,0,no_pair_mapping,v278_symbolic_pbe
edf364da,equation_symbolic_punct,symbolic_delete_selected_chars,abstain,,$(%,::{[,False,False,False,::*{[,3,0,0,delete_char_sets=; unique_prediction_count=0,v278_symbolic_pbe
edf364da,equation_symbolic_punct,symbolic_keep_selected_chars,abstain,,$(%,::{[,False,False,False,::*{[,3,0,0,keep_char_sets=; unique_prediction_count=0,v278_symbolic_pbe
edf364da,equation_symbolic_punct,symbolic_prefix_until_marker,abstain,,$(%,::{[,False,False,False,::*{[,3,0,0,markers=''; unique_prediction_count=0,v278_symbolic_pbe
edf364da,equation_symbolic_punct,symbolic_suffix_after_marker,abstain,,$(%,::{[,False,False,False,::*{[,3,0,0,markers=''; unique_prediction_count=0,v278_symbolic_pbe
edf364da,equation_symbolic_punct,symbolic_prefix_before_last_marker,abstain,,$(%,::{[,False,False,False,::*{[,3,0,0,markers=''; unique_prediction_count=0,v278_symbolic_pbe
edf364da,equation_symbolic_punct,symbolic_suffix_after_last_marker,abstain,,$(%,::{[,False,False,False,::*{[,3,0,0,markers=''; unique_prediction_count=0,v278_symbolic_pbe
edf364da,equation_symbolic_punct,symbolic_remove_first_marker,abstain,,$(%,::{[,False,False,False,::*{[,3,0,0,markers=''; unique_prediction_count=0,v278_symbolic_pbe
edf364da,equation_symbolic_punct,symbolic_position_template,abstain,,$(%,::{[,False,False,False,::*{[,3,0,0,nonuniform_rhs_lengths,v278_symbolic_pbe
edf364da,equation_symbolic_punct,symbolic_operator_index_template,abstain,,$(%,::{[,False,False,False,::*{[,3,0,0,programs=; unique_prediction_count=0,v278_symbolic_pbe
edf364da,equation_symbolic_punct,symbolic_variable_operator_drop_operator,abstain,,$(%,::{[,False,False,False,::*{[,3,0,0,one_or_more_examples_have_no_matching_split; split_counts=0,v324_variable_operator_symbolic
edf364da,equation_symbolic_punct,symbolic_variable_operator_reverse_drop_operator,abstain,,$(%,::{[,False,False,False,::*{[,3,0,0,one_or_more_examples_have_no_matching_split; split_counts=0,v324_variable_operator_symbolic
edf364da,equation_symbolic_punct,symbolic_variable_operator_left_only,abstain,,$(%,::{[,False,False,False,::*{[,3,0,0,one_or_more_examples_have_no_matching_split; split_counts=0,v324_variable_operator_symbolic
edf364da,equation_symbolic_punct,symbolic_variable_operator_right_only,abstain,,$(%,::{[,False,False,False,::*{[,3,0,0,one_or_more_examples_have_no_matching_split; split_counts=0,v324_variable_operator_symbolic
edf364da,equation_symbolic_punct,symbolic_variable_operator_right_left,abstain,,$(%,::{[,False,False,False,::*{[,3,0,0,one_or_more_examples_have_no_matching_split; split_counts=0,v324_variable_operator_symbolic
edf364da,equation_symbolic_punct,symbolic_variable_operator_left_reverse_right,abstain,,$(%,::{[,False,False,False,::*{[,3,0,0,one_or_more_examples_have_no_matching_split; split_counts=0,v324_variable_operator_symbolic
edf364da,equation_symbolic_punct,symbolic_variable_operator_reverse_left_right,abstain,,$(%,::{[,False,False,False,::*{[,3,0,0,one_or_more_examples_have_no_matching_split; split_counts=0,v324_variable_operator_symbolic
edf364da,equation_symbolic_punct,symbolic_variable_operator_right_reverse_left,abstain,,$(%,::{[,False,False,False,::*{[,3,0,0,one_or_more_examples_have_no_matching_split; split_counts=0,v324_variable_operator_symbolic
edf364da,equation_symbolic_punct,symbolic_variable_operator_reverse_right_left,abstain,,$(%,::{[,False,False,False,::*{[,3,0,0,one_or_more_examples_have_no_matching_split; split_counts=0,v324_variable_operator_symbolic
edf364da,equation_symbolic_punct,symbolic_variable_operator_operator_between_reversed,abstain,,$(%,::{[,False,False,False,::*{[,3,0,0,one_or_more_examples_have_no_matching_split; split_counts=0,v324_variable_operator_symbolic
0e009c6d,equation_symbolic_punct,v274_guarded_numeric_not_numeric_query,abstain,,`?\!,@?`?,False,False,False,@?'`?,4,0,0,query is not a numeric binary expression,v274_guarded_numeric_postprocessor
0e009c6d,equation_symbolic_punct,symbolic_char_transducer,abstain,,`?\!,@?`?,False,False,False,@?'`?,4,0,0,no_pair_mapping,v278_symbolic_pbe
0e009c6d,equation_symbolic_punct,symbolic_delete_selected_chars,abstain,,`?\!,@?`?,False,False,False,@?'`?,4,0,0,delete_char_sets=; unique_prediction_count=0,v278_symbolic_pbe
0e009c6d,equation_symbolic_punct,symbolic_keep_selected_chars,abstain,,`?\!,@?`?,False,False,False,@?'`?,4,0,0,keep_char_sets=; unique_prediction_count=0,v278_symbolic_pbe
0e009c6d,equation_symbolic_punct,symbolic_prefix_until_marker,abstain,,`?\!,@?`?,False,False,False,@?'`?,4,0,0,markers=''; unique_prediction_count=0,v278_symbolic_pbe
0e009c6d,equation_symbolic_punct,symbolic_suffix_after_marker,abstain,,`?\!,@?`?,False,False,False,@?'`?,4,0,0,markers=''; unique_prediction_count=0,v278_symbolic_pbe
0e009c6d,equation_symbolic_punct,symbolic_prefix_before_last_marker,abstain,,`?\!,@?`?,False,False,False,@?'`?,4,0,0,markers=''; unique_prediction_count=0,v278_symbolic_pbe
0e009c6d,equation_symbolic_punct,symbolic_suffix_after_last_marker,abstain,,`?\!,@?`?,False,False,False,@?'`?,4,0,0,markers=''; unique_prediction_count=0,v278_symbolic_pbe
0e009c6d,equation_symbolic_punct,symbolic_remove_first_marker,abstain,,`?\!,@?`?,False,False,False,@?'`?,4,0,0,markers=''; unique_prediction_count=0,v278_symbolic_pbe
0e009c6d,equation_symbolic_punct,symbolic_position_template,abstain,,`?\!,@?`?,False,False,False,@?'`?,4,0,0,nonuniform_rhs_lengths,v278_symbolic_pbe
0e009c6d,equation_symbolic_punct,symbolic_operator_index_template,abstain,,`?\!,@?`?,False,False,False,@?'`?,4,0,0,programs=; unique_prediction_count=0,v278_symbolic_pbe
0e009c6d,equation_symbolic_punct,symbolic_variable_operator_drop_operator,abstain,,`?\!,@?`?,False,False,False,@?'`?,4,0,0,one_or_more_examples_have_no_matching_split; split_counts=0,v324_variable_operator_symbolic
0e009c6d,equation_symbolic_punct,symbolic_variable_operator_reverse_drop_operator,abstain,,`?\!,@?`?,False,False,False,@?'`?,4,0,0,one_or_more_examples_have_no_matching_split; split_counts=0,v324_variable_operator_symbolic
0e009c6d,equation_symbolic_punct,symbolic_variable_operator_left_only,abstain,,`?\!,@?`?,False,False,False,@?'`?,4,0,0,one_or_more_examples_have_no_matching_split; split_counts=0,v324_variable_operator_symbolic
0e009c6d,equation_symbolic_punct,symbolic_variable_operator_right_only,abstain,,`?\!,@?`?,False,False,False,@?'`?,4,0,0,one_or_more_examples_have_no_matching_split; split_counts=0,v324_variable_operator_symbolic
0e009c6d,equation_symbolic_punct,symbolic_variable_operator_right_left,abstain,,`?\!,@?`?,False,False,False,@?'`?,4,0,0,one_or_more_examples_have_no_matching_split; split_counts=0,v324_variable_operator_symbolic
0e009c6d,equation_symbolic_punct,symbolic_variable_operator_left_reverse_right,abstain,,`?\!,@?`?,False,False,False,@?'`?,4,0,0,one_or_more_examples_have_no_matching_split; split_counts=0,v324_variable_operator_symbolic
0e009c6d,equation_symbolic_punct,symbolic_variable_operator_reverse_left_right,abstain,,`?\!,@?`?,False,False,False,@?'`?,4,0,0,one_or_more_examples_have_no_matching_split; split_counts=0,v324_variable_operator_symbolic
0e009c6d,equation_symbolic_punct,symbolic_variable_operator_right_reverse_left,abstain,,`?\!,@?`?,False,False,False,@?'`?,4,0,0,one_or_more_examples_have_no_matching_split; split_counts=0,v324_variable_operator_symbolic
0e009c6d,equation_symbolic_punct,symbolic_variable_operator_reverse_right_left,abstain,,`?\!,@?`?,False,False,False,@?'`?,4,0,0,one_or_more_examples_have_no_matching_split; split_counts=0,v324_variable_operator_symbolic
0e009c6d,equation_symbolic_punct,symbolic_variable_operator_operator_between_reversed,abstain,,`?\!,@?`?,False,False,False,@?'`?,4,0,0,one_or_more_examples_have_no_matching_split; split_counts=0,v324_variable_operator_symbolic
b4b73143,equation_symbolic_punct,v274_guarded_numeric_not_numeric_query,abstain,,>\:,>!!/,False,False,False,>!%!/,3,0,0,query is not a numeric binary expression,v274_guarded_numeric_postprocessor
b4b73143,equation_symbolic_punct,symbolic_char_transducer,abstain,,>\:,>!!/,False,False,False,>!%!/,3,0,0,no_global_mapping,v278_symbolic_pbe
b4b73143,equation_symbolic_punct,symbolic_delete_selected_chars,abstain,,>\:,>!!/,False,False,False,>!%!/,3,0,0,delete_char_sets=; unique_prediction_count=0,v278_symbolic_pbe
b4b73143,equation_symbolic_punct,symbolic_keep_selected_chars,abstain,,>\:,>!!/,False,False,False,>!%!/,3,0,0,keep_char_sets=; unique_prediction_count=0,v278_symbolic_pbe
b4b73143,equation_symbolic_punct,symbolic_prefix_until_marker,abstain,,>\:,>!!/,False,False,False,>!%!/,3,0,0,markers=''; unique_prediction_count=0,v278_symbolic_pbe
b4b73143,equation_symbolic_punct,symbolic_suffix_after_marker,abstain,,>\:,>!!/,False,False,False,>!%!/,3,0,0,markers=''; unique_prediction_count=0,v278_symbolic_pbe
b4b73143,equation_symbolic_punct,symbolic_prefix_before_last_marker,abstain,,>\:,>!!/,False,False,False,>!%!/,3,0,0,markers=''; unique_prediction_count=0,v278_symbolic_pbe
b4b73143,equation_symbolic_punct,symbolic_suffix_after_last_marker,abstain,,>\:,>!!/,False,False,False,>!%!/,3,0,0,markers=''; unique_prediction_count=0,v278_symbolic_pbe
b4b73143,equation_symbolic_punct,symbolic_remove_first_marker,abstain,,>\:,>!!/,False,False,False,>!%!/,3,0,0,markers=''; unique_prediction_count=0,v278_symbolic_pbe
b4b73143,equation_symbolic_punct,symbolic_position_template,abstain,,>\:,>!!/,False,False,False,>!%!/,3,0,0,nonuniform_rhs_lengths,v278_symbolic_pbe
b4b73143,equation_symbolic_punct,symbolic_operator_index_template,abstain,,>\:,>!!/,False,False,False,>!%!/,3,0,0,programs=; unique_prediction_count=0,v278_symbolic_pbe
b4b73143,equation_symbolic_punct,symbolic_variable_operator_drop_operator,abstain,,>\:,>!!/,False,False,False,>!%!/,3,0,0,one_or_more_examples_have_no_matching_split; split_counts=0,v324_variable_operator_symbolic
b4b73143,equation_symbolic_punct,symbolic_variable_operator_reverse_drop_operator,abstain,,>\:,>!!/,False,False,False,>!%!/,3,0,0,one_or_more_examples_have_no_matching_split; split_counts=0,v324_variable_operator_symbolic
b4b73143,equation_symbolic_punct,symbolic_variable_operator_left_only,abstain,,>\:,>!!/,False,False,False,>!%!/,3,0,0,one_or_more_examples_have_no_matching_split; split_counts=0,v324_variable_operator_symbolic
b4b73143,equation_symbolic_punct,symbolic_variable_operator_right_only,abstain,,>\:,>!!/,False,False,False,>!%!/,3,0,0,one_or_more_examples_have_no_matching_split; split_counts=0,v324_variable_operator_symbolic
b4b73143,equation_symbolic_punct,symbolic_variable_operator_right_left,abstain,,>\:,>!!/,False,False,False,>!%!/,3,0,0,one_or_more_examples_have_no_matching_split; split_counts=0,v324_variable_operator_symbolic
b4b73143,equation_symbolic_punct,symbolic_variable_operator_left_reverse_right,abstain,,>\:,>!!/,False,False,False,>!%!/,3,0,0,one_or_more_examples_have_no_matching_split; split_counts=0,v324_variable_operator_symbolic
b4b73143,equation_symbolic_punct,symbolic_variable_operator_reverse_left_right,abstain,,>\:,>!!/,False,False,False,>!%!/,3,0,0,one_or_more_examples_have_no_matching_split; split_counts=0,v324_variable_operator_symbolic
b4b73143,equation_symbolic_punct,symbolic_variable_operator_right_reverse_left,abstain,,>\:,>!!/,False,False,False,>!%!/,3,0,0,one_or_more_examples_have_no_matching_split; split_counts=0,v324_variable_operator_symbolic
b4b73143,equation_symbolic_punct,symbolic_variable_operator_reverse_right_left,abstain,,>\:,>!!/,False,False,False,>!%!/,3,0,0,one_or_more_examples_have_no_matching_split; split_counts=0,v324_variable_operator_symbolic
b4b73143,equation_symbolic_punct,symbolic_variable_operator_operator_between_reversed,abstain,,>\:,>!!/,False,False,False,>!%!/,3,0,0,one_or_more_examples_have_no_matching_split; split_counts=0,v324_variable_operator_symbolic
861cb154,equation_numeric_operator,v274_guarded_numeric_query_operator_unseen,abstain,,2271,10,False,False,False,14!24,3,0,0,query_op='!' not present in examples,v274_guarded_numeric_postprocessor
861cb154,equation_numeric_operator,numeric_same_operator_extended,abstain,,2271,10,False,False,False,14!24,3,0,0,same_operator_examples=0 below_min=2,v278_numeric_same_operator
861cb154,equation_numeric_operator,v299_same_operator_unique_numeric_dsl,abstain,,2271,10,False,False,False,14!24,3,0,0,query_op='!' absent from examples,v299_numeric_dsl
861cb154,equation_numeric_operator,v299_all_numeric_examples_unique_dsl,abstain,,2271,10,False,False,False,14!24,3,0,0,unique_prediction_count=0; candidate_rules=0,v299_numeric_dsl
861cb154,equation_numeric_operator,v299_conventional_operator_prior_unique,abstain,,2271,10,False,False,False,14!24,3,0,0,unique_prediction_count=0; candidate_rules=0,v299_numeric_dsl
90feb0c5,equation_symbolic_punct,v274_guarded_numeric_not_numeric_query,abstain,,:<],?>>>,False,False,False,?>'>>,3,0,0,query is not a numeric binary expression,v274_guarded_numeric_postprocessor
90feb0c5,equation_symbolic_punct,symbolic_char_transducer,abstain,,:<],?>>>,False,False,False,?>'>>,3,0,0,no_global_mapping,v278_symbolic_pbe
90feb0c5,equation_symbolic_punct,symbolic_delete_selected_chars,abstain,,:<],?>>>,False,False,False,?>'>>,3,0,0,delete_char_sets=; unique_prediction_count=0,v278_symbolic_pbe
90feb0c5,equation_symbolic_punct,symbolic_keep_selected_chars,abstain,,:<],?>>>,False,False,False,?>'>>,3,0,0,keep_char_sets=; unique_prediction_count=0,v278_symbolic_pbe
90feb0c5,equation_symbolic_punct,symbolic_prefix_until_marker,abstain,,:<],?>>>,False,False,False,?>'>>,3,0,0,markers=''; unique_prediction_count=0,v278_symbolic_pbe
90feb0c5,equation_symbolic_punct,symbolic_suffix_after_marker,abstain,,:<],?>>>,False,False,False,?>'>>,3,0,0,markers=''; unique_prediction_count=0,v278_symbolic_pbe
90feb0c5,equation_symbolic_punct,symbolic_prefix_before_last_marker,abstain,,:<],?>>>,False,False,False,?>'>>,3,0,0,markers=''; unique_prediction_count=0,v278_symbolic_pbe
90feb0c5,equation_symbolic_punct,symbolic_suffix_after_last_marker,abstain,,:<],?>>>,False,False,False,?>'>>,3,0,0,markers=''; unique_prediction_count=0,v278_symbolic_pbe
90feb0c5,equation_symbolic_punct,symbolic_remove_first_marker,abstain,,:<],?>>>,False,False,False,?>'>>,3,0,0,markers=''; unique_prediction_count=0,v278_symbolic_pbe
90feb0c5,equation_symbolic_punct,symbolic_position_template,abstain,,:<],?>>>,False,False,False,?>'>>,3,0,0,nonuniform_rhs_lengths,v278_symbolic_pbe
90feb0c5,equation_symbolic_punct,symbolic_operator_index_template,abstain,,:<],?>>>,False,False,False,?>'>>,3,0,0,programs=; unique_prediction_count=0,v278_symbolic_pbe
90feb0c5,equation_symbolic_punct,symbolic_variable_operator_drop_operator,abstain,,:<],?>>>,False,False,False,?>'>>,3,0,0,"one_or_more_examples_have_no_matching_split; split_counts=1,0",v324_variable_operator_symbolic
90feb0c5,equation_symbolic_punct,symbolic_variable_operator_reverse_drop_operator,abstain,,:<],?>>>,False,False,False,?>'>>,3,0,0,one_or_more_examples_have_no_matching_split; split_counts=0,v324_variable_operator_symbolic
90feb0c5,equation_symbolic_punct,symbolic_variable_operator_left_only,abstain,,:<],?>>>,False,False,False,?>'>>,3,0,0,one_or_more_examples_have_no_matching_split; split_counts=0,v324_variable_operator_symbolic
90feb0c5,equation_symbolic_punct,symbolic_variable_operator_right_only,abstain,,:<],?>>>,False,False,False,?>'>>,3,0,0,one_or_more_examples_have_no_matching_split; split_counts=0,v324_variable_operator_symbolic
90feb0c5,equation_symbolic_punct,symbolic_variable_operator_right_left,abstain,,:<],?>>>,False,False,False,?>'>>,3,0,0,one_or_more_examples_have_no_matching_split; split_counts=0,v324_variable_operator_symbolic
90feb0c5,equation_symbolic_punct,symbolic_variable_operator_left_reverse_right,abstain,,:<],?>>>,False,False,False,?>'>>,3,0,0,one_or_more_examples_have_no_matching_split; split_counts=0,v324_variable_operator_symbolic
90feb0c5,equation_symbolic_punct,symbolic_variable_operator_reverse_left_right,abstain,,:<],?>>>,False,False,False,?>'>>,3,0,0,one_or_more_examples_have_no_matching_split; split_counts=0,v324_variable_operator_symbolic
90feb0c5,equation_symbolic_punct,symbolic_variable_operator_right_reverse_left,abstain,,:<],?>>>,False,False,False,?>'>>,3,0,0,one_or_more_examples_have_no_matching_split; split_counts=0,v324_variable_operator_symbolic
90feb0c5,equation_symbolic_punct,symbolic_variable_operator_reverse_right_left,abstain,,:<],?>>>,False,False,False,?>'>>,3,0,0,one_or_more_examples_have_no_matching_split; split_counts=0,v324_variable_operator_symbolic
90feb0c5,equation_symbolic_punct,symbolic_variable_operator_operator_between_reversed,abstain,,:<],?>>>,False,False,False,?>'>>,3,0,0,one_or_more_examples_have_no_matching_split; split_counts=0,v324_variable_operator_symbolic
b9f1d959,equation_symbolic_punct,v274_guarded_numeric_not_numeric_query,abstain,,:>,"$""\[""",False,False,False,"$\+""[",5,0,0,query is not a numeric binary expression,v274_guarded_numeric_postprocessor
b9f1d959,equation_symbolic_punct,symbolic_char_transducer,abstain,,:>,"$""\[""",False,False,False,"$\+""[",5,0,0,no_global_mapping,v278_symbolic_pbe
b9f1d959,equation_symbolic_punct,symbolic_delete_selected_chars,abstain,,:>,"$""\[""",False,False,False,"$\+""[",5,0,0,delete_char_sets=; unique_prediction_count=0,v278_symbolic_pbe
b9f1d959,equation_symbolic_punct,symbolic_keep_selected_chars,abstain,,:>,"$""\[""",False,False,False,"$\+""[",5,0,0,keep_char_sets=; unique_prediction_count=0,v278_symbolic_pbe
b9f1d959,equation_symbolic_punct,symbolic_prefix_until_marker,abstain,,:>,"$""\[""",False,False,False,"$\+""[",5,0,0,markers=''; unique_prediction_count=0,v278_symbolic_pbe
b9f1d959,equation_symbolic_punct,symbolic_suffix_after_marker,abstain,,:>,"$""\[""",False,False,False,"$\+""[",5,0,0,markers=''; unique_prediction_count=0,v278_symbolic_pbe
b9f1d959,equation_symbolic_punct,symbolic_prefix_before_last_marker,abstain,,:>,"$""\[""",False,False,False,"$\+""[",5,0,0,markers=''; unique_prediction_count=0,v278_symbolic_pbe
b9f1d959,equation_symbolic_punct,symbolic_suffix_after_last_marker,abstain,,:>,"$""\[""",False,False,False,"$\+""[",5,0,0,markers=''; unique_prediction_count=0,v278_symbolic_pbe
b9f1d959,equation_symbolic_punct,symbolic_remove_first_marker,abstain,,:>,"$""\[""",False,False,False,"$\+""[",5,0,0,markers=''; unique_prediction_count=0,v278_symbolic_pbe
b9f1d959,equation_symbolic_punct,symbolic_position_template,abstain,,:>,"$""\[""",False,False,False,"$\+""[",5,0,0,nonuniform_rhs_lengths,v278_symbolic_pbe
b9f1d959,equation_symbolic_punct,symbolic_operator_index_template,abstain,,:>,"$""\[""",False,False,False,"$\+""[",5,0,0,programs=; unique_prediction_count=0,v278_symbolic_pbe
b9f1d959,equation_symbolic_punct,symbolic_variable_operator_drop_operator,abstain,,:>,"$""\[""",False,False,False,"$\+""[",5,0,0,one_or_more_examples_have_no_matching_split; split_counts=0,v324_variable_operator_symbolic
b9f1d959,equation_symbolic_punct,symbolic_variable_operator_reverse_drop_operator,abstain,,:>,"$""\[""",False,False,False,"$\+""[",5,0,0,one_or_more_examples_have_no_matching_split; split_counts=0,v324_variable_operator_symbolic
b9f1d959,equation_symbolic_punct,symbolic_variable_operator_left_only,abstain,,:>,"$""\[""",False,False,False,"$\+""[",5,0,0,one_or_more_examples_have_no_matching_split; split_counts=0,v324_variable_operator_symbolic
b9f1d959,equation_symbolic_punct,symbolic_variable_operator_right_only,abstain,,:>,"$""\[""",False,False,False,"$\+""[",5,0,0,one_or_more_examples_have_no_matching_split; split_counts=0,v324_variable_operator_symbolic
b9f1d959,equation_symbolic_punct,symbolic_variable_operator_right_left,abstain,,:>,"$""\[""",False,False,False,"$\+""[",5,0,0,one_or_more_examples_have_no_matching_split; split_counts=0,v324_variable_operator_symbolic
b9f1d959,equation_symbolic_punct,symbolic_variable_operator_left_reverse_right,abstain,,:>,"$""\[""",False,False,False,"$\+""[",5,0,0,one_or_more_examples_have_no_matching_split; split_counts=0,v324_variable_operator_symbolic
b9f1d959,equation_symbolic_punct,symbolic_variable_operator_reverse_left_right,abstain,,:>,"$""\[""",False,False,False,"$\+""[",5,0,0,one_or_more_examples_have_no_matching_split; split_counts=0,v324_variable_operator_symbolic
b9f1d959,equation_symbolic_punct,symbolic_variable_operator_right_reverse_left,abstain,,:>,"$""\[""",False,False,False,"$\+""[",5,0,0,one_or_more_examples_have_no_matching_split; split_counts=0,v324_variable_operator_symbolic
b9f1d959,equation_symbolic_punct,symbolic_variable_operator_reverse_right_left,abstain,,:>,"$""\[""",False,False,False,"$\+""[",5,0,0,one_or_more_examples_have_no_matching_split; split_counts=0,v324_variable_operator_symbolic
b9f1d959,equation_symbolic_punct,symbolic_variable_operator_operator_between_reversed,abstain,,:>,"$""\[""",False,False,False,"$\+""[",5,0,0,one_or_more_examples_have_no_matching_split; split_counts=0,v324_variable_operator_symbolic
ca5db1c0,equation_symbolic_punct,v274_guarded_numeric_not_numeric_query,abstain,,^,"(""'|",False,False,False,"(""-'|",3,0,0,query is not a numeric binary expression,v274_guarded_numeric_postprocessor
ca5db1c0,equation_symbolic_punct,symbolic_char_transducer,abstain,,^,"(""'|",False,False,False,"(""-'|",3,0,0,no_global_mapping,v278_symbolic_pbe
ca5db1c0,equation_symbolic_punct,symbolic_delete_selected_chars,abstain,,^,"(""'|",False,False,False,"(""-'|",3,0,0,delete_char_sets=; unique_prediction_count=0,v278_symbolic_pbe
ca5db1c0,equation_symbolic_punct,symbolic_keep_selected_chars,abstain,,^,"(""'|",False,False,False,"(""-'|",3,0,0,keep_char_sets=; unique_prediction_count=0,v278_symbolic_pbe
ca5db1c0,equation_symbolic_punct,symbolic_prefix_until_marker,abstain,,^,"(""'|",False,False,False,"(""-'|",3,0,0,markers=''; unique_prediction_count=0,v278_symbolic_pbe
ca5db1c0,equation_symbolic_punct,symbolic_suffix_after_marker,abstain,,^,"(""'|",False,False,False,"(""-'|",3,0,0,markers=''; unique_prediction_count=0,v278_symbolic_pbe
ca5db1c0,equation_symbolic_punct,symbolic_prefix_before_last_marker,abstain,,^,"(""'|",False,False,False,"(""-'|",3,0,0,markers=''; unique_prediction_count=0,v278_symbolic_pbe
ca5db1c0,equation_symbolic_punct,symbolic_suffix_after_last_marker,abstain,,^,"(""'|",False,False,False,"(""-'|",3,0,0,markers=''; unique_prediction_count=0,v278_symbolic_pbe
ca5db1c0,equation_symbolic_punct,symbolic_remove_first_marker,abstain,,^,"(""'|",False,False,False,"(""-'|",3,0,0,markers=''; unique_prediction_count=0,v278_symbolic_pbe
ca5db1c0,equation_symbolic_punct,symbolic_position_template,abstain,,^,"(""'|",False,False,False,"(""-'|",3,0,0,nonuniform_rhs_lengths,v278_symbolic_pbe
ca5db1c0,equation_symbolic_punct,symbolic_operator_index_template,abstain,,^,"(""'|",False,False,False,"(""-'|",3,0,0,programs=; unique_prediction_count=0,v278_symbolic_pbe
ca5db1c0,equation_symbolic_punct,symbolic_variable_operator_drop_operator,abstain,,^,"(""'|",False,False,False,"(""-'|",3,0,0,one_or_more_examples_have_no_matching_split; split_counts=0,v324_variable_operator_symbolic
ca5db1c0,equation_symbolic_punct,symbolic_variable_operator_reverse_drop_operator,abstain,,^,"(""'|",False,False,False,"(""-'|",3,0,0,one_or_more_examples_have_no_matching_split; split_counts=0,v324_variable_operator_symbolic
ca5db1c0,equation_symbolic_punct,symbolic_variable_operator_left_only,abstain,,^,"(""'|",False,False,False,"(""-'|",3,0,0,one_or_more_examples_have_no_matching_split; split_counts=0,v324_variable_operator_symbolic
ca5db1c0,equation_symbolic_punct,symbolic_variable_operator_right_only,abstain,,^,"(""'|",False,False,False,"(""-'|",3,0,0,one_or_more_examples_have_no_matching_split; split_counts=0,v324_variable_operator_symbolic
ca5db1c0,equation_symbolic_punct,symbolic_variable_operator_right_left,abstain,,^,"(""'|",False,False,False,"(""-'|",3,0,0,one_or_more_examples_have_no_matching_split; split_counts=0,v324_variable_operator_symbolic
ca5db1c0,equation_symbolic_punct,symbolic_variable_operator_left_reverse_right,abstain,,^,"(""'|",False,False,False,"(""-'|",3,0,0,one_or_more_examples_have_no_matching_split; split_counts=0,v324_variable_operator_symbolic
ca5db1c0,equation_symbolic_punct,symbolic_variable_operator_reverse_left_right,abstain,,^,"(""'|",False,False,False,"(""-'|",3,0,0,one_or_more_examples_have_no_matching_split; split_counts=0,v324_variable_operator_symbolic
ca5db1c0,equation_symbolic_punct,symbolic_variable_operator_right_reverse_left,abstain,,^,"(""'|",False,False,False,"(""-'|",3,0,0,one_or_more_examples_have_no_matching_split; split_counts=0,v324_variable_operator_symbolic
ca5db1c0,equation_symbolic_punct,symbolic_variable_operator_reverse_right_left,abstain,,^,"(""'|",False,False,False,"(""-'|",3,0,0,one_or_more_examples_have_no_matching_split; split_counts=0,v324_variable_operator_symbolic
ca5db1c0,equation_symbolic_punct,symbolic_variable_operator_operator_between_reversed,abstain,,^,"(""'|",False,False,False,"(""-'|",3,0,0,one_or_more_examples_have_no_matching_split; split_counts=0,v324_variable_operator_symbolic
9f1ff166,equation_symbolic_punct,v274_guarded_numeric_not_numeric_query,abstain,,[,"""]'/",False,False,False,"""]-'/",4,0,0,query is not a numeric binary expression,v274_guarded_numeric_postprocessor
9f1ff166,equation_symbolic_punct,symbolic_char_transducer,abstain,,[,"""]'/",False,False,False,"""]-'/",4,0,0,no_global_mapping,v278_symbolic_pbe
9f1ff166,equation_symbolic_punct,symbolic_delete_selected_chars,abstain,,[,"""]'/",False,False,False,"""]-'/",4,0,0,delete_char_sets=; unique_prediction_count=0,v278_symbolic_pbe
9f1ff166,equation_symbolic_punct,symbolic_keep_selected_chars,abstain,,[,"""]'/",False,False,False,"""]-'/",4,0,0,keep_char_sets=; unique_prediction_count=0,v278_symbolic_pbe
9f1ff166,equation_symbolic_punct,symbolic_prefix_until_marker,abstain,,[,"""]'/",False,False,False,"""]-'/",4,0,0,markers=''; unique_prediction_count=0,v278_symbolic_pbe
9f1ff166,equation_symbolic_punct,symbolic_suffix_after_marker,abstain,,[,"""]'/",False,False,False,"""]-'/",4,0,0,markers=''; unique_prediction_count=0,v278_symbolic_pbe
9f1ff166,equation_symbolic_punct,symbolic_prefix_before_last_marker,abstain,,[,"""]'/",False,False,False,"""]-'/",4,0,0,markers=''; unique_prediction_count=0,v278_symbolic_pbe
9f1ff166,equation_symbolic_punct,symbolic_suffix_after_last_marker,abstain,,[,"""]'/",False,False,False,"""]-'/",4,0,0,markers=''; unique_prediction_count=0,v278_symbolic_pbe
9f1ff166,equation_symbolic_punct,symbolic_remove_first_marker,abstain,,[,"""]'/",False,False,False,"""]-'/",4,0,0,markers=''; unique_prediction_count=0,v278_symbolic_pbe
9f1ff166,equation_symbolic_punct,symbolic_position_template,abstain,,[,"""]'/",False,False,False,"""]-'/",4,0,0,nonuniform_rhs_lengths,v278_symbolic_pbe
9f1ff166,equation_symbolic_punct,symbolic_operator_index_template,abstain,,[,"""]'/",False,False,False,"""]-'/",4,0,0,programs=; unique_prediction_count=0,v278_symbolic_pbe
9f1ff166,equation_symbolic_punct,symbolic_variable_operator_drop_operator,abstain,,[,"""]'/",False,False,False,"""]-'/",4,0,0,one_or_more_examples_have_no_matching_split; split_counts=0,v324_variable_operator_symbolic
9f1ff166,equation_symbolic_punct,symbolic_variable_operator_reverse_drop_operator,abstain,,[,"""]'/",False,False,False,"""]-'/",4,0,0,one_or_more_examples_have_no_matching_split; split_counts=0,v324_variable_operator_symbolic
9f1ff166,equation_symbolic_punct,symbolic_variable_operator_left_only,abstain,,[,"""]'/",False,False,False,"""]-'/",4,0,0,one_or_more_examples_have_no_matching_split; split_counts=0,v324_variable_operator_symbolic
9f1ff166,equation_symbolic_punct,symbolic_variable_operator_right_only,abstain,,[,"""]'/",False,False,False,"""]-'/",4,0,0,one_or_more_examples_have_no_matching_split; split_counts=0,v324_variable_operator_symbolic
9f1ff166,equation_symbolic_punct,symbolic_variable_operator_right_left,abstain,,[,"""]'/",False,False,False,"""]-'/",4,0,0,one_or_more_examples_have_no_matching_split; split_counts=0,v324_variable_operator_symbolic
9f1ff166,equation_symbolic_punct,symbolic_variable_operator_left_reverse_right,abstain,,[,"""]'/",False,False,False,"""]-'/",4,0,0,one_or_more_examples_have_no_matching_split; split_counts=0,v324_variable_operator_symbolic
9f1ff166,equation_symbolic_punct,symbolic_variable_operator_reverse_left_right,abstain,,[,"""]'/",False,False,False,"""]-'/",4,0,0,one_or_more_examples_have_no_matching_split; split_counts=0,v324_variable_operator_symbolic
9f1ff166,equation_symbolic_punct,symbolic_variable_operator_right_reverse_left,abstain,,[,"""]'/",False,False,False,"""]-'/",4,0,0,one_or_more_examples_have_no_matching_split; split_counts=0,v324_variable_operator_symbolic
9f1ff166,equation_symbolic_punct,symbolic_variable_operator_reverse_right_left,abstain,,[,"""]'/",False,False,False,"""]-'/",4,0,0,one_or_more_examples_have_no_matching_split; split_counts=0,v324_variable_operator_symbolic
9f1ff166,equation_symbolic_punct,symbolic_variable_operator_operator_between_reversed,abstain,,[,"""]'/",False,False,False,"""]-'/",4,0,0,one_or_more_examples_have_no_matching_split; split_counts=0,v324_variable_operator_symbolic
432b1110,equation_symbolic_punct,v274_guarded_numeric_not_numeric_query,abstain,,%[:?,\{<?,False,False,False,\{*<?,4,0,0,query is not a numeric binary expression,v274_guarded_numeric_postprocessor
432b1110,equation_symbolic_punct,symbolic_char_transducer,abstain,,%[:?,\{<?,False,False,False,\{*<?,4,1,0,char_transducer mappings=1 usable=0 unique_predictions=0,v278_symbolic_pbe
432b1110,equation_symbolic_punct,symbolic_delete_selected_chars,candidate,\{*<?,%[:?,\{<?,False,True,False,\{*<?,4,1,1,delete_char_sets=+,v278_symbolic_pbe
432b1110,equation_symbolic_punct,symbolic_keep_selected_chars,abstain,,%[:?,\{<?,False,False,False,\{*<?,4,0,0,keep_char_sets=; unique_prediction_count=0,v278_symbolic_pbe
432b1110,equation_symbolic_punct,symbolic_prefix_until_marker,abstain,,%[:?,\{<?,False,False,False,\{*<?,4,0,0,markers=''; unique_prediction_count=0,v278_symbolic_pbe
432b1110,equation_symbolic_punct,symbolic_suffix_after_marker,abstain,,%[:?,\{<?,False,False,False,\{*<?,4,0,0,markers=''; unique_prediction_count=0,v278_symbolic_pbe
432b1110,equation_symbolic_punct,symbolic_prefix_before_last_marker,abstain,,%[:?,\{<?,False,False,False,\{*<?,4,0,0,markers=''; unique_prediction_count=0,v278_symbolic_pbe
432b1110,equation_symbolic_punct,symbolic_suffix_after_last_marker,abstain,,%[:?,\{<?,False,False,False,\{*<?,4,0,0,markers=''; unique_prediction_count=0,v278_symbolic_pbe
432b1110,equation_symbolic_punct,symbolic_remove_first_marker,abstain,,%[:?,\{<?,False,False,False,\{*<?,4,0,0,markers=''; unique_prediction_count=0,v278_symbolic_pbe
432b1110,equation_symbolic_punct,symbolic_position_template,candidate,\{<?,%[:?,\{<?,False,True,False,\{*<?,4,16,1,"choice_counts=2,2,2,2",v278_symbolic_pbe
432b1110,equation_symbolic_punct,symbolic_operator_index_template,candidate,\{<?,%[:?,\{<?,False,True,False,\{*<?,4,1,1,programs=drop_op@2,v278_symbolic_pbe
432b1110,equation_symbolic_punct,symbolic_variable_operator_drop_operator,abstain,,%[:?,\{<?,False,False,False,\{*<?,4,4,3,"split_counts=1,1,1,1; unique_prediction_count=3",v324_variable_operator_symbolic
432b1110,equation_symbolic_punct,symbolic_variable_operator_reverse_drop_operator,abstain,,%[:?,\{<?,False,False,False,\{*<?,4,0,0,one_or_more_examples_have_no_matching_split; split_counts=0,v324_variable_operator_symbolic
432b1110,equation_symbolic_punct,symbolic_variable_operator_left_only,abstain,,%[:?,\{<?,False,False,False,\{*<?,4,0,0,one_or_more_examples_have_no_matching_split; split_counts=0,v324_variable_operator_symbolic
432b1110,equation_symbolic_punct,symbolic_variable_operator_right_only,abstain,,%[:?,\{<?,False,False,False,\{*<?,4,0,0,one_or_more_examples_have_no_matching_split; split_counts=0,v324_variable_operator_symbolic
432b1110,equation_symbolic_punct,symbolic_variable_operator_right_left,abstain,,%[:?,\{<?,False,False,False,\{*<?,4,0,0,one_or_more_examples_have_no_matching_split; split_counts=0,v324_variable_operator_symbolic
432b1110,equation_symbolic_punct,symbolic_variable_operator_left_reverse_right,abstain,,%[:?,\{<?,False,False,False,\{*<?,4,0,0,one_or_more_examples_have_no_matching_split; split_counts=0,v324_variable_operator_symbolic
432b1110,equation_symbolic_punct,symbolic_variable_operator_reverse_left_right,abstain,,%[:?,\{<?,False,False,False,\{*<?,4,0,0,one_or_more_examples_have_no_matching_split; split_counts=0,v324_variable_operator_symbolic
432b1110,equation_symbolic_punct,symbolic_variable_operator_right_reverse_left,abstain,,%[:?,\{<?,False,False,False,\{*<?,4,0,0,one_or_more_examples_have_no_matching_split; split_counts=0,v324_variable_operator_symbolic
432b1110,equation_symbolic_punct,symbolic_variable_operator_reverse_right_left,abstain,,%[:?,\{<?,False,False,False,\{*<?,4,0,0,one_or_more_examples_have_no_matching_split; split_counts=0,v324_variable_operator_symbolic
432b1110,equation_symbolic_punct,symbolic_variable_operator_operator_between_reversed,abstain,,%[:?,\{<?,False,False,False,\{*<?,4,0,0,one_or_more_examples_have_no_matching_split; split_counts=0,v324_variable_operator_symbolic
f7d26b8d,equation_symbolic_punct,v274_guarded_numeric_not_numeric_query,abstain,,/@,[}}\,False,False,False,[}-}\,5,0,0,query is not a numeric binary expression,v274_guarded_numeric_postprocessor
f7d26b8d,equation_symbolic_punct,symbolic_char_transducer,abstain,,/@,[}}\,False,False,False,[}-}\,5,0,0,no_global_mapping,v278_symbolic_pbe
f7d26b8d,equation_symbolic_punct,symbolic_delete_selected_chars,abstain,,/@,[}}\,False,False,False,[}-}\,5,0,0,delete_char_sets=; unique_prediction_count=0,v278_symbolic_pbe
f7d26b8d,equation_symbolic_punct,symbolic_keep_selected_chars,abstain,,/@,[}}\,False,False,False,[}-}\,5,0,0,keep_char_sets=; unique_prediction_count=0,v278_symbolic_pbe
f7d26b8d,equation_symbolic_punct,symbolic_prefix_until_marker,abstain,,/@,[}}\,False,False,False,[}-}\,5,0,0,markers=''; unique_prediction_count=0,v278_symbolic_pbe
f7d26b8d,equation_symbolic_punct,symbolic_suffix_after_marker,abstain,,/@,[}}\,False,False,False,[}-}\,5,0,0,markers=''; unique_prediction_count=0,v278_symbolic_pbe
f7d26b8d,equation_symbolic_punct,symbolic_prefix_before_last_marker,abstain,,/@,[}}\,False,False,False,[}-}\,5,0,0,markers=''; unique_prediction_count=0,v278_symbolic_pbe
f7d26b8d,equation_symbolic_punct,symbolic_suffix_after_last_marker,abstain,,/@,[}}\,False,False,False,[}-}\,5,0,0,markers=''; unique_prediction_count=0,v278_symbolic_pbe
f7d26b8d,equation_symbolic_punct,symbolic_remove_first_marker,abstain,,/@,[}}\,False,False,False,[}-}\,5,0,0,markers=''; unique_prediction_count=0,v278_symbolic_pbe
f7d26b8d,equation_symbolic_punct,symbolic_position_template,abstain,,/@,[}}\,False,False,False,[}-}\,5,0,0,nonuniform_rhs_lengths,v278_symbolic_pbe
f7d26b8d,equation_symbolic_punct,symbolic_operator_index_template,abstain,,/@,[}}\,False,False,False,[}-}\,5,0,0,programs=; unique_prediction_count=0,v278_symbolic_pbe
f7d26b8d,equation_symbolic_punct,symbolic_variable_operator_drop_operator,abstain,,/@,[}}\,False,False,False,[}-}\,5,0,0,one_or_more_examples_have_no_matching_split; split_counts=0,v324_variable_operator_symbolic
f7d26b8d,equation_symbolic_punct,symbolic_variable_operator_reverse_drop_operator,abstain,,/@,[}}\,False,False,False,[}-}\,5,0,0,one_or_more_examples_have_no_matching_split; split_counts=0,v324_variable_operator_symbolic
f7d26b8d,equation_symbolic_punct,symbolic_variable_operator_left_only,abstain,,/@,[}}\,False,False,False,[}-}\,5,0,0,one_or_more_examples_have_no_matching_split; split_counts=0,v324_variable_operator_symbolic
f7d26b8d,equation_symbolic_punct,symbolic_variable_operator_right_only,abstain,,/@,[}}\,False,False,False,[}-}\,5,0,0,one_or_more_examples_have_no_matching_split; split_counts=0,v324_variable_operator_symbolic
f7d26b8d,equation_symbolic_punct,symbolic_variable_operator_right_left,abstain,,/@,[}}\,False,False,False,[}-}\,5,0,0,one_or_more_examples_have_no_matching_split; split_counts=0,v324_variable_operator_symbolic
f7d26b8d,equation_symbolic_punct,symbolic_variable_operator_left_reverse_right,abstain,,/@,[}}\,False,False,False,[}-}\,5,0,0,one_or_more_examples_have_no_matching_split; split_counts=0,v324_variable_operator_symbolic
f7d26b8d,equation_symbolic_punct,symbolic_variable_operator_reverse_left_right,abstain,,/@,[}}\,False,False,False,[}-}\,5,0,0,one_or_more_examples_have_no_matching_split; split_counts=0,v324_variable_operator_symbolic
f7d26b8d,equation_symbolic_punct,symbolic_variable_operator_right_reverse_left,abstain,,/@,[}}\,False,False,False,[}-}\,5,0,0,one_or_more_examples_have_no_matching_split; split_counts=0,v324_variable_operator_symbolic
f7d26b8d,equation_symbolic_punct,symbolic_variable_operator_reverse_right_left,abstain,,/@,[}}\,False,False,False,[}-}\,5,0,0,one_or_more_examples_have_no_matching_split; split_counts=0,v324_variable_operator_symbolic
f7d26b8d,equation_symbolic_punct,symbolic_variable_operator_operator_between_reversed,abstain,,/@,[}}\,False,False,False,[}-}\,5,0,0,one_or_more_examples_have_no_matching_split; split_counts=0,v324_variable_operator_symbolic
20f0fac9,equation_numeric_operator,v274_guarded_numeric_query_operator_unseen,abstain,,2976,65,False,False,False,31%96,4,0,0,query_op='%' not present in examples,v274_guarded_numeric_postprocessor
20f0fac9,equation_numeric_operator,numeric_same_operator_extended,abstain,,2976,65,False,False,False,31%96,4,0,0,same_operator_examples=0 below_min=2,v278_numeric_same_operator
20f0fac9,equation_numeric_operator,v299_same_operator_unique_numeric_dsl,abstain,,2976,65,False,False,False,31%96,4,0,0,query_op='%' absent from examples,v299_numeric_dsl
20f0fac9,equation_numeric_operator,v299_all_numeric_examples_unique_dsl,abstain,,2976,65,False,False,False,31%96,4,0,0,unique_prediction_count=0; candidate_rules=0,v299_numeric_dsl
20f0fac9,equation_numeric_operator,v299_conventional_operator_prior_unique,abstain,,2976,65,False,False,False,31%96,4,0,0,unique_prediction_count=0; candidate_rules=0,v299_numeric_dsl
26e48e98,equation_symbolic_punct,v274_guarded_numeric_not_numeric_query,abstain,,){|,"""%]%{""",False,False,False,"""])%{",5,0,0,query is not a numeric binary expression,v274_guarded_numeric_postprocessor
26e48e98,equation_symbolic_punct,symbolic_char_transducer,abstain,,){|,"""%]%{""",False,False,False,"""])%{",5,0,0,no_pair_mapping,v278_symbolic_pbe
26e48e98,equation_symbolic_punct,symbolic_delete_selected_chars,abstain,,){|,"""%]%{""",False,False,False,"""])%{",5,0,0,delete_char_sets=; unique_prediction_count=0,v278_symbolic_pbe
26e48e98,equation_symbolic_punct,symbolic_keep_selected_chars,abstain,,){|,"""%]%{""",False,False,False,"""])%{",5,0,0,keep_char_sets=; unique_prediction_count=0,v278_symbolic_pbe
26e48e98,equation_symbolic_punct,symbolic_prefix_until_marker,abstain,,){|,"""%]%{""",False,False,False,"""])%{",5,0,0,markers=''; unique_prediction_count=0,v278_symbolic_pbe
26e48e98,equation_symbolic_punct,symbolic_suffix_after_marker,abstain,,){|,"""%]%{""",False,False,False,"""])%{",5,0,0,markers=''; unique_prediction_count=0,v278_symbolic_pbe
26e48e98,equation_symbolic_punct,symbolic_prefix_before_last_marker,abstain,,){|,"""%]%{""",False,False,False,"""])%{",5,0,0,markers=''; unique_prediction_count=0,v278_symbolic_pbe
26e48e98,equation_symbolic_punct,symbolic_suffix_after_last_marker,abstain,,){|,"""%]%{""",False,False,False,"""])%{",5,0,0,markers=''; unique_prediction_count=0,v278_symbolic_pbe
26e48e98,equation_symbolic_punct,symbolic_remove_first_marker,abstain,,){|,"""%]%{""",False,False,False,"""])%{",5,0,0,markers=''; unique_prediction_count=0,v278_symbolic_pbe
26e48e98,equation_symbolic_punct,symbolic_position_template,abstain,,){|,"""%]%{""",False,False,False,"""])%{",5,0,0,nonuniform_rhs_lengths,v278_symbolic_pbe
26e48e98,equation_symbolic_punct,symbolic_operator_index_template,abstain,,){|,"""%]%{""",False,False,False,"""])%{",5,0,0,programs=; unique_prediction_count=0,v278_symbolic_pbe
26e48e98,equation_symbolic_punct,symbolic_variable_operator_drop_operator,abstain,,){|,"""%]%{""",False,False,False,"""])%{",5,0,0,one_or_more_examples_have_no_matching_split; split_counts=0,v324_variable_operator_symbolic
26e48e98,equation_symbolic_punct,symbolic_variable_operator_reverse_drop_operator,abstain,,){|,"""%]%{""",False,False,False,"""])%{",5,0,0,one_or_more_examples_have_no_matching_split; split_counts=0,v324_variable_operator_symbolic
26e48e98,equation_symbolic_punct,symbolic_variable_operator_left_only,abstain,,){|,"""%]%{""",False,False,False,"""])%{",5,0,0,one_or_more_examples_have_no_matching_split; split_counts=0,v324_variable_operator_symbolic
26e48e98,equation_symbolic_punct,symbolic_variable_operator_right_only,abstain,,){|,"""%]%{""",False,False,False,"""])%{",5,0,0,one_or_more_examples_have_no_matching_split; split_counts=0,v324_variable_operator_symbolic
26e48e98,equation_symbolic_punct,symbolic_variable_operator_right_left,abstain,,){|,"""%]%{""",False,False,False,"""])%{",5,0,0,one_or_more_examples_have_no_matching_split; split_counts=0,v324_variable_operator_symbolic
26e48e98,equation_symbolic_punct,symbolic_variable_operator_left_reverse_right,abstain,,){|,"""%]%{""",False,False,False,"""])%{",5,0,0,one_or_more_examples_have_no_matching_split; split_counts=0,v324_variable_operator_symbolic
26e48e98,equation_symbolic_punct,symbolic_variable_operator_reverse_left_right,abstain,,){|,"""%]%{""",False,False,False,"""])%{",5,0,0,one_or_more_examples_have_no_matching_split; split_counts=0,v324_variable_operator_symbolic
26e48e98,equation_symbolic_punct,symbolic_variable_operator_right_reverse_left,abstain,,){|,"""%]%{""",False,False,False,"""])%{",5,0,0,one_or_more_examples_have_no_matching_split; split_counts=0,v324_variable_operator_symbolic
26e48e98,equation_symbolic_punct,symbolic_variable_operator_reverse_right_left,abstain,,){|,"""%]%{""",False,False,False,"""])%{",5,0,0,one_or_more_examples_have_no_matching_split; split_counts=0,v324_variable_operator_symbolic
26e48e98,equation_symbolic_punct,symbolic_variable_operator_operator_between_reversed,abstain,,){|,"""%]%{""",False,False,False,"""])%{",5,0,0,one_or_more_examples_have_no_matching_split; split_counts=0,v324_variable_operator_symbolic
5501c054,equation_symbolic_punct,v274_guarded_numeric_not_numeric_query,abstain,,[#>#,!##^,False,False,False,!#$#^,5,0,0,query is not a numeric binary expression,v274_guarded_numeric_postprocessor
5501c054,equation_symbolic_punct,symbolic_char_transducer,abstain,,[#>#,!##^,False,False,False,!#$#^,5,0,0,no_global_mapping,v278_symbolic_pbe
5501c054,equation_symbolic_punct,symbolic_delete_selected_chars,abstain,,[#>#,!##^,False,False,False,!#$#^,5,0,0,delete_char_sets=; unique_prediction_count=0,v278_symbolic_pbe
5501c054,equation_symbolic_punct,symbolic_keep_selected_chars,abstain,,[#>#,!##^,False,False,False,!#$#^,5,0,0,keep_char_sets=; unique_prediction_count=0,v278_symbolic_pbe
5501c054,equation_symbolic_punct,symbolic_prefix_until_marker,abstain,,[#>#,!##^,False,False,False,!#$#^,5,0,0,markers=''; unique_prediction_count=0,v278_symbolic_pbe
5501c054,equation_symbolic_punct,symbolic_suffix_after_marker,abstain,,[#>#,!##^,False,False,False,!#$#^,5,0,0,markers=''; unique_prediction_count=0,v278_symbolic_pbe
5501c054,equation_symbolic_punct,symbolic_prefix_before_last_marker,abstain,,[#>#,!##^,False,False,False,!#$#^,5,0,0,markers=''; unique_prediction_count=0,v278_symbolic_pbe
5501c054,equation_symbolic_punct,symbolic_suffix_after_last_marker,abstain,,[#>#,!##^,False,False,False,!#$#^,5,0,0,markers=''; unique_prediction_count=0,v278_symbolic_pbe
5501c054,equation_symbolic_punct,symbolic_remove_first_marker,abstain,,[#>#,!##^,False,False,False,!#$#^,5,0,0,markers=''; unique_prediction_count=0,v278_symbolic_pbe
5501c054,equation_symbolic_punct,symbolic_position_template,abstain,,[#>#,!##^,False,False,False,!#$#^,5,0,0,nonuniform_rhs_lengths,v278_symbolic_pbe
5501c054,equation_symbolic_punct,symbolic_operator_index_template,abstain,,[#>#,!##^,False,False,False,!#$#^,5,0,0,programs=; unique_prediction_count=0,v278_symbolic_pbe
5501c054,equation_symbolic_punct,symbolic_variable_operator_drop_operator,abstain,,[#>#,!##^,False,False,False,!#$#^,5,0,0,one_or_more_examples_have_no_matching_split; split_counts=0,v324_variable_operator_symbolic
5501c054,equation_symbolic_punct,symbolic_variable_operator_reverse_drop_operator,abstain,,[#>#,!##^,False,False,False,!#$#^,5,0,0,one_or_more_examples_have_no_matching_split; split_counts=0,v324_variable_operator_symbolic
5501c054,equation_symbolic_punct,symbolic_variable_operator_left_only,abstain,,[#>#,!##^,False,False,False,!#$#^,5,0,0,one_or_more_examples_have_no_matching_split; split_counts=0,v324_variable_operator_symbolic
5501c054,equation_symbolic_punct,symbolic_variable_operator_right_only,abstain,,[#>#,!##^,False,False,False,!#$#^,5,0,0,one_or_more_examples_have_no_matching_split; split_counts=0,v324_variable_operator_symbolic
5501c054,equation_symbolic_punct,symbolic_variable_operator_right_left,abstain,,[#>#,!##^,False,False,False,!#$#^,5,0,0,one_or_more_examples_have_no_matching_split; split_counts=0,v324_variable_operator_symbolic
5501c054,equation_symbolic_punct,symbolic_variable_operator_left_reverse_right,abstain,,[#>#,!##^,False,False,False,!#$#^,5,0,0,one_or_more_examples_have_no_matching_split; split_counts=0,v324_variable_operator_symbolic
5501c054,equation_symbolic_punct,symbolic_variable_operator_reverse_left_right,abstain,,[#>#,!##^,False,False,False,!#$#^,5,0,0,one_or_more_examples_have_no_matching_split; split_counts=0,v324_variable_operator_symbolic
5501c054,equation_symbolic_punct,symbolic_variable_operator_right_reverse_left,abstain,,[#>#,!##^,False,False,False,!#$#^,5,0,0,one_or_more_examples_have_no_matching_split; split_counts=0,v324_variable_operator_symbolic
5501c054,equation_symbolic_punct,symbolic_variable_operator_reverse_right_left,abstain,,[#>#,!##^,False,False,False,!#$#^,5,0,0,one_or_more_examples_have_no_matching_split; split_counts=0,v324_variable_operator_symbolic
5501c054,equation_symbolic_punct,symbolic_variable_operator_operator_between_reversed,abstain,,[#>#,!##^,False,False,False,!#$#^,5,0,0,one_or_more_examples_have_no_matching_split; split_counts=0,v324_variable_operator_symbolic
ea6d926a,equation_numeric_operator,v274_guarded_numeric_query_operator_unseen,abstain,,87,37,False,False,False,25+62,4,0,0,query_op='+' not present in examples,v274_guarded_numeric_postprocessor
ea6d926a,equation_numeric_operator,numeric_same_operator_extended,abstain,,87,37,False,False,False,25+62,4,0,0,same_operator_examples=0 below_min=2,v278_numeric_same_operator
ea6d926a,equation_numeric_operator,v299_same_operator_unique_numeric_dsl,abstain,,87,37,False,False,False,25+62,4,0,0,query_op='+' absent from examples,v299_numeric_dsl
ea6d926a,equation_numeric_operator,v299_all_numeric_examples_unique_dsl,abstain,,87,37,False,False,False,25+62,4,0,0,unique_prediction_count=0; candidate_rules=0,v299_numeric_dsl
ea6d926a,equation_numeric_operator,v299_conventional_operator_prior_unique,abstain,,87,37,False,False,False,25+62,4,12,2,unique_prediction_count=2; candidate_rules=12,v299_numeric_dsl
