id,expected,stride_answer,current_answer,stride_correct,current_correct,status,default_bits,vector
00066667,10010111,10010111,10010111,True,True,ok,0,OR-NOT17 NOT2 NOT3 NOT4 NOT5 NOT6 NOT7 C1
000b53cf,01000011,00011111,00000001,False,False,ok,4,AND-NOT21 AND-NOT32 AND-NOT43 default 1 default 1 default 1 default 1 I1
0031df9c,00110100,00110100,00110100,True,True,ok,0,I6 I7 I0 I1 I2 I3 I4 I5
004ef7c7,11111111,11111111,11101110,True,False,ok,2,XOR-NOT13 XOR-NOT24 XOR-NOT35 default 1 default 1 OR-NOT26 OR-NOT37 OR-NOT40
00754598,11101111,11111111,11101111,False,True,ok,3,I3 I4 default 1 default 1 default 1 I3 I4 I5
00890aff,01110000,01111100,01001000,False,False,ok,4,AND61 default 1 default 1 default 1 I2 default 1 AND45 AND56
008b52fd,01100101,01100101,01100101,True,True,ok,0,XOR-NOT71 NOT2 NOT3 NOT4 NOT5 NOT6 OR-NOT07 OR-NOT10
009a74b6,11111011,11111011,11000011,True,False,ok,0,XOR-NOT45 XOR-NOT56 XOR-NOT67 XOR-NOT70 OR-NOT01 OR-NOT12 OR-NOT23 OR-NOT34
00fdc0be,11111111,11111111,11111111,True,True,ok,0,OR72 OR03 OR14 OR25 OR36 OR47 OR50 OR-NOT63
01248b76,11000101,11000101,11000101,True,True,ok,0,XOR14 XOR25 XOR36 XOR47 I5 I6 I7 I0
012fb81b,10000100,10010100,10000001,False,False,ok,0,AND57 AND60 AND71 AND02 C0 AND04 AND15 AND26
016c474c,00000100,00000100,00000100,True,True,ok,1,I2 I3 I4 I5 I6 default 1 I1 I2
01d894fb,11000000,11000000,11000000,True,True,ok,0,AND23 AND34 AND45 AND56 AND67 AND70 AND01 C0
01e09228,10010101,10111001,10000000,False,False,ok,2,AND-NOT42 AND-NOT53 XOR46 default 1 default 1 AND-NOT17 I2 I3
01e395d0,01011101,01011101,01011101,True,True,ok,0,XOR-NOT37 NOT4 NOT5 NOT6 OR-NOT07 OR-NOT10 OR-NOT21 OR-NOT32
0201e198,11110101,11110101,11110101,True,True,ok,0,I3 I4 I5 I6 I7 I0 I1 I2
02021540,11100000,11100000,11100000,True,True,ok,0,I1 I2 XOR03 XOR14 XOR25 XOR36 XOR47 XOR50
021ed764,11111101,11111101,11111101,True,True,ok,1,C1 C1 C1 C1 default 1 NOT7 OR-NOT20 OR-NOT31
0228335b,11011011,11011011,11011011,True,True,ok,0,I6 I7 I0 I1 I2 XOR03 XOR14 XOR25
02324ba1,11101011,11101011,11101011,True,True,ok,0,C1 C1 C1 XOR70 OR-NOT10 OR-NOT21 OR-NOT32 OR-NOT43
024101d9,00100000,00100000,00100000,True,True,ok,0,I1 I2 I3 I4 I5 I6 I7 I0
0245b9bb,00001001,00011001,00000011,False,False,ok,1,XOR-NOT24 XOR-NOT35 XOR-NOT46 default 1 OR-NOT16 OR-NOT27 OR-NOT30 OR-NOT41
025abbbb,00000001,00000001,00000001,True,True,ok,0,I6 I7 C0 C0 C0 C0 C0 I0
02778bd7,00000000,00000000,00000000,True,True,ok,0,AND47 C0 C0 C0 C0 C0 C0 C0
0290f51a,10101111,10101111,10101111,True,True,ok,0,XOR-NOT56 XOR-NOT67 XOR-NOT70 NOT1 NOT2 OR-NOT03 OR-NOT14 OR-NOT25
02a5a1ca,01101101,01111101,00101100,False,False,ok,3,XOR-NOT35 XOR-NOT46 default 1 default 1 default 1 OR-NOT32 OR-NOT43 OR-NOT54
02a66bcb,00011110,00011110,00001000,True,False,ok,4,AND12 I3 I3 default 1 default 1 default 1 default 1 AND61
030479a6,01000110,01000110,01000110,True,True,ok,0,I6 I7 C0 C0 C0 I0 I1 I2
0311b798,00000100,00001100,00110100,False,False,ok,1,AND35 AND46 AND57 AND60 default 1 AND12 AND23 AND34
032fc96f,01111110,01111110,01111110,True,True,ok,0,XOR12 XOR23 XOR34 XOR45 XOR56 XOR67 XOR70 I1
0334b2bf,00001111,00001111,00001111,True,True,ok,0,XOR-NOT34 XOR-NOT45 XOR-NOT56 XOR-NOT67 NOT7 C1 C1 C1
034930e2,00010111,00010111,00010111,True,True,ok,0,I2 I3 I4 I5 I6 I7 I0 I1
034fb629,00111001,01111001,01111001,False,False,ok,0,AND25 I6 I7 I0 I1 I2 I3 I4
04183bf9,10010000,10010000,10010000,True,True,ok,0,I2 I3 I4 I5 I6 I7 I0 I1
0440e6ab,01100000,01100000,01100000,True,True,ok,0,I5 I6 I7 C0 C0 C0 C0 I0
046e8532,00011100,00011100,00011100,True,True,ok,0,I3 I4 I5 I6 I7 I0 I1 I2
048cc279,01010000,01111000,10100000,False,False,ok,3,AND13 AND24 default 1 default 1 default 1 AND36 AND47 AND50
04c44df4,00000000,00000000,00000000,True,True,ok,0,C0 C0 C0 C0 C0 C0 I0 I1
04d492a9,00110111,00111111,00110111,False,True,ok,3,I1 I2 I3 I4 default 1 default 1 default 1 I3
04d8c3e6,10000000,00000000,10000000,False,True,ok,0,AND34 C0 C0 C0 C0 C0 C0 AND70
0520a6ec,10100001,10100001,10100001,True,True,ok,0,AND-NOT15 AND-NOT26 AND-NOT37 I4 I5 I6 I7 I0
0528d502,00011111,00011111,00010100,True,False,ok,0,XOR-NOT34 XOR-NOT45 XOR-NOT56 XOR-NOT67 OR-NOT07 OR-NOT10 OR-NOT21 OR-NOT32
0536483a,00000000,00000000,00000000,True,True,ok,0,AND26 AND37 AND40 AND51 AND62 AND73 AND04 AND15
053f87d3,11111111,11111111,11111111,True,True,ok,0,I2 I3 OR40 OR51 OR62 OR73 OR04 OR15
05b5ffe1,01011111,01011111,01010000,True,False,ok,3,XOR-NOT72 XOR-NOT03 XOR-NOT14 default 1 default 1 default 1 OR-NOT35 OR-NOT46
05ca617c,11011011,01011011,01011011,False,False,ok,0,AND71 OR-NOT02 OR-NOT13 OR-NOT24 OR-NOT35 OR-NOT46 OR-NOT57 OR-NOT60
05d58fb3,01011101,01011101,01010111,True,False,ok,1,AND26 AND37 AND40 AND51 default 1 AND13 AND24 AND35
06120e47,11110010,11111110,11110001,False,False,ok,4,C1 C1 default 1 default 1 default 1 default 1 OR-NOT40 OR-NOT51
06248efa,11110111,11110111,11110111,True,True,ok,0,OR36 OR47 OR50 OR61 OR72 I3 I4 I5
06412918,00010010,00010010,00010010,True,True,ok,0,I5 I6 I7 I0 I1 I2 I3 I4
06667a93,10100011,10100011,10100011,True,True,ok,0,AND67 I0 I1 I2 I3 I4 I5 I6
06698d4e,00110010,00110010,00110010,True,True,ok,0,C0 I0 I1 I2 I3 I4 I5 I6
06881e47,11111100,01111100,01111100,False,False,ok,0,I5 NOT4 OR-NOT05 OR-NOT16 OR-NOT27 OR-NOT30 OR-NOT41 OR-NOT52
069dbaab,00010000,00010000,00010000,True,True,ok,0,AND26 AND37 AND40 AND51 AND62 AND73 AND04 C0
06b5da9f,00011010,00111010,00011010,False,True,ok,2,AND-NOT34 AND-NOT45 default 1 default 1 I7 I0 I1 I2
073942b5,10100110,10100110,10100110,True,True,ok,0,XOR61 XOR72 XOR03 XOR14 XOR25 XOR36 XOR47 I5
07434d56,11011001,11011001,11011001,True,True,ok,1,I4 I5 I6 default 1 I1 I2 I3 I4
07ceed47,10000101,10000101,10000101,True,True,ok,0,I7 C0 C0 I0 I1 I2 I3 I4
07d1cd39,11000000,11000000,11000000,True,True,ok,0,I5 I6 I7 C0 I0 I1 I2 I3
07d61ec8,10111101,10011001,10101001,False,False,ok,2,XOR-NOT12 XOR-NOT23 OR03 default 1 default 1 OR-NOT36 OR-NOT47 OR-NOT50
07d8149a,01000000,01000000,01000000,True,True,ok,0,AND15 AND26 AND37 C0 C0 C0 C0 C0
07e8cf66,10010110,10011110,00010100,False,False,ok,2,AND-NOT71 AND-NOT02 AND-NOT13 OR24 default 1 AND-NOT46 default 1 I6
080b44aa,00111111,00111111,00010111,True,False,ok,0,XOR-NOT35 XOR-NOT46 XOR-NOT57 XOR-NOT60 XOR-NOT71 OR-NOT02 OR-NOT13 OR-NOT24
084a4496,11000111,11000111,11000111,True,True,ok,0,I5 I6 I7 I0 I1 I2 I3 XOR04
0855605b,10010110,10110110,10010110,False,True,ok,2,I4 I5 default 1 default 1 I2 I3 I4 I5
08615ada,11101111,11111111,11101111,False,True,ok,3,I2 I3 I4 default 1 default 1 default 1 I3 I4
08a161c9,01011111,01011111,01011111,True,True,ok,0,XOR-NOT36 XOR-NOT47 NOT5 NOT6 NOT7 C1 C1 C1
08b2b48d,10101011,10101011,10101010,True,False,ok,0,XOR-NOT14 XOR-NOT25 XOR-NOT36 XOR-NOT47 NOT5 NOT6 OR-NOT07 OR-NOT10
08df5363,01011100,01011100,01011100,True,True,ok,0,AND-NOT57 I6 I7 I0 I1 I2 I3 I4
093de4ea,01101010,01101010,01101010,True,True,ok,0,AND-NOT75 AND-NOT06 AND-NOT17 I2 I3 I4 I5 I6
094de91f,10011001,10011001,10011001,True,True,ok,0,XOR-NOT14 XOR-NOT25 XOR-NOT36 XOR-NOT47 NOT5 NOT6 NOT7 C1
0a1326f4,10010110,10010110,10010110,True,True,ok,0,I7 C0 I0 I1 I2 I3 I4 I5
0a195a74,01010010,01111110,01010010,False,True,ok,5,I2 default 1 default 1 default 1 default 1 default 1 I5 I6
0a50c4a8,00001101,00001101,00001101,True,True,ok,0,AND-NOT51 AND-NOT62 AND-NOT73 AND-NOT04 AND-NOT15 AND-NOT26 AND-NOT37 I4
0a5e80bf,01000111,01000111,01000111,True,True,ok,0,I6 I7 C0 C0 C0 I0 I1 I2
0a6d48aa,11100011,11100011,11100001,True,False,ok,0,XOR-NOT25 XOR-NOT36 XOR-NOT47 NOT5 NOT6 OR-NOT07 OR-NOT10 OR-NOT21
0abfab8b,01100101,01100101,01100000,True,False,ok,0,XOR-NOT47 XOR-NOT50 XOR-NOT61 XOR-NOT72 NOT3 OR-NOT04 OR-NOT15 OR-NOT26
0b16458a,01110000,01110000,11101000,True,False,ok,1,AND34 AND45 AND56 default 1 AND71 AND02 AND13 AND24
0b23aa7c,11011011,11011011,11011011,True,True,ok,1,I3 I4 I5 I6 default 1 I1 I2 I3
0b26be60,01110111,01110111,01110111,True,True,ok,0,I7 I0 I1 I2 I3 I4 I5 I6
0b3cf93f,10011001,10011001,10011001,True,True,ok,0,XOR13 XOR24 XOR35 XOR46 XOR57 XOR60 XOR71 I2
0b404f15,00000100,00000100,00000000,True,False,ok,0,AND47 AND50 AND61 AND72 AND03 AND04 AND15 AND26
0b56b953,11000101,11000101,11000101,True,True,ok,0,OR34 OR45 OR56 OR67 I7 I0 I1 I2
0ba9af93,11110110,11110110,11110110,True,True,ok,0,OR45 OR56 OR67 OR70 I1 I2 I3 I4
0bc6e675,01111100,01111100,01111100,True,True,ok,0,XOR-NOT72 NOT3 NOT4 OR-NOT05 OR-NOT16 OR-NOT27 OR-NOT30 OR-NOT41
0c1a09ce,11100000,11100000,11100000,True,True,ok,0,AND45 AND56 AND67 C0 C0 C0 C0 C0
0c2407ef,11000011,11000011,11000011,True,True,ok,0,I6 I7 C0 AND01 AND12 AND23 AND34 AND45
0c671b98,00001110,00001110,00001110,True,True,ok,0,I6 I7 I0 I1 I2 I3 I4 I5
0c7acd69,11110101,11110101,11110101,True,True,ok,0,I1 I2 I3 I4 I5 I6 I7 I0
0c88a3dc,10001011,10001011,10001011,True,True,ok,1,I1 I2 I3 I4 I5 I6 default 1 I1
0cb88778,00110000,00110000,00110000,True,True,ok,0,AND-NOT56 AND-NOT67 I7 I0 I1 I2 I3 I4
0ceac403,10100000,10100000,10100000,True,True,ok,0,I5 I6 I7 I0 I1 I2 I3 I4
0cfc74d4,11011000,11011000,11011000,True,True,ok,0,XOR57 I6 I7 I0 I1 I2 I3 I4
0d7aacfc,01100001,01111111,01100001,False,True,ok,5,I1 I2 default 1 default 1 default 1 default 1 default 1 I5
0dcacfab,10011101,10011101,10011101,True,True,ok,0,I7 C0 C0 I0 I1 I2 I3 I4
0dd5caf4,00000000,00000000,00000000,True,True,ok,0,AND13 AND24 AND35 AND46 AND57 C0 C0 I0
0ddca8bf,00000001,00000001,00000001,True,True,ok,0,C0 C0 C0 C0 C0 C0 I0 I1
0df8306a,10000000,10000000,10000000,True,True,ok,0,I3 I4 I5 I6 I7 C0 AND01 AND12
0dfd7674,01001110,01001110,01001110,True,True,ok,0,XOR61 XOR72 XOR03 XOR14 XOR25 XOR36 XOR47 I5
0e3962f6,11111110,11111110,11111110,True,True,ok,0,I3 I4 I5 I6 I7 I0 I1 I2
0e70c867,01000000,01001000,00100100,False,False,ok,0,AND24 AND35 AND46 AND57 AND60 AND70 AND01 AND12
0e7a6920,00101111,00101111,00001000,True,False,ok,0,XOR-NOT36 XOR-NOT47 XOR-NOT50 XOR-NOT61 XOR-NOT72 OR-NOT03 OR-NOT14 OR-NOT25
0e7f299d,01010010,01010010,01010010,True,True,ok,0,I4 I5 I6 I7 I0 I1 OR02 OR13
0ec17d2e,00111111,01111111,01001011,False,False,ok,3,XOR-NOT24 default 1 default 1 default 1 OR-NOT36 OR-NOT47 OR-NOT50 OR-NOT61
0f0e199c,00001111,00001111,00001111,True,True,ok,0,XOR23 XOR34 XOR45 XOR56 XOR67 XOR70 I1 I2
0f1bc0ff,01100100,01100100,01100100,True,True,ok,0,I4 I5 I6 I7 C0 I0 I1 I2
0f2dec86,10111000,11111100,10111000,False,True,ok,5,I2 default 1 default 1 default 1 default 1 default 1 I5 I6
0f56374e,10101111,10101111,10101110,True,False,ok,0,XOR-NOT14 XOR-NOT25 XOR-NOT36 XOR-NOT47 XOR-NOT50 XOR-NOT61 XOR-NOT72 OR-NOT03
0f7be6a8,01000000,01000000,01000000,True,True,ok,0,C0 I0 I1 I2 I3 I4 I5 I6
0f7ddd75,11110110,11110110,11110110,True,True,ok,0,OR12 OR23 OR34 OR45 OR56 OR67 OR70 I1
0f8fe647,00110101,00110101,00110101,True,True,ok,0,XOR-NOT36 XOR-NOT47 XOR-NOT50 XOR-NOT61 XOR-NOT72 NOT3 NOT4 C1
0fe06e8c,10010010,10010010,10010010,True,True,ok,0,I4 I5 I6 I7 C0 C0 I0 I1
100e280a,01100011,01111111,01100011,False,True,ok,3,I2 I3 I4 default 1 default 1 default 1 I3 I4
101410e4,10001101,10011101,10001001,False,False,ok,3,XOR-NOT12 XOR-NOT23 XOR-NOT34 default 1 default 1 default 1 OR-NOT37 OR-NOT40
101e6f80,11100001,11100001,11100001,True,True,ok,0,XOR-NOT61 XOR-NOT72 NOT3 NOT4 NOT5 NOT6 OR-NOT07 OR-NOT10
104dc8aa,00000010,00000010,00000010,True,True,ok,0,C0 C0 C0 C0 C0 I0 I1 I2
1054486f,10011110,10011110,10011110,True,True,ok,0,I5 I6 I7 I0 I1 I2 I3 I4
105c8b72,00100101,00100101,00100101,True,True,ok,0,I4 XOR50 XOR61 XOR72 XOR03 XOR14 XOR25 XOR36
106aeb25,10000001,10000001,10000001,True,True,ok,0,I5 I6 I7 C0 C0 C0 C0 I0
107badb0,10000000,10000000,10000000,True,True,ok,0,AND13 AND24 AND35 AND46 AND57 AND62 AND73 AND04
108e69ef,11011111,11111111,11101001,False,False,ok,5,XOR-NOT12 XOR-NOT23 default 1 default 1 default 1 default 1 default 1 OR25
10d29630,11001001,11001001,11001001,True,True,ok,0,XOR25 XOR36 XOR47 I5 I6 I7 I0 I1
10dfe5c5,10100000,10100000,10100000,True,True,ok,0,AND24 AND35 AND46 AND57 AND60 C0 C0 C0
111296b0,01001101,01001101,01001101,True,True,ok,0,XOR-NOT37 NOT4 NOT5 NOT6 NOT7 NOT0 NOT1 OR-NOT02
1126e314,01001101,01111001,01001001,False,False,ok,4,I1 default 1 default 1 default 1 default 1 I4 AND57 AND60
114a41e3,11111001,11111001,11111001,True,True,ok,1,I5 I6 default 1 I1 I2 I3 I4 I5
114a7439,01110001,01110001,01110001,True,True,ok,0,AND-NOT36 AND-NOT47 I5 I6 I7 I0 I1 I2
117b4e53,00000000,00000000,00000000,True,True,ok,0,I7 C0 C0 C0 AND03 AND14 AND25 AND36
118b6643,00000100,00000100,00000100,True,True,ok,0,I6 I7 C0 C0 C0 I0 I1 I2
12154247,10111101,11111101,10001000,False,False,ok,5,XOR-NOT25 default 1 default 1 default 1 default 1 default 1 OR-NOT53 OR-NOT64
1249ddb4,10101001,10111101,10101001,False,True,ok,3,I2 I3 I4 default 1 default 1 default 1 I3 I4
124bc762,11100010,11100010,11100010,True,True,ok,0,I5 I6 I7 C0 C0 C0 I0 I1
1282c5c5,00001110,00001110,00001000,True,False,ok,0,XOR-NOT57 XOR-NOT60 XOR-NOT71 OR-NOT72 OR-NOT03 OR-NOT14 OR-NOT25 OR-NOT36
12897b38,00100110,00100110,00100110,True,True,ok,0,AND-NOT57 I6 I7 I0 I1 I2 I3 I4
1298c980,00011010,00011010,10011010,True,False,ok,0,AND34 AND45 AND56 AND67 I0 I1 I2 I3
129d29e1,01000110,01000110,01000110,True,True,ok,0,XOR15 XOR26 XOR37 I4 I5 I6 I7 I0
12e0ac8c,10101001,10101001,10101000,True,False,ok,0,XOR-NOT26 XOR-NOT37 XOR-NOT40 XOR-NOT51 XOR-NOT62 XOR-NOT73 NOT4 OR-NOT05
12e947ca,00111110,01111110,00111110,False,True,ok,1,I6 default 1 I1 I2 I3 I4 I5 I6
12fd5b6c,11001111,11011111,01000010,False,False,ok,2,OR-NOT25 OR-NOT36 OR-NOT47 OR-NOT50 default 1 default 1 OR-NOT23 OR-NOT34
13009e35,11111011,11111011,11111011,True,True,ok,0,OR24 OR35 OR46 OR57 I6 I7 I0 I1
130a5dff,00110101,00110101,00110101,True,True,ok,0,I4 I5 I6 I7 C0 I0 I1 I2
132ec6ae,11101100,01101100,01101100,False,False,ok,0,NOT7 NOT0 NOT1 NOT2 NOT3 NOT4 NOT5 OR-NOT06
13c8ae90,00110000,00110000,00110000,True,True,ok,0,AND-NOT73 AND-NOT04 AND-NOT15 AND-NOT26 AND-NOT37 I4 I5 I6
13eebe61,01101001,01111001,00110000,False,False,ok,2,C0 default 1 OR61 default 1 OR03 AND14 AND25 AND36
13f76716,01111100,01111100,01111100,True,True,ok,0,XOR34 XOR45 XOR56 XOR67 XOR70 I1 I2 I3
143627c4,11001001,11001001,11001011,True,False,ok,0,XOR-NOT56 XOR-NOT67 XOR-NOT70 NOT1 NOT2 NOT3 OR-NOT04 OR-NOT15
14742dd8,01110100,01110110,01110100,False,True,ok,1,I1 I2 I3 I4 I5 I6 default 1 I1
14917af8,00010100,00010100,00010100,True,True,ok,0,C0 C0 C0 I0 I1 I2 I3 I4
1496dfeb,00000000,00000000,00000000,True,True,ok,0,AND26 AND37 AND40 AND51 AND62 AND73 AND04 AND15
14a30d8f,00011101,00011101,00011101,True,True,ok,0,I6 I7 C0 I0 I1 I2 I3 I4
14a72508,11010110,11010110,11010110,True,True,ok,0,XOR-NOT72 XOR-NOT03 XOR-NOT14 XOR-NOT25 XOR-NOT36 XOR-NOT47 NOT5 OR-NOT06
15305f6a,11110101,11110101,11110101,True,True,ok,0,OR24 OR35 OR46 OR57 I6 I7 I0 I1
1532c0d1,01001100,01011100,01000100,False,False,ok,2,AND-NOT63 AND-NOT74 AND-NOT05 default 1 default 1 I3 I4 I5
16122fba,11000111,11000111,11000111,True,True,ok,0,XOR-NOT34 XOR-NOT45 XOR-NOT56 XOR-NOT67 XOR-NOT70 C1 C1 C1
161667cd,11000100,11000100,11000100,True,True,ok,0,XOR-NOT34 XOR-NOT45 XOR-NOT56 XOR-NOT67 XOR-NOT70 NOT1 NOT2 NOT3
16186320,01000001,01000001,01000001,True,True,ok,0,I5 I6 I7 C0 C0 C0 C0 I0
161d4390,01101001,01111101,01101001,False,True,ok,5,I2 default 1 default 1 default 1 default 1 default 1 I5 I6
16db2c74,00000110,00001110,00000110,False,True,ok,1,AND25 AND36 AND47 AND50 OR61 default 1 AND23 AND34
16e151ec,00011000,00011010,00011000,False,True,ok,1,I1 I2 I3 I4 I5 I6 default 1 I1
16e73f0e,00000001,00000001,00000001,True,True,ok,0,C0 C0 C0 C0 AND02 AND13 AND24 AND35
172d2417,00001000,00011000,10001000,False,False,ok,1,AND-NOT12 AND-NOT23 AND-NOT34 default 1 I5 I6 I7 I0
177b7d80,10011111,10111111,10100100,False,False,ok,1,XOR-NOT35 XOR-NOT46 default 1 OR-NOT16 OR-NOT27 OR-NOT30 OR-NOT41 OR-NOT52
17df2ad5,00000100,00000100,00000100,True,True,ok,0,AND45 C0 C0 I0 I1 I2 I3 I4
17fd9612,00011010,00011010,00011010,True,True,ok,0,AND-NOT74 AND-NOT05 AND-NOT16 AND-NOT27 I3 I4 I5 I6
18544cb0,01111000,01111000,01111000,True,True,ok,1,I5 I6 default 1 I1 I2 I3 I4 I5
18564041,00000000,00000000,00000000,True,True,ok,0,C0 C0 C0 AND70 AND01 AND12 AND23 AND34
18602be3,10111111,10111111,10111111,True,True,ok,0,XOR-NOT23 XOR-NOT34 XOR-NOT45 XOR-NOT56 XOR-NOT67 XOR-NOT70 OR-NOT01 OR-NOT12
186ade13,00000000,00000000,00000000,True,True,ok,0,C0 C0 C0 C0 C0 C0 C0 AND14
18ab3864,10100000,10100000,10100000,True,True,ok,0,I5 I6 I7 C0 C0 C0 I0 I1
18c54744,00000000,00000000,00000000,True,True,ok,0,AND12 AND23 AND34 AND45 AND56 AND67 C0 C0
18c797f1,11100111,11110111,11100111,False,True,ok,3,I4 default 1 default 1 default 1 I3 I4 I5 I6
19f4b3d6,00000011,00000011,00000011,True,True,ok,0,AND26 AND37 C0 C0 C0 C0 I0 I1
1a7c8520,01100000,01100110,00100000,False,False,ok,2,AND12 AND23 AND34 AND45 AND56 default 1 default 1 AND12
1a862653,00101100,00111100,00101110,False,False,ok,3,AND12 I0 default 1 default 1 default 1 OR46 AND57 AND60
1abaffca,01000000,01011000,00000000,False,False,ok,2,AND-NOT12 AND-NOT23 AND-NOT34 default 1 default 1 XOR67 I7 I0
1bcd2b16,00000101,00000101,00000101,True,True,ok,0,C0 I0 I1 I2 I3 I4 I5 I6
1bea1a7b,10010000,10010000,10010000,True,True,ok,0,AND35 AND46 AND57 AND60 AND71 C0 C0 AND04
1bf84ce3,00000000,00000000,00000000,True,True,ok,0,AND46 AND57 AND60 AND71 AND02 AND13 AND24 AND35
1c19ad3e,00100100,00100100,00100100,True,True,ok,0,XOR37 XOR40 XOR51 XOR62 XOR73 I4 I5 I6
1c2a3c5b,00000000,00000000,00000000,True,True,ok,0,C0 C0 C0 C0 C0 C0 C0 I0
1c3f2ff9,11111011,11111011,11111011,True,True,ok,0,C1 C1 C1 C1 C1 OR-NOT10 OR-NOT21 OR-NOT32
1c566511,01010010,01010010,01010010,True,True,ok,0,XOR67 XOR70 I1 I2 I3 I4 I5 I6
1c671acc,11111101,11111101,11111101,True,True,ok,0,OR23 OR34 OR45 OR56 OR67 OR70 I1 I2
1c7c1246,00100110,01100110,00100110,False,True,ok,1,I6 default 1 I1 I2 I3 I4 I5 I6
1d08947a,10010100,10010100,10010100,True,True,ok,0,I2 I3 I4 I5 I6 I7 C0 C0
1d342a52,10110010,10110010,10110010,True,True,ok,0,XOR46 XOR57 XOR60 XOR71 I2 I3 I4 I5
1d5ad68a,00000000,00000000,00000000,True,True,ok,0,AND37 AND40 AND51 AND62 AND73 C0 C0 C0
1d729bb1,00111101,00111101,00111101,True,True,ok,0,XOR12 XOR23 XOR34 XOR45 XOR56 XOR67 XOR70 I1
1d930d32,00000100,00001110,00000100,False,True,ok,3,I1 I2 I3 I4 default 1 default 1 default 1 I3
1da4f2db,01100111,01100111,01100111,True,True,ok,0,AND-NOT76 AND-NOT07 I1 I2 I3 I4 I5 I6
1dba764b,10000000,10000000,10000000,True,True,ok,0,AND37 C0 C0 C0 C0 C0 C0 C0
1deaf759,10100111,10100111,10100111,True,True,ok,0,AND-NOT37 I4 I5 I6 I7 I0 I1 I2
1dfb1f3d,10000101,10000101,10000101,True,True,ok,0,XOR67 XOR70 I1 I2 I3 I4 I5 I6
1e677e2c,10001101,10001101,10001101,True,True,ok,0,XOR46 XOR57 I6 I7 I0 I1 I2 I3
1e86b3a7,11000111,11100111,11000000,False,False,ok,0,AND61 AND72 AND03 C0 C0 AND60 AND71 AND02
1ed83cae,00000000,00000000,00000000,True,True,ok,0,AND67 AND70 C0 C0 C0 C0 C0 C0
1f1292d6,10001000,10001000,10001110,True,False,ok,0,I3 I4 I5 I6 I7 AND01 AND12 AND23
1f69a85f,10111101,10111101,10111101,True,True,ok,0,I2 I3 I4 I5 I6 I7 C0 I0
1f6c2fd9,00000000,00000000,01000000,True,False,ok,0,AND61 AND72 C0 C0 C0 AND60 AND71 AND02
1f7407ed,00101101,00101101,00101100,True,False,ok,0,XOR-NOT35 XOR-NOT46 XOR-NOT57 NOT6 NOT7 NOT0 OR-NOT01 OR-NOT12
1fa373db,00101001,00111001,00101001,False,True,ok,3,I3 I4 default 1 default 1 default 1 I3 I4 I5
1fd310dc,00011101,00011111,00010000,False,False,ok,3,XOR-NOT13 XOR-NOT24 XOR-NOT35 C1 default 1 default 1 default 1 OR-NOT52
1fd65d86,01001000,01001110,01001000,False,True,ok,2,I1 I2 I3 I4 C1 default 1 default 1 I3
1fd84ab1,11001110,11001111,11001010,False,False,ok,0,XOR-NOT56 XOR-NOT67 XOR-NOT70 NOT1 NOT2 OR04 OR15 OR26
1fe9b923,00000001,00000001,00000001,True,True,ok,0,AND57 AND60 AND71 C0 C0 C0 AND50 AND61
20052c2f,01100110,01100110,01100110,True,True,ok,0,I5 I6 I7 I0 I1 I2 I3 OR04
201b150e,11001011,11001011,11001011,True,True,ok,1,I1 I2 I3 I4 I5 I6 default 1 I1
202af98d,11111101,11111111,01000100,False,False,ok,5,XOR-NOT13 default 1 default 1 default 1 default 1 OR-NOT06 default 1 OR-NOT62
20333a1f,10000010,10000010,10000010,True,True,ok,0,I5 I6 I7 C0 C0 C0 I0 I1
20924dd4,10110000,10110000,00110100,True,False,ok,0,I4 I5 I6 I7 C0 AND01 AND12 AND23
209e62c5,01111001,01111001,01111001,True,True,ok,0,I2 I3 I4 I5 I6 I7 I0 I1
20abedb7,00010000,00010000,00010000,True,True,ok,0,AND12 AND23 AND34 AND45 AND56 AND67 AND70 AND01
20c252d7,00111111,00111111,00111111,True,True,ok,0,I3 I4 I5 I6 OR70 OR01 OR12 OR23
20cdbdb1,11100001,11100001,11100001,True,True,ok,0,I4 I5 I6 I7 C0 C0 C0 I0
20f3b869,11111111,11111111,11111111,True,True,ok,0,I1 OR02 OR13 OR24 OR35 OR46 OR57 OR60
21245d76,01111111,01111111,01110110,True,False,ok,1,XOR-NOT72 XOR-NOT03 XOR-NOT14 XOR-NOT25 default 1 OR-NOT14 OR-NOT25 OR-NOT36
21312779,10101111,10111111,10101111,False,True,ok,4,I1 I2 I3 default 1 default 1 default 1 default 1 I4
214d0570,10111111,01111111,10111111,False,True,ok,0,OR-NOT46 OR-NOT57 C1 C1 C1 C1 C1 C1
21fa96be,10010011,10010011,10010011,True,True,ok,1,I4 I5 I6 default 1 I1 I2 I3 I4
2230fad0,01001010,01111110,01000000,False,False,ok,4,XOR-NOT12 XOR-NOT23 default 1 default 1 default 1 default 1 OR-NOT47 OR-NOT50
22b516b3,11111111,11111111,11111111,True,True,ok,0,OR13 OR24 OR35 OR46 OR57 OR60 OR71 I2
22c34f56,11110001,11111111,11110001,False,True,ok,4,I1 I2 I3 default 1 default 1 default 1 default 1 I4
22e28f23,01010101,01010101,01010101,True,True,ok,0,AND-NOT41 AND-NOT52 AND-NOT63 AND-NOT74 I0 I1 I2 I3
23410e94,01101001,01101001,01101001,True,True,ok,0,XOR67 XOR70 I1 I2 I3 I4 I5 I6
236034b4,00100011,00100011,00100001,True,False,ok,1,XOR-NOT15 XOR-NOT26 XOR-NOT37 XOR-NOT40 XOR-NOT51 XOR-NOT62 default 1 OR01
2370909d,11101001,11100001,11000001,False,False,ok,0,AND13 AND24 AND35 AND46 I7 AND61 AND72 AND03
2395d6df,00011010,00011010,00011010,True,True,ok,0,AND-NOT37 I4 I5 I6 I7 I0 I1 I2
23f39281,01011110,01011110,01011110,True,True,ok,0,AND-NOT75 AND-NOT06 AND-NOT17 I2 I3 I4 I5 I6
24232d07,01010101,01010101,01010101,True,True,ok,0,XOR-NOT67 XOR-NOT70 NOT1 NOT2 OR-NOT03 OR-NOT14 OR-NOT25 OR-NOT36
2441e2b4,00000101,00000101,00000101,True,True,ok,0,I7 C0 C0 C0 C0 I0 I1 I2
2460c01a,10111010,10111010,10111010,True,True,ok,0,I7 C0 I0 I1 I2 I3 I4 I5
24a68f61,10010001,10010001,10010001,True,True,ok,0,I3 I4 I5 I6 I7 I0 XOR01 XOR12
24b60af3,00000010,00000010,10001010,True,False,ok,0,AND35 AND46 AND57 I0 I1 I2 I3 I4
24ef5b88,00100111,00100111,00100111,True,True,ok,0,I7 I0 I1 I2 I3 I4 I5 OR01
24f44584,11111011,11111011,11110011,True,False,ok,0,XOR-NOT57 XOR-NOT60 XOR-NOT71 NOT2 OR-NOT03 OR-NOT14 OR-NOT25 OR-NOT36
25705f72,11110000,11110000,11110000,True,True,ok,0,XOR47 XOR50 XOR61 XOR72 I3 I4 I5 I6
25764d5f,00001000,00001000,00001000,True,True,ok,0,I5 I6 I7 C0 I0 I1 I2 I3
257e7158,00001001,00001111,00000001,False,False,ok,3,XOR-NOT13 XOR-NOT24 XOR-NOT35 XOR-NOT46 default 1 default 1 default 1 OR35
25a8aeb1,00111111,00111111,00000001,True,False,ok,5,AND-NOT41 AND-NOT52 default 1 default 1 default 1 default 1 default 1 I3
26183eb8,01011110,01011110,01011110,True,True,ok,0,XOR56 XOR67 I7 I0 I1 I2 I3 I4
262e9faf,00011111,00011111,00011111,True,True,ok,0,OR-NOT73 NOT4 NOT5 NOT6 NOT7 NOT0 OR-NOT01 OR-NOT12
2630aaf8,10111110,10111110,10111110,True,True,ok,0,XOR-NOT26 XOR-NOT37 OR-NOT04 OR-NOT15 OR-NOT26 OR-NOT37 OR-NOT40 OR-NOT51
26410094,10010000,10010000,10010000,True,True,ok,0,AND61 I7 I0 I1 I2 I3 I4 I5
264b2118,00010100,00110100,00010100,False,True,ok,0,AND-NOT25 I3 I4 I5 I6 I7 I0 I1
26a70ae0,10010101,10010101,10010101,True,True,ok,0,AND61 AND72 C0 AND40 AND51 AND62 AND73 AND04
26c83e22,01011001,01111001,01011001,False,True,ok,2,I5 default 1 default 1 I2 I3 I4 I5 I6
26df9536,11101010,11101010,11101010,True,True,ok,0,I5 I6 XOR70 XOR01 XOR12 XOR23 XOR34 XOR45
26e985b5,11111111,11111111,11111111,True,True,ok,2,I1 I2 I3 I4 I5 default 1 default 1 I2
271f72f5,00000000,00000000,00000000,True,True,ok,0,I7 C0 C0 C0 C0 C0 I0 I1
2774d7a4,11110101,11110101,11110101,True,True,ok,3,I4 default 1 default 1 default 1 I3 I4 I5 I6
27c3ce54,00100000,00111110,00000000,False,False,ok,4,AND-NOT21 AND-NOT32 AND-NOT43 default 1 default 1 default 1 default 1 I1
27edb680,10101111,10101111,10101111,True,True,ok,0,I2 I3 I4 I5 OR60 OR71 OR02 OR13
2817d770,01100110,01100110,01100110,True,True,ok,0,I2 I3 OR40 OR51 OR62 OR73 OR04 OR15
2841d283,10010111,11010111,11010111,False,False,ok,0,C1 C1 OR-NOT10 OR-NOT21 OR-NOT32 OR-NOT43 OR-NOT54 OR-NOT65
287e5272,10111001,10111001,10111001,True,True,ok,0,I5 I6 OR70 OR01 OR12 OR23 OR34 OR45
288c7eca,01111111,11111111,00111111,False,False,ok,1,OR-NOT32 default 1 C1 C1 C1 C1 C1 C1
28a4db44,10011000,10011000,10011000,True,True,ok,0,I7 C0 I0 I1 I2 I3 I4 I5
28b6bc51,11011011,11011011,11011011,True,True,ok,0,I2 OR03 OR14 OR25 OR36 OR47 OR50 OR61
28bde184,00000111,00000111,00000111,True,True,ok,0,I7 C0 C0 C0 C0 I0 I1 I2
28e3bbd3,00000101,00111101,00000100,False,False,ok,3,C0 C0 default 1 default 1 default 1 I0 I1 I2
28feff8e,00000000,00000000,00000000,True,True,ok,0,C0 C0 C0 AND50 AND61 AND72 AND03 AND14
28ffe70d,11101011,11101011,11101011,True,True,ok,0,OR24 OR35 OR46 OR57 OR60 OR71 I2 I3
294557bb,01000000,01000000,01000000,True,True,ok,0,I6 I7 I0 I1 I2 I3 I4 I5
29e458d6,00010010,00010010,00010010,True,True,ok,0,AND-NOT71 AND-NOT02 AND-NOT13 AND-NOT24 AND-NOT35 AND-NOT46 AND-NOT57 I6
2a253b6c,00000111,00000111,00000100,True,False,ok,0,XOR-NOT24 XOR-NOT35 XOR-NOT46 XOR-NOT57 XOR-NOT60 XOR-NOT71 OR-NOT02 OR-NOT13
2a5d4790,11111111,11111111,11111111,True,True,ok,0,I4 OR50 OR61 OR72 OR03 OR14 OR25 OR36
2aa0fadc,11000011,11000011,11000011,True,True,ok,0,I6 I7 C0 C0 I0 I1 I2 I3
2aa6ce6a,11010001,11010001,11010001,True,True,ok,0,I7 I0 I1 XOR02 XOR13 XOR24 XOR35 XOR46
2aae1021,01000001,01000001,01000001,True,True,ok,0,I5 I6 I7 C0 C0 C0 I0 I1
2ae80ced,10100101,10100101,10100101,True,True,ok,0,XOR-NOT67 XOR-NOT70 NOT1 NOT2 OR-NOT73 OR-NOT04 OR-NOT15 OR-NOT26
2b16044a,00011111,01111111,00011111,False,True,ok,4,I3 default 1 default 1 default 1 default 1 I4 I5 I6
2b28f527,10000101,10000101,10000101,True,True,ok,0,I6 I7 C0 C0 I0 I1 I2 I3
2b3e06c9,00111111,00111111,00111111,True,True,ok,0,C0 C0 I0 I1 I2 I3 I4 I5
2b50eb88,00000111,00001111,00000111,False,True,ok,3,C0 C0 C0 C0 default 1 default 1 default 1 I0
2b636d2d,00101101,00101101,00101101,True,True,ok,0,XOR-NOT14 XOR-NOT25 XOR-NOT36 XOR-NOT47 NOT5 NOT6 NOT7 I1
2b6e391b,01001010,01001010,01001010,True,True,ok,0,I1 I2 I3 I4 I5 I6 I7 I0
2b88fafb,11010000,11010000,11010000,True,True,ok,0,I4 I5 I6 I7 I0 OR01 OR12 OR23
2bb09a3e,11001111,11001111,10001111,True,False,ok,1,XOR-NOT26 XOR-NOT37 XOR-NOT40 XOR-NOT51 XOR-NOT62 default 1 OR-NOT14 OR-NOT25
2c6cb766,11000000,11000000,11000000,True,True,ok,0,AND56 AND67 AND70 C0 C0 C0 C0 AND70
2ce41663,01100011,01111111,01110100,False,False,ok,4,XOR-NOT12 XOR-NOT23 default 1 default 1 default 1 default 1 OR-NOT47 OR-NOT50
2cf45d07,10101010,11111010,10100010,False,False,ok,4,NOT2 default 1 default 1 default 1 default 1 AND24 AND35 AND46
2d63b436,00010000,00010000,00010000,True,True,ok,0,AND25 AND36 AND47 I0 I1 I2 I3 I4
2d6922f4,10000000,10000000,10000000,True,True,ok,0,I5 I6 I7 C0 C0 C0 AND72 AND03
2d74e088,10001100,10001100,10001100,True,True,ok,0,I6 AND70 AND01 AND12 AND23 AND34 AND45 AND56
2d790c98,01111011,01111111,01100001,False,False,ok,4,XOR-NOT14 XOR-NOT25 XOR-NOT36 default 1 default 1 default 1 default 1 OR-NOT42
2dc6056a,11000001,11000001,10000001,True,False,ok,1,AND56 default 1 AND01 AND12 AND23 AND34 AND45 AND56
2dcb7ec6,10110000,10110000,10110000,True,True,ok,0,I3 I4 I5 I6 I7 I0 I1 I2
2dcfc1a3,00101000,00101000,00101000,True,True,ok,0,I1 I2 I3 I4 I5 I6 I7 I0
2e0f64b7,01110001,01110001,01110001,True,True,ok,0,XOR-NOT71 NOT2 NOT3 OR-NOT04 OR-NOT15 OR-NOT26 OR-NOT37 OR-NOT40
2e5e7fe7,01101101,01101101,01101101,True,True,ok,0,XOR-NOT57 NOT6 OR-NOT07 OR-NOT10 OR-NOT21 OR-NOT32 OR-NOT43 OR-NOT54
2ead53dc,00000101,00000101,00000101,True,True,ok,0,C0 C0 C0 C0 I0 I1 I2 I3
2f270b32,11111011,11111111,11010011,False,False,ok,3,XOR-NOT24 XOR-NOT35 default 1 OR-NOT57 default 1 default 1 OR-NOT42 OR-NOT53
2f51362d,11000110,11000110,11000110,True,True,ok,0,I6 I7 I0 OR01 OR12 OR23 OR34 OR45
2f5f8f45,01000110,01011110,00011101,False,False,ok,1,XOR-NOT36 XOR-NOT47 XOR-NOT50 C1 default 1 OR-NOT23 OR-NOT34 OR-NOT45
2f6c2b3e,00000000,00000000,00000000,True,True,ok,0,I4 I5 I6 I7 C0 C0 C0 I0
2f7f58de,00100100,00101100,00100100,False,True,ok,2,I2 I3 I4 I5 default 1 default 1 I2 I3
2fa48efe,01111010,01111110,01111010,False,True,ok,5,I2 default 1 default 1 default 1 default 1 default 1 I5 I6
2facfaa4,00111110,00111110,00111110,True,True,ok,1,I1 I2 I3 I4 I5 I6 default 1 I1
2fc9fc75,00000000,00000000,00000000,True,True,ok,0,AND34 AND45 AND56 AND67 AND70 C0 AND02 AND13
2fdaf371,10110100,10110100,10110100,True,True,ok,0,I7 C0 I0 I1 I2 I3 I4 I5
2fed9ceb,11111001,11111001,11111001,True,True,ok,0,I1 I2 OR03 OR14 OR25 OR36 OR47 OR50
302dc36e,00001101,00111111,00001101,False,True,ok,5,I1 I2 default 1 default 1 default 1 default 1 default 1 I5
303d2e72,00000000,00000000,00000000,True,True,ok,0,C0 C0 C0 C0 C0 AND70 AND01 AND12
303d3288,01000000,01000000,01000000,True,True,ok,0,I6 I7 C0 C0 C0 C0 C0 I0
304cc47b,00101010,00101110,00100010,False,False,ok,2,AND-NOT52 AND-NOT63 AND-NOT74 AND-NOT05 default 1 default 1 I3 I4
30b35adc,00100000,00100000,00100000,True,True,ok,0,I4 I5 I6 I7 C0 C0 I0 I1
30ba0cf4,01101101,01101101,01101101,True,True,ok,0,I6 I7 I0 I1 I2 I3 I4 OR50
30ce5200,00000010,00110010,00100010,False,False,ok,1,C0 C0 I6 default 1 I0 I1 I2 I3
31063a4d,00000000,00111110,00000000,False,True,ok,5,C0 C0 default 1 default 1 default 1 default 1 default 1 I0
3131bfb3,11111101,11111101,11111101,True,True,ok,0,I1 I2 I3 I4 I5 I6 OR70 OR01
314d28a0,00101000,00101000,00101000,True,True,ok,0,XOR36 XOR47 XOR50 XOR61 XOR72 I3 I4 I5
318ddaa9,00000010,00000010,00000010,True,True,ok,0,AND37 AND40 AND51 AND62 AND03 AND14 AND25 AND36
31966698,11110111,11111111,11110100,False,False,ok,3,C1 C1 default 1 default 1 default 1 NOT3 OR-NOT40 OR-NOT51
31a4c9ef,10110110,10110110,10010011,True,False,ok,0,XOR-NOT23 XOR-NOT34 XOR-NOT45 XOR-NOT56 OR-NOT76 OR-NOT17 OR-NOT20 OR-NOT31
31df43f1,11011100,11011100,11011100,True,True,ok,0,OR36 OR47 OR50 OR61 OR72 I3 I4 I5
322c6169,01100011,01000011,01000001,False,False,ok,1,AND25 default 1 I4 AND25 AND36 AND47 AND50 AND61
323b9f56,01100011,01100011,01100011,True,True,ok,0,I4 I5 I6 I7 C0 C0 I0 I1
3296c5b5,10011100,10011100,10011100,True,True,ok,0,XOR-NOT45 XOR-NOT56 XOR-NOT67 NOT7 NOT0 NOT1 NOT2 OR-NOT02
32e5fe87,00000000,00000000,00000000,True,True,ok,0,C0 C0 C0 C0 C0 C0 C0 AND70
3302f383,10110001,10111101,10110001,False,True,ok,3,I2 I3 I4 default 1 default 1 default 1 I3 I4
33519c2f,00010000,00010000,00010000,True,True,ok,0,AND36 AND47 AND50 AND61 AND72 C0 C0 AND50
3370302a,00000010,00001110,00000010,False,True,ok,3,I1 I2 I3 I4 default 1 default 1 default 1 I2
3376d8b7,00100010,00100010,00100010,True,True,ok,0,AND-NOT71 AND-NOT02 AND-NOT13 AND-NOT24 AND-NOT35 AND-NOT46 AND-NOT57 AND-NOT60
3385a400,11000111,11000111,11000111,True,True,ok,0,I7 I0 I1 I2 I3 I4 I5 I6
33910360,00000001,01111101,00000001,False,True,ok,5,I2 default 1 default 1 default 1 default 1 default 1 I5 I6
33c48893,01100101,01100101,01100101,True,True,ok,0,I7 I0 I1 I2 I3 I4 I5 I6
33e4e9ec,00110001,00101101,00000010,False,False,ok,3,XOR-NOT24 XOR-NOT35 default 1 NOT5 default 1 default 1 OR-NOT42 OR-NOT53
3400e0d5,10011101,10011101,10011101,True,True,ok,0,XOR56 XOR67 XOR70 I1 I2 I3 I4 I5
341a468c,00100101,00100101,00100101,True,True,ok,0,AND-NOT31 AND-NOT42 AND-NOT53 AND-NOT64 AND-NOT75 I0 I1 I2
343095d3,01010100,01010100,01010100,True,True,ok,0,AND-NOT14 AND-NOT25 AND-NOT36 AND-NOT47 I5 I6 I7 I0
3456da40,00001111,01001111,00001111,False,True,ok,0,AND-NOT67 AND-NOT70 I0 I1 I2 I3 I4 I5
34a31822,00000000,00000000,00000000,True,True,ok,0,C0 C0 C0 C0 C0 AND04 AND15 AND26
34a98769,01101111,01101111,01101111,True,True,ok,0,OR24 OR03 OR14 OR25 OR36 OR47 OR50 OR61
34b9db0e,01001000,01001000,01001000,True,True,ok,0,I5 I6 I7 C0 I0 I1 I2 I3
35364e9a,11111110,11111110,11111110,True,True,ok,0,C1 C1 C1 C1 C1 OR-NOT30 OR-NOT41 OR-NOT52
3564baf1,10101101,10101101,10101101,True,True,ok,0,I3 I4 I5 I6 I7 I0 I1 C1
3595c82c,10011011,10011011,10011011,True,True,ok,0,XOR-NOT14 XOR-NOT25 XOR-NOT36 XOR-NOT47 XOR-NOT50 XOR-NOT61 XOR-NOT72 I0
35dafdbc,01011000,01011000,01011000,True,True,ok,0,I3 I4 I5 I6 I7 I0 I1 I2
35e3c7c5,00000110,00000110,00000110,True,True,ok,0,XOR14 XOR25 XOR36 XOR47 XOR50 XOR61 XOR72 I3
362e9e42,00100101,00100101,00100101,True,True,ok,0,I5 I6 I7 C0 I0 I1 I2 I3
36300e18,10011101,11111101,10011101,False,True,ok,3,I4 default 1 default 1 default 1 I3 I4 I5 I6
3683a72b,00110000,00110000,00110000,True,True,ok,0,I3 I4 I5 I6 I7 C0 C0 I0
368f20dd,10000101,10001101,10000101,False,True,ok,1,I3 I4 I5 I6 default 1 I1 I2 I3
36a33623,00000000,00000110,00000000,False,True,ok,2,AND61 AND72 AND03 AND14 OR25 default 1 default 1 AND45
36aee03c,01110011,01110011,01110011,True,True,ok,0,AND-NOT73 I0 I1 I2 I3 I4 I5 I6
36e96ab0,11110101,11110101,11110101,True,True,ok,0,C1 NOT0 NOT1 NOT2 NOT3 NOT4 OR-NOT05 OR-NOT16
36f13669,00000000,00001100,00000000,False,True,ok,2,C0 C0 C0 C0 default 1 default 1 I0 I1
37664f79,10111010,10111010,10111010,True,True,ok,0,AND35 AND46 AND57 AND60 AND71 C0 AND03 AND14
3779ab78,00010110,00010110,00010110,True,True,ok,0,XOR35 XOR46 XOR57 I6 I7 I0 I1 I2
3784c8c6,10000010,10001111,10000100,False,False,ok,3,XOR-NOT13 XOR-NOT24 XOR-NOT35 XOR-NOT46 default 1 default 1 default 1 OR-NOT67
378741b0,00100010,00100010,00100010,True,True,ok,0,I4 I5 I6 I7 C0 C0 I0 I1
37a00064,00000001,00000001,00000000,True,False,ok,0,AND67 AND70 C0 C0 C0 C0 C0 AND60
37aad918,01100010,01100010,01100010,True,True,ok,0,AND-NOT14 AND-NOT25 AND-NOT36 AND-NOT47 I5 I6 I7 I0
37c94738,00000000,00000000,00000000,True,True,ok,0,C0 AND02 AND13 AND24 AND35 AND46 AND57 AND60
37cbea46,11111101,11111101,11111101,True,True,ok,1,C1 default 1 OR-NOT10 OR-NOT21 OR-NOT32 OR-NOT43 OR-NOT54 OR-NOT65
37ce4280,00000111,00000111,00000111,True,True,ok,0,AND-NOT24 AND-NOT35 AND-NOT46 AND-NOT57 I6 I7 I0 I1
37d25dd3,00110101,00110101,00110101,True,True,ok,0,I4 I5 OR60 OR71 OR02 OR13 OR24 OR35
37d81990,01111011,01111011,01111011,True,True,ok,0,OR14 OR25 OR36 OR47 I5 I6 I7 I0
3888d45c,01110101,01011101,10000101,False,False,ok,2,AND23 AND34 AND04 default 1 default 1 AND73 AND04 AND15
38fcbd0c,00000000,00000000,00000000,True,True,ok,0,AND14 AND25 AND36 AND47 C0 C0 C0 C0
3970c492,01101011,01101011,01101011,True,True,ok,0,XOR-NOT15 XOR-NOT26 XOR-NOT37 NOT4 NOT5 NOT6 OR-NOT07 OR-NOT10
3982cfc6,00101110,11111110,10100000,False,False,ok,4,OR03 default 1 default 1 default 1 OR-NOT31 default 1 OR-NOT53 OR-NOT64
39870fb9,11011001,11011001,11011001,True,True,ok,0,I1 I2 XOR03 XOR14 XOR25 XOR36 XOR47 XOR50
39d3d49f,11011101,11011101,00011001,True,False,ok,0,XOR-NOT56 XOR-NOT67 XOR-NOT70 NOT1 OR-NOT02 OR-NOT13 OR-NOT24 OR-NOT35
3a148f6a,00100111,00100111,00100110,True,False,ok,0,XOR-NOT71 XOR-NOT02 XOR-NOT13 XOR-NOT24 XOR-NOT35 XOR-NOT46 XOR-NOT57 OR-NOT06
3a1f8cf0,11000000,11000000,11000000,True,True,ok,0,I4 I5 I6 I7 C0 C0 AND02 AND13
3a3f05d5,00011101,00011101,00011101,True,True,ok,0,AND-NOT76 AND-NOT07 I1 I2 I3 I4 I5 I6
3a61d8ad,11111111,11111111,11111111,True,True,ok,0,C1 C1 C1 C1 C1 C1 C1 OR-NOT70
3a67aa26,00101110,00101110,00101110,True,True,ok,0,XOR-NOT67 XOR-NOT70 OR-NOT01 OR-NOT12 OR-NOT23 OR-NOT34 OR-NOT45 OR-NOT56
3a6a8eb9,01000000,01000100,01000100,False,False,ok,0,AND35 AND46 AND57 C0 C0 AND70 AND01 AND12
3a72f760,10101101,10101101,10101101,True,True,ok,0,OR46 OR57 I6 I7 I0 I1 I2 I3
3a7dd604,01001010,01001011,01001011,False,False,ok,0,XOR-NOT67 XOR-NOT70 NOT1 NOT2 NOT3 NOT4 NOT5 OR15
3a90fdf6,10100000,10100000,10100000,True,True,ok,0,AND25 AND36 AND47 C0 C0 C0 C0 C0
3abe72f4,01111111,01111111,10001000,True,False,ok,3,XOR-NOT72 XOR-NOT03 default 1 default 1 C1 default 1 OR-NOT45 OR-NOT56
3ace787f,11111011,11111111,11111010,False,False,ok,0,XOR-NOT36 XOR-NOT47 XOR-NOT50 XOR-NOT61 XOR-NOT72 OR02 OR13 OR24
3ad042eb,01010101,01011101,01010101,False,True,ok,2,I2 I3 I4 I5 default 1 default 1 I2 I3
3aec6985,01000100,01000100,01000100,True,True,ok,0,I5 I6 I7 I0 I1 I2 OR03 OR14
3b7dab4c,11001111,11001111,11001111,True,True,ok,1,XOR-NOT61 default 1 OR-NOT13 OR-NOT24 OR-NOT35 OR-NOT46 OR-NOT57 OR-NOT60
3b92cc78,00101001,00101001,00101001,True,True,ok,0,OR36 OR47 OR50 OR61 OR72 I3 I4 I5
3bd56850,01000100,01000100,01000100,True,True,ok,1,I2 I3 I4 I5 I6 default 1 I1 I2
3bda588a,10111111,10111111,10110100,True,False,ok,1,XOR-NOT34 XOR-NOT45 XOR-NOT56 default 1 OR-NOT17 OR-NOT20 OR-NOT31 OR-NOT42
3bdb85cf,01000100,01000100,01000100,True,True,ok,0,AND-NOT36 AND-NOT47 I5 I6 I7 I0 I1 I2
3bdda816,00000001,00000001,00000001,True,True,ok,0,I7 C0 C0 C0 C0 C0 I0 I1
3c58cf62,11111111,11111111,11111111,True,True,ok,3,I1 I2 I3 I4 default 1 default 1 default 1 I3
3c9b8e0e,00111101,00111101,00111110,True,False,ok,0,XOR-NOT47 XOR-NOT50 XOR-NOT61 XOR-NOT72 NOT3 NOT4 OR-NOT05 OR-NOT16
3cd80c64,01100100,01100100,01100100,True,True,ok,0,C0 I0 I1 I2 I3 I4 I5 I6
3cfc5f9c,01110111,01110111,01110111,True,True,ok,0,XOR-NOT34 XOR-NOT45 XOR-NOT56 XOR-NOT67 NOT7 C1 C1 C1
3d24aef4,10100101,10100101,10100101,True,True,ok,0,I3 I4 I5 I6 I7 I0 I1 XOR02
3d6df80f,00000111,00000111,00000111,True,True,ok,1,AND-NOT72 AND-NOT03 AND-NOT14 AND-NOT25 AND-NOT36 default 1 I5 I6
3d8e6b03,01111000,01111000,01111000,True,True,ok,0,OR12 OR23 OR34 OR45 OR56 OR67 OR70 I1
3d92aac9,00001111,00001111,00001111,True,True,ok,0,I3 I4 I5 I6 I7 I0 I1 I2
3dc918eb,01101111,01101111,01101111,True,True,ok,0,I4 OR50 OR61 OR72 OR03 OR14 OR25 OR36
3dcc0195,11011011,11011011,11011011,True,True,ok,0,OR23 OR34 OR45 OR56 OR67 OR70 I1 I2
3e000b40,01101100,01101100,01101100,True,True,ok,1,I5 I6 default 1 I1 I2 I3 I4 I5
3e847951,10110010,10110010,10110010,True,True,ok,0,I2 I3 I4 XOR50 XOR61 XOR72 XOR03 XOR14
3e953bd6,00100111,00100111,01100111,True,False,ok,0,XOR-NOT61 XOR-NOT72 OR-NOT03 OR-NOT14 OR-NOT25 OR-NOT36 C1 C1
3ebd80e6,00011010,00011010,00011010,True,True,ok,0,XOR-NOT57 NOT6 NOT7 NOT0 NOT1 NOT2 NOT3 I0
3ec3f1b4,10111011,10111011,10111011,True,True,ok,0,XOR-NOT26 XOR-NOT37 XOR-NOT40 XOR-NOT51 XOR-NOT62 XOR-NOT73 NOT4 OR-NOT14
3f1b05f3,11100011,11100011,11100011,True,True,ok,0,I4 I5 I6 I7 C0 C0 I0 I1
3f4f7b9b,01111111,01111111,01111111,True,True,ok,0,XOR-NOT67 NOT7 C1 C1 C1 C1 C1 C1
3f93c370,10100010,10100010,10100010,True,True,ok,0,XOR-NOT36 XOR-NOT47 XOR-NOT50 XOR-NOT61 XOR-NOT72 NOT3 OR-NOT04 OR-NOT15
3f9bd1e7,00000000,00000000,00000000,True,True,ok,0,AND25 AND36 I1 AND25 AND36 AND47 AND50 AND61
3fd617e5,00001111,00001111,00001111,True,True,ok,0,XOR-NOT67 NOT7 NOT0 NOT1 OR-NOT02 OR-NOT13 OR-NOT24 OR-NOT35
3fdc3de7,11100001,11100001,11100001,True,True,ok,0,AND34 AND45 AND56 AND67 AND70 C0 C0 AND03
3feeabea,10010010,10010010,10010010,True,True,ok,0,I4 I5 I6 I7 C0 C0 I0 I1
3ff1ae35,10101010,10101010,10101010,True,True,ok,0,XOR37 XOR40 XOR51 XOR62 XOR73 I4 I5 I6
4005e4c7,00000000,00000000,00000000,True,True,ok,0,AND56 AND67 C0 C0 C0 C0 C0 C0
400c9250,01001110,01001110,01001110,True,True,ok,0,AND-NOT64 AND-NOT75 AND-NOT06 AND-NOT17 I2 I3 I4 I5
4024acac,00000000,00000000,00000000,True,True,ok,0,AND72 AND03 AND14 AND25 AND36 AND47 C0 C0
402ea488,01010001,01010000,01010000,False,False,ok,0,AND35 AND46 AND57 AND60 AND71 C0 C0 AND34
40400f33,11110001,11011011,10001011,False,False,ok,2,OR-NOT13 default 1 I3 default 1 C1 OR-NOT60 OR-NOT71 OR-NOT62
405262aa,00000100,00000100,00000100,True,True,ok,0,C0 C0 C0 C0 AND50 AND61 AND72 AND03
4059e1a5,00000111,00000111,10000111,True,False,ok,0,XOR-NOT26 XOR-NOT37 NOT4 OR-NOT05 OR-NOT16 OR-NOT27 OR-NOT30 OR-NOT41
4099319d,01100001,01100001,01100001,True,True,ok,0,I7 I0 I1 I2 I3 I4 XOR50 XOR61
410837d0,00101101,00101101,00101101,True,True,ok,0,C0 C0 I0 I1 I2 I3 I4 I5
410a5cbd,11111100,11111100,11111100,True,True,ok,0,C1 C1 C1 C1 NOT0 NOT1 OR-NOT02 OR-NOT13
412186a6,00000111,00000111,00000111,True,True,ok,0,C0 C0 C0 C0 C0 I0 I1 I2
413086bc,10110011,10110011,10110011,True,True,ok,1,I1 I2 I3 I4 I5 I6 default 1 I1
4145ec70,11000111,11000111,11000111,True,True,ok,0,XOR-NOT56 XOR-NOT67 XOR-NOT70 NOT1 NOT2 OR-NOT03 OR-NOT14 OR-NOT25
4166067c,01110110,01110110,01110110,True,True,ok,0,NOT7 I7 I0 I1 I2 I3 I4 I5
41671d43,11011111,11111111,11011111,False,True,ok,3,I3 I4 default 1 default 1 default 1 I3 I4 I5
4195699e,01100000,01100000,01100000,True,True,ok,0,AND45 AND56 AND67 C0 C0 C0 C0 C0
41a702a8,10000101,10000101,10000101,True,True,ok,0,XOR-NOT35 XOR-NOT46 XOR-NOT57 XOR-NOT60 XOR-NOT71 NOT2 NOT3 OR01
41beb86c,01010000,01010100,01010000,False,True,ok,1,I2 I3 I4 I5 I6 default 1 I1 I2
41f574f5,10100000,10100000,10100000,True,True,ok,0,I4 I5 I6 I7 C0 C0 C0 C0
42116e6e,00000000,00000000,00000000,True,True,ok,0,C0 C0 C0 C0 C0 I7 I0 I1
42e10376,00001100,00001100,00001100,True,True,ok,0,I7 C0 C0 C0 I0 I1 I2 I3
431b5993,11010000,11010000,11010000,True,True,ok,0,AND36 AND47 AND50 AND61 AND72 C0 C0 C0
4353cd0b,00100001,00111101,00100001,False,True,ok,3,I2 I3 I4 default 1 default 1 default 1 I3 I4
43b9343e,00001011,00001011,00001011,True,True,ok,0,I7 I0 I1 I2 XOR03 XOR14 XOR25 XOR36
44471d06,00111001,00111001,00111001,True,True,ok,0,AND-NOT15 AND-NOT26 AND-NOT37 I4 I5 I6 I7 I0
44fb2f96,11001110,11111110,11010000,False,False,ok,5,XOR-NOT15 XOR-NOT26 default 1 default 1 default 1 default 1 default 1 NOT4
4510a429,11111111,11111110,11111111,False,True,ok,0,C1 C1 C1 C1 C1 C1 C1 OR45
45378f59,11000010,11000010,11000011,True,False,ok,0,I2 I3 I4 I5 I6 I7 AND02 AND13
455b6b61,00111011,00111011,00111011,True,True,ok,0,I2 I3 XOR40 XOR51 XOR62 XOR73 XOR04 XOR15
4575c0a2,10011010,10011110,10011010,False,True,ok,3,I1 I2 I3 I4 default 1 default 1 default 1 I3
45ae41c8,11011101,11111101,11001000,False,False,ok,2,XOR-NOT47 XOR-NOT50 default 1 default 1 OR-NOT23 OR-NOT34 OR-NOT45 OR-NOT56
45bc0187,00000000,00000000,00000000,True,True,ok,0,C0 C0 C0 AND70 AND01 AND12 AND23 AND34
45da0a33,11110011,11110011,11110011,True,True,ok,2,I4 I5 default 1 default 1 I2 I3 I4 I5
45dfb84f,00011101,00011101,00011101,True,True,ok,0,I2 I3 OR40 OR51 OR62 OR73 OR04 OR15
46ae00b4,11100010,11100010,11100010,True,True,ok,0,I5 I6 I7 C0 C0 AND02 AND13 AND24
46dd0f22,01010000,01010000,01010000,True,True,ok,0,I1 I2 I3 I4 I5 I6 I7 AND50
4723911c,00101010,00101010,00101010,True,True,ok,0,C0 AND02 AND13 AND24 AND35 AND46 AND57 AND60
4732c53f,01001010,01001110,01001000,False,False,ok,0,XOR-NOT57 XOR-NOT60 XOR-NOT71 NOT2 NOT3 OR-NOT74 OR-NOT05 OR-NOT16
4736daab,01000111,01000111,01000111,True,True,ok,0,I4 I5 I6 I7 C0 I0 I1 I2
4740c20c,00000000,00000000,00000000,True,True,ok,0,AND45 AND56 AND67 AND70 C0 C0 AND03 AND14
474af332,10000000,10000000,10000000,True,True,ok,0,AND34 AND45 AND56 AND67 C0 C0 C0 C0
47720c17,10001110,10001110,11001110,True,False,ok,0,XOR-NOT46 XOR-NOT57 OR-NOT06 OR-NOT17 OR-NOT20 OR-NOT31 OR-NOT42 OR-NOT53
47998fb4,00111100,00111100,00111100,True,True,ok,2,I2 I3 I4 I5 default 1 default 1 I2 I3
47a5c4f4,11100001,11100001,11100000,True,False,ok,0,XOR-NOT36 XOR-NOT47 NOT5 NOT6 NOT7 NOT0 NOT1 OR-NOT02
48ae04f6,00000010,00000010,00000010,True,True,ok,0,AND45 AND56 AND67 AND70 C0 AND02 AND13 AND24
48db5ccf,01101110,01111110,01101110,False,True,ok,1,I4 I5 I6 default 1 I1 I2 I3 I4
48ded5e8,00000101,01110101,01000101,False,False,ok,3,AND-NOT23 default 1 default 1 default 1 I6 I7 I0 I1
491e3793,10110011,10110011,10110001,True,False,ok,0,XOR-NOT45 XOR-NOT56 XOR-NOT67 NOT7 NOT0 OR-NOT71 OR-NOT02 OR-NOT13
493b0817,10101111,10101101,10101100,False,False,ok,0,XOR-NOT14 XOR-NOT25 XOR-NOT36 XOR-NOT47 XOR-NOT50 XOR-NOT61 OR-NOT27 OR-NOT13
494e04ae,11000111,11000111,11000111,True,True,ok,2,I1 I2 I3 I4 I5 default 1 default 1 I2
498083ff,01111011,01111111,01000111,False,False,ok,3,XOR-NOT26 OR-NOT07 OR-NOT10 default 1 default 1 default 1 OR-NOT54 OR-NOT65
499c7735,10011001,10011001,10011001,True,True,ok,0,OR56 OR67 I7 I0 I1 I2 I3 I4
49b5ead6,10111110,10111110,10111110,True,True,ok,0,I6 I7 I0 OR01 OR12 OR23 OR34 OR45
49fb46e8,01001110,01001110,01001110,True,True,ok,1,I2 I3 I4 I5 I6 default 1 I1 I2
4a374160,00000110,00000110,00000110,True,True,ok,0,I6 I7 C0 C0 I0 I1 I2 I3
4ac6f0cb,10100101,10100101,10100101,True,True,ok,0,I5 I6 I7 C0 I0 I1 I2 I3
4ada9150,01111011,01111011,01111011,True,True,ok,0,OR24 OR35 OR46 OR57 I6 I7 I0 I1
4b4f1779,10010110,10010110,10010110,True,True,ok,0,I3 I4 I5 OR60 OR71 OR02 OR13 OR24
4b52b575,10000100,10000100,10000100,True,True,ok,0,I7 C0 C0 C0 AND03 AND14 AND25 AND36
4b628577,00100110,00100110,00100110,True,True,ok,1,AND61 AND72 AND03 AND14 AND25 AND36 default 1 AND15
4b86e0bb,01011101,01111101,01011101,False,True,ok,4,I3 default 1 default 1 default 1 default 1 I4 I5 I6
4b8f6727,11010110,11010110,11010011,True,False,ok,0,XOR-NOT46 XOR-NOT57 XOR-NOT60 XOR01 OR-NOT12 OR-NOT23 OR-NOT34 OR-NOT45
4b925449,10111010,10111010,10111010,True,True,ok,0,I7 I0 I1 I2 I3 I4 I5 I6
4ba4a7ec,01111111,01111111,01111111,True,True,ok,0,XOR-NOT67 NOT7 C1 C1 C1 C1 C1 C1
4bff6780,11001111,11000111,11001111,False,True,ok,0,I2 I3 I4 I5 I6 OR71 OR02 OR13
4c06f388,00100110,00100110,00100000,True,False,ok,2,XOR-NOT12 XOR-NOT23 XOR-NOT34 XOR-NOT45 XOR-NOT56 default 1 default 1 NOT1
4c237bf3,10000011,10000111,10000011,False,True,ok,1,I2 I3 I4 I5 I6 default 1 I1 I2
4c23d822,01100000,01100000,01100000,True,True,ok,0,AND71 AND02 AND13 AND24 AND35 AND46 AND57 AND60
4c327b55,11011100,11011110,11011100,False,True,ok,2,I1 I2 I3 I4 default 1 default 1 AND25 AND36
4c6b2b37,00100100,00100100,00100100,True,True,ok,0,AND-NOT15 AND-NOT26 AND-NOT37 I4 I5 I6 I7 I0
4c8182b0,10001100,10011100,10001100,False,True,ok,3,I2 I3 I4 default 1 default 1 default 1 I3 I4
4ccf511a,00000011,00000011,00001101,True,False,ok,0,XOR-NOT14 XOR-NOT25 XOR-NOT36 XOR-NOT47 OR-NOT05 OR-NOT16 OR-NOT27 C1
4d20d5c5,00101001,00101001,00101001,True,True,ok,0,AND-NOT12 AND-NOT23 AND-NOT34 AND-NOT45 AND-NOT56 AND-NOT67 I7 I0
4d583fd7,00111111,01101111,00111111,False,True,ok,4,I2 default 1 default 1 I2 default 1 default 1 I5 I6
4dbb8138,00000000,00000000,00000000,True,True,ok,0,AND67 AND70 C0 C0 AND03 AND14 AND25 AND36
4e4424d5,00101111,10101111,00101111,False,True,ok,0,XOR-NOT70 NOT3 NOT4 NOT5 OR-NOT06 OR-NOT17 OR-NOT20 OR-NOT31
4e4fb429,10111110,10111110,10111110,True,True,ok,0,OR24 OR35 OR46 OR57 OR60 OR71 I2 I3
4e5df314,00100010,00100010,00100010,True,True,ok,0,AND71 I0 I1 I2 I3 I4 I5 I6
4e918d82,11101001,11101001,11101001,True,True,ok,0,I6 XOR70 XOR01 XOR12 XOR23 XOR34 XOR45 XOR56
4eb990f6,00000001,00000001,00000001,True,True,ok,0,C0 I0 I1 I2 I3 I4 I5 I6
4ebf50bd,10110100,10111110,10110100,False,True,ok,5,I1 I2 default 1 default 1 default 1 default 1 default 1 I5
4ec611d7,00011110,00011110,00011110,True,True,ok,0,I4 I5 XOR60 XOR71 XOR02 XOR13 XOR24 XOR35
4ee23115,00100010,00111110,00100010,False,True,ok,4,I1 I2 I3 default 1 default 1 default 1 default 1 I4
4ee88170,00100010,00100010,00100010,True,True,ok,0,AND-NOT52 AND-NOT63 AND-NOT74 AND-NOT05 AND-NOT16 AND-NOT27 I3 I4
4ef3d311,00000001,00000001,00000001,True,True,ok,0,I6 I7 C0 C0 C0 I0 I1 I2
4ef88f92,01010111,01011111,01010110,False,False,ok,2,XOR-NOT12 XOR-NOT23 XOR-NOT34 XOR-NOT45 default 1 default 1 OR-NOT27 OR-NOT30
4f27a061,00011110,00011110,00011110,True,True,ok,0,C0 C0 C0 I0 I1 I2 I3 I4
4f80d363,01101110,01101110,01101110,True,True,ok,0,XOR-NOT67 OR-NOT07 OR-NOT10 OR-NOT21 OR-NOT32 OR-NOT43 OR-NOT54 OR-NOT65
4f89532c,10001011,10011011,10001011,False,True,ok,1,I4 I5 I6 default 1 I1 I2 I3 I4
4fb6838e,10000101,11000101,10000101,False,True,ok,0,AND67 AND70 C0 C0 C0 I0 I1 I2
4fb6e382,11111101,11111111,11000110,False,False,ok,5,XOR-NOT71 XOR-NOT02 default 1 default 1 default 1 default 1 default 1 OR24
5028d953,00010000,00010000,00010000,True,True,ok,0,C0 C0 I0 I1 I2 I3 I4 I5
5088b475,00010111,00010111,00001101,True,False,ok,2,AND-NOT31 AND-NOT42 AND-NOT53 default 1 OR57 I0 default 1 I2
50a0c4b6,10111101,10111101,10111101,True,True,ok,0,OR-NOT34 OR-NOT45 OR-NOT01 OR-NOT12 OR-NOT23 OR-NOT34 OR-NOT45 OR-NOT56
50e57462,11100111,11101111,11100111,False,True,ok,0,I3 I4 I5 I6 C1 I1 I2 I3
51007339,10001110,10111110,00011110,False,False,ok,3,AND-NOT32 AND-NOT43 default 1 default 1 OR67 default 1 I1 I2
511bb76a,10000000,10000000,10000000,True,True,ok,0,AND15 AND26 AND37 C0 C0 C0 C0 C0
512dd86d,00000001,00000001,00000001,True,True,ok,0,C0 C0 C0 C0 C0 AND02 AND13 AND24
512e1118,11111110,11111110,10011010,True,False,ok,2,XOR-NOT15 default 1 default 1 OR-NOT24 OR-NOT35 OR-NOT46 OR-NOT57 OR-NOT60
51a78467,11000111,11000111,11000111,True,True,ok,0,XOR-NOT36 XOR-NOT47 NOT5 NOT6 NOT7 C1 C1 C1
51da116f,00100000,00100000,00100000,True,True,ok,0,XOR45 XOR56 XOR67 XOR70 I1 I2 I3 I4
522058b9,11010000,11010001,11010000,False,True,ok,0,I3 I4 I5 I6 I7 C0 AND-NOT54 AND-NOT65
524b744b,11111011,11111011,11111011,True,True,ok,0,XOR-NOT56 XOR-NOT67 OR-NOT07 OR-NOT10 OR-NOT21 OR-NOT32 OR-NOT43 OR-NOT54
5281a6b3,11011010,11011010,11011010,True,True,ok,0,I4 I5 XOR60 XOR71 XOR02 XOR13 XOR24 XOR35
52862572,00000010,00000010,00000000,True,False,ok,0,XOR-NOT37 XOR-NOT40 XOR-NOT51 XOR-NOT62 XOR-NOT73 OR-NOT04 OR-NOT15 OR-NOT26
52a052a0,00010001,00010001,00010001,True,True,ok,0,AND37 AND40 AND51 AND62 AND73 AND04 AND15 AND26
52a9d5e4,11011111,11011111,11011111,True,True,ok,1,I6 default 1 I1 I2 I3 I4 I5 I6
52d72862,01001000,01011110,01001000,False,True,ok,4,I1 I2 I3 default 1 default 1 default 1 default 1 I4
5309f723,00001011,00001011,00001011,True,True,ok,0,XOR-NOT23 XOR-NOT34 XOR-NOT45 XOR-NOT56 XOR-NOT67 NOT7 C1 C1
53329505,11011111,11011111,11011111,True,True,ok,0,I1 I2 I3 I4 I5 I6 OR70 OR01
5356c59d,01111111,01111111,01111111,True,True,ok,0,AND72 NOT0 NOT4 NOT5 NOT6 NOT7 C1 C1
5374b4ba,10101100,10101100,10101100,True,True,ok,0,I5 I6 I7 C0 I0 I1 I2 I3
53b84650,11111101,11111101,11111101,True,True,ok,0,I1 XOR02 XOR13 XOR24 XOR35 XOR46 XOR57 XOR60
53d09e5a,11011101,10011101,10011101,False,False,ok,0,OR24 OR-NOT02 OR-NOT13 OR-NOT24 OR-NOT35 OR-NOT46 OR-NOT57 OR-NOT60
546b90de,11100111,11100111,11100111,True,True,ok,0,XOR-NOT72 OR-NOT03 OR-NOT14 OR-NOT25 OR-NOT36 OR-NOT47 OR-NOT50 OR-NOT61
546f9036,10100001,10100001,10100001,True,True,ok,0,I5 I6 I7 C0 C0 C0 I0 I1
547273aa,01101001,01101001,01101001,True,True,ok,0,I1 I2 I3 I4 I5 I6 I7 I0
547485e9,11010010,11010010,11010010,True,True,ok,0,I7 I0 XOR01 XOR12 XOR23 XOR34 XOR45 XOR56
549838a3,00101110,00101110,00101110,True,True,ok,2,I1 I2 I3 I4 I5 default 1 default 1 I2
54b895c1,10111011,10111011,10011001,True,False,ok,1,XOR-NOT24 XOR-NOT35 default 1 OR15 OR-NOT26 OR-NOT37 OR-NOT40 OR-NOT51
54ca9d57,01011111,01011111,01011111,True,True,ok,0,AND-NOT65 AND-NOT76 AND-NOT07 I1 I2 I3 I4 I5
54d2b3b0,00000000,01110110,00000000,False,True,ok,5,C0 default 1 default 1 default 1 C0 default 1 default 1 I0
55014a7a,01010000,01010000,01010000,True,True,ok,0,AND24 AND35 AND46 AND57 AND60 AND71 AND02 AND13
551e93e7,00000000,00000000,00000000,True,True,ok,0,C0 C0 C0 C0 AND02 AND13 AND24 AND35
5570b0a1,10011101,10011101,11011101,True,False,ok,0,XOR-NOT15 XOR-NOT26 XOR-NOT37 NOT4 NOT5 OR-NOT06 OR-NOT17 OR-NOT20
557103c2,01101000,01111000,01101000,False,True,ok,3,I4 default 1 default 1 default 1 I3 I4 I5 I6
55bc6738,10000000,10000000,10000000,True,True,ok,0,AND47 AND50 AND61 AND02 AND13 AND24 AND35 AND46
55d834d1,00111111,10111111,00111111,False,True,ok,0,XOR-NOT34 NOT5 NOT6 OR-NOT07 OR-NOT10 OR-NOT21 OR-NOT32 OR-NOT43
55dfe758,00000100,00000100,00000100,True,True,ok,0,AND26 AND37 C0 C0 AND60 AND71 AND02 AND13
55e23d08,11010001,11010111,11010001,False,True,ok,2,I1 I2 I3 I4 I5 default 1 default 1 I2
55f5e590,10001111,10001111,10001111,True,True,ok,0,AND47 NOT5 NOT6 NOT7 C1 C1 C1 C1
55fbd1ad,00100100,00100100,00100100,True,True,ok,0,I2 I3 I4 I5 I6 I7 C0 C0
562cfc29,11011001,11011001,11011001,True,True,ok,0,XOR-NOT72 XOR-NOT03 XOR-NOT14 XOR-NOT25 XOR-NOT36 XOR-NOT47 NOT5 NOT6
563c1afa,10010011,10010011,10010011,True,True,ok,0,XOR-NOT14 XOR-NOT25 XOR-NOT36 XOR-NOT47 NOT5 NOT6 NOT7 C1
563d22ab,00000000,00000010,00000000,False,True,ok,1,C0 C0 C0 C0 C0 C0 default 1 I0
56672c27,01101101,11101101,11101101,False,False,ok,0,NOT2 NOT7 NOT0 OR-NOT01 OR-NOT12 OR-NOT23 OR-NOT34 OR-NOT45
567e3da4,10000100,00000100,10000100,False,True,ok,0,AND24 I5 I6 I7 I0 I1 I2 I3
56b1a67b,10001000,10001000,10001000,True,True,ok,0,AND26 AND37 AND40 AND51 AND62 AND73 AND04 AND15
56d64ac3,01110001,01110001,01110001,True,True,ok,2,AND-NOT54 AND-NOT65 default 1 default 1 I1 I2 I3 I4
57256dec,01010011,01010011,01000010,True,False,ok,0,XOR-NOT34 XOR-NOT45 XOR-NOT56 XOR-NOT67 XOR-NOT70 OR-NOT01 OR-NOT12 OR-NOT23
573eaca1,01011110,01011110,01011110,True,True,ok,0,I6 I7 C0 I0 I1 I2 I3 I4
574c9e17,00011100,01111100,00011100,False,True,ok,2,I5 default 1 default 1 I2 I3 I4 I5 I6
574d1901,00111001,00111001,00001001,True,False,ok,3,AND-NOT52 AND-NOT63 default 1 default 1 default 1 XOR72 I3 I4
5756de38,00010010,00011110,00010010,False,True,ok,3,C0 C0 C0 default 1 default 1 default 1 I0 I1
575f9709,01111111,01111111,01111111,True,True,ok,0,I3 I4 OR50 OR61 OR72 OR03 OR14 OR25
5791e7c4,01000001,00000001,00000001,False,False,ok,0,C0 C0 C0 C0 C0 C0 AND02 AND13
57b03b2b,10000011,10000011,10000011,True,True,ok,0,I2 I3 I4 I5 I6 I7 I0 OR01
57e57b3c,00001000,00001000,00001000,True,True,ok,0,AND35 AND46 AND57 AND60 AND71 C0 C0 C0
57e76efa,10111111,10111111,10111111,True,True,ok,0,XOR-NOT47 NOT5 NOT6 NOT7 C1 C1 C1 C1
585f2ff6,01000100,01010100,01000100,False,True,ok,1,I4 I5 I6 default 1 I1 I2 I3 I4
58730ca3,00010100,00010100,00010100,True,True,ok,0,I1 I2 I3 I4 I5 I6 I7 C0
58b650e5,00000000,00000000,00000000,True,True,ok,0,AND23 AND34 AND45 AND56 AND67 C0 I0 I1
58dc4bc1,01110111,01010111,01010111,False,False,ok,1,AND-NOT14 AND-NOT25 AND-NOT36 default 1 I5 I6 I7 I0
59a5bd7b,00000001,00000001,00000001,True,True,ok,0,AND56 AND67 AND70 C0 C0 C0 AND23 AND34
59bee375,10010101,10010101,10010101,True,True,ok,0,XOR-NOT45 XOR-NOT56 XOR-NOT67 OR-NOT07 OR-NOT10 OR-NOT21 OR-NOT32 OR-NOT43
59c78e51,00000000,00000000,00100001,True,False,ok,0,I4 I5 I6 I7 AND01 AND12 AND23 AND34
5a0c141c,01010000,01010000,01010000,True,True,ok,1,I4 I5 I6 default 1 I1 I2 I3 I4
5a1179ee,10000101,11000101,10000101,False,True,ok,0,AND-NOT75 AND-NOT06 C0 C0 C0 I0 I1 I2
5a19f71a,11100010,11100010,11100010,True,True,ok,0,XOR35 XOR46 XOR57 I6 I7 I0 I1 I2
5a6dd286,10111100,10111101,10111101,False,False,ok,0,OR13 OR24 OR35 OR46 OR57 OR60 OR71 OR02
5a7c5b0a,00111111,00111111,00000110,True,False,ok,1,XOR-NOT35 XOR-NOT46 default 1 OR-NOT16 OR-NOT27 OR-NOT30 OR-NOT41 OR-NOT52
5a9d4664,11010001,11010001,11010001,True,True,ok,0,I4 I5 I6 I7 C0 C0 C0 I0
5aef1b8e,01011110,01111110,01011110,False,True,ok,1,I5 I6 default 1 I1 I2 I3 I4 I5
5b16b484,10010000,10010000,10010000,True,True,ok,0,AND25 AND36 AND47 AND50 AND61 AND72 C0 C0
5b1b10d3,01010010,01010010,01010010,True,True,ok,0,XOR-NOT37 XOR-NOT40 XOR-NOT51 XOR-NOT62 XOR-NOT73 NOT4 OR-NOT05 OR-NOT16
5b2c143d,00001001,00001001,00001001,True,True,ok,0,C0 C0 AND50 AND61 AND72 AND03 AND14 AND25
5b36e273,11111001,11111101,11111001,False,True,ok,5,I2 default 1 default 1 default 1 default 1 default 1 I5 I6
5b68563d,01100100,01100100,01100100,True,True,ok,0,I2 I3 I4 I5 I6 I7 AND01 AND12
5b9964c7,00011011,00011011,00011011,True,True,ok,0,I5 I6 OR70 OR01 OR12 OR23 OR34 OR45
5ba26f21,01011100,01111110,00000000,False,False,ok,6,AND-NOT51 default 1 default 1 default 1 default 1 default 1 default 1 I3
5bb8c8a5,00000000,00000000,00000000,True,True,ok,0,AND56 AND67 C0 C0 C0 C0 C0 AND04
5bd26372,00101000,00111000,00101000,False,True,ok,3,I3 I4 default 1 default 1 default 1 I3 I4 I5
5c4e308a,00010010,00010010,00010010,True,True,ok,0,I3 I4 I5 I6 I7 C0 I0 I1
5c50c07f,11100110,11111110,11100110,False,True,ok,3,I3 I4 default 1 default 1 default 1 I3 I4 I5
5cbe919f,00000000,00000000,00000000,True,True,ok,0,C0 C0 C0 C0 AND02 AND13 AND24 AND35
5cc4cf10,10000000,10000000,10000000,True,True,ok,0,I5 I6 I7 C0 I0 I1 I2 I3
5cd4a382,10100110,10100110,10100110,True,True,ok,0,I4 I5 I6 I7 C0 I0 I1 I2
5cedf608,10100001,10100001,10100001,True,True,ok,0,I2 XOR03 XOR14 XOR25 XOR36 XOR47 XOR50 XOR61
5d060d45,00000000,00000000,00000000,True,True,ok,0,AND26 AND37 AND40 AND51 AND62 AND73 C0 C0
5d0db0d2,11111111,11111111,11111111,True,True,ok,0,I4 I5 I6 OR70 OR01 OR12 OR23 OR34
5d193826,00010000,00010110,00010000,False,True,ok,2,I1 I2 I3 I4 I5 default 1 default 1 I2
5d489e95,01001000,01001000,01001000,True,True,ok,1,I5 default 1 NOT1 I2 I3 I4 I5 I6
5d77eff6,00011100,00011100,00011000,True,False,ok,0,XOR-NOT15 XOR-NOT26 XOR-NOT37 OR-NOT04 OR-NOT15 OR-NOT26 OR-NOT37 OR-NOT40
5daa92e3,00000101,00000101,00000101,True,True,ok,0,AND-NOT51 AND-NOT62 AND-NOT73 AND-NOT04 AND-NOT15 AND-NOT26 AND-NOT37 I4
5dd3345c,11111111,11111111,11111111,True,True,ok,0,I3 XOR40 XOR51 XOR62 XOR73 XOR04 XOR15 XOR26
5dec898e,11010101,11010101,11010101,True,True,ok,1,I4 I5 I6 default 1 I1 I2 I3 I4
5dfea8b0,01011011,01011011,01011011,True,True,ok,0,XOR-NOT56 XOR-NOT67 OR-NOT70 OR-NOT01 OR-NOT12 OR-NOT23 OR-NOT34 OR-NOT45
5dffe751,01100000,01100000,01100000,True,True,ok,0,I4 I5 I6 I7 C0 C0 C0 C0
5e0b85b0,01001111,01001111,01101110,True,False,ok,1,XOR-NOT25 XOR-NOT36 XOR-NOT47 XOR-NOT50 C1 default 1 OR-NOT23 OR-NOT34
5e149421,11010010,11010010,11010010,True,True,ok,0,I4 I5 I6 I7 C0 C0 I0 I1
5e591674,00000011,00000011,00000011,True,True,ok,0,I7 C0 C0 C0 C0 C0 I0 I1
5ea69df4,00100000,00100000,00100000,True,True,ok,0,I7 C0 I0 I1 I2 I3 I4 I5
5ec86a30,00010101,00010101,00010101,True,True,ok,0,XOR-NOT36 XOR-NOT47 XOR-NOT50 XOR-NOT61 XOR-NOT72 NOT3 NOT4 NOT5
5f29ae58,00000000,00000000,00000000,True,True,ok,0,AND14 AND25 AND36 AND47 AND50 AND61 AND72 AND03
5f66eb60,11111111,11111111,10011101,True,False,ok,6,AND61 default 1 default 1 default 1 default 1 default 1 default 1 I5
5f76ba09,10010111,10010111,10010111,True,True,ok,0,XOR61 XOR72 XOR03 XOR14 XOR25 XOR36 XOR47 I5
5fab4df0,00110100,00110100,00110100,True,True,ok,1,I2 I3 I4 I5 I6 default 1 I1 I2
5fead1a1,11111010,11111010,11111010,True,True,ok,3,NOT5 default 1 NOT5 default 1 default 1 OR-NOT40 OR-NOT51 OR-NOT62
60902b81,01000000,01000000,01000000,True,True,ok,0,AND67 AND70 AND01 C0 C0 C0 AND50 AND61
609c49bc,00101000,00111000,00100000,False,False,ok,2,AND35 AND46 I7 default 1 default 1 AND23 AND34 AND45
61076abe,00111110,00111110,00111110,True,True,ok,0,I4 I5 I6 OR70 OR01 OR12 OR23 OR34
615a02e6,00110000,00111100,00000100,False,False,ok,3,AND-NOT72 AND-NOT03 AND-NOT14 default 1 default 1 default 1 I5 I6
6189ce10,00001110,00001110,00001110,True,True,ok,0,I7 C0 C0 C0 I0 I1 I2 I3
619a99d2,11110100,11110100,11110100,True,True,ok,0,I1 OR02 OR13 OR24 OR35 OR46 OR57 OR60
6201374a,10100000,10100000,10100000,True,True,ok,0,I4 I5 I6 I7 C0 C0 C0 C0
6218204f,00110110,00110110,00110110,True,True,ok,0,AND-NOT56 AND-NOT67 I7 I0 I1 I2 I3 I4
62296199,00001000,00001000,00001000,True,True,ok,0,C0 C0 C0 C0 I0 I1 I2 I3
62464c5a,10111110,10111110,10111110,True,True,ok,0,I1 I2 I3 I4 I5 I6 I7 C0
626a2762,01000101,01000101,01000101,True,True,ok,0,AND-NOT63 AND-NOT74 AND-NOT05 AND-NOT16 AND-NOT27 I3 I4 I5
629b09d1,00111010,00111010,00111010,True,True,ok,0,I7 I0 I1 I2 I3 I4 I5 I6
62c6e1c5,01110100,01110100,01110100,True,True,ok,0,AND-NOT74 AND-NOT05 AND-NOT16 AND-NOT27 I3 I4 I5 I6
62dba403,10011001,10011001,10011001,True,True,ok,1,I3 I4 I5 I6 default 1 I1 I2 I3
63217d23,11000001,11000001,11000001,True,True,ok,0,I5 I6 I7 I0 I1 I2 I3 I4
63227af6,01010111,01010111,01010111,True,True,ok,0,XOR37 XOR40 XOR51 XOR62 XOR73 I4 I5 I6
632444af,10000100,10000100,10100000,True,False,ok,1,AND14 AND25 AND36 AND47 AND50 default 1 I2 I3
6349d105,00011101,00011101,00011101,True,True,ok,0,XOR36 XOR47 XOR50 XOR61 XOR72 I3 I4 I5
634b5f5f,11110011,11110011,11110011,True,True,ok,0,OR47 OR50 OR61 OR72 I3 I4 I5 I6
636e0dba,01001110,01001110,01001110,True,True,ok,0,XOR47 XOR50 XOR61 XOR72 I3 I4 I5 I6
638224db,10000101,10000101,10000001,True,False,ok,1,AND-NOT42 AND-NOT53 AND-NOT64 AND-NOT75 AND-NOT06 default 1 I2 I3
63874dd5,00011010,00011110,00011010,False,True,ok,2,I1 I2 I3 I4 I5 default 1 default 1 I2
63cc40f1,00111110,00111110,00111110,True,True,ok,0,AND-NOT36 AND-NOT47 I5 I6 I7 I0 I1 I2
63d4557e,10111100,10111100,10110100,True,False,ok,0,XOR-NOT25 XOR-NOT36 XOR-NOT47 NOT5 OR-NOT06 OR-NOT17 OR-NOT20 OR-NOT31
64890e18,00001100,00001100,00001100,True,True,ok,2,I2 I3 I4 I5 default 1 default 1 I2 I3
649bebaf,10111011,10111011,10111011,True,True,ok,0,OR13 I4 I5 I6 I7 I0 I1 I2
64a72fd3,10010111,10011111,10010011,False,False,ok,2,XOR-NOT72 XOR-NOT03 XOR-NOT14 XOR-NOT25 default 1 default 1 OR-NOT25 OR-NOT36
64b20c19,10011011,10011011,10011011,True,True,ok,0,C1 NOT0 NOT1 OR-NOT02 OR-NOT13 OR-NOT24 OR-NOT35 OR-NOT46
654e8a98,00001101,00001101,00001101,True,True,ok,0,I3 I4 I5 OR60 OR71 OR02 OR13 OR24
6564df54,00000010,00000010,00000010,True,True,ok,0,AND34 AND45 AND56 AND67 AND70 C0 AND02 AND13
6570b28c,00000000,00000000,00000000,True,True,ok,0,AND34 AND45 AND56 AND67 C0 C0 C0 AND02
65ab9661,00000110,00000110,00000100,True,False,ok,2,AND15 AND26 AND37 AND40 AND51 default 1 default 1 C0
6617d3b0,00000000,00000000,00000000,True,True,ok,0,AND24 AND35 AND46 AND57 AND60 AND71 AND02 AND13
663c19af,01100000,01100000,01100000,True,True,ok,0,XOR26 XOR37 I4 I5 I6 I7 I0 I1
663fd5e9,00001100,00001100,00001100,True,True,ok,0,NOT7 I4 I5 I6 I7 I0 I1 I2
6686f0de,10110111,10110111,10110111,True,True,ok,1,I4 I5 I6 default 1 I1 I2 I3 I4
6689ee95,10001111,10001111,10001110,True,False,ok,0,XOR-NOT35 XOR-NOT46 XOR-NOT57 NOT6 NOT7 NOT0 OR-NOT01 OR-NOT12
66b1c512,11000010,11000010,11000000,True,False,ok,0,XOR-NOT47 XOR-NOT50 XOR-NOT61 XOR-NOT72 NOT3 NOT4 OR-NOT05 OR-NOT16
66bd639f,00000001,00011111,00010011,False,False,ok,4,AND-NOT41 AND-NOT52 AND-NOT63 default 1 default 1 default 1 default 1 I3
66c8c3df,00000100,00000100,00000100,True,True,ok,0,C0 C0 C0 AND50 AND61 AND72 AND03 AND14
66e5eb55,10101110,10111110,10000010,False,False,ok,3,I5 I0 default 1 default 1 default 1 AND24 AND35 AND46
66f9fe57,00100000,00100000,00100000,True,True,ok,0,AND14 AND25 AND36 AND47 AND50 AND61 I2 AND12
67032a5c,11111100,11111100,11111100,True,True,ok,0,I3 I4 I5 I6 I7 I0 I1 I2
6728c338,00110011,00110011,00110011,True,True,ok,0,XOR57 I6 I7 I0 I1 I2 I3 I4
67372eaf,01101000,01101000,01101000,True,True,ok,0,I5 I6 I7 I0 I1 I2 I3 I4
679af1e1,11000001,11000001,11000001,True,True,ok,0,I6 I7 C0 C0 C0 C0 AND04 AND15
67ae4217,11101101,11101101,10110100,True,False,ok,1,XOR-NOT35 XOR-NOT46 XOR-NOT57 XOR-NOT60 default 1 OR-NOT12 OR-NOT23 OR-NOT34
6806d715,00110100,00110100,00110100,True,True,ok,0,I6 XOR70 XOR01 XOR12 XOR23 XOR34 XOR45 XOR56
6818b555,10000000,10000000,00000000,True,False,ok,0,I7 C0 C0 C0 C0 C0 C0 AND60
68213a4c,00000000,00000000,00000000,True,True,ok,0,AND47 C0 C0 C0 C0 C0 C0 C0
68614b78,00001110,00001110,00001110,True,True,ok,0,XOR-NOT35 XOR-NOT46 XOR-NOT57 XOR-NOT60 XOR-NOT71 OR-NOT02 OR-NOT13 OR-NOT24
6890870d,01110000,01110000,01110000,True,True,ok,0,I1 I2 I3 I4 I5 I6 I7 I0
691608b9,00101000,00101000,00101000,True,True,ok,0,C0 C0 I0 I1 I2 I3 I4 I5
691c6e38,00010000,00010000,00010000,True,True,ok,0,AND34 AND45 AND56 I0 AND71 AND02 AND13 AND24
693bb27c,00001111,00111111,00010001,False,False,ok,1,XOR-NOT34 XOR-NOT45 default 1 NOT6 OR-NOT27 OR-NOT30 OR-NOT41 OR-NOT52
698e737a,00101110,01101110,00101110,False,True,ok,1,I6 default 1 I1 I2 I3 I4 I5 I6
69cbffdf,00000010,00000010,00000010,True,True,ok,0,C0 C0 C0 C0 C0 AND70 AND01 AND12
6a186446,01110111,01110111,01110111,True,True,ok,0,XOR-NOT72 OR-NOT03 OR-NOT14 OR-NOT25 OR-NOT36 OR-NOT47 OR-NOT50 OR-NOT61
6a333ed6,00010000,00010000,00010000,True,True,ok,0,AND15 AND26 AND37 AND40 AND51 AND62 AND73 AND03
6a41d37b,00101011,00101111,00101000,False,False,ok,0,XOR-NOT45 XOR-NOT56 XOR-NOT67 NOT7 NOT0 OR-NOT71 OR-NOT02 OR-NOT13
6a578940,10010000,10010000,10010000,True,True,ok,0,I3 I4 I5 I6 I7 I0 I1 I2
6a635e3e,10001111,10111111,00111111,False,False,ok,0,XOR-NOT36 XOR-NOT47 OR-NOT65 OR-NOT76 OR-NOT07 OR-NOT10 OR-NOT21 OR-NOT32
6a933284,00101101,00111111,00101101,False,True,ok,4,I1 I2 default 1 default 1 default 1 default 1 C1 I5
6abc8047,00101001,10101001,10101001,False,False,ok,0,I7 I0 I1 I2 I3 I4 I5 I6
6adef1ef,11111101,01111101,11111101,False,True,ok,0,AND26 I7 I0 I1 I2 I3 I4 I5
6ae30806,00100101,01111101,00100101,False,True,ok,5,I2 default 1 default 1 default 1 default 1 default 1 I5 I6
6b01e0cf,01000000,01000000,01000000,True,True,ok,0,I6 I7 C0 C0 C0 C0 C0 I0
6b11c05f,00100010,00100010,00100010,True,True,ok,0,AND-NOT63 AND-NOT74 AND-NOT05 AND-NOT16 AND-NOT27 I3 I4 I5
6b63b010,00000110,00000110,00000110,True,True,ok,0,C0 C0 C0 C0 C0 I0 I1 I2
6b730629,11100111,11111111,11100111,False,True,ok,3,I3 I4 default 1 default 1 default 1 I3 I4 I5
6b75f5f0,10111100,10111100,10111100,True,True,ok,0,I2 I3 I4 I5 I6 I7 I0 I1
6b8246a0,00000000,00000000,00000000,True,True,ok,0,C0 C0 C0 C0 C0 AND60 AND71 AND02
6bef21ca,01111101,01111101,01111101,True,True,ok,0,I2 I3 I4 I5 I6 I7 C0 I0
6c01f1a7,11100001,11100100,11100001,False,True,ok,0,I1 I2 I3 I4 I5 C1 AND-NOT17 AND-NOT20
6c41978b,10010111,10010111,00100010,True,False,ok,1,AND14 AND25 AND36 AND47 AND50 default 1 I2 AND23
6c41f684,00001111,00001111,00001111,True,True,ok,0,I6 I7 I0 I1 I2 OR13 OR24 OR35
6c56e99a,00110101,00110111,00110100,False,False,ok,1,XOR-NOT71 XOR-NOT02 XOR-NOT13 XOR-NOT24 XOR-NOT35 XOR-NOT46 default 1 OR-NOT16
6c7299c2,10000111,10000111,10000111,True,True,ok,0,I7 C0 C0 C0 I0 I1 I2 I3
6cb5aff2,01111110,01111110,01111110,True,True,ok,0,XOR37 I7 I0 I1 I2 I3 I4 I5
6cface63,10010000,10010110,10010000,False,True,ok,1,AND-NOT31 AND-NOT42 AND-NOT53 AND-NOT64 OR57 XOR60 default 1 I2
6cfe5536,01000010,01000110,01000010,False,True,ok,2,AND-NOT71 AND-NOT02 AND-NOT13 AND-NOT24 AND-NOT35 default 1 default 1 I6
6d00964a,00000000,00000000,00000000,True,True,ok,0,C0 C0 C0 C0 AND01 AND12 AND23 AND34
6d196fe8,01001011,01001011,01001011,True,True,ok,0,XOR-NOT25 XOR-NOT36 XOR-NOT47 NOT5 NOT6 NOT7 C1 C1
6d24205b,01110001,01110001,01110001,True,True,ok,2,I5 default 1 default 1 I2 I3 I4 I5 I6
6d9ff2a3,00110010,00110010,00110010,True,True,ok,0,C0 C0 I0 I1 I2 I3 I4 I5
6dbd9643,10001011,10001011,10001011,True,True,ok,0,AND-NOT63 AND-NOT74 I0 I1 I2 I3 I4 I5
6deb3d5e,11000011,11010011,11000011,False,True,ok,1,I4 I5 I6 default 1 I1 I2 I3 I4
6e2311e1,10000000,10000100,10000000,False,True,ok,0,I7 C0 C0 C0 AND36 AND47 AND50 AND61
6e56c02c,01001011,01001011,01001011,True,True,ok,0,I3 I4 I5 I6 I7 I0 I1 I2
6e714f65,00000000,00110110,00000000,False,True,ok,4,AND67 AND70 default 1 default 1 AND23 default 1 default 1 C0
6e80733d,01001000,01001000,01001000,True,True,ok,0,I3 I4 I5 I6 I7 I0 I1 I2
6e838251,01101101,01101101,01101101,True,True,ok,0,I1 I2 OR03 OR14 OR25 OR36 OR47 OR50
6eb0d262,00111011,00111011,00111011,True,True,ok,0,I3 I4 I5 I6 I7 I0 OR01 OR12
6ecc51b1,00101101,00100101,00111110,False,False,ok,0,XOR-NOT45 XOR-NOT56 XOR-NOT67 XOR-NOT70 XOR-NOT01 OR-NOT12 OR-NOT23 OR-NOT34
6f7a9048,00101000,01111000,00101000,False,True,ok,3,I4 default 1 default 1 default 1 I3 I4 I5 I6
6f91481e,11000000,11000000,11000000,True,True,ok,0,AND15 AND26 AND37 C0 C0 C0 C0 C0
6fae6379,01100111,01100111,01100111,True,True,ok,0,XOR-NOT26 XOR-NOT37 NOT4 NOT5 NOT6 NOT7 C1 C1
6ffd6934,00001111,00001111,00001111,True,True,ok,0,I6 I7 I0 I1 I2 OR03 OR14 OR25
7064acac,01111100,01111100,01111100,True,True,ok,0,XOR-NOT46 XOR-NOT57 NOT6 NOT7 NOT0 OR-NOT71 OR-NOT02 OR-NOT13
707acef3,00000001,00010001,00010001,False,False,ok,1,AND-NOT43 AND-NOT54 AND-NOT65 default 1 AND-NOT07 I1 I2 I3
709930e0,10011010,10011010,10011010,True,True,ok,0,AND-NOT16 AND-NOT27 I3 I4 I5 I6 I7 I0
70bc42af,10101010,10101010,10101010,True,True,ok,0,OR35 OR46 OR57 OR60 OR71 I2 I3 I4
70df6363,01010000,01011100,00001100,False,False,ok,2,AND24 AND35 AND46 default 1 default 1 OR71 AND23 AND34
70f08eac,01011000,01011000,01011000,True,True,ok,0,I4 I5 XOR60 XOR71 XOR02 XOR13 XOR24 XOR35
70f81613,10111010,10111010,10111010,True,True,ok,0,I5 I6 I7 I0 I1 I2 I3 I4
710cf035,10000011,10000011,10000011,True,True,ok,1,I1 I2 I3 I4 I5 I6 default 1 I1
716998e8,10010000,10010000,10010000,True,True,ok,0,I4 I5 I6 I7 C0 C0 C0 C0
7192535b,00000010,00001010,00001010,False,False,ok,1,AND15 AND26 AND37 AND40 default 1 I6 AND-NOT20 AND-NOT31
7192fc55,01100011,01100110,01101000,False,False,ok,2,XOR-NOT12 XOR-NOT23 XOR-NOT34 XOR-NOT45 XOR-NOT56 default 1 default 1 OR70
719b314e,10010010,10010010,10010010,True,True,ok,0,AND14 AND25 AND36 AND47 AND50 AND61 AND72 AND03
71a661f7,11000001,11100001,11000001,False,True,ok,1,I5 I6 default 1 I1 I2 I3 I4 I5
71b70d29,00101001,01111001,00101001,False,True,ok,4,I3 default 1 default 1 default 1 default 1 I4 I5 I6
71e6cae8,00000000,00000000,00000000,True,True,ok,0,C0 C0 C0 C0 C0 C0 C0 AND03
722b605b,00111101,00111101,00111101,True,True,ok,0,XOR-NOT57 OR-NOT06 OR-NOT17 OR-NOT20 OR-NOT31 OR-NOT42 OR-NOT53 OR-NOT64
7283eb09,10100110,10100110,10100110,True,True,ok,0,I7 I0 I1 I2 OR03 OR14 OR25 OR36
72ae2707,00011001,00011001,00011001,True,True,ok,0,C0 C0 I0 I1 I2 I3 I4 I5
72d263a8,00000001,00000001,00000001,True,True,ok,0,C0 C0 C0 C0 C0 C0 C0 I0
72ffb208,00001000,00001000,00001000,True,True,ok,0,C0 C0 C0 AND40 AND51 AND62 AND73 AND04
733a819b,00111011,00111011,00111011,True,True,ok,0,XOR24 XOR35 XOR46 XOR57 XOR60 XOR71 I2 I3
734cba65,01100110,01100110,01100110,True,True,ok,0,I1 I2 I3 I4 I5 I6 OR70 OR01
73539baa,10010110,10010110,10010110,True,True,ok,0,I4 I5 I6 I7 I0 I1 XOR02 XOR13
736ae137,01001100,01001100,01001100,True,True,ok,0,AND36 AND47 AND50 AND61 AND72 AND03 AND14 AND25
738f4928,10010101,10010101,10010101,True,True,ok,0,AND-NOT23 AND-NOT34 AND-NOT45 AND-NOT56 AND-NOT67 I7 I0 I1
738f7c2d,10110011,10110111,10110011,False,True,ok,1,I2 I3 I4 I5 I6 default 1 I1 I2
739451ab,11011111,11011111,11011111,True,True,ok,0,XOR-NOT35 XOR-NOT46 XOR-NOT57 NOT0 NOT7 C1 C1 C1
73b7b116,00101000,00101000,00101000,True,True,ok,0,I1 I2 I3 I4 I5 I6 I7 I0
73d0b62c,10000111,10000111,10000111,True,True,ok,0,I6 I7 C0 I0 I1 I2 I3 I4
7403ef93,10011101,10011100,10011100,False,False,ok,0,XOR-NOT45 XOR-NOT56 XOR-NOT67 XOR-NOT70 NOT1 NOT2 NOT3 I7
74339109,00000101,00000101,00000101,True,True,ok,0,XOR-NOT24 XOR-NOT35 XOR-NOT46 XOR-NOT57 NOT6 OR-NOT07 OR-NOT10 OR-NOT21
74ada555,10000000,10000000,10000000,True,True,ok,0,AND-NOT67 AND-NOT70 AND-NOT01 C0 C0 AND67 AND70 AND01
74e525f0,01001000,01111000,01001000,False,True,ok,3,C0 default 1 default 1 default 1 I0 I1 I2 I3
751d48a2,00100000,00100000,00100001,True,False,ok,0,I4 I5 I6 I7 C0 C0 C0 AND03
75898981,11100010,11100010,11100010,True,True,ok,0,I4 I5 I6 I7 C0 C0 I0 I1
7596e86d,01111110,01111110,00001110,True,False,ok,3,AND-NOT53 AND-NOT64 default 1 default 1 default 1 I2 I3 I4
75b509ad,01100100,01100100,01100100,True,True,ok,0,XOR26 XOR37 XOR40 XOR51 XOR62 XOR73 I4 I5
75cd12f1,00011110,10011110,00011110,False,True,ok,0,XOR46 I5 I6 I7 I0 I1 I2 I3
75cd54d8,10000100,10000100,10000100,True,True,ok,0,I6 I7 C0 C0 I0 I1 I2 I3
75e869dd,01101111,01101111,01101111,True,True,ok,0,I7 I0 OR01 OR12 OR23 OR34 OR45 OR56
75ecd32c,11100011,11100011,11100011,True,True,ok,0,I6 I7 I0 I1 I2 I3 I4 I5
7669569d,01100010,01100010,01100010,True,True,ok,0,OR47 I5 I6 I7 I0 I1 I2 I3
76fbfa25,10101101,10101101,10101101,True,True,ok,1,I5 I6 default 1 I1 I2 I3 I4 I5
77298199,10011000,10011000,10011000,True,True,ok,0,AND-NOT45 AND-NOT56 AND-NOT67 I7 I0 I1 I2 I3
77602e0f,11001101,11001101,11001010,True,False,ok,0,XOR-NOT45 XOR-NOT56 XOR-NOT67 OR-NOT07 OR-NOT10 OR-NOT21 OR-NOT32 OR-NOT43
77804b32,00010110,00010110,00010110,True,True,ok,0,I7 I0 I1 I2 OR03 OR14 OR25 OR36
77819d4e,10111101,10111101,10111101,True,True,ok,0,OR61 OR72 OR03 OR14 OR25 OR36 OR47 I5
779bb1f3,10000001,10000001,10000001,True,True,ok,0,I6 I7 C0 C0 C0 C0 C0 I0
77e60a3e,00010110,00010110,00010110,True,True,ok,0,XOR-NOT37 NOT4 NOT5 NOT6 OR-NOT07 OR-NOT10 OR-NOT21 OR-NOT32
77f17a8f,00011111,00011111,00011111,True,True,ok,0,XOR-NOT02 NOT3 OR-NOT04 OR-NOT15 OR-NOT26 OR-NOT37 OR-NOT40 OR-NOT51
780bf5c8,00000000,00000000,00000000,True,True,ok,0,C0 C0 C0 C0 C0 C0 C0 AND02
782dfb49,10101010,10101010,10101010,True,True,ok,0,AND71 AND02 AND13 AND24 AND35 AND46 AND57 C0
783a1317,00111110,00111110,00111110,True,True,ok,0,AND61 AND72 I0 I1 I2 I3 I4 I5
78616706,00000111,00000111,00000111,True,True,ok,0,AND67 C0 C0 I0 I1 I2 I3 I4
7877dd7f,11101000,11101000,11101000,True,True,ok,0,OR61 OR72 I3 I4 I5 I6 I7 I0
78989fb5,01100001,01100001,01100001,True,True,ok,0,I4 I5 XOR60 XOR71 XOR02 XOR13 XOR24 XOR35
789b83ce,00001110,01111110,00001110,False,True,ok,4,I3 default 1 default 1 default 1 default 1 I4 I5 I6
78cf1c8f,00000100,00000100,00000100,True,True,ok,0,I5 I6 I7 C0 AND01 AND12 AND23 AND34
78d02fc5,11001001,11001011,11001000,False,False,ok,0,XOR-NOT26 XOR-NOT37 NOT4 NOT5 NOT6 NOT7 OR-NOT70 OR-NOT01
78d9d61d,00001001,00001001,00001001,True,True,ok,0,I7 C0 I0 I1 I2 I3 I4 I5
78db4aa3,11011011,11011011,11011101,True,False,ok,1,XOR-NOT37 XOR-NOT40 XOR-NOT51 C1 default 1 OR-NOT24 OR-NOT35 OR-NOT46
790d2fa8,11011001,11111001,11011001,False,True,ok,4,I3 default 1 default 1 default 1 default 1 I4 I5 I6
790e0153,11101011,11111011,11111011,False,False,ok,1,C1 C1 C1 default 1 OR-NOT10 OR-NOT21 OR-NOT32 OR-NOT43
792a5ccd,10101100,10101110,10101100,False,True,ok,2,I1 I2 I3 I4 I5 default 1 default 1 I2
796c8b63,11111101,11111111,11111101,False,True,ok,3,C1 C1 C1 C1 default 1 default 1 default 1 NOT0
7973c1b7,11000111,11000111,11000110,True,False,ok,0,XOR-NOT26 XOR-NOT37 NOT4 NOT5 NOT6 NOT7 NOT0 OR-NOT01
7987a44b,00010001,00010001,00010001,True,True,ok,0,I3 I4 I5 I6 I7 C0 C0 I0
799c6822,01101110,01101110,01101110,True,True,ok,0,I6 I0 I1 I2 I3 I4 I5 I6
7a3ed1ef,00010110,00011010,00010010,False,False,ok,1,AND-NOT32 AND-NOT43 AND-NOT54 AND-NOT65 default 1 I0 I1 I2
7a4063e6,10010110,10010110,10010110,True,True,ok,0,I7 I0 XOR01 XOR12 XOR23 XOR34 XOR45 XOR56
7a5d00a7,11110011,11110111,11110011,False,True,ok,1,I2 I3 I4 I5 I6 default 1 I1 I2
7a79ac09,11111111,11111111,11111111,True,True,ok,0,I3 OR40 OR51 OR62 OR73 OR04 OR15 OR26
7aa4fdf0,00000001,00000001,00000001,True,True,ok,0,AND-NOT43 AND-NOT54 AND-NOT65 AND-NOT76 AND-NOT07 I1 I2 I3
7aba9046,00011010,00011110,00011010,False,True,ok,2,I1 I2 I3 I4 I5 default 1 default 1 I2
7abab429,00000000,00000000,00000000,True,True,ok,0,C0 C0 C0 C0 C0 C0 C0 AND03
7af6e047,11001110,11001110,11001110,True,True,ok,0,I5 I6 I7 I0 I1 I2 I3 I4
7b107eec,10110101,10110101,10110101,True,True,ok,0,XOR-NOT13 XOR-NOT24 XOR-NOT35 XOR-NOT46 XOR-NOT57 OR-NOT06 OR-NOT17 C1
7b26e296,11011100,11011100,11011100,True,True,ok,0,I1 I2 I3 I4 I5 I6 I7 I0
7b38ff97,00100000,00100100,00100100,False,False,ok,1,AND71 AND02 AND13 AND24 AND35 default 1 AND15 AND26
7b412ac0,11101010,11101010,11101010,True,True,ok,0,I3 I4 I5 I6 I7 C0 I0 I1
7b4ac17a,11010101,11010101,11010100,True,False,ok,0,XOR-NOT24 XOR-NOT35 XOR-NOT46 XOR-NOT57 NOT6 NOT7 NOT0 OR-NOT01
7b6f55dc,10011110,11111110,10011110,False,True,ok,3,I4 default 1 default 1 default 1 I3 I4 I5 I6
7bad754f,11110011,11111111,10000011,False,False,ok,5,XOR-NOT24 default 1 default 1 default 1 default 1 default 1 OR-NOT52 OR-NOT63
7c206ce2,00000000,00000000,00000000,True,True,ok,0,AND57 C0 C0 C0 C0 C0 C0 C0
7c27d6df,00101101,00111101,00000010,False,False,ok,4,XOR-NOT26 I0 default 1 default 1 default 1 default 1 OR-NOT54 OR-NOT65
7c4db527,11100001,11100000,11100000,False,False,ok,0,XOR-NOT67 XOR-NOT70 NOT1 NOT2 NOT3 NOT4 NOT5 OR01
7c538bb0,10110110,10110110,10110110,True,True,ok,0,XOR-NOT72 NOT3 OR-NOT04 OR-NOT15 OR-NOT26 OR-NOT37 OR-NOT40 OR-NOT51
7c6950c4,01000111,01000111,01000001,True,False,ok,2,AND-NOT41 AND-NOT52 AND-NOT63 AND-NOT74 AND-NOT05 default 1 default 1 I3
7c980689,11000011,11000011,11000011,True,True,ok,1,I6 default 1 I1 I2 I3 I4 I5 I6
7c99ca45,10100000,10100100,10100000,False,True,ok,1,AND24 AND35 AND46 AND57 AND60 default 1 AND12 AND23
7cc61ea9,10100101,10100101,10100101,True,True,ok,0,XOR56 XOR67 I7 I0 I1 I2 I3 I4
7dba5d8b,11011111,11111111,10001011,False,False,ok,3,XOR-NOT14 default 1 default 1 default 1 OR-NOT35 OR-NOT46 OR-NOT57 OR-NOT60
7dec2e14,01001100,01001100,01001100,True,True,ok,0,XOR-NOT35 XOR-NOT46 XOR-NOT57 XOR-NOT60 XOR-NOT71 NOT2 NOT3 NOT4
7e246b00,01110011,01110011,01110011,True,True,ok,0,XOR-NOT56 XOR-NOT67 NOT7 NOT0 NOT1 OR-NOT02 OR-NOT13 OR-NOT24
7e527a97,00000110,00000110,00000110,True,True,ok,0,AND36 AND47 C0 C0 C0 I0 I1 I2
7e577681,11101011,11101011,10100010,True,False,ok,2,OR37 default 1 I1 AND-NOT20 default 1 OR-NOT42 OR-NOT53 OR-NOT64
7e5b8c12,10110000,10110000,10110000,True,True,ok,0,I6 I7 I0 I1 I2 I3 I4 I5
7eaa679e,10110101,10110101,10110101,True,True,ok,0,I7 I0 I1 I2 I3 I4 I5 I6
7eaadb01,00100111,00100111,00100111,True,True,ok,0,AND72 NOT3 NOT4 NOT5 NOT6 OR-NOT07 OR-NOT10 OR-NOT21
7ed809c8,11000000,11000000,11000000,True,True,ok,0,I1 I2 I3 I4 I5 I6 I7 I0
7f125280,00001010,00001010,00001010,True,True,ok,0,AND-NOT34 AND-NOT45 AND-NOT56 AND-NOT67 I7 I0 I1 I2
7f2e1469,11111010,11110110,11111011,False,False,ok,3,C1 C1 C1 default 1 NOT5 default 1 default 1 OR-NOT40
7f6baac7,01001000,11111000,10001000,False,False,ok,3,I2 default 1 default 1 default 1 I6 I7 I0 I1
7f73016f,01010110,01010110,01010010,True,False,ok,0,XOR-NOT67 XOR-NOT70 NOT1 NOT2 NOT3 OR-NOT04 OR-NOT15 OR-NOT26
7fae2ece,01011110,01011110,01011110,True,True,ok,0,AND13 AND24 AND35 AND46 AND57 AND60 AND71 C0
7fec1d14,00101010,00101011,00101011,False,False,ok,0,XOR-NOT36 XOR-NOT47 NOT5 NOT6 NOT7 NOT0 OR70 OR01
7ff6d6c3,00000010,00000010,00000010,True,True,ok,0,AND36 AND47 C0 C0 AND70 AND01 AND12 AND23
8076c574,10111110,10111110,10111110,True,True,ok,0,I6 I7 I0 I1 I2 I3 I4 I5
807c4206,10111000,10111000,10111000,True,True,ok,0,OR37 I4 I5 I6 I7 I0 I1 I2
8082a958,00000000,00000000,00000000,True,True,ok,0,C0 C0 C0 C0 C0 C0 C0 AND02
80e2775c,01000000,01011100,01100100,False,False,ok,2,AND72 AND03 AND14 default 1 default 1 OR47 AND35 AND46
81068064,00111001,00111001,00111011,True,False,ok,2,AND23 AND34 default 1 AND15 default 1 AND73 AND04 AND15
812131f1,11111011,11111011,11111011,True,True,ok,1,I3 I4 I5 I6 default 1 I1 I2 I3
81323d52,10110001,10111111,10110001,False,True,ok,4,I1 I2 I3 default 1 default 1 default 1 default 1 I4
813f2402,00000011,00000011,00000011,True,True,ok,0,C0 C0 C0 C0 C0 I0 I1 I2
81522f20,00000010,01110010,00000010,False,True,ok,3,AND-NOT24 default 1 default 1 default 1 I6 I7 I0 I1
815507cd,10110111,10111111,10100111,False,False,ok,2,XOR-NOT13 XOR-NOT24 XOR-NOT35 default 1 default 1 OR-NOT26 OR-NOT37 OR-NOT40
8171f73c,00000001,00000011,00000010,False,False,ok,1,C0 C0 C0 C0 C0 C0 default 1 I0
81a1d399,00110011,00110011,00110011,True,True,ok,0,C0 I0 I1 I2 I3 I4 I5 I6
81e39cf5,01011100,01011100,01011100,True,True,ok,0,I1 I2 I3 I4 XOR50 XOR61 XOR72 XOR03
820c588f,00000000,00000000,00000000,True,True,ok,0,AND34 AND45 AND56 AND67 AND70 C0 C0 C0
8211fd2f,10111111,11111111,11000100,False,False,ok,4,XOR-NOT13 default 1 default 1 default 1 default 1 OR-NOT46 OR-NOT57 OR-NOT60
823be38e,01110100,01110100,01110100,True,True,ok,1,I4 I5 I6 default 1 I1 I2 I3 I4
8243c91e,01000101,01000101,00000001,True,False,ok,0,AND14 AND25 AND36 AND47 C0 AND60 AND71 AND02
826a32cd,00011110,00011110,00011110,True,True,ok,0,I1 I2 I3 I4 XOR50 XOR61 XOR72 XOR03
82acc609,10111010,10111010,10111010,True,True,ok,0,XOR67 I7 I0 I1 I2 I3 I4 I5
82ae858c,11001101,11111101,11100001,False,False,ok,4,XOR-NOT25 XOR-NOT36 default 1 default 1 default 1 default 1 OR-NOT43 OR-NOT54
82d937aa,11111011,11111010,11111010,False,False,ok,0,I7 I0 I1 I2 I3 I4 I5 I6
835aca57,00000000,00000000,00000000,True,True,ok,0,C0 C0 C0 C0 C0 C0 C0 AND04
835c56b6,01110100,01110100,01110100,True,True,ok,0,AND-NOT37 I4 I5 I6 I7 I0 I1 I2
836b85e8,00000000,00000000,00000000,True,True,ok,0,C0 C0 C0 AND72 AND03 AND14 AND25 AND36
837d7158,00110100,00110100,00110100,True,True,ok,0,C0 AND60 AND71 AND02 AND13 AND24 AND35 AND46
839e7350,00111011,00111011,00111011,True,True,ok,0,XOR-NOT25 XOR-NOT36 XOR-NOT47 NOT5 NOT6 NOT7 C1 C1
83a70d48,00000100,00000100,00000000,True,False,ok,1,AND24 AND35 AND46 AND57 AND60 default 1 AND12 AND23
83bea6b2,10111011,10111011,10111011,True,True,ok,0,XOR13 XOR24 XOR35 XOR46 XOR57 XOR60 XOR71 I2
840050ec,10001010,10001010,00001010,True,False,ok,0,AND47 C0 C0 C0 I0 I1 I2 I3
845fee60,01110000,01110000,01110000,True,True,ok,0,I2 I3 I4 I5 I6 I7 C0 I0
846176af,01000000,01000000,01000000,True,True,ok,0,AND46 AND57 C0 C0 C0 C0 C0 C0
847d8897,00000000,00000000,00000000,True,True,ok,0,C0 C0 AND40 AND51 AND62 AND73 AND04 AND15
84b4b07b,10111111,10111111,01001000,True,False,ok,1,AND36 AND47 AND50 AND61 default 1 AND13 AND24 AND35
84e3f9f7,01100001,01101111,01100001,False,True,ok,3,I1 I2 I3 I4 default 1 default 1 default 1 I3
851a22cb,00001010,00001010,00001010,True,True,ok,0,I7 C0 C0 C0 I0 I1 I2 I3
851c53be,10000101,10000101,10000101,True,True,ok,0,I7 C0 C0 C0 C0 I0 I1 I2
855b5480,01111010,01111010,00111010,True,False,ok,0,AND56 AND67 I0 I1 I2 I3 I4 I5
859a3ca8,00111110,00111110,00011011,True,False,ok,1,XOR-NOT45 XOR-NOT56 default 1 OR-NOT17 OR-NOT20 OR-NOT31 OR-NOT42 OR-NOT53
85af23eb,00001111,00001111,00001111,True,True,ok,0,XOR-NOT37 NOT4 NOT5 NOT6 NOT7 C1 C1 C1
8610c227,11010000,11010000,11010000,True,True,ok,0,XOR57 XOR60 XOR71 I2 I3 I4 I5 I6
8631d7b6,00000000,10000000,10000000,False,False,ok,0,AND47 C0 C0 C0 C0 C0 C0 C0
8647cfb4,00101011,00101011,00101011,True,True,ok,0,I3 I4 I5 I6 I7 I0 OR01 OR12
86b727ff,01000000,01000000,01000000,True,True,ok,0,AND35 AND46 AND57 C0 C0 C0 AND01 AND12
86e91f7d,00000001,00000001,00000001,True,True,ok,0,I7 C0 C0 C0 C0 C0 C0 AND60
87007054,10111111,10111111,10111111,True,True,ok,0,XOR-NOT45 XOR-NOT56 XOR-NOT67 NOT7 C1 C1 C1 C1
872c96f1,00010000,00010000,00010000,True,True,ok,0,AND14 AND25 AND36 AND47 C0 C0 C0 C0
872ca2f9,11111010,11111010,11111010,True,True,ok,0,I5 XOR60 XOR71 XOR02 XOR13 XOR24 XOR35 XOR46
873b8ea2,01110010,01110010,01110010,True,True,ok,0,I7 I0 I1 I2 I3 I4 I5 I6
8740ed31,01101000,01101000,00001010,True,False,ok,1,AND37 AND40 AND51 I6 default 1 AND24 AND35 AND46
876806f0,01000101,01000101,01000101,True,True,ok,0,XOR37 XOR40 XOR51 XOR62 XOR73 I4 I5 I6
8785d0c3,00000000,00000000,00000000,True,True,ok,0,AND14 AND25 AND36 AND47 AND50 AND61 AND72 C0
8789bd45,00010010,00010010,00010010,True,True,ok,0,AND-NOT75 AND-NOT06 AND-NOT17 I2 I3 I4 I5 I6
87c4e31b,00010111,00011111,01000011,False,False,ok,2,XOR-NOT37 XOR-NOT40 XOR-NOT51 default 1 default 1 OR-NOT24 OR-NOT35 OR-NOT46
885c8b51,00000001,00000001,00000001,True,True,ok,0,AND-NOT31 AND-NOT42 AND-NOT53 AND-NOT64 AND-NOT75 AND-NOT06 AND-NOT17 I2
888069cb,00000010,00000010,00000010,True,True,ok,0,C0 AND70 AND01 AND12 AND23 AND34 AND45 AND56
88872de7,00000010,00000010,00000010,True,True,ok,0,AND47 C0 C0 C0 I0 I1 I2 I3
88ae9960,00000000,00000000,00000000,True,True,ok,0,AND67 C0 C0 C0 C0 C0 C0 C0
88c482d3,00100001,00100001,00100001,True,True,ok,0,I2 I3 I4 I5 I6 I7 C0 I0
88ca8c4a,00001001,00001001,00001001,True,True,ok,0,AND71 C0 AND03 AND14 AND25 AND36 AND47 AND50
88fff090,01101000,01101000,01101000,True,True,ok,0,AND24 AND35 AND46 AND57 AND60 AND71 AND02 AND13
892d73b5,00010101,00010101,00010101,True,True,ok,0,I5 I6 I7 I0 I1 I2 I3 I4
8982c48b,00100001,00100001,00100001,True,True,ok,0,I5 I6 I7 C0 C0 C0 C0 I0
89906f16,00000011,00000011,00000011,True,True,ok,0,I3 I4 I5 I6 OR70 OR01 OR12 OR23
899b479d,11011100,11011100,11011100,True,True,ok,0,C1 NOT0 NOT1 OR-NOT02 OR-NOT13 OR-NOT24 OR-NOT35 OR-NOT46
89bcfe7c,00000000,00000000,00000000,True,True,ok,0,I7 C0 C0 C0 C0 C0 I0 I1
89dfa4c2,00111010,00111010,00111010,True,True,ok,0,AND-NOT26 AND-NOT37 I4 I5 I6 I7 I0 I1
89ff5526,11011101,11111101,11011101,False,True,ok,3,I4 default 1 default 1 default 1 I3 I4 I5 I6
8a04fbe3,00010001,00010001,00010001,True,True,ok,0,C0 C0 AND50 AND61 AND72 AND03 AND14 AND25
8a057351,01110111,01110111,01110111,True,True,ok,0,XOR-NOT47 NOT5 NOT6 NOT7 NOT0 OR-NOT01 OR-NOT12 OR-NOT23
8a0867ce,01110111,01110111,01110111,True,True,ok,0,C0 I0 I1 I2 I3 I4 I5 I6
8a1a2c31,00001010,00111010,00101010,False,False,ok,2,AND-NOT73 AND-NOT04 C1 default 1 default 1 I4 I5 I6
8a382428,01100110,01100110,01100110,True,True,ok,0,I1 I2 I3 I4 I5 I6 I7 I0
8a45a3d4,11111111,11111110,10011010,False,False,ok,6,OR-NOT30 default 1 default 1 default 1 default 1 default 1 default 1 OR67
8a5742e1,00010000,00010000,00010000,True,True,ok,0,I4 I5 I6 I7 C0 C0 C0 C0
8a89300d,10001001,10001011,10001001,False,True,ok,1,AND-NOT41 AND-NOT52 AND-NOT63 AND-NOT74 AND-NOT05 AND-NOT16 default 1 I3
8abcff0f,11110111,11110111,11110111,True,True,ok,0,I4 I5 I6 I7 I0 OR01 OR12 OR23
8ac1a11a,01111011,01111011,01111011,True,True,ok,0,I7 I0 OR01 OR12 OR23 OR34 OR45 OR56
8ac52d78,00010000,00010000,00010000,True,True,ok,0,AND45 AND56 AND67 AND70 C0 C0 C0 C0
8ad0116e,01000100,01000100,01000100,True,True,ok,0,I5 I6 I7 I0 I1 I2 I3 I4
8b12ff37,10000000,10000000,10000000,True,True,ok,0,I6 I7 C0 C0 C0 C0 C0 I0
8b434583,01001111,01011111,01010101,False,False,ok,3,XOR-NOT12 XOR-NOT23 XOR-NOT34 default 1 default 1 NOT7 default 1 OR-NOT41
8b471ce9,00001111,00101111,00001110,False,False,ok,1,XOR-NOT15 XOR-NOT26 default 1 OR-NOT24 OR-NOT35 OR-NOT46 OR-NOT57 OR-NOT60
8b4c71ba,11001100,11001100,11001100,True,True,ok,0,OR15 OR26 OR37 OR40 OR51 OR62 OR73 OR04
8b85ff03,11111111,11111111,11111111,True,True,ok,0,C1 C1 C1 C1 C1 NOT0 NOT1 OR-NOT02
8bca1334,11100011,11111111,10000011,False,False,ok,5,XOR-NOT25 default 1 default 1 default 1 default 1 default 1 OR-NOT53 OR-NOT64
8bf273f5,11110101,11110101,11110101,True,True,ok,0,XOR-NOT23 XOR-NOT34 XOR-NOT45 XOR-NOT56 XOR-NOT67 XOR-NOT70 OR-NOT01 OR-NOT12
8c06fb6f,10111111,10111111,10111111,True,True,ok,0,XOR-NOT72 XOR-NOT03 OR-NOT04 OR-NOT15 OR-NOT26 OR-NOT37 OR-NOT40 OR-NOT51
8c0f9291,00001111,00001111,00000111,True,False,ok,0,XOR-NOT14 XOR-NOT25 XOR-NOT36 XOR-NOT47 OR-NOT05 OR-NOT16 OR-NOT27 C1
8c743940,01100100,01100100,01100100,True,True,ok,0,C0 I0 I1 I2 I3 I4 I5 I6
8c9fcc6b,11110111,11111111,11110111,False,True,ok,5,I1 I2 default 1 default 1 default 1 default 1 default 1 I5
8caf74ff,00100101,00100101,00100101,True,True,ok,0,I7 I0 I1 I2 I3 I4 XOR15 XOR26
8cf926ca,00110111,00110111,00110111,True,True,ok,0,XOR-NOT56 XOR-NOT67 OR-NOT07 OR-NOT10 OR-NOT21 OR-NOT32 OR-NOT43 OR-NOT54
8d077532,11001110,11111110,11001110,False,True,ok,5,I1 I2 default 1 default 1 default 1 default 1 default 1 I5
8d20d0ae,11000010,11000010,11000010,True,True,ok,0,I6 I7 C0 C0 C0 I0 I1 I2
8d2290b0,10000000,10001110,10000000,False,True,ok,3,I1 I2 I3 I4 default 1 default 1 default 1 I3
8d35261d,10001001,10001001,10001001,True,True,ok,0,I1 I2 I3 I4 I5 I6 I7 I0
8d6688e9,11100111,11100111,11100111,True,True,ok,0,XOR-NOT57 NOT6 NOT7 NOT0 NOT1 OR-NOT02 OR-NOT13 OR-NOT24
8d90150c,10101000,10101010,10101000,False,True,ok,0,I3 I4 I5 I6 I7 C0 AND-NOT70 AND-NOT01
8dcbf9d4,10110111,10111110,10110000,False,False,ok,5,XOR-NOT71 XOR-NOT02 default 1 default 1 default 1 default 1 default 1 I5
8e5d6fe6,10000111,10000111,10000111,True,True,ok,0,AND25 AND36 AND47 I0 I1 I2 I3 I4
8e76c0d0,10111010,10111010,10111010,True,True,ok,0,I4 I5 OR60 OR71 OR02 OR13 OR24 OR35
8e7952cc,00000100,00000100,00000000,True,False,ok,0,AND57 AND60 AND71 C0 C0 AND04 AND15 AND26
8e96d488,00001010,00001010,00001010,True,True,ok,0,I6 I7 C0 C0 I0 I1 I2 I3
8e99c51c,00000000,00000010,00000000,False,True,ok,1,AND15 AND26 AND37 AND40 AND51 AND62 default 1 AND14
8ed5c9e7,11101110,11101110,11101110,True,True,ok,0,OR57 OR60 OR71 I2 I3 I4 I5 I6
8edddcc4,00000011,00000011,00000011,True,True,ok,0,I7 C0 C0 C0 C0 I0 I1 I2
8f07a84d,11101000,11101000,11101000,True,True,ok,0,AND-NOT16 I2 I3 I4 I5 I6 I7 I0
8f52b3de,10010001,10010000,10010001,False,True,ok,0,I3 I4 I5 I6 I7 C0 AND73 AND04
8f6d4fb3,00101011,00101011,00101011,True,True,ok,0,I3 I4 I5 I6 I7 C0 I0 I1
8f7b37be,10011111,10011111,10011111,True,True,ok,0,XOR25 NOT6 NOT7 C1 C1 C1 C1 C1
8fa7ea3a,01000001,01000001,01000001,True,True,ok,0,AND71 AND02 AND13 AND24 AND35 AND46 AND57 AND60
8fbd2477,01011010,01011010,01011010,True,True,ok,0,XOR13 XOR24 XOR35 XOR46 XOR57 I6 I7 I0
8fc1816e,01100011,01100011,01100011,True,True,ok,0,C0 I0 I1 I2 I3 I4 I5 I6
9016e3d3,11001001,11001001,11001001,True,True,ok,0,I6 I7 C0 C0 I0 I1 I2 I3
9077fa09,01111101,01111101,01111101,True,True,ok,0,I6 I7 I0 OR01 OR12 OR23 OR34 OR45
90f50354,11101011,11101111,01100100,False,False,ok,2,XOR-NOT72 XOR-NOT03 XOR-NOT14 XOR-NOT25 default 1 default 1 OR-NOT25 OR-NOT36
9121e150,11111001,11111111,11111001,False,True,ok,2,I1 I2 I3 I4 I5 default 1 default 1 I2
9124295a,01010101,01010101,01010100,True,False,ok,0,XOR-NOT56 XOR-NOT67 XOR-NOT70 NOT1 NOT2 NOT3 NOT4 OR-NOT05
91c9c95f,00010010,00010010,00010010,True,True,ok,0,AND12 AND23 AND34 AND45 AND56 AND67 I0 I1
91dc0848,00100100,01111100,00100100,False,True,ok,5,I2 default 1 default 1 default 1 default 1 default 1 I5 I6
9238e8d6,11101010,11101010,11101010,True,True,ok,0,AND-NOT47 I5 I6 I7 I0 I1 I2 I3
923b3059,10000001,10000111,10000101,False,False,ok,2,AND-NOT71 AND-NOT02 AND-NOT13 AND-NOT24 AND-NOT35 default 1 default 1 I6
929bbda5,01111111,01111111,01111111,True,True,ok,0,XOR-NOT36 XOR-NOT47 NOT5 NOT6 OR-NOT07 OR-NOT10 OR-NOT21 OR-NOT32
92b8f52a,01010100,01011100,01000001,False,False,ok,3,AND71 AND02 AND13 default 1 default 1 default 1 I7 AND70
92ce2e1f,01110000,01110000,01110000,True,True,ok,0,AND-NOT72 AND-NOT03 AND-NOT14 AND-NOT25 AND-NOT36 AND-NOT47 I5 I6
934a2c55,00101011,00101011,00101011,True,True,ok,0,XOR71 I2 I3 I4 I5 I6 I7 I0
936c3c1e,00000000,00000000,00000000,True,True,ok,0,AND25 AND36 AND47 C0 C0 C0 C0 C0
938b81c2,01111111,01111111,00111111,True,False,ok,1,XOR-NOT02 default 1 OR-NOT13 OR-NOT24 OR-NOT35 OR-NOT46 OR-NOT57 OR-NOT60
939273d7,11100110,11100110,11100010,True,False,ok,0,XOR-NOT45 XOR-NOT56 XOR-NOT67 XOR-NOT70 NOT1 OR-NOT02 OR-NOT13 OR-NOT24
93955d17,10000100,10000100,10000100,True,True,ok,0,I6 I7 AND01 AND12 AND23 AND34 AND45 AND56
93ef4c81,01001110,01001110,01001110,True,True,ok,0,I4 I5 I6 I7 I0 OR01 OR12 OR23
942ddd73,00000011,00000011,00000011,True,True,ok,0,AND14 AND25 AND36 AND47 AND50 AND61 I2 I3
9460a623,00000000,00000000,00000000,True,True,ok,0,AND34 AND45 AND56 AND67 C0 C0 C0 C0
947a029b,11111101,11111101,11111101,True,True,ok,0,I1 I2 I3 I4 I5 I6 I7 I0
947c23f0,10111011,10111011,10111011,True,True,ok,0,XOR-NOT26 XOR-NOT37 OR-NOT04 OR-NOT15 OR-NOT26 OR-NOT37 C1 C1
94c25c56,11111111,11111111,11111111,True,True,ok,0,C1 C1 C1 C1 C1 C1 C1 I1
95205105,00010100,00010100,00010100,True,True,ok,0,I7 C0 C0 I0 I1 I2 I3 I4
955e8713,11010111,11011111,11000011,False,False,ok,2,XOR-NOT72 XOR-NOT03 XOR-NOT14 XOR-NOT25 default 1 default 1 OR-NOT25 OR-NOT36
95771a39,00000100,01111100,00100000,False,False,ok,4,I7 default 1 I0 default 1 default 1 default 1 I4 I5
965ea054,10110101,10111111,10110101,False,True,ok,3,I1 I2 I3 I4 default 1 default 1 default 1 I3
978c688b,11010111,11010111,11010111,True,True,ok,0,I4 I5 I6 I7 C0 I0 I1 I2
97b03b75,11000110,11000110,11000100,True,False,ok,0,I4 I5 I6 I7 AND03 AND14 AND25 AND36
97e7a57f,01010000,01010000,01010000,True,True,ok,0,I5 I6 I7 I0 I1 XOR02 XOR13 XOR24
97eb9131,10100001,10100001,10100001,True,True,ok,0,I4 I5 I6 I7 C0 C0 I0 I1
97f45beb,11011111,11011111,10011111,True,False,ok,1,XOR-NOT35 default 1 XOR15 OR-NOT26 OR-NOT37 OR-NOT40 OR-NOT51 OR-NOT62
989dde0a,01000100,01000100,01000100,True,True,ok,0,AND-NOT21 AND-NOT32 AND-NOT43 AND-NOT54 AND-NOT65 AND-NOT76 AND-NOT07 I1
98bbac0f,01101011,01101011,01101011,True,True,ok,0,AND-NOT67 I7 I0 I1 I2 I3 I4 I5
98c4eb34,00100000,00100000,00100000,True,True,ok,0,AND72 AND03 AND14 AND25 AND36 AND47 AND50 AND61
98e1a8b4,01111110,01111110,01110110,True,False,ok,1,XOR-NOT35 XOR-NOT46 default 1 OR-NOT26 OR-NOT37 OR-NOT40 OR-NOT51 OR-NOT62
9972f3f1,11000001,11000001,11000001,True,True,ok,0,I5 I6 I7 C0 C0 C0 C0 I0
9984fc0f,01111110,01111110,01111110,True,True,ok,0,I5 I6 I7 I0 I1 I2 I3 I4
9992bbd0,11110110,11110110,11110110,True,True,ok,0,XOR57 XOR60 XOR71 I2 I3 I4 I5 I6
999673ed,01100100,01110100,01100100,False,True,ok,1,I4 I5 I6 default 1 I1 I2 I3 I4
99bda3b2,11010010,11010010,11010010,True,True,ok,0,AND-NOT26 AND-NOT37 I4 I5 I6 I7 I0 I1
99ff46bb,11100101,11100101,11100101,True,True,ok,1,I5 I6 default 1 I1 I2 I3 I4 I5
9ab82dfb,10011100,10011100,10011100,True,True,ok,0,I6 I7 C0 I0 I1 I2 I3 I4
9ad52d28,00111000,00111000,00111000,True,True,ok,0,I2 I3 I4 I5 I6 I7 C0 I0
9adc9406,10110000,10110100,10110000,False,True,ok,0,I3 I4 I5 I6 I7 AND60 AND71 AND02
9b1761fb,10000000,00000000,00000000,False,False,ok,0,AND35 C0 C0 C0 C0 C0 C0 C0
9b2b3698,01000001,01000001,01000001,True,True,ok,0,I6 I7 C0 C0 C0 I0 I1 I2
9b9b87e3,01110111,01110111,01100010,True,False,ok,0,XOR-NOT25 XOR-NOT36 XOR-NOT47 OR-NOT05 OR-NOT16 OR-NOT27 OR-NOT30 OR-NOT41
9bbca089,10000000,10011110,11000000,False,False,ok,4,AND-NOT41 AND-NOT52 AND-NOT63 default 1 default 1 default 1 default 1 I3
9bd65991,00000101,00000101,00000101,True,True,ok,0,I7 C0 C0 C0 C0 I0 I1 I2
9bfb1cc6,10001101,10001101,10001101,True,True,ok,0,I6 I7 I0 I1 I2 I3 I4 I5
9c5c6401,11001100,11001100,11001100,True,True,ok,0,XOR71 XOR02 XOR13 XOR24 XOR35 XOR46 XOR57 I6
9c9eacbd,10000100,10000100,10000100,True,True,ok,0,AND-NOT26 AND-NOT37 C0 AND50 AND61 AND72 AND03 AND14
9cecae80,11011110,11011110,11011110,True,True,ok,4,I1 I2 I3 default 1 default 1 default 1 default 1 I4
9cfc388d,10100010,10100010,10100010,True,True,ok,0,AND24 AND35 AND46 AND57 C0 C0 I0 I1
9d09171e,01011111,01011111,01010100,True,False,ok,0,XOR-NOT15 XOR-NOT26 XOR-NOT37 NOT4 OR-NOT05 OR-NOT16 OR-NOT27 OR-NOT30
9d3e7f1a,01101010,01101010,01101010,True,True,ok,0,I3 I4 I5 I6 I7 C0 I0 I1
9d4f1368,00000001,00000001,00000001,True,True,ok,0,AND35 AND46 AND57 AND60 AND71 AND02 AND13 AND24
9d8897e8,11111001,11111001,11111001,True,True,ok,0,I2 I3 I4 I5 I6 I7 C0 I0
9d964043,01001111,01001111,01001111,True,True,ok,0,I6 I7 C0 C0 I0 I1 I2 I3
9dc1a759,11101110,11101110,11101110,True,True,ok,0,OR61 OR72 OR03 OR14 OR25 OR36 OR47 I5
9dfcd4be,10101010,10111010,11000010,False,False,ok,3,AND-NOT41 AND-NOT52 default 1 default 1 default 1 I1 I2 I3
9e2b594d,10000110,10111110,10000110,False,True,ok,5,I1 I2 default 1 default 1 default 1 default 1 default 1 I5
9e61762f,11111000,11111110,11111000,False,True,ok,5,I1 I2 default 1 default 1 default 1 default 1 default 1 I5
9eac443f,10000000,10000000,10000000,True,True,ok,0,I6 I7 C0 C0 C0 C0 C0 C0
9f2e45e7,11010010,11010010,11010010,True,True,ok,0,I6 I7 C0 I0 I1 I2 I3 I4
a00fe76a,10111011,10111011,10111011,True,True,ok,0,I6 I7 I0 I1 I2 I3 I4 I5
a04bd334,11010101,11010101,11010101,True,True,ok,0,I6 I7 C0 I0 I1 I2 I3 I4
a0847120,10000111,10000111,11000111,True,False,ok,0,XOR-NOT61 XOR-NOT72 NOT3 NOT4 NOT5 OR-NOT06 OR-NOT17 OR-NOT20
a0d317ce,00100000,00100000,00100000,True,True,ok,0,I2 I3 I4 I5 I6 I7 C0 I0
a0ffbfd2,11000111,11000111,11001111,True,False,ok,0,XOR-NOT34 XOR-NOT45 XOR-NOT56 XOR-NOT67 OR-NOT07 C1 C1 C1
a169fa86,11111001,11111001,11111001,True,True,ok,0,I2 I3 I4 I5 I6 I7 C0 I0
a19734b3,10110110,10110110,10110110,True,True,ok,0,XOR-NOT56 XOR-NOT67 NOT7 NOT0 OR-NOT01 OR-NOT12 OR-NOT23 OR-NOT34
a1a61c77,11011111,11011111,11011111,True,True,ok,0,I6 I7 I0 I1 I2 I3 I4 I5
a1c20432,00000000,00000000,00000000,True,True,ok,0,I5 I6 I7 C0 C0 C0 C0 I0
a1d2bb0c,00100010,00100110,00100010,False,True,ok,2,I1 I2 I3 I4 I5 default 1 default 1 I2
a2bb8c3a,00001101,00001101,00001101,True,True,ok,0,C0 C0 C0 I0 I1 I2 I3 I4
a2eb7c6f,00001101,00001101,00001101,True,True,ok,0,C0 C0 C0 I0 I1 I2 I3 I4
a30a5e37,00000001,00000001,00000001,True,True,ok,0,AND12 AND23 AND34 AND45 AND56 AND67 AND70 AND01
a316aadc,01010110,01010110,01010110,True,True,ok,0,XOR-NOT24 XOR-NOT35 XOR-NOT46 XOR-NOT57 NOT6 NOT7 NOT0 OR-NOT01
a33019c4,00100111,00100111,00100111,True,True,ok,1,XOR-NOT25 XOR-NOT36 XOR-NOT47 XOR-NOT50 XOR-NOT61 default 1 OR-NOT13 OR-NOT24
a365e304,11011011,11011011,11011011,True,True,ok,0,I5 I6 I7 I0 I1 XOR02 XOR13 XOR24
a37158d6,00001010,00001010,00001010,True,True,ok,0,XOR-NOT61 XOR-NOT72 XOR-NOT03 XOR-NOT14 XOR-NOT25 XOR-NOT36 XOR-NOT47 OR-NOT05
a4146eb7,00001000,00001000,00001000,True,True,ok,0,AND67 AND70 C0 AND02 AND13 AND24 AND35 AND46
a41a3626,10111011,10111011,10111011,True,True,ok,0,XOR47 I5 I6 I7 I0 I1 I2 I3
a46d71d0,01000011,01000011,01000011,True,True,ok,0,AND-NOT73 AND-NOT04 AND-NOT15 AND-NOT26 AND-NOT37 I4 I5 I6
a4770481,10000111,10000111,10000111,True,True,ok,0,I5 I6 OR70 OR01 OR12 OR23 OR34 OR45
a48b8329,00110101,00111111,00010001,False,False,ok,5,XOR-NOT12 XOR-NOT23 default 1 default 1 default 1 default 1 default 1 OR-NOT51
a4970d02,00000101,00000101,00000101,True,True,ok,0,I7 I0 I1 I2 I3 I4 I5 I6
a4dd4cce,10110010,10110010,10110010,True,True,ok,0,I4 I5 I6 I7 C0 I0 I1 I2
a4ea5f61,10110111,10110111,10110111,True,True,ok,1,I4 I5 I6 default 1 I1 I2 I3 I4
a4f4fb0c,01101101,01101111,01101101,False,True,ok,2,I1 I2 I3 I4 I5 default 1 default 1 I2
a4fceb43,00100000,00100000,00100000,True,True,ok,0,AND-NOT36 AND-NOT47 I5 I6 I7 I0 I1 I2
a50e5d7e,10110111,10110111,10110111,True,True,ok,0,I7 I0 I1 I2 OR03 OR14 OR25 OR36
a5208b7e,10100010,10101111,10101101,False,False,ok,2,XOR-NOT71 XOR-NOT02 XOR-NOT13 XOR-NOT24 default 1 OR-NOT64 default 1 OR57
a521be72,11011111,11011111,11011110,True,False,ok,0,XOR-NOT57 XOR-NOT60 XOR-NOT71 NOT2 NOT3 NOT4 NOT5 OR-NOT06
a56a80ac,01101000,01101000,01101000,True,True,ok,0,AND56 AND67 AND71 AND02 AND13 AND24 AND35 AND46
a5749dc0,00000000,00000000,00000000,True,True,ok,0,C0 C0 C0 C0 C0 C0 AND15 AND26
a59e2ff7,01011111,01011111,01011111,True,True,ok,0,I3 I4 I5 OR60 OR71 OR02 OR13 OR24
a6082142,00010010,00010010,00010010,True,True,ok,0,AND-NOT31 AND-NOT42 AND-NOT53 AND-NOT64 AND-NOT75 AND-NOT06 AND-NOT17 I2
a60c36ec,11101110,11101110,01101010,True,False,ok,0,XOR-NOT56 XOR-NOT67 XOR-NOT70 NOT1 OR-NOT02 OR-NOT13 OR-NOT24 OR-NOT35
a6192d29,00001000,01111110,00000000,False,False,ok,6,AND61 default 1 default 1 default 1 default 1 default 1 default 1 AND56
a62417fe,01000110,01011110,01000110,False,True,ok,4,I1 I2 I3 default 1 default 1 default 1 default 1 I4
a62dd199,10111011,00111011,00111011,False,False,ok,0,XOR23 NOT4 OR-NOT05 OR-NOT16 OR-NOT27 OR-NOT30 OR-NOT41 OR-NOT52
a63f9c85,11111111,11111111,11111111,True,True,ok,0,C1 C1 C1 C1 C1 C1 I4 I5
a6704625,00001101,00011111,00001111,False,False,ok,4,XOR-NOT14 XOR-NOT25 XOR-NOT36 default 1 default 1 default 1 default 1 OR-NOT43
a69f387a,01010011,01010011,01010011,True,True,ok,0,I1 I2 I3 I4 I5 I6 I7 I0
a6d00147,11101101,11111101,11101101,False,True,ok,1,I4 I5 I6 default 1 I1 I2 I3 I4
a6f7139f,11000000,11000000,11000000,True,True,ok,0,I6 I7 C0 C0 I0 I1 I2 I3
a7104414,10011011,10011011,10011011,True,True,ok,1,I3 I4 I5 I6 default 1 I1 I2 I3
a794d193,01011101,01011111,01011101,False,True,ok,2,I1 I2 I3 I4 I5 default 1 default 1 I2
a7cbf6fd,01100000,01100000,01100000,True,True,ok,0,I4 I5 I6 I7 C0 C0 AND47 AND50
a7dcc027,01011011,01011011,01011011,True,True,ok,0,XOR-NOT13 XOR-NOT24 XOR-NOT35 XOR-NOT46 XOR-NOT57 NOT6 NOT7 C1
a84ac590,11111110,11111110,10100100,True,False,ok,3,OR-NOT34 default 1 default 1 default 1 OR-NOT37 OR-NOT40 OR-NOT51 OR-NOT62
a87fdd3a,01011001,01011111,01011001,False,True,ok,1,I1 I2 I3 I4 I5 default 1 NOT7 I2
a8887238,00101000,00101000,00101000,True,True,ok,1,I3 I4 I5 I6 default 1 I1 I2 I3
a88c4f08,00110000,00111100,00110000,False,True,ok,2,I2 I3 I4 I5 default 1 default 1 I2 I3
a897b8bc,01111101,01111101,01111101,True,True,ok,0,I5 OR60 OR71 OR02 OR13 OR24 OR35 OR46
a898cbc4,01010000,01010000,01010000,True,True,ok,0,AND24 AND35 AND46 AND57 C0 C0 C0 C0
a8ea0e29,00000000,00000000,00000000,True,True,ok,0,I7 C0 C0 C0 C0 C0 C0 C0
a8f2c2b9,10011111,10111111,10011101,False,False,ok,1,XOR-NOT35 XOR-NOT46 default 1 OR-NOT16 OR-NOT27 OR-NOT30 OR-NOT41 OR-NOT52
a8f5ad76,11100001,11110001,11100001,False,True,ok,1,I4 I5 I6 default 1 I1 I2 I3 I4
a91414ee,00011010,00011110,00011010,False,True,ok,3,I1 I2 I3 I4 default 1 default 1 default 1 I3
a916a770,00000000,00000000,00000000,True,True,ok,0,C0 C0 C0 C0 C0 C0 AND01 AND12
a94232ca,10000011,10011111,01001101,False,False,ok,2,AND-NOT71 AND-NOT02 AND-NOT13 default 1 I3 OR46 default 1 I6
a95e05ce,01101000,01101000,01101000,True,True,ok,0,OR36 OR47 OR50 OR61 OR72 I3 I4 I5
a99ea0f0,00101011,00100111,00000000,False,False,ok,1,XOR-NOT26 XOR-NOT37 XOR-NOT40 OR-NOT51 OR-NOT26 default 1 OR-NOT34 OR-NOT45
a9b2349f,00000000,00000000,00000000,True,True,ok,0,AND26 AND37 AND40 AND51 AND62 AND73 C0 C0
aa0f7c7d,11000101,11000101,11000101,True,True,ok,0,XOR45 XOR56 XOR67 I7 I0 I1 I2 I3
aa2e26f1,00001100,00001100,00001100,True,True,ok,0,C0 C0 C0 AND40 AND51 AND62 AND73 AND04
aa3ae31f,10011100,10011110,10011100,False,True,ok,3,I1 I2 I3 I4 default 1 default 1 default 1 I3
aa625771,11111111,11111111,11111111,True,True,ok,0,OR15 OR26 OR37 OR40 OR51 OR62 OR73 I4
aa72ae9f,00100110,00101101,00000011,False,False,ok,2,XOR-NOT12 XOR-NOT23 XOR-NOT34 XOR-NOT45 default 1 default 1 OR-NOT47 OR-NOT50
aaa62881,00110001,00110001,00110001,True,True,ok,0,I7 I0 I1 I2 I3 I4 XOR50 XOR61
ab064b6a,11111111,11111110,11111110,False,False,ok,0,XOR-NOT36 XOR-NOT47 XOR-NOT50 XOR-NOT61 XOR-NOT72 NOT3 NOT4 I0
ab0eee3d,00010111,00010111,00010011,True,False,ok,0,XOR-NOT37 XOR-NOT40 XOR-NOT51 XOR-NOT62 XOR-NOT73 OR-NOT04 OR-NOT15 OR-NOT26
ab104009,10010001,10010001,10010001,True,True,ok,0,XOR36 XOR47 XOR50 XOR61 XOR72 I3 I4 I5
ab5f7c7f,11110110,11111110,11110110,False,True,ok,3,I3 I4 default 1 default 1 default 1 I3 I4 I5
ab71eaa0,00010010,00011110,00010010,False,True,ok,4,I1 I2 I3 default 1 default 1 default 1 default 1 I4
aba5a35d,01011110,01011110,01011110,True,True,ok,0,I4 I5 XOR60 XOR71 XOR02 XOR13 XOR24 XOR35
abb5d597,00111000,00111000,00111000,True,True,ok,0,C0 C0 I0 I1 I2 I3 I4 I5
abb9c33a,01111100,01111100,01101110,True,False,ok,0,XOR-NOT25 XOR-NOT36 XOR-NOT47 OR-NOT05 OR-NOT16 OR-NOT27 OR-NOT30 OR-NOT41
abba85ac,11101110,11101110,11101110,True,True,ok,2,I5 default 1 default 1 I2 I3 I4 I5 I6
abda193b,11001111,11001111,11001010,True,False,ok,0,XOR-NOT24 XOR-NOT35 XOR-NOT46 XOR-NOT57 OR-NOT06 OR-NOT17 OR-NOT20 OR-NOT31
ac0d032d,00100000,00100000,00100000,True,True,ok,0,AND14 AND25 AND36 AND47 AND50 AND61 AND72 C0
ac145047,01010000,01010000,01010000,True,True,ok,0,XOR35 XOR46 XOR57 I6 I7 I0 I1 I2
ac5f6747,00011001,00011001,00011001,True,True,ok,0,I2 I3 I4 I5 I6 I7 C0 I0
ac7ed6cf,11100111,11100111,11100111,True,True,ok,0,C1 C1 C1 NOT0 NOT1 NOT2 OR-NOT03 OR-NOT14
ad1ade98,00000000,00000000,00000000,True,True,ok,0,C0 C0 C0 C0 C0 C0 C0 AND25
ad7edc85,11010100,11010100,11010110,True,False,ok,0,I2 I3 I4 I5 I6 I7 AND50 AND61
ada01a20,10000000,10000010,10000000,False,True,ok,1,AND-NOT51 AND-NOT62 AND-NOT73 AND-NOT04 AND-NOT15 AND-NOT26 default 1 I4
adeac6af,10010110,10010110,10010110,True,True,ok,0,AND-NOT21 AND-NOT32 AND-NOT43 AND-NOT54 AND-NOT65 AND-NOT76 I0 I1
ae006a91,11100010,11100010,11100010,True,True,ok,0,XOR-NOT72 NOT3 NOT4 NOT5 NOT6 NOT7 OR-NOT70 OR-NOT01
ae566562,11111001,10111001,11111001,False,True,ok,0,OR56 I6 I7 I0 I1 I2 I3 I4
ae73892e,00110001,00111101,00110001,False,True,ok,3,I2 I3 I4 default 1 default 1 default 1 I3 I4
ae93aec4,00011000,00011000,00011000,True,True,ok,0,AND57 I0 I1 I2 I3 I4 I5 I6
aea08eb0,11100111,11111111,11100111,False,True,ok,4,I3 default 1 default 1 default 1 default 1 I4 I5 I6
aea14651,11111100,11111100,11111100,True,True,ok,0,OR46 OR57 OR60 OR71 I2 I3 I4 I5
aeca38ba,01111011,01111011,01111011,True,True,ok,0,XOR61 I2 I3 I4 I5 I6 I7 I0
aedef8e4,00010000,00010000,00010000,True,True,ok,0,I4 I5 I6 I7 C0 C0 C0 I0
af0fd8f6,10100110,10100110,10100110,True,True,ok,0,I7 C0 I0 I1 I2 I3 I4 I5
af358750,01111111,01111111,01111111,True,True,ok,0,I5 I6 I7 I0 I1 I2 I3 I4
af5302ca,00011111,00011111,00011111,True,True,ok,0,I7 I0 I1 OR02 OR13 OR24 OR35 OR46
af58b824,10110000,10110110,10110000,False,True,ok,2,I1 I2 I3 I4 I5 default 1 default 1 I2
af5e4060,11001111,11001111,11001111,True,True,ok,0,I3 I4 I5 OR60 OR71 OR02 OR13 OR24
b06650c1,11101110,11101110,11101110,True,True,ok,0,XOR-NOT13 XOR-NOT24 XOR-NOT35 XOR-NOT46 XOR-NOT57 OR-NOT06 OR-NOT17 OR-NOT20
b0bc11f1,10000110,10110110,10000110,False,True,ok,2,I4 I5 default 1 default 1 I2 I3 I4 I5
b102a8a8,10001010,10001010,10001010,True,True,ok,0,AND-NOT74 AND-NOT05 AND-NOT16 AND-NOT27 I3 I4 I5 I6
b14f7be3,10111110,11111110,10111110,False,True,ok,3,I4 default 1 default 1 default 1 I3 I4 I5 I6
b14fb614,01100000,01100000,01100000,True,True,ok,0,I7 I0 I1 I2 I3 I4 I5 I6
b158ab98,00000001,10000001,00000001,False,True,ok,0,AND26 AND37 C0 C0 C0 AND03 AND14 AND25
b16455a2,10101011,10101011,10101011,True,True,ok,0,XOR-NOT25 XOR-NOT36 XOR-NOT47 XOR-NOT50 XOR-NOT61 XOR-NOT72 NOT3 I0
b1890a99,00001011,00001011,00001011,True,True,ok,0,AND34 AND45 AND56 AND67 I0 I1 I2 I3
b1b095ea,10001111,10101111,10001111,False,True,ok,1,I5 I6 default 1 I1 I2 I3 I4 I5
b1b5054f,00100000,00111000,00100000,False,True,ok,3,I3 I4 default 1 default 1 default 1 I3 I4 I5
b1de518a,11000111,11011111,11010010,False,False,ok,2,XOR-NOT13 XOR-NOT24 XOR-NOT35 default 1 default 1 OR-NOT26 OR-NOT37 OR-NOT40
b1f5a2e8,11111111,11111111,11111111,True,True,ok,0,C1 C1 C1 C1 C1 C1 C1 C1
b20b39bf,01110010,01110010,01110010,True,True,ok,0,XOR-NOT72 XOR-NOT03 XOR-NOT14 XOR-NOT25 XOR-NOT36 XOR-NOT47 OR-NOT15 OR-NOT26
b236ba44,11011101,01011101,01011101,False,False,ok,0,I3 OR-NOT03 OR-NOT14 OR-NOT25 OR-NOT36 OR-NOT47 OR-NOT50 OR-NOT61
b265a4af,00100100,00101100,00100000,False,False,ok,2,AND-NOT12 AND-NOT23 AND-NOT34 AND-NOT45 default 1 default 1 I7 I0
b275443b,00111000,00111001,00000100,False,False,ok,3,XOR-NOT12 XOR-NOT23 default 1 default 1 default 1 OR-NOT67 OR14 OR25
b287ee74,00000000,00000000,00000000,True,True,ok,0,C0 C0 C0 C0 C0 C0 I0 I1
b2bdef43,01111111,01111111,01111111,True,True,ok,0,XOR-NOT67 NOT7 C1 C1 C1 C1 C1 C1
b2d46dec,00101100,01101100,00101100,False,True,ok,2,I5 default 1 default 1 I2 I3 I4 I5 I6
b2fb65cf,11000011,11000011,11000011,True,True,ok,0,XOR-NOT26 XOR-NOT37 NOT4 NOT5 NOT6 NOT7 C1 C1
b30f8610,10000011,10000011,10000011,True,True,ok,0,I7 I0 I1 OR02 OR13 OR24 OR35 OR46
b3785949,11100011,11100011,11100011,True,True,ok,0,XOR-NOT37 NOT4 NOT5 NOT6 NOT7 NOT0 OR-NOT01 OR-NOT12
b398201b,11000111,11000111,11000111,True,True,ok,0,I6 I7 C0 C0 C0 I0 I1 I2
b3a9b053,10000100,10000100,00000100,True,False,ok,0,AND15 AND26 AND37 C0 C0 AND60 AND71 AND02
b3ce071c,11111011,11111111,11100000,False,False,ok,4,XOR-NOT12 XOR-NOT23 XOR-NOT34 default 1 default 1 default 1 default 1 OR-NOT41
b41b9628,10100110,10100110,10100110,True,True,ok,0,I3 I4 I5 I6 I7 I0 I1 I2
b4229b4a,11111011,10111011,11111011,False,True,ok,2,C1 XOR03 default 1 XOR25 default 1 NOT7 OR-NOT50 OR-NOT61
b43d9cd5,11100100,11100100,11100100,True,True,ok,0,I2 I3 I4 I5 I6 I7 I0 I1
b45003a6,00110110,10110110,00110110,False,True,ok,0,AND02 I6 I7 I0 I1 I2 I3 I4
b4549ab9,10110011,10110011,10111000,True,False,ok,0,XOR-NOT57 XOR-NOT60 XOR-NOT71 OR-NOT02 OR-NOT13 OR-NOT24 OR-NOT35 OR-NOT46
b487923a,00001011,00011011,00001011,False,True,ok,2,C0 C0 C0 default 1 default 1 I0 I1 I2
b4ddb69d,00000000,01111000,00001000,False,False,ok,4,AND-NOT52 default 1 default 1 default 1 default 1 I2 I3 I4
b5261a95,01011111,01111111,01011111,False,True,ok,5,I2 default 1 default 1 default 1 default 1 default 1 I5 I6
b52a8017,11100101,11100101,11100101,True,True,ok,0,OR67 I6 I7 I0 I1 I2 I3 I4
b558c74d,10100101,10100101,10100101,True,True,ok,0,I4 I5 I6 I7 I0 I1 I2 I3
b57c1c5f,00110100,00110100,00110100,True,True,ok,0,I2 XOR03 XOR14 XOR25 XOR36 XOR47 XOR50 XOR61
b595b6e8,10100000,10100000,10100000,True,True,ok,0,AND46 AND57 AND60 AND71 C0 C0 C0 AND57
b5b9c138,00100001,00100001,00100001,True,True,ok,0,I1 I2 I3 I4 I5 I6 I7 I0
b5e40e49,10101011,10101011,10101011,True,True,ok,0,XOR15 XOR26 XOR37 XOR40 XOR51 XOR62 XOR73 I4
b61470ef,10110111,10110110,10110101,False,False,ok,1,XOR-NOT61 XOR-NOT72 XOR-NOT03 XOR-NOT14 XOR-NOT25 XOR-NOT36 default 1 OR61
b61afd75,00101101,00111101,00000011,False,False,ok,2,XOR-NOT45 XOR-NOT56 default 1 default 1 OR-NOT21 OR-NOT32 OR-NOT43 OR-NOT54
b62f2e75,00111111,00111111,00111111,True,True,ok,0,C0 C0 I0 I1 I2 I3 I4 I5
b631f2b8,11111111,11111111,11111111,True,True,ok,0,C1 C1 C1 C1 C1 C1 C1 C1
b634898d,11000000,11000000,11000000,True,True,ok,0,I6 I7 C0 C0 C0 C0 AND70 AND01
b67194af,10100110,10100110,10100110,True,True,ok,0,I2 I3 I4 I5 I6 I7 I0 I1
b69238c1,11101110,11101110,11101110,True,True,ok,0,I3 OR40 OR51 OR62 OR73 OR04 OR15 OR26
b6cd1807,01001111,01001111,01001111,True,True,ok,0,XOR-NOT36 XOR-NOT47 NOT5 NOT6 NOT7 C1 C1 C1
b6e4a36d,01011111,01011111,00011111,True,False,ok,1,OR-NOT62 default 1 OR-NOT14 OR-NOT25 OR-NOT36 OR-NOT47 OR-NOT50 OR-NOT61
b72f6f48,11010111,11010111,10010111,True,False,ok,1,XOR-NOT46 default 1 OR-NOT16 OR-NOT27 OR-NOT30 OR-NOT41 OR-NOT52 OR-NOT63
b74a49c4,01000111,01000111,01000111,True,True,ok,0,XOR-NOT57 NOT6 NOT7 NOT0 NOT1 OR-NOT02 OR-NOT13 OR-NOT24
b75b5123,01110111,01110111,01110111,True,True,ok,0,I4 I5 I6 OR70 OR01 OR12 OR23 OR34
b76fd053,11100111,11100111,11100111,True,True,ok,0,C1 NOT0 NOT1 NOT2 NOT3 NOT4 NOT5 OR-NOT06
b79f2b10,00100001,00100011,00100001,False,True,ok,1,AND-NOT31 AND-NOT42 AND-NOT53 AND-NOT64 AND-NOT75 AND-NOT06 default 1 I2
b80795b4,00010000,00010000,00010010,True,False,ok,0,I3 I4 I5 I6 I7 AND01 AND12 AND23
b82b2a02,01000110,01011110,01000110,False,True,ok,3,I2 I3 I4 default 1 default 1 default 1 I3 I4
b8722d19,00100100,11111100,11000000,False,False,ok,5,NOT2 default 1 default 1 default 1 default 1 default 1 I1 I2
b8954f14,11000011,11001111,11000011,False,True,ok,2,I2 I3 I4 I5 default 1 default 1 I2 I3
b8aa3072,00000011,00001111,00000111,False,False,ok,0,AND-NOT72 AND-NOT03 AND-NOT14 AND-NOT25 XOR36 I4 I5 I6
b8dcc19a,10101001,10101001,10101000,True,False,ok,0,XOR-NOT34 XOR-NOT45 XOR-NOT56 XOR-NOT67 NOT7 NOT0 NOT1 OR-NOT02
b8e0c853,10011010,10011010,10011011,True,False,ok,0,XOR-NOT57 XOR-NOT60 XOR-NOT71 NOT2 OR-NOT73 OR-NOT04 OR-NOT15 OR-NOT26
b8e38a49,10011101,10011101,10011101,True,True,ok,0,AND-NOT42 AND-NOT53 AND-NOT64 AND-NOT75 I0 I1 I2 I3
b8e5057a,11111010,11111111,11111011,False,False,ok,3,C1 C1 C1 default 1 default 1 default 1 OR13 OR24
b91855fd,00110000,00110000,00110000,True,True,ok,0,I3 I4 I5 I6 I7 C0 C0 I0
b9500f41,11110000,11110000,11110000,True,True,ok,0,I3 I4 I5 I6 I7 I0 I1 I2
b9734394,00000010,00000010,00000010,True,True,ok,0,C0 C0 C0 C0 C0 AND04 AND15 AND26
b9af70c0,00000001,00000001,00000001,True,True,ok,0,I6 I7 C0 C0 C0 C0 C0 I0
b9e7c7c4,00000000,00000001,00000000,False,True,ok,0,C0 C0 C0 C0 C0 C0 C0 AND35
b9e9dc9f,00000000,00000000,00000000,True,True,ok,0,AND-NOT25 AND-NOT36 AND-NOT47 I5 I6 I7 I0 I1
b9f42afb,10011100,10111100,10011100,False,True,ok,3,I3 I4 default 1 default 1 default 1 I3 I4 I5
ba0a7ac2,00101110,00101110,00101110,True,True,ok,0,I1 I2 I3 I4 I5 I6 OR70 OR01
ba409835,11000110,11000110,11000110,True,True,ok,0,I6 I7 C0 C0 C0 I0 I1 I2
ba47a3bf,01000000,01000000,01000000,True,True,ok,0,AND67 AND70 C0 C0 C0 C0 C0 C0
ba61b815,00001101,00001101,00001101,True,True,ok,0,I7 C0 C0 C0 I0 I1 I2 I3
ba73cc70,00011101,00011101,00011101,True,True,ok,0,C0 C0 AND60 AND71 AND02 AND13 AND24 AND35
baa9e4ea,00100000,00100000,00100000,True,True,ok,0,I4 I5 I6 I7 C0 C0 C0 C0
bad798af,11111111,11111111,11111111,True,True,ok,0,OR15 OR26 OR37 OR40 OR51 OR62 OR73 I4
baeb4a11,11010000,11010000,11010000,True,True,ok,0,I3 I4 I5 I6 I7 C0 AND-NOT73 AND-NOT04
baee520f,01100100,01100100,01100100,True,True,ok,0,XOR14 XOR25 XOR36 XOR47 I5 I6 I7 I0
baf66f84,10111010,10111010,10110000,True,False,ok,0,XOR-NOT15 XOR-NOT26 XOR-NOT37 OR-NOT04 OR-NOT15 OR-NOT26 OR-NOT37 OR-NOT40
bb056bc9,11010101,11011101,01001001,False,False,ok,2,XOR-NOT23 XOR-NOT34 XOR-NOT45 default 1 C1 default 1 OR-NOT41 OR-NOT52
bb0abecc,00000010,00000010,00000010,True,True,ok,0,AND37 C0 C0 C0 AND70 AND01 AND12 AND23
bb326096,00101001,00101001,00101001,True,True,ok,0,AND-NOT46 AND-NOT57 I6 I7 I0 I1 I2 I3
bb429016,00101111,00101111,00101111,True,True,ok,0,XOR-NOT13 XOR-NOT24 XOR-NOT35 XOR-NOT46 XOR-NOT57 NOT6 NOT7 C1
bb79e64f,01101001,01101001,01101001,True,True,ok,0,I5 I6 I7 C0 I0 I1 I2 I3
bb91177f,00110111,01111111,00110111,False,True,ok,6,OR67 default 1 default 1 default 1 default 1 default 1 default 1 C1
bbf1dba3,11010010,11010010,11010011,True,False,ok,0,AND47 AND50 AND61 AND72 C0 C0 AND50 AND61
bc19cd14,11010110,11010110,11000110,True,False,ok,0,XOR-NOT45 XOR-NOT56 XOR-NOT67 OR-NOT07 OR-NOT10 OR-NOT21 OR-NOT32 OR-NOT43
bc4d68f5,00000011,00000011,00000011,True,True,ok,0,I3 I4 I5 I6 I7 C0 I0 I1
bc520eb0,00001011,00001011,00001011,True,True,ok,0,AND-NOT36 AND-NOT47 I5 I6 I7 I0 I1 I2
bc7618a7,00001100,00001100,00001100,True,True,ok,0,I5 I6 I7 C0 I0 I1 I2 I3
bca238ee,00000000,00000000,00000000,True,True,ok,0,AND36 AND47 C0 C0 C0 C0 C0 AND02
bcdf9198,11111111,11111111,11111111,True,True,ok,0,C1 C1 C1 C1 C1 C1 C1 C1
bcf0d51d,01110000,01110000,01110000,True,True,ok,0,I4 I5 I6 I7 C0 C0 AND02 AND13
bd049614,00000000,00000000,00000000,True,True,ok,0,AND25 AND36 AND47 C0 C0 C0 C0 AND01
bd214050,11111110,11111110,11111110,True,True,ok,0,C1 C1 C1 NOT0 OR-NOT01 OR-NOT12 OR-NOT23 OR-NOT34
bd214062,01011001,01011001,01011001,True,True,ok,0,XOR-NOT67 NOT7 NOT0 NOT1 OR-NOT02 OR-NOT13 OR-NOT24 OR-NOT35
bd30ccbd,01100100,01100100,01100100,True,True,ok,0,XOR35 XOR46 XOR57 XOR60 XOR71 I2 I3 I4
bd417168,00010001,00010001,00010001,True,True,ok,0,AND26 AND37 AND40 AND51 AND62 AND73 AND04 AND15
bd53ea3a,00000000,00000000,00000000,True,True,ok,0,AND67 C0 C0 C0 C0 C0 C0 AND50
bda90b57,01001100,01001100,01001100,True,True,ok,1,I3 I4 I5 I6 default 1 I1 I2 I3
bdb72adf,11001000,11001000,11001010,True,False,ok,0,I3 I4 I5 I6 I7 AND01 AND12 AND23
bdb93228,11111101,11111101,01011101,True,False,ok,1,AND35 AND46 default 1 AND62 AND73 AND04 AND15 AND26
bdcc30fe,11001100,11001100,11001100,True,True,ok,0,I5 XOR60 XOR71 XOR02 XOR13 XOR24 XOR35 XOR46
bdd63604,01010101,01010101,01010101,True,True,ok,0,AND-NOT45 AND-NOT56 AND-NOT67 I7 I0 I1 I2 I3
be01af6b,10011111,10011111,10011111,True,True,ok,0,XOR-NOT56 XOR-NOT67 NOT7 C1 C1 C1 C1 C1
be05952c,00000001,00000001,00000001,True,True,ok,0,AND56 C0 C0 C0 AND01 AND12 AND23 AND34
be32b22a,11000011,11000011,11000011,True,True,ok,0,I6 I7 C0 C0 I0 I1 I2 I3
be678a92,11100011,11100011,11100011,True,True,ok,0,I4 I5 I6 I7 C0 C0 I0 I1
be8de8a1,10001111,01111111,01000101,False,False,ok,3,XOR50 default 1 default 1 default 1 OR-NOT37 OR-NOT40 OR-NOT51 OR-NOT62
be9b0c9b,00000000,00000000,00000000,True,True,ok,0,AND67 AND70 C0 C0 C0 C0 AND50 AND61
bef8b5ec,00000010,00000010,00000010,True,True,ok,0,AND72 C0 C0 AND50 AND61 AND72 AND03 AND14
bf002000,11001000,11001000,11001000,True,True,ok,0,I3 I4 I5 I6 I7 I0 I1 XOR02
bf20f12c,10110110,10110110,10010011,True,False,ok,2,AND14 AND25 default 1 I7 I0 default 1 OR72 AND35
bf98d26a,00101110,00101110,00101110,True,True,ok,0,XOR56 XOR67 XOR70 I1 I2 I3 I4 I5
bfca784f,11011111,11011111,11000001,True,False,ok,2,XOR-NOT34 XOR-NOT45 XOR-NOT56 default 1 default 1 OR-NOT21 OR-NOT32 OR-NOT43
bfee75d5,01000010,01000010,01000010,True,True,ok,0,I6 I7 I0 I1 I2 I3 I4 I5
c00d52fe,01111000,01111110,01111000,False,True,ok,4,I1 I2 I3 default 1 default 1 default 1 default 1 I4
c05f5733,00101010,00111010,00000010,False,False,ok,2,AND13 AND24 AND35 default 1 default 1 AND62 AND73 AND04
c0788894,11111111,11111111,11111111,True,True,ok,0,I3 OR40 OR51 OR62 OR73 OR04 OR15 OR26
c095f799,10011111,10011111,10011110,True,False,ok,0,XOR-NOT37 XOR-NOT40 XOR-NOT51 XOR-NOT62 XOR-NOT73 NOT4 NOT5 OR-NOT06
c0c70a35,11110111,11110111,11110111,True,True,ok,0,I6 OR70 OR01 OR12 OR23 OR34 OR45 OR56
c0e04922,10111011,10111011,10111011,True,True,ok,0,C1 NOT0 NOT1 OR-NOT02 OR-NOT13 OR-NOT24 OR-NOT35 OR-NOT46
c113055a,00010100,01010100,00010100,False,True,ok,1,I6 default 1 I1 I2 I3 I4 I5 I6
c11eba1d,11010111,11010111,11010111,True,True,ok,0,XOR-NOT36 XOR-NOT47 OR-NOT05 OR-NOT16 OR-NOT27 C1 C1 C1
c180cdec,00000100,00100100,00000100,False,True,ok,1,I5 I6 default 1 I1 I2 I3 I4 I5
c1b427bb,01110000,01110000,01110000,True,True,ok,0,AND71 AND02 AND13 AND24 AND35 AND46 AND57 AND60
c200810b,00000000,00000000,00000000,True,True,ok,0,C0 C0 C0 C0 C0 AND02 AND13 AND24
c23fca57,00101100,00101100,00101100,True,True,ok,0,I5 I6 I7 I0 OR01 OR12 OR23 OR34
c24e1a48,00010001,00010001,00010001,True,True,ok,0,I7 I0 I1 I2 I3 I4 I5 I6
c27fd09b,10100101,10100101,10100101,True,True,ok,0,AND-NOT15 AND-NOT26 AND-NOT37 I4 I5 I6 I7 I0
c285d9ba,00100000,00100000,00100000,True,True,ok,0,AND03 C0 AND50 AND61 AND72 AND03 AND14 AND25
c2985c8e,11001111,11001111,11001111,True,True,ok,0,OR61 OR72 I3 I4 I5 I6 I7 I0
c29cdaed,11101010,11101010,11101010,True,True,ok,0,XOR61 XOR72 I3 I4 I5 I6 I7 I0
c2d8ef67,01100000,01100000,01100000,True,True,ok,0,AND15 AND26 AND37 C0 C0 C0 C0 C0
c2dacc5b,10000101,11110101,10000101,False,True,ok,3,I4 default 1 default 1 default 1 I3 I4 I5 I6
c30a782a,01000110,01000110,01000110,True,True,ok,0,AND-NOT54 AND-NOT65 AND-NOT76 AND-NOT07 I1 I2 I3 I4
c3207775,11111001,11111001,11111001,True,True,ok,0,OR25 OR36 OR47 I5 I6 I7 I0 I1
c33ad31a,00000000,00000000,00000000,True,True,ok,0,C0 C0 C0 C0 C0 AND04 AND15 AND26
c395b6ec,00000011,00000011,00000011,True,True,ok,0,I6 I7 I0 OR01 OR12 OR23 OR34 OR45
c39705cd,00000110,00010110,00000110,False,True,ok,1,C0 C0 C0 default 1 I0 I1 I2 I3
c3ab014b,00010010,00011010,00000010,False,False,ok,2,AND-NOT13 AND-NOT24 AND-NOT35 default 1 default 1 I6 I7 I0
c3ff737e,11011111,11011111,11011111,True,True,ok,0,XOR-NOT46 XOR-NOT57 NOT6 NOT7 C1 C1 C1 C1
c424dcd4,11001111,11001111,11001111,True,True,ok,0,OR-NOT67 NOT7 NOT0 NOT1 OR-NOT02 OR-NOT13 OR-NOT24 OR-NOT35
c4a6d52b,01000010,01000010,01000010,True,True,ok,0,AND-NOT54 AND-NOT65 AND-NOT76 I0 I1 I2 I3 I4
c4d2cf2c,11000000,11000000,11000000,True,True,ok,0,I6 I7 C0 C0 C0 C0 C0 C0
c536c44c,01000101,01000101,01000101,True,True,ok,0,OR24 OR35 OR46 OR57 OR60 OR71 I2 I3
c54765cd,00011110,00011110,00011110,True,True,ok,0,I3 I4 I5 I6 OR70 OR01 OR12 OR23
c54d890e,11010011,11010011,11010011,True,True,ok,0,I3 I4 I5 I6 XOR70 XOR01 XOR12 XOR23
c58451f9,10010100,11111100,10010100,False,True,ok,5,I2 default 1 default 1 default 1 default 1 default 1 I5 I6
c5872355,01011001,01111001,01011001,False,True,ok,2,I4 I5 default 1 default 1 I2 I3 I4 I5
c5ce7236,10111000,10111110,10011000,False,False,ok,4,XOR-NOT12 XOR-NOT23 default 1 default 1 OR-NOT65 default 1 default 1 OR56
c5dd2a9b,00100010,00100010,00100010,True,True,ok,0,AND26 AND37 AND40 AND51 AND62 AND73 AND04 AND15
c60481e7,01011001,01011001,01011001,True,True,ok,0,I6 I7 I0 I1 I2 I3 OR04 OR15
c62359ea,01000000,01000000,01000000,True,True,ok,0,I5 I6 I7 C0 C0 C0 I0 I1
c625ba91,11111111,11111111,11111111,True,True,ok,0,C1 C1 C1 C1 C1 C1 C1 C1
c628dd06,10010110,10010110,00010110,True,False,ok,0,AND14 AND25 AND36 AND47 I0 I1 I2 I3
c65654a5,01010001,01010011,01010000,False,False,ok,0,XOR-NOT23 XOR-NOT34 XOR-NOT45 XOR-NOT56 XOR-NOT67 NOT7 OR-NOT70 OR-NOT01
c69805fe,11001011,11001011,11001011,True,True,ok,0,I7 I0 I1 I2 I3 I4 I5 I6
c6a1ba04,10000001,10000001,10000001,True,True,ok,0,I6 I7 C0 C0 C0 C0 C0 I0
c6ac4d1d,01111011,01111011,01111011,True,True,ok,0,XOR-NOT25 XOR-NOT36 XOR-NOT47 NOT5 NOT6 OR-NOT07 OR-NOT10 OR-NOT21
c6fa3e3f,00110011,00110011,00110011,True,True,ok,0,C0 C0 I0 I1 I2 I3 I4 I5
c7077b21,00010110,00010110,00010110,True,True,ok,0,AND-NOT45 AND-NOT56 AND-NOT67 I7 I0 I1 I2 I3
c711f9dd,11000000,11000000,11000000,True,True,ok,0,AND-NOT16 AND-NOT27 I3 I4 I5 I6 I7 I0
c71f26d6,10111011,10111011,10111011,True,True,ok,0,I7 I0 I1 I2 I3 I4 I5 I6
c728dd09,10100001,10100001,10100001,True,True,ok,0,I5 I6 I7 C0 C0 C0 C0 I0
c7660833,01010000,01010000,01010000,True,True,ok,0,XOR35 XOR46 XOR57 XOR60 XOR71 I2 I3 I4
c7a37cda,10110010,11110010,10110010,False,True,ok,2,I5 default 1 default 1 I2 I3 I4 I5 I6
c7be75f8,01000000,01000000,00000000,True,False,ok,0,AND25 AND36 AND47 C0 C0 C0 I0 I1
c7e6e08f,10001110,10001110,10001110,True,True,ok,0,I4 I5 I6 I7 I0 I1 XOR02 XOR13
c8084977,10001100,10001100,10001100,True,True,ok,0,XOR26 XOR37 I4 I5 I6 I7 I0 I1
c825ac2a,00000111,00000111,00000111,True,True,ok,0,I6 I7 C0 C0 C0 I0 I1 I2
c84c150e,00010001,00010001,00010001,True,True,ok,0,AND-NOT43 AND-NOT54 AND-NOT65 AND-NOT76 AND-NOT07 I1 I2 I3
c869b4f6,10010001,11010001,10010001,False,True,ok,1,I6 default 1 I1 I2 I3 I4 I5 I6
c8730ea5,00101011,00101011,00101011,True,True,ok,0,XOR-NOT23 XOR-NOT34 XOR-NOT45 XOR-NOT56 XOR-NOT67 NOT7 OR-NOT40 OR-NOT51
c8c65001,00010000,01111110,01100000,False,False,ok,6,AND15 default 1 default 1 default 1 default 1 default 1 default 1 NOT1
c90fa3a6,00010110,00101110,00010110,False,True,ok,4,C0 C0 default 1 C0 default 1 default 1 default 1 I0
c987c34f,10001001,10001001,10001001,True,True,ok,0,AND-NOT75 AND-NOT06 AND-NOT17 I2 I3 I4 I5 I6
c9ed8124,01010011,01010011,01010011,True,True,ok,0,I6 I7 I0 I1 I2 I3 I4 I5
ca14582d,10101111,10101111,10101111,True,True,ok,0,XOR14 XOR25 XOR36 XOR47 XOR50 XOR61 XOR72 I3
ca72b5b3,11111101,11111101,11111101,True,True,ok,0,OR37 OR40 OR51 OR62 OR73 I4 I5 I6
ca8d32e6,10001100,10001100,11101100,True,False,ok,0,XOR-NOT56 XOR-NOT67 XOR-NOT70 NOT1 OR-NOT02 OR-NOT13 OR-NOT24 OR-NOT35
cb11a232,11111111,11111111,11010011,True,False,ok,0,XOR-NOT15 XOR-NOT26 XOR-NOT37 OR-NOT04 OR-NOT15 OR-NOT26 OR-NOT37 OR-NOT40
cb239867,10000011,10011011,10000011,False,True,ok,2,AND-NOT23 AND-NOT34 I4 default 1 default 1 I7 I0 I1
cb31384b,00100000,00100000,00100000,True,True,ok,0,I5 I6 I7 C0 C0 C0 I0 I1
cb3317fe,00101001,00101001,00101001,True,True,ok,0,OR71 I2 I3 I4 I5 I6 I7 I0
cb5ddb11,00000000,00000000,00000000,True,True,ok,0,AND56 AND67 AND70 C0 C0 C0 AND04 AND15
cb7c2230,10100000,10100000,10100000,True,True,ok,0,I3 I4 I5 I6 I7 C0 C0 AND02
cbece006,00010001,00010001,00010001,True,True,ok,0,XOR-NOT24 XOR-NOT35 XOR-NOT46 XOR-NOT57 NOT6 NOT7 NOT0 OR47
cc5011ac,11011101,11011101,11011101,True,True,ok,0,I1 I2 I3 OR40 OR51 OR62 OR73 OR04
cc7dd4ae,00000011,00000111,00000001,False,False,ok,2,AND-NOT61 AND-NOT72 AND-NOT03 AND-NOT14 AND-NOT25 default 1 default 1 I5
cc861605,00000101,00000101,00000101,True,True,ok,0,C0 C0 C0 AND60 AND71 AND02 AND13 AND24
ccc42ec2,01101011,01101011,01101011,True,True,ok,0,XOR-NOT36 XOR-NOT47 NOT5 NOT6 OR-NOT07 OR-NOT10 OR-NOT21 OR-NOT32
ccede4a0,10101010,10101010,10101010,True,True,ok,0,XOR24 XOR35 XOR46 XOR57 I6 I7 I0 I1
ccf02dee,10111001,10111010,10111000,False,False,ok,1,XOR-NOT13 XOR-NOT24 XOR-NOT35 XOR-NOT46 XOR-NOT57 XOR-NOT60 default 1 NOT2
ccfd3fe3,11110010,11110010,11110010,True,True,ok,0,OR46 OR57 OR60 OR71 OR02 I3 I4 I5
cd17f040,00000000,00000000,00000000,True,True,ok,0,AND15 AND26 AND37 C0 C0 C0 C0 C0
cd37d0d3,00011101,00011101,00011101,True,True,ok,0,XOR-NOT36 XOR-NOT47 NOT5 NOT6 OR-NOT07 OR-NOT10 OR-NOT21 OR-NOT32
cd93713c,00000000,00000000,00000000,True,True,ok,0,C0 C0 C0 C0 C0 C0 C0 AND04
ce00ffe4,11110001,11101101,00101101,False,False,ok,2,AND12 AND23 AND34 I5 default 1 default 1 AND73 AND04
ce094207,00101011,00101011,00101011,True,True,ok,0,AND45 I5 I6 I7 I0 I1 I2 I3
ce862776,01000000,01111100,01000000,False,True,ok,5,I2 default 1 default 1 default 1 default 1 default 1 I5 I6
cebaa9b5,10011000,10011000,10011000,True,True,ok,0,I3 I4 I5 I6 I7 C0 C0 C0
ced947c8,01001011,01001011,01001011,True,True,ok,0,AND-NOT34 AND-NOT45 AND-NOT56 AND-NOT67 I7 I0 I1 I2
cf1cca51,00000001,00000001,00000001,True,True,ok,0,C0 C0 AND03 AND14 AND25 AND36 AND47 AND50
cf3629fc,11101000,10111100,00001100,False,False,ok,3,AND-NOT32 AND-NOT43 default 1 default 1 default 1 I0 I1 I2
cf447906,10000111,10000111,10000100,True,False,ok,0,XOR-NOT45 XOR-NOT56 XOR-NOT67 XOR-NOT70 NOT1 NOT2 OR-NOT03 OR-NOT14
cf5b4ab4,11101100,01101100,01101100,False,False,ok,0,AND-NOT74 I0 I1 I2 I3 I4 I5 I6
cf9bebe9,10111001,10111001,10111001,True,True,ok,0,XOR-NOT72 XOR-NOT03 XOR-NOT14 XOR-NOT25 XOR-NOT36 XOR-NOT47 NOT5 C1
cfb1b2c1,10100001,10100001,10100001,True,True,ok,0,I5 I6 I7 C0 C0 C0 I0 I1
d01aeeda,01101111,01101111,01101111,True,True,ok,0,XOR-NOT46 XOR-NOT57 NOT6 NOT7 NOT0 OR-NOT01 OR-NOT12 OR-NOT23
d030b265,11000000,11000000,11000000,True,True,ok,0,I4 I5 I6 I7 C0 C0 C0 I0
d03223ca,00011100,00011110,00011110,False,False,ok,3,AND13 AND24 AND35 default 1 default 1 I0 default 1 AND23
d062642e,00010010,00010010,00010010,True,True,ok,0,I5 I6 I7 I0 I1 I2 I3 I4
d065968c,10011001,10111111,10000100,False,False,ok,5,XOR-NOT71 XOR-NOT02 default 1 default 1 default 1 default 1 default 1 OR-NOT56
d08ef8d1,00011111,00011111,00011111,True,True,ok,0,AND-NOT35 AND-NOT46 AND-NOT57 I6 I7 I0 I1 I2
d0ea0b5f,10110001,10110001,10110001,True,True,ok,1,AND45 AND56 I0 default 1 AND12 AND23 AND34 AND45
d117113e,00000000,00000000,00000000,True,True,ok,0,C0 C0 AND01 AND12 AND23 AND34 AND45 AND56
d13302ca,11110101,11111101,10100101,False,False,ok,4,I5 default 1 default 1 default 1 default 1 I2 I3 I4
d155a508,01010110,01010111,01000011,False,False,ok,0,XOR-NOT15 XOR-NOT26 XOR-NOT37 XOR-NOT40 XOR-NOT51 OR-NOT62 C1 C1
d1c3ed77,11111110,11111110,11111110,True,True,ok,0,C1 C1 C1 C1 C1 C1 OR-NOT30 OR-NOT41
d1ecdd11,11001100,11001100,11001100,True,True,ok,0,AND15 AND26 AND37 AND40 AND51 AND62 AND73 C0
d2503f8b,00111010,00111110,00100000,False,False,ok,4,XOR-NOT71 XOR-NOT02 XOR-NOT13 default 1 default 1 default 1 default 1 OR-NOT46
d25d3b5f,11100011,11100011,11100011,True,True,ok,0,I4 I5 I6 I7 C0 C0 I0 I1
d2695f15,11111110,11111110,11111110,True,True,ok,0,XOR26 XOR37 I4 I5 I6 I7 I0 I1
d26f22c3,11101100,11101100,11101000,True,False,ok,0,XOR-NOT14 XOR-NOT25 XOR-NOT36 XOR-NOT47 NOT5 OR-NOT06 OR-NOT17 OR-NOT20
d290b24e,01011100,01011100,01011100,True,True,ok,0,I3 I4 I5 XOR60 XOR71 XOR02 XOR13 XOR24
d2ac699b,10001011,10001011,10001011,True,True,ok,1,I3 I4 I5 I6 default 1 I1 I2 I3
d2b4560f,00101001,00111101,00101001,False,True,ok,2,I2 I3 I4 C1 default 1 default 1 I3 I4
d2d230d5,01100000,01100000,01100000,True,True,ok,0,I5 I6 I7 C0 C0 C0 I0 I1
d2fc4490,01010110,01010110,00010000,True,False,ok,1,XOR-NOT12 XOR-NOT23 XOR-NOT34 XOR-NOT45 XOR-NOT56 default 1 OR-NOT17 OR-NOT20
d3c6596e,10111010,10111010,10111010,True,True,ok,0,I7 I0 I1 I2 I3 I4 I5 I6
d3d630b9,00000000,00000000,00000000,True,True,ok,0,AND71 AND02 AND13 AND24 AND35 AND46 AND57 AND60
d408af38,10000011,10000011,10000010,True,False,ok,1,AND13 AND24 AND35 AND46 AND57 AND60 default 1 AND12
d40b3aa3,00000010,00000010,00000010,True,True,ok,0,C0 C0 C0 C0 C0 C0 AND50 AND61
d40ce15d,00010000,00011100,00010000,False,True,ok,3,I2 I3 I4 default 1 default 1 default 1 I3 I4
d452141e,11111011,11111011,11111011,True,True,ok,1,I1 I2 I3 I4 I5 I6 default 1 I1
d4612468,00000000,00000000,00000000,True,True,ok,0,C0 C0 C0 C0 C0 C0 C0 I0
d46f3a25,00000000,00011100,01000000,False,False,ok,3,AND12 AND23 AND34 default 1 default 1 default 1 AND73 AND04
d4e29ed7,11111011,11111011,11111011,True,True,ok,1,I5 I6 default 1 I1 I2 I3 I4 I5
d50683b4,00100110,00100110,00100110,True,True,ok,0,I5 I6 I7 I0 I1 I2 I3 I4
d5071155,00000100,00000100,00000100,True,True,ok,0,AND-NOT63 AND-NOT74 AND-NOT05 AND-NOT16 AND-NOT27 I3 I4 I5
d50746e7,01000010,01000010,01000010,True,True,ok,0,AND-NOT42 AND-NOT53 AND-NOT64 AND-NOT75 I0 I1 I2 I3
d5220697,11111111,11111111,11111111,True,True,ok,0,OR36 OR47 OR50 OR61 OR72 I3 I4 I5
d547f717,00000000,00000000,00000000,True,True,ok,0,I7 C0 C0 C0 I0 I1 I2 I3
d582c492,00010111,00011111,00010110,False,False,ok,3,XOR-NOT23 XOR-NOT34 XOR-NOT45 default 1 default 1 default 1 OR-NOT31 OR-NOT42
d5a28743,00000011,00000011,00000011,True,True,ok,0,AND67 AND70 AND01 AND12 AND23 AND34 AND45 AND56
d5c5d624,01010000,01010000,01010000,True,True,ok,0,I3 I4 I5 I6 I7 I0 OR01 OR12
d6187157,01001000,01001000,00001000,True,False,ok,1,AND13 AND24 AND35 AND46 default 1 AND61 AND72 AND03
d623e937,01010111,01010111,01010111,True,True,ok,0,AND47 NOT5 NOT6 OR-NOT07 OR-NOT10 OR-NOT21 OR-NOT32 OR-NOT43
d6844056,00001011,00001011,00001011,True,True,ok,0,C0 C0 C0 C0 I0 I1 I2 I3
d68daa97,01011001,01111001,01011001,False,True,ok,2,I4 I5 default 1 default 1 I2 I3 I4 I5
d6ceda8e,01000101,01000101,01000101,True,True,ok,0,XOR56 XOR67 XOR70 I1 I2 I3 I4 I5
d6e5cd59,01101111,01101111,01101111,True,True,ok,0,XOR-NOT61 XOR-NOT72 NOT3 NOT4 NOT5 NOT6 NOT7 C1
d6e6f8b5,11100001,11100001,11100001,True,True,ok,0,I5 I6 I7 C0 C0 C0 C0 I0
d6f4e854,00101110,00101110,00101110,True,True,ok,1,I3 I4 I5 I6 default 1 I1 I2 I3
d727ad5f,00000010,00000010,00000010,True,True,ok,0,C0 C0 C0 C0 C0 C0 I0 I1
d72ca3bf,10010111,10010111,10010111,True,True,ok,0,I7 C0 C0 I0 I1 I2 I3 I4
d75b53c7,11010000,11010000,11010000,True,True,ok,0,XOR14 XOR25 XOR36 XOR47 XOR50 XOR61 XOR72 I3
d7cd3375,01101111,01101111,01001100,True,False,ok,1,XOR-NOT45 XOR-NOT56 default 1 OR-NOT17 OR-NOT20 OR-NOT31 OR-NOT42 OR-NOT53
d7dea2ba,00000000,00000100,00000000,False,True,ok,1,AND26 AND37 AND40 AND51 AND62 default 1 AND14 AND25
d8457e76,00010010,00110010,00010010,False,True,ok,1,I5 I6 default 1 I1 I2 I3 I4 I5
d85d7964,10101010,10101010,10101010,True,True,ok,0,I3 XOR40 XOR51 XOR62 XOR73 XOR04 XOR15 XOR26
d864f0fb,00101101,00101101,00101101,True,True,ok,0,I1 I2 I3 I4 I5 I6 I7 I0
d87caad1,10101111,10101111,10101111,True,True,ok,0,C1 NOT0 NOT1 NOT2 NOT3 NOT4 OR-NOT05 OR-NOT16
d8d3648f,01100100,01111100,01100100,False,True,ok,3,I3 default 1 default 1 default 1 C1 I4 I5 I6
d8e070fa,11111011,11111011,11111010,True,False,ok,0,XOR-NOT34 XOR-NOT45 XOR-NOT56 XOR-NOT67 XOR-NOT70 NOT1 OR-NOT02 OR-NOT13
d8ef1dae,11011011,11011011,11011011,True,True,ok,1,I4 I5 I6 default 1 I1 I2 I3 I4
d9441d16,01000010,01000010,01000010,True,True,ok,0,AND-NOT15 I2 I3 I4 I5 I6 I7 I0
d996d0b8,00000011,00000011,00000011,True,True,ok,0,C0 C0 C0 C0 C0 I0 I1 I2
d9ae48ad,01110000,01110000,01110000,True,True,ok,0,OR67 OR70 I1 I2 I3 I4 I5 I6
d9bdf754,00011111,00011111,00011111,True,True,ok,0,XOR-NOT71 NOT2 NOT3 NOT4 OR-NOT05 OR-NOT16 OR-NOT27 OR-NOT30
d9cd73c2,11001001,11101001,11001001,False,True,ok,1,I5 I6 default 1 I1 I2 I3 I4 I5
d9ce7d0d,00000111,10110111,00000111,False,True,ok,4,OR71 AND02 default 1 default 1 I5 default 1 default 1 XOR26
d9da2a54,00011001,01011001,00011001,False,True,ok,1,AND-NOT16 default 1 I3 I4 I5 I6 I7 I0
da38592d,01001110,01001110,01001110,True,True,ok,0,AND-NOT43 AND-NOT54 AND-NOT65 AND-NOT76 AND-NOT07 I1 I2 I3
da4c92a3,10000000,10000000,10000000,True,True,ok,0,AND37 C0 C0 C0 C0 C0 C0 C0
da616170,00010111,00010011,00010011,False,False,ok,0,XOR-NOT26 XOR-NOT37 XOR-NOT40 XOR-NOT51 XOR-NOT62 XOR-NOT73 OR-NOT14 OR-NOT25
da7288cb,01101101,01111101,01101101,False,True,ok,2,I4 I5 default 1 default 1 I2 I3 I4 I5
da778b21,11000111,11000111,11000111,True,True,ok,0,XOR-NOT26 XOR-NOT37 NOT4 NOT5 OR-NOT06 OR-NOT17 OR-NOT20 OR-NOT31
dae576ce,01000100,01000100,01000100,True,True,ok,0,OR26 OR37 OR40 OR51 OR62 OR73 I4 I5
daf04fee,11110101,11111111,11110101,False,True,ok,3,C1 C1 C1 C1 default 1 default 1 default 1 NOT6
db360db0,11000110,01000110,01000110,False,False,ok,0,XOR34 NOT2 NOT3 NOT4 NOT5 OR-NOT06 OR-NOT17 OR-NOT20
db56bba9,11001000,11001000,11001000,True,True,ok,0,I6 I7 C0 C0 I0 I1 I2 I3
dbabfbdd,11000000,11000000,11000000,True,True,ok,0,I5 I6 I7 C0 C0 C0 I0 I1
dbb611da,00000001,00000001,00000001,True,True,ok,0,AND71 C0 C0 C0 C0 AND60 AND71 AND02
dbb789cc,10101101,10101001,10101101,False,True,ok,0,I6 I7 I0 I1 I2 I3 OR14 OR25
dbc197e0,10111011,10111011,10111011,True,True,ok,0,I7 C0 I0 I1 I2 I3 I4 I5
dbc4194a,00000000,00000000,00000000,True,True,ok,0,C0 C0 C0 C0 C0 AND03 AND14 AND25
dbf2b40f,10001101,10101101,10001101,False,True,ok,1,I5 I6 default 1 I1 I2 I3 I4 I5
dc583bdb,11101101,11111101,11101101,False,True,ok,1,I4 I5 I6 default 1 I1 I2 I3 I4
dc593799,10001010,10111010,10001010,False,True,ok,2,I4 I5 default 1 default 1 I2 I3 I4 I5
dc7f150a,11001011,11001011,11001011,True,True,ok,0,I7 I0 I1 I2 I3 I4 I5 I6
dc99f250,00000010,00000010,00000010,True,True,ok,0,I7 C0 C0 C0 C0 C0 I0 I1
dcad18e9,00000111,00000111,00000111,True,True,ok,0,I7 C0 C0 C0 I0 I1 I2 I3
dd3d9046,10100000,10100000,10100000,True,True,ok,0,AND35 AND46 AND57 C0 C0 C0 C0 C0
dd900b68,11111111,11111111,11111110,True,False,ok,0,XOR-NOT26 XOR-NOT37 XOR-NOT40 XOR-NOT51 XOR-NOT62 XOR-NOT73 OR-NOT04 OR-NOT15
dd9ee40c,11111011,11111011,11111111,True,False,ok,1,C1 C1 C1 XOR61 default 1 OR-NOT30 OR-NOT41 OR-NOT52
ddc5aefe,00000001,00000001,00000001,True,True,ok,0,AND15 AND26 AND37 C0 C0 C0 C0 I0
dde0558e,00011000,00011000,00011000,True,True,ok,0,AND-NOT73 AND50 AND61 AND72 AND03 AND14 AND25 AND36
de11a23a,00000001,00000001,00000001,True,True,ok,0,C0 C0 C0 C0 C0 C0 I0 I1
de91def4,10000111,10000111,10000111,True,True,ok,0,I7 C0 C0 C0 C0 I0 I1 I2
dedd66f7,01010111,01010111,01010111,True,True,ok,0,XOR-NOT24 XOR-NOT35 XOR-NOT46 XOR-NOT57 XOR-NOT60 XOR-NOT71 OR-NOT02 OR-NOT13
dfadfe55,00110101,00110101,00110101,True,True,ok,0,I3 I4 I5 I6 I7 I0 XOR01 XOR12
dfbf4e0e,00110111,00110111,00110111,True,True,ok,0,XOR12 XOR23 XOR34 XOR45 XOR56 XOR67 I7 I0
dfc4839c,10000001,10000001,10000001,True,True,ok,0,I6 I7 C0 C0 I0 I1 I2 I3
dfd704f8,11101110,11111110,11101110,False,True,ok,5,I2 default 1 default 1 default 1 default 1 default 1 I5 I6
dff2a315,10111110,10111110,10111110,True,True,ok,0,I6 I7 I0 I1 I2 I3 I4 I5
e00abbbb,00000010,00000110,00000000,False,False,ok,1,AND12 AND23 AND34 AND45 AND56 default 1 AND71 AND02
e05e9ed2,00000111,00000111,00000111,True,True,ok,0,AND12 AND23 AND34 AND45 AND56 AND67 AND70 AND01
e0918834,10000111,10000111,10000111,True,True,ok,0,I6 I7 C0 C0 C0 I0 I1 I2
e099a43a,01111110,01111110,01011101,True,False,ok,0,XOR-NOT25 XOR-NOT36 XOR-NOT47 NOT5 OR-NOT06 OR-NOT17 OR-NOT20 OR-NOT31
e0b993bd,10100001,10100001,10100001,True,True,ok,0,I5 I6 I7 C0 C0 C0 C0 I0
e0d92248,00000000,00000000,00000001,True,False,ok,0,AND34 AND45 AND56 AND67 AND70 AND01 C0 AND03
e0eba119,00010010,00010010,00010010,True,True,ok,0,AND-NOT31 AND-NOT42 AND-NOT53 AND-NOT64 AND-NOT75 AND-NOT06 AND-NOT17 I2
e11c9f89,00111011,00111011,00111010,True,False,ok,0,XOR-NOT57 XOR-NOT60 XOR-NOT71 NOT2 NOT3 NOT4 OR-NOT05 OR-NOT16
e124d12a,11111101,11111101,11111101,True,True,ok,0,C1 C1 C1 C1 OR-NOT30 OR-NOT41 OR-NOT52 OR-NOT63
e16e7f6d,01110100,01111100,01110100,False,True,ok,1,I3 I4 I5 I6 default 1 I1 I2 I3
e1f3ffbb,11111010,11111011,11111011,False,False,ok,1,C1 C1 C1 C1 C1 OR-NOT41 default 1 OR36
e20aa7b7,01111101,01111101,01111101,True,True,ok,0,OR12 OR23 OR34 OR45 OR56 OR67 I7 I0
e20d3f48,10110101,10110101,10110101,True,True,ok,1,I5 I6 default 1 I1 I2 I3 I4 I5
e24b1277,11101111,11101111,11101111,True,True,ok,0,XOR-NOT26 XOR-NOT37 NOT4 NOT5 NOT6 NOT7 C1 C1
e24c8980,01111011,01111011,01111001,True,False,ok,0,XOR-NOT57 XOR-NOT60 XOR-NOT71 NOT2 NOT3 NOT4 OR-NOT05 OR-NOT16
e266959e,11100110,01100110,01100110,False,False,ok,0,AND57 NOT6 NOT7 NOT0 NOT1 OR-NOT02 OR-NOT13 OR-NOT24
e2b02e13,01111110,01111110,01111110,True,True,ok,0,AND-NOT57 I6 I7 I0 I1 I2 I3 I4
e2f184b4,00000001,00000001,00000001,True,True,ok,0,C0 C0 C0 I0 I1 I2 I3 I4
e34cc6dd,00000001,00000001,00000001,True,True,ok,0,AND23 AND34 AND45 AND56 AND67 AND70 AND01 AND12
e3590284,11111111,11111111,11111110,True,False,ok,0,C1 C1 C1 C1 C1 C1 OR-NOT20 OR-NOT31
e368d23f,00001101,00001101,00001101,True,True,ok,0,C0 I0 I1 I2 I3 I4 I5 I6
e36a0065,01110110,01110110,01110110,True,True,ok,0,I2 I3 I4 I5 I6 I7 I0 I1
e3c672be,10010011,10010011,10010011,True,True,ok,0,OR45 I2 I3 I4 I5 I6 I7 I0
e40635a7,10101111,10101111,10101111,True,True,ok,0,XOR15 XOR26 XOR37 I4 I5 I6 I7 I0
e4525488,00011011,00011011,00011011,True,True,ok,0,AND-NOT45 AND-NOT56 AND-NOT67 I7 I0 I1 I2 I3
e4835530,01001010,01111010,01001010,False,True,ok,4,I3 default 1 default 1 default 1 default 1 I4 I5 I6
e495b8e7,01000111,01000111,01000111,True,True,ok,0,I6 XOR70 XOR01 XOR12 XOR23 XOR34 XOR45 XOR56
e4ea8dbc,11001001,11001001,11001001,True,True,ok,0,I5 I6 I7 C0 I0 I1 I2 I3
e52fb8bd,00110011,00110011,00110011,True,True,ok,0,AND25 AND36 AND47 AND50 AND61 AND72 AND03 AND14
e553bd78,00010010,01111110,00010010,False,True,ok,5,I2 default 1 default 1 default 1 default 1 default 1 I5 I6
e55d1044,00000010,00000010,00000010,True,True,ok,0,C0 AND03 AND14 AND25 AND36 AND47 AND50 AND61
e568d07b,11110001,11110001,11110001,True,True,ok,0,OR45 OR56 OR67 I7 I0 I1 I2 I3
e5a5fdef,11001011,01111111,11001011,False,True,ok,5,I1 default 1 default 1 default 1 default 1 default 1 I5 I6
e5ae7b47,00000000,00000000,00000000,True,True,ok,0,AND23 AND34 AND45 AND56 AND67 AND70 AND01 AND12
e5b3f73b,10111011,10111011,00000001,True,False,ok,1,XOR-NOT35 XOR-NOT46 default 1 OR-NOT16 OR-NOT27 OR-NOT30 OR-NOT41 OR-NOT52
e5bb9b26,11110001,11110001,11110001,True,True,ok,0,OR67 I7 I0 I1 I2 I3 I4 I5
e5d0d497,01101101,01101101,01100100,True,False,ok,0,XOR-NOT15 XOR-NOT26 XOR-NOT37 NOT4 OR-NOT05 OR-NOT16 OR-NOT27 OR-NOT30
e5e3c22b,00100000,00100010,00100000,False,True,ok,0,AND15 AND26 AND37 C0 C0 C0 AND-NOT76 AND-NOT07
e612387f,01011001,01011001,00010000,True,False,ok,1,XOR-NOT23 XOR-NOT34 XOR-NOT45 XOR-NOT56 default 1 OR-NOT17 OR-NOT20 OR-NOT31
e625f5a7,00100101,01010101,00000101,False,False,ok,1,AND14 default 1 I1 OR24 AND35 AND46 AND57 AND60
e641791f,00010001,00010001,00010001,True,True,ok,0,I1 I2 I3 XOR40 XOR51 XOR62 XOR73 XOR04
e651c3ee,01101001,01101001,01101001,True,True,ok,0,I3 I4 I5 I6 I7 C0 C0 I0
e67cbe88,11010111,11011111,11010111,False,True,ok,2,I2 I3 I4 I5 default 1 default 1 I2 I3
e6af8e6f,00010001,00010001,00010001,True,True,ok,0,I4 I5 I6 I7 C0 C0 C0 I0
e6c946e0,01010010,01010010,01010010,True,True,ok,0,I3 I4 I5 I6 I7 I0 I1 I2
e6cbc2bd,00000011,00000011,00000011,True,True,ok,0,AND26 AND37 C0 C0 C0 C0 I0 I1
e6d2a064,11100011,11100010,11100010,False,False,ok,0,XOR-NOT25 XOR-NOT36 XOR-NOT47 XOR-NOT50 XOR-NOT61 XOR-NOT72 NOT3 I0
e6d3a97b,11010010,11010010,11010010,True,True,ok,0,XOR-NOT13 XOR-NOT24 XOR-NOT35 XOR-NOT46 XOR-NOT57 XOR-NOT60 XOR-NOT71 OR-NOT02
e72155f3,01100000,01100000,01100000,True,True,ok,0,I6 I7 I0 I1 I2 I3 XOR04 XOR15
e75dfe6b,00100110,00100110,00100110,True,True,ok,1,I5 I6 default 1 I1 I2 I3 I4 I5
e79c8c5a,10000011,10000011,10000011,True,True,ok,0,C1 NOT0 NOT1 NOT2 NOT3 NOT4 OR-NOT05 OR-NOT16
e7c7486e,10000111,11100111,11000111,False,False,ok,2,I6 default 1 default 1 AND12 AND23 AND34 AND45 AND56
e7f1ac8e,01001100,01001100,01001100,True,True,ok,0,AND-NOT35 AND-NOT46 AND-NOT57 I6 I7 I0 I1 I2
e80d8872,00000111,00000111,00000110,True,False,ok,0,XOR-NOT72 XOR-NOT03 XOR-NOT14 XOR-NOT25 XOR-NOT36 XOR-NOT47 OR-NOT75 OR-NOT06
e810591c,01110110,01110110,01110110,True,True,ok,1,I5 I6 default 1 I1 I2 I3 I4 I5
e818def8,10101010,10101010,10101010,True,True,ok,0,OR57 OR60 OR71 I2 I3 I4 I5 I6
e8218e9d,01000001,11110001,10010001,False,False,ok,3,I3 default 1 default 1 default 1 I7 I0 I1 I2
e821a3ca,00110111,00111111,10101111,False,False,ok,1,XOR-NOT37 XOR-NOT40 XOR01 default 1 NOT3 OR-NOT34 OR-NOT45 OR-NOT56
e870e852,10011110,10111110,10011110,False,True,ok,2,AND-NOT54 AND-NOT65 default 1 default 1 I1 I2 I3 I4
e893d523,11001000,11001000,11001000,True,True,ok,0,I1 I2 XOR03 XOR14 XOR25 XOR36 XOR47 XOR50
e8970401,00011111,01011111,00011111,False,True,ok,1,XOR-NOT46 default 1 OR-NOT16 OR-NOT27 OR-NOT30 OR-NOT41 OR-NOT52 OR-NOT63
e89851b9,01001101,01001101,01001000,True,False,ok,0,XOR-NOT45 XOR-NOT56 XOR-NOT67 NOT7 NOT0 OR-NOT01 OR-NOT12 OR-NOT23
e8d85e13,00010000,00010000,00010000,True,True,ok,0,XOR23 XOR34 XOR45 XOR56 XOR67 XOR70 I1 I2
e8f79d26,00110101,01111101,00110101,False,True,ok,4,I3 default 1 default 1 default 1 default 1 I4 I5 I6
e912794a,10000011,10000011,10000011,True,True,ok,0,I5 I6 I7 C0 C0 C0 I0 I1
e915879a,00100000,00100000,00100000,True,True,ok,0,I5 XOR60 XOR71 XOR02 XOR13 XOR24 XOR35 XOR46
e928acf8,10001111,10001111,10001111,True,True,ok,1,I3 I4 I5 I6 default 1 I1 I2 I3
e97d9519,10011001,10011001,10011001,True,True,ok,0,I2 I3 I4 I5 I6 I7 C0 I0
e98106b7,11100011,11100011,11100011,True,True,ok,0,XOR-NOT25 XOR-NOT36 XOR-NOT47 XOR-NOT50 XOR-NOT61 XOR-NOT72 OR-NOT03 OR-NOT14
e998079c,00110110,00110110,00110110,True,True,ok,0,XOR57 XOR60 XOR71 I2 I3 I4 I5 I6
e9a9b51f,00110001,00111101,00110001,False,True,ok,3,I2 I3 I4 default 1 default 1 default 1 I3 I4
e9f53408,11111111,11111111,11111111,True,True,ok,0,C1 C1 C1 C1 C1 C1 C1 C1
ea0deb13,01110100,01110100,01110100,True,True,ok,2,I5 default 1 default 1 I2 I3 I4 I5 I6
ea10e59c,00101010,01101010,00001000,False,False,ok,2,I1 default 1 default 1 AND24 AND35 AND46 AND57 AND60
ea2e88ca,00110111,00110111,00110000,True,False,ok,1,XOR-NOT47 XOR-NOT50 default 1 C1 OR-NOT23 OR-NOT34 OR-NOT45 OR-NOT56
ea3f72ee,11010010,11010010,11010000,True,False,ok,0,AND47 AND50 AND61 AND72 C0 C0 AND50 AND61
ea5def07,11111111,11111111,11111101,True,False,ok,0,XOR-NOT46 XOR-NOT57 XOR-NOT60 XOR-NOT71 OR-NOT02 OR-NOT13 OR-NOT24 OR-NOT35
ea67a727,10100011,10100011,10100000,True,False,ok,0,XOR-NOT56 XOR-NOT67 XOR-NOT70 NOT1 NOT2 NOT3 OR-NOT04 OR-NOT15
ea6859d7,01101110,01101110,01101110,True,True,ok,0,XOR-NOT72 OR-NOT03 OR-NOT14 OR-NOT25 OR-NOT36 OR-NOT47 OR-NOT50 OR-NOT61
eae81189,00100000,00100000,00100000,True,True,ok,0,I4 I5 I6 I7 C0 C0 C0 C0
eb12e80d,11000111,11011111,11000111,False,True,ok,4,I1 I2 I3 default 1 default 1 default 1 default 1 I4
eb20ea88,00110000,01110000,00110000,False,True,ok,0,I4 OR57 OR60 OR71 OR02 OR13 OR24 OR35
eb252a80,01110011,01110011,00111111,True,False,ok,0,XOR-NOT35 XOR-NOT46 XOR-NOT57 OR-NOT06 OR-NOT17 OR-NOT20 OR-NOT31 OR-NOT42
eb359ea5,01100100,01100100,01100100,True,True,ok,0,I2 I3 I4 I5 I6 I7 I0 AND61
eb40d1f3,10000001,10000001,10000001,True,True,ok,0,AND45 AND56 AND67 AND70 C0 C0 AND03 AND14
ec192379,00011111,00011111,00011111,True,True,ok,0,XOR-NOT71 NOT2 NOT3 NOT4 OR-NOT05 OR-NOT16 OR-NOT27 OR-NOT30
ec2e58ea,10100000,10100000,10100000,True,True,ok,0,I5 I6 I7 C0 C0 C0 C0 I0
ec46d596,10111111,11111111,10111111,False,True,ok,1,XOR-NOT56 default 1 OR-NOT17 OR-NOT20 OR-NOT31 OR-NOT42 OR-NOT53 OR-NOT64
ecd328ef,10110100,10110100,10110100,True,True,ok,0,OR36 OR47 OR50 OR61 OR72 I3 I4 I5
ece0babd,10010100,10010100,10010100,True,True,ok,0,I6 I7 C0 I0 I1 I2 I3 I4
ecf2a23b,00000000,00000000,00000000,True,True,ok,0,C0 C0 C0 C0 C0 C0 AND03 AND14
ed24e7af,00001001,00001001,00001001,True,True,ok,0,I7 C0 C0 I0 I1 I2 I3 I4
ed5c81ae,00100000,00100000,00100000,True,True,ok,0,AND-NOT52 AND-NOT63 AND-NOT74 AND-NOT05 AND-NOT16 AND-NOT27 I3 I4
eda44942,11000001,11000001,11000001,True,True,ok,0,I4 I5 I6 I7 I0 I1 XOR02 XOR13
eddb2f6a,10010011,10010011,10010011,True,True,ok,0,I3 I4 I5 I6 I7 C0 I0 I1
ee055f10,10001001,10001001,10001001,True,True,ok,0,XOR-NOT45 XOR-NOT56 XOR-NOT67 NOT7 NOT0 NOT1 NOT2 OR02
ee2e608e,10101101,10111101,10101101,False,True,ok,3,I3 I4 default 1 default 1 default 1 I3 I4 I5
ee3bbe87,01110011,01110011,01110011,True,True,ok,0,I2 I3 I4 XOR50 XOR61 XOR72 XOR03 XOR14
ee429a2d,01011001,01111001,01011001,False,True,ok,2,I4 I5 default 1 default 1 I2 I3 I4 I5
ee4f1423,01101111,01101111,01101111,True,True,ok,0,XOR-NOT34 XOR-NOT45 XOR-NOT56 XOR-NOT67 NOT7 NOT0 NOT1 NOT2
ee61df9f,01000100,01000100,01000100,True,True,ok,0,AND26 AND37 AND40 AND51 AND62 AND73 C0 AND50
ee7ce543,00110011,01111011,00110011,False,True,ok,4,I3 default 1 default 1 default 1 default 1 I4 I5 I6
eea91b82,00101111,00101111,00101110,True,False,ok,0,XOR-NOT36 XOR-NOT47 XOR-NOT50 XOR-NOT61 XOR-NOT72 OR-NOT03 OR-NOT14 OR-NOT25
eeac10f6,11011110,11111110,01110110,False,False,ok,4,XOR-NOT13 default 1 default 1 default 1 default 1 OR-NOT46 OR-NOT57 OR-NOT60
eeb60061,00000101,00000101,00000101,True,True,ok,0,XOR47 I5 I6 I7 I0 I1 I2 I3
eebac653,10011111,10011111,10011111,True,True,ok,0,OR12 OR23 OR34 OR45 OR56 OR67 OR70 I1
eed2f3ae,11101111,11101111,11101111,True,True,ok,0,XOR-NOT25 XOR-NOT36 XOR-NOT47 NOT5 NOT6 NOT7 C1 C1
eeda9bd9,11111011,11111111,11111011,False,True,ok,1,I2 I3 I4 I5 I6 default 1 I1 I2
ef1351ad,10100110,11110110,10010010,False,False,ok,2,XOR-NOT36 default 1 OR01 default 1 OR23 OR-NOT43 OR-NOT54 OR-NOT65
ef2fe526,01011010,01011011,01011010,False,True,ok,0,AND14 AND25 AND36 AND47 AND50 AND61 AND72 AND-NOT26
ef37f544,10000000,10000000,10000000,True,True,ok,0,AND25 AND36 AND47 C0 C0 C0 C0 C0
efb39cd2,10011000,00011000,10011000,False,True,ok,0,AND45 I6 I7 I0 I1 I2 I3 I4
efc2b69d,10111100,10111100,10111100,True,True,ok,0,I5 I6 I7 I0 I1 I2 I3 I4
f0007ca0,11000110,11000110,11000110,True,True,ok,0,I3 I4 I5 I6 I7 I0 I1 I2
f05dc9a6,00001100,00001100,00000100,True,False,ok,1,AND35 AND46 AND57 AND60 default 1 AND12 AND23 AND34
f15c5106,00001110,00001110,00001000,True,False,ok,0,XOR-NOT34 XOR-NOT45 XOR-NOT56 XOR-NOT67 OR-NOT07 OR-NOT10 OR-NOT21 OR-NOT32
f17db8d6,11000011,11001111,11000011,False,True,ok,2,I2 I3 I4 I5 default 1 default 1 I2 I3
f18abb65,01011101,01111101,01000100,False,False,ok,2,XOR-NOT45 XOR-NOT56 default 1 default 1 OR-NOT21 OR-NOT32 OR-NOT43 OR-NOT54
f1a05733,01110101,01011101,01001111,False,False,ok,2,XOR-NOT23 default 1 I1 default 1 C1 OR-NOT47 OR-NOT50 OR-NOT61
f1c1ed58,01111111,01111111,01101000,True,False,ok,3,XOR-NOT72 XOR-NOT03 XOR-NOT14 default 1 default 1 default 1 OR-NOT35 OR-NOT46
f2014638,10011010,10011010,10011010,True,True,ok,0,I6 I7 I0 I1 I2 I3 I4 I5
f20bf656,10100000,10100010,10100000,False,True,ok,0,I5 I6 I7 C0 C0 C0 AND-NOT72 AND-NOT03
f24b8bee,11011000,11011000,11011000,True,True,ok,0,I5 I6 I7 I0 I1 I2 I3 I4
f290228c,11110100,11110100,11110100,True,True,ok,0,I4 I5 I6 I7 C0 I0 I1 I2
f2a167e5,10101110,10101110,10101110,True,True,ok,0,XOR-NOT45 XOR-NOT56 XOR-NOT67 NOT7 NOT0 NOT1 NOT2 OR-NOT03
f2b23d11,10000000,10000000,10000000,True,True,ok,0,AND35 AND46 AND57 C0 C0 C0 C0 C0
f2ec1685,00100111,00100111,00100111,True,True,ok,0,XOR-NOT26 XOR-NOT37 NOT4 NOT5 NOT6 NOT7 C1 C1
f2f257ed,11100001,11100001,11100001,True,True,ok,1,I5 I6 default 1 I1 I2 I3 I4 I5
f30b205e,10001011,10001011,10001011,True,True,ok,0,I5 I6 I7 I0 I1 XOR02 XOR13 XOR24
f370fab8,01011000,01111000,01011000,False,True,ok,2,I5 default 1 default 1 I2 I3 I4 I5 I6
f376c085,11010101,11010101,11010101,True,True,ok,0,I7 I0 I1 OR02 OR13 OR24 OR35 OR46
f3971b9a,00011001,00011001,00011001,True,True,ok,0,AND-NOT24 AND-NOT35 AND-NOT46 AND-NOT57 I6 I7 I0 I1
f3bfb3bf,10001011,10001011,10001011,True,True,ok,0,I7 C0 C0 C0 I0 I1 I2 I3
f3cc989a,01000000,01100000,00000000,False,False,ok,1,AND46 AND57 default 1 I2 AND23 AND34 AND45 AND56
f3cdeb29,01101110,01101110,01101100,True,False,ok,0,XOR-NOT13 XOR-NOT24 XOR-NOT35 XOR-NOT46 XOR-NOT57 NOT6 OR-NOT07 OR-NOT10
f3ebf8bc,00100011,00100011,00100011,True,True,ok,0,AND-NOT31 AND-NOT42 AND-NOT53 AND-NOT64 AND-NOT75 I0 I1 I2
f3fc7209,10001000,10001000,10001000,True,True,ok,0,XOR26 XOR37 XOR40 XOR51 XOR62 XOR73 I4 I5
f417b927,10100011,10100111,10100011,False,True,ok,1,XOR-NOT12 XOR-NOT23 XOR-NOT34 XOR-NOT45 XOR-NOT56 default 1 OR-NOT17 OR-NOT20
f43f6142,01111101,01111101,01111101,True,True,ok,0,AND-NOT63 AND-NOT74 I0 I1 I2 I3 I4 I5
f459b7b4,00000000,00000000,00000000,True,True,ok,0,AND57 C0 C0 C0 C0 C0 C0 AND02
f469f4d7,11010001,11010001,11010001,True,True,ok,1,I6 default 1 I1 I2 I3 I4 I5 I6
f4925854,01011100,01111110,01011100,False,True,ok,5,I1 I2 default 1 default 1 default 1 default 1 default 1 I5
f49ec314,01110100,11111100,00000011,False,False,ok,4,OR-NOT35 default 1 default 1 default 1 default 1 OR-NOT42 OR-NOT53 OR-NOT64
f4bb4d9c,00001100,00011100,00001100,False,True,ok,3,I2 I3 I4 default 1 default 1 default 1 I3 I4
f4f27085,11100101,11111111,11100101,False,True,ok,4,I1 I2 I3 default 1 default 1 default 1 default 1 I4
f5059127,11111100,11111110,11111100,False,True,ok,5,I1 I2 default 1 default 1 default 1 default 1 default 1 I5
f507b7f1,11001100,11011100,11011100,False,False,ok,1,XOR-NOT23 XOR-NOT34 XOR-NOT45 default 1 C1 OR-NOT27 OR-NOT30 OR-NOT41
f5082693,11110011,11110111,11110011,False,True,ok,1,I2 I3 I4 I5 I6 default 1 I1 I2
f557284b,10101111,10101111,10101111,True,True,ok,0,XOR-NOT35 XOR-NOT46 XOR-NOT57 NOT6 NOT7 C1 C1 C1
f55c1bf0,11010111,11010111,11010111,True,True,ok,0,XOR-NOT36 XOR-NOT47 NOT5 NOT6 NOT7 C1 C1 C1
f5cb333a,00000000,00000000,00000000,True,True,ok,0,C0 C0 C0 AND02 AND13 AND24 AND35 AND46
f5d096da,00011101,00011101,00011101,True,True,ok,0,I5 I6 I7 I0 I1 I2 I3 I4
f5d74f50,11100001,11100001,11100001,True,True,ok,0,OR56 OR67 OR70 I1 I2 I3 I4 I5
f62c1fa3,00110110,00110110,10111011,True,False,ok,1,XOR-NOT26 XOR-NOT37 XOR-NOT40 XOR-NOT51 XOR-NOT62 default 1 OR-NOT14 OR-NOT25
f64eb796,01101101,01101101,01101101,True,True,ok,0,OR-NOT75 NOT6 OR-NOT07 OR-NOT10 OR-NOT21 OR-NOT32 OR-NOT43 OR-NOT54
f6a95641,10111001,10111001,10111001,True,True,ok,0,I7 C0 I0 I1 I2 I3 I4 I5
f7346f0c,11100101,11100101,11100101,True,True,ok,0,I5 I6 I7 I0 I1 I2 I3 I4
f745d8a2,00010001,00010001,00010001,True,True,ok,0,C0 C0 AND01 AND12 AND23 AND34 AND45 AND56
f7aeb894,00000111,00000111,00000111,True,True,ok,0,I5 I6 I7 I0 OR01 OR12 OR23 OR34
f84c009a,00011001,00011001,00011001,True,True,ok,0,AND57 C0 C0 I0 I1 I2 I3 I4
f85074ab,00001010,00001010,00001010,True,True,ok,0,AND13 AND24 AND35 AND46 AND57 AND60 AND71 AND12
f8640728,00000000,00000000,00000000,True,True,ok,0,AND46 AND57 AND60 AND71 AND02 C0 C0 C0
f8c6ea2c,00000000,00000000,00000000,True,True,ok,0,AND57 AND60 AND71 C0 C0 C0 C0 C0
f8f4c3b4,10001101,10101101,10001101,False,True,ok,0,I6 I7 NOT7 I0 I1 I2 I3 I4
f8fc43d2,11100100,11100100,11100100,True,True,ok,0,I3 I4 XOR50 XOR61 XOR72 XOR03 XOR14 XOR25
f922f81c,00000000,01111000,00000000,False,True,ok,4,I3 default 1 default 1 default 1 default 1 I4 I5 I6
f929c6cc,10010001,10010001,10010001,True,True,ok,0,I5 I6 I7 I0 I1 I2 I3 I4
f94ed862,11110001,11110001,11110001,True,True,ok,0,OR34 OR45 OR56 OR67 I7 I0 I1 I2
f951b8a1,11100111,11111111,11100111,False,True,ok,3,I2 I3 I4 default 1 default 1 default 1 I3 I4
f9c59b61,01001011,01001011,01001011,True,True,ok,0,XOR-NOT13 XOR-NOT24 XOR-NOT35 XOR-NOT46 XOR-NOT57 NOT6 NOT7 C1
f9fee551,00011010,00011010,00011010,True,True,ok,0,I2 I3 I4 I5 I6 I7 I0 I1
fa3cd146,00001111,00011110,00000001,False,False,ok,4,XOR-NOT14 XOR-NOT25 XOR-NOT36 default 1 default 1 default 1 default 1 OR67
fa553b92,11000011,11000011,11000011,True,True,ok,1,XOR-NOT13 XOR-NOT24 XOR-NOT35 XOR-NOT46 XOR-NOT57 XOR-NOT60 default 1 OR-NOT12
fa67da07,11101011,11101011,11101011,True,True,ok,0,I2 I3 I4 I5 I6 I7 I0 I1
fa6f754d,11000000,11111000,11000000,False,True,ok,4,AND45 default 1 default 1 default 1 default 1 I1 I2 I3
fa900ac8,00001111,00001111,00001111,True,True,ok,0,AND-NOT14 AND-NOT25 AND-NOT36 AND-NOT47 I5 I6 I7 I0
face5252,11001110,11001110,00001000,True,False,ok,0,XOR-NOT45 XOR-NOT56 XOR-NOT67 XOR-NOT70 NOT1 OR-NOT02 OR-NOT13 OR-NOT24
fb15fcfa,00011000,00011000,00011000,True,True,ok,0,AND-NOT76 AND-NOT07 I1 I2 I3 I4 I5 I6
fb184e97,00000000,01110000,00000000,False,True,ok,3,I4 default 1 default 1 default 1 I3 I4 I5 I6
fb5a7b9e,11111010,11111010,11111010,True,True,ok,2,I5 default 1 default 1 I2 I3 I4 I5 I6
fb955790,01000010,01000010,01000010,True,True,ok,0,I6 I7 C0 I0 I1 I2 I3 I4
fba1e3c2,00000000,00000000,00000000,True,True,ok,0,AND46 AND57 C0 C0 C0 C0 C0 C0
fbbe43a3,00010101,00011111,00010101,False,True,ok,4,I1 I2 I3 default 1 default 1 default 1 default 1 I4
fbdf7656,10100100,10100100,10000000,True,False,ok,2,AND-NOT42 AND-NOT53 default 1 OR57 AND-NOT06 default 1 I2 I3
fc174f21,00000000,00000000,00000000,True,True,ok,0,AND01 C0 C0 C0 C0 C0 C0 C0
fc4a85ad,10110111,10110111,10110111,True,True,ok,0,I7 I0 I1 I2 I3 I4 I5 I6
fcbb35e3,10101101,10111101,10000101,False,False,ok,3,XOR-NOT23 XOR-NOT34 default 1 default 1 default 1 OR-NOT37 OR-NOT40 OR-NOT51
fcc5f83d,00000000,00000000,00000000,True,True,ok,0,AND15 AND26 AND37 AND40 AND51 AND62 AND73 C0
fcc6dff6,00111010,00111010,00111010,True,True,ok,0,XOR-NOT71 NOT2 OR-NOT03 OR-NOT14 OR-NOT25 OR-NOT36 OR-NOT47 OR-NOT50
fd03c3d3,11001000,11001000,11001000,True,True,ok,0,XOR25 XOR36 XOR47 I5 I6 I7 I0 I1
fd13b7fd,00011001,00011001,00011001,True,True,ok,0,AND56 AND67 C0 I0 I1 I2 I3 I4
fd15ed49,00000100,00111110,00000100,False,True,ok,5,I1 I2 default 1 default 1 default 1 default 1 default 1 I5
fd1d72d0,00011001,00011001,00011001,True,True,ok,0,C0 I2 I3 I4 I5 I6 I7 I0
fd2c352d,01010001,01010001,01010001,True,True,ok,0,I4 I5 I6 I7 C0 C0 C0 I0
fd48ee2f,10110100,10110100,10110100,True,True,ok,0,I2 I3 I4 I5 I6 I7 C0 C0
fd699316,01011100,01011100,01011100,True,True,ok,0,I1 I2 I3 I4 I5 I6 I7 I0
fd7920d3,11111011,11111011,11111011,True,True,ok,0,C1 C1 OR-NOT10 OR-NOT21 OR-NOT32 OR-NOT43 OR-NOT54 OR-NOT65
fe6d3aa3,10100010,10110010,10100010,False,True,ok,2,I4 I5 default 1 default 1 I2 I3 I4 I5
fea71e16,01001100,01001110,01001100,False,True,ok,3,I1 I2 I3 I4 default 1 default 1 default 1 I3
fec1ea92,11001111,11001111,11001111,True,True,ok,0,I2 I3 I4 OR57 OR60 OR71 OR02 OR13
fecfb467,00101100,00101100,00101100,True,True,ok,0,XOR45 XOR56 XOR67 I7 I0 I1 I2 I3
fee5976e,11100001,11100000,11100000,False,False,ok,0,I6 I7 I0 I1 I2 I3 I4 I5
feef2d98,00000000,00000000,00000000,True,True,ok,0,AND14 AND25 AND36 AND47 C0 C0 C0 C0
ff746806,11000000,11000000,11000000,True,True,ok,0,I4 I5 I6 I7 C0 C0 I0 I1
ff8b36e7,01010111,01010111,01010111,True,True,ok,0,I1 I2 XOR03 XOR14 XOR25 XOR36 XOR47 XOR50
ff948917,00000001,00000001,00000001,True,True,ok,0,I6 I7 C0 C0 C0 I0 I1 I2
ffa4e736,00110111,00110111,00110111,True,True,ok,0,XOR-NOT36 XOR-NOT47 OR-NOT05 OR-NOT16 OR-NOT27 C1 C1 C1
ffce9e31,01100110,01100110,01100110,True,True,ok,0,OR26 OR37 I4 I5 I6 I7 I0 I1
