key,count,answer_count,family_count,subcategory_count,answers_preview,families,subcategories,ids_preview,template_preview
969cbe8f1897c941e8eada8f58b3cf9a0befa4b3ce6552e4078364be68f96341,52,46,1,1,00001011|00001101|00001111|00011010|00011101|00011110|00101000|00101001|00101011|00110011,bit_manipulation,bit_konbu_high_confidence_trace,v534_konbu_high_00a815792299d273|v534_konbu_high_06ddc356d108f344|v534_konbu_high_12767bab0fa8a0c0|v534_konbu_high_13e55810f78c30e9|v534_konbu_high_21deb779d77e6953|v534_konbu_high_24b65c30685b2a24|v534_konbu_high_2ccb83bc732654dc|v534_konbu_high_305e638b6cd0bb04|v534_konbu_high_3afcf881994642ff|v534_konbu_high_3dae525bd76ec50b,"trace summary: infer the <num>-bit transformation from examples, then test candidate bit relations. source solver method=w_mix, confidence=high, ambiguous_bits=<num>. rule vocabulary: bit rot shl shr xor and or not strid"
a35e6c14bbf137aa750e90944a8a7b594f1543ec6d7eaac1069238053b052648,46,42,1,1,00000011|00001011|00001111|00010000|00010101|00010110|00011000|00100000|00100111|00101100,bit_manipulation,bit_konbu_high_confidence_trace,v534_konbu_high_01b21970f12f570a|v534_konbu_high_0ac62511f597b558|v534_konbu_high_1286eca3a80ce53b|v534_konbu_high_139341cc3ded29aa|v534_konbu_high_14867c289f6b2ee2|v534_konbu_high_242c498613188baf|v534_konbu_high_2b4c44d17e0c34f7|v534_konbu_high_38ed7db6664faa5f|v534_konbu_high_426d9fdbefbdb664|v534_konbu_high_46fe1c4a3cb23c9c,"trace summary: infer the <num>-bit transformation from examples, then test candidate bit relations. source solver method=w_mix, confidence=high, ambiguous_bits=<num>. rule vocabulary: bit rot shl shr xor and or not strid"
7988c53570b735340fb4827de207d35c84aaabf7abe7ad565d957861fdece6c0,34,32,1,1,00000011|00010100|00011101|00011111|00101011|00101110|00111110|01001100|01001110|01010000,bit_manipulation,bit_konbu_high_confidence_trace,v534_konbu_high_05f144259346b2c3|v534_konbu_high_16339f2b34bf8cef|v534_konbu_high_16511a2bae1b2758|v534_konbu_high_1a29b10bf75207dd|v534_konbu_high_32549777057f0432|v534_konbu_high_33d1e843a4573246|v534_konbu_high_499a70d705f69069|v534_konbu_high_61d80a20744a6eca|v534_konbu_high_6a846381343d4a95|v534_konbu_high_70c5f38ee00b6bde,"trace summary: infer the <num>-bit transformation from examples, then test candidate bit relations. source solver method=w_mix, confidence=high, ambiguous_bits=<num>. rule vocabulary: bit rot shl shr xor and or not strid"
d576b146325ed999d3ddd1a120de2d521ef5a12ac30259d0ce28d746194efcae,32,29,1,1,00000010|00000111|00001111|00011000|00011001|00011110|00100100|00101011|00101110|00110001,bit_manipulation,bit_konbu_high_confidence_trace,v534_konbu_high_0748e634ba8ec1b1|v534_konbu_high_0952e3ed2762b652|v534_konbu_high_138ef0c94aaf4dcf|v534_konbu_high_20577efa46ed9019|v534_konbu_high_27df40002463770d|v534_konbu_high_2be67ab8250eb49f|v534_konbu_high_2be6bd37224617a7|v534_konbu_high_3fb13cf417040419|v534_konbu_high_42006889dc46027c|v534_konbu_high_62cc40fda97373f2,"trace summary: infer the <num>-bit transformation from examples, then test candidate bit relations. source solver method=w_mix, confidence=high, ambiguous_bits=<num>. rule vocabulary: bit rot shl shr xor and or not strid"
95fa70228b1eb768996dc0ecd30296c3b51a1fe1c94653e220f05482da591b80,20,20,1,1,00000101|00010001|00010010|00100001|00101000|00110100|00111010|01100101|01110010|10010000,bit_manipulation,bit_konbu_high_confidence_trace,v534_konbu_high_0382746b6fa37958|v534_konbu_high_08c95a88afb8dc52|v534_konbu_high_2f9eb2bdfb2787ba|v534_konbu_high_3ca330a29056bb9b|v534_konbu_high_3e9eb1dad58de603|v534_konbu_high_42ab9fa4489c4a94|v534_konbu_high_50d51bf71b21ee49|v534_konbu_high_5d2847cfac80b60d|v534_konbu_high_6cd88406785339a8|v534_konbu_high_6f2d7ff9ad636e3e,"trace summary: infer the <num>-bit transformation from examples, then test candidate bit relations. source solver method=w_rot, confidence=high, ambiguous_bits=<num>. rule vocabulary: bit rot shl shr xor and or not strid"
1f57f8e6f0649a2a3f9e303b17b789059b71273c5daabc4a0c1ddacdc4739eed,18,18,1,1,00010010|00010111|00011100|00100110|00101000|00101101|01000000|01000100|01001011|01010010,bit_manipulation,bit_konbu_high_confidence_trace,v534_konbu_high_0a1a0a317deaae9e|v534_konbu_high_18975d01cd4753cf|v534_konbu_high_21d51c5a743e5b67|v534_konbu_high_3e08c2c463c0fa7c|v534_konbu_high_4141ff6afb99587c|v534_konbu_high_61e82f61a0e6c4b7|v534_konbu_high_636ecba23c0db69a|v534_konbu_high_93db1433ff7c5ce4|v534_konbu_high_a348e6e33e5c7ccb|v534_konbu_high_af2475a2d2449ef6,"trace summary: infer the <num>-bit transformation from examples, then test candidate bit relations. source solver method=w_rot, confidence=high, ambiguous_bits=<num>. rule vocabulary: bit rot shl shr xor and or not strid"
5933bcc839bdeaad1db168cbf7769b989c533c770758635b209ee061227ea31f,18,18,1,1,00001111|00011010|00011101|00100000|01001010|01010011|01011000|01011100|01111110|10001001,bit_manipulation,bit_konbu_high_confidence_trace,v534_konbu_high_0ecfec9699076b11|v534_konbu_high_23ef96384b8280bb|v534_konbu_high_34f2bdd372605e1d|v534_konbu_high_3c83a93754457336|v534_konbu_high_4c0e9a646c9db240|v534_konbu_high_73539ebea748cc41|v534_konbu_high_7d1919e9813ca0d1|v534_konbu_high_8f6b1230d634a5d0|v534_konbu_high_904ed22b8de49794|v534_konbu_high_9b2792b6376e499b,"trace summary: infer the <num>-bit transformation from examples, then test candidate bit relations. source solver method=w_rot, confidence=high, ambiguous_bits=<num>. rule vocabulary: bit rot shl shr xor and or not strid"
d0def1425f0220cf6bbebda31c9d61da0b7c8e6eacec0c8f030fbf283e5ad70f,12,12,1,1,00001110|01001000|01100000|01101000|01111001|10110101|10111010|10111110|11000000|11000110,bit_manipulation,bit_konbu_high_confidence_trace,v534_konbu_high_49491cd168f05aaa|v534_konbu_high_5394d7ce619bb1c1|v534_konbu_high_540d14640475183f|v534_konbu_high_5b9f6f05cbc927de|v534_konbu_high_a2427242d32b1662|v534_konbu_high_a88b3d2ca7b438a0|v534_konbu_high_da25a76b5886fa44|v534_konbu_high_df5c05521846f119|v534_konbu_high_dfbc8aad5e19180d|v534_konbu_high_1ec944c99fb936d7,"trace summary: infer the <num>-bit transformation from examples, then test candidate bit relations. source solver method=w_rot, confidence=high, ambiguous_bits=<num>. rule vocabulary: bit rot shl shr xor and or not strid"
e818700c12394101c5e3c9ffe3f556716e140eb08220d47c188251533294d7e5,9,7,1,1,00000000|00000001|00000011|00010001|00100000|00100010|01001100,bit_manipulation,bit_konbu_high_confidence_trace,v534_konbu_high_0d28c151026d6522|v534_konbu_high_301483845552524f|v534_konbu_high_6f7bfcabb0c5eacc|v534_konbu_high_b3c0a1238e5d89b4|v534_konbu_high_bf1728dee22a2142|v534_konbu_high_f44e25a76968ef90|v534_konbu_high_018c7b6249bdfaf8|v534_konbu_high_65860fe521213048|v534_konbu_high_790be72c49083eb2,"trace summary: infer the <num>-bit transformation from examples, then test candidate bit relations. source solver method=w_uni2, confidence=high, ambiguous_bits=<num>. rule vocabulary: bit rot shl shr xor and or not stri"
c05726bc81da5647b3465d405fa97ae5e4eeeb90edde7fb8a90a905c4262e8d4,8,8,1,1,00000111|01001001|01010111|01101001|10011010|10100110|10111111|11001101,bit_manipulation,bit_huikang_synthetic_cho,v534_huikang_synth_cho_0d2e1d18112e283f|v534_huikang_synth_cho_255432883b6c57c4|v534_huikang_synth_cho_2fe65e23e4d9ae7f|v534_huikang_synth_cho_67554e4adaa9da62|v534_huikang_synth_cho_6e90202048906bcd|v534_huikang_synth_cho_76c3d511f41c31bd|v534_huikang_synth_cho_80a1a9ab8370040f|v534_huikang_synth_cho_b353887997c6852d,"trace summary: infer a per-bit <num>-input transformation and verify it on all examples. rule: cho(not rot(<num>), shr(<num>), rot(<num>)). operator family: cho. rule vocabulary: bit rot shl shr xor and or not stride bit"
1706b11723adea61ae24733e06a123fad972dd7cb2d6119373b89537bd6d3692,7,7,1,1,00100000|00101100|01010101|01010110|11000000|11010001|11111000,bit_manipulation,bit_huikang_synthetic_cho,v534_huikang_synth_cho_074b03e11126c1f4|v534_huikang_synth_cho_0dff13a0ebd2b825|v534_huikang_synth_cho_316caaf372836f26|v534_huikang_synth_cho_3d5a6745072ce1bc|v534_huikang_synth_cho_8e71ba68583d5f2a|v534_huikang_synth_cho_9a2177a9a2389e92|v534_huikang_synth_cho_de39421243dfa983,"trace summary: infer a per-bit <num>-input transformation and verify it on all examples. rule: cho(not shl(<num>), not rot(<num>), shl(<num>)). operator family: cho. rule vocabulary: bit rot shl shr xor and or not stride"
27ecae0c0ffe8adce00e8f131979a6041ad3245355c25e23760763009cb6850b,7,7,1,1,00010100|01000000|01001000|10000000|10100000|11000000|11011000,bit_manipulation,bit_huikang_synthetic_cho,v534_huikang_synth_cho_25fe7120c1964428|v534_huikang_synth_cho_3706a0229d046b4f|v534_huikang_synth_cho_7c9fb30c7673618f|v534_huikang_synth_cho_7ee1828dcd917534|v534_huikang_synth_cho_8793df4328f4293c|v534_huikang_synth_cho_de55a93ba514b0e0|v534_huikang_synth_cho_12f3c6464633d05a,"trace summary: infer a per-bit <num>-input transformation and verify it on all examples. rule: cho(not shl(<num>), shl(<num>), rot(<num>)). operator family: cho. rule vocabulary: bit rot shl shr xor and or not stride bit"
2bcf6c0a5896229f0c6607ba3bbdcd8d73aa344f15a2cc98ca2f692e9623d634,7,7,1,1,01000110|01010011|10110100|11000110|11001110|11110011|11111010,bit_manipulation,bit_huikang_synthetic_maj,v534_huikang_synth_maj_2f7c147ff6b6a9db|v534_huikang_synth_maj_4ed33ee9b232ae62|v534_huikang_synth_maj_d2c3ed198a4119bb|v534_huikang_synth_maj_174cf5e98bfabb75|v534_huikang_synth_maj_24c7f549d73c717a|v534_huikang_synth_maj_69b8a3970c44bdab|v534_huikang_synth_maj_cbd7c2b6ccaa39c7,"trace summary: infer a per-bit <num>-input transformation and verify it on all examples. rule: maj(rot(<num>), not rot(<num>), not rot(<num>)). operator family: maj. rule vocabulary: bit rot shl shr xor and or not stride"
541d1177127f7b9bdf831d0cbc16cb829cec808191a8d8a1cd848c43f33a288b,7,6,1,1,01111111|10101010|10101011|10110010|11001110|11010111,bit_manipulation,bit_huikang_synthetic_cho,v534_huikang_synth_cho_00fe85b72ab07c93|v534_huikang_synth_cho_36a98d82845b3559|v534_huikang_synth_cho_6133875b37cf5ca0|v534_huikang_synth_cho_862067121ab89c53|v534_huikang_synth_cho_ccf34772d65f6b5e|v534_huikang_synth_cho_4e4074b220cea190|v534_huikang_synth_cho_c82c37125bb099dc,"trace summary: infer a per-bit <num>-input transformation and verify it on all examples. rule: cho(rot(<num>), not shr(<num>), not rot(<num>)). operator family: cho. rule vocabulary: bit rot shl shr xor and or not stride"
6fcd0c39e436726bd8ddcf297ea53dd39058addd2dfccff6e40c71623e9cb74d,7,7,1,1,00100110|00101000|01100011|10000101|10100010|10110110|11010010,bit_manipulation,bit_huikang_synthetic_cho,v534_huikang_synth_cho_4406a70106153fc1|v534_huikang_synth_cho_79c842b81203dbc7|v534_huikang_synth_cho_88862e1aa6518e2a|v534_huikang_synth_cho_cf517cc71e6bf34f|v534_huikang_synth_cho_d6be973972f83213|v534_huikang_synth_cho_3fd26fbde12daae4|v534_huikang_synth_cho_3fd8997f87f67942,"trace summary: infer a per-bit <num>-input transformation and verify it on all examples. rule: cho(not rot(<num>), shl(<num>), not rot(<num>)). operator family: cho. rule vocabulary: bit rot shl shr xor and or not stride"
769e014f7135018491af4390eb1c76ed54b49d4aba833e0bf7b0c0dd0878c50d,7,7,1,1,00010010|00110001|00110100|01100000|10000010|10000110|10100010,bit_manipulation,bit_huikang_synthetic_cho,v534_huikang_synth_cho_073bd964a2c2eaa6|v534_huikang_synth_cho_4e60830607b2c312|v534_huikang_synth_cho_557c7e1ee3e8098e|v534_huikang_synth_cho_9ec5d00ab48823ef|v534_huikang_synth_cho_a8a12a9224f000f7|v534_huikang_synth_cho_b33bb83854b083f8|v534_huikang_synth_cho_d9099548059c36e7,"trace summary: infer a per-bit <num>-input transformation and verify it on all examples. rule: cho(not rot(<num>), not rot(<num>), rot(<num>)). operator family: cho. rule vocabulary: bit rot shl shr xor and or not stride"
97e7df59de089039810dd2e8b6eb76a814ba944f1fa75561580f414a22356836,7,7,1,1,00001101|00010010|00101110|01000110|10001001|10001101|11011111,bit_manipulation,bit_huikang_synthetic_cho,v534_huikang_synth_cho_53efc10301149695|v534_huikang_synth_cho_5c483ded323057e7|v534_huikang_synth_cho_809a7598690c3d96|v534_huikang_synth_cho_ac9036e69551c2eb|v534_huikang_synth_cho_b4018b8d44880515|v534_huikang_synth_cho_d81bc798e3bfdfc3|v534_huikang_synth_cho_f322a6e3a8b4e957,"trace summary: infer a per-bit <num>-input transformation and verify it on all examples. rule: cho(rot(<num>), not rot(<num>), not shl(<num>)). operator family: cho. rule vocabulary: bit rot shl shr xor and or not stride"
f77d16dd1ede351cbb95b39fc288eea17b53e811d9ffe7ff9fc80542d0031935,7,7,1,1,00011000|00011011|00111000|01001000|10010010|11010000|11010110,bit_manipulation,bit_huikang_synthetic_maj,v534_huikang_synth_maj_03e6c99d1d1fb557|v534_huikang_synth_maj_57676da316d1631a|v534_huikang_synth_maj_8189043e2b0d282f|v534_huikang_synth_maj_9cd5c42e4beda7f7|v534_huikang_synth_maj_9e32937c368a7931|v534_huikang_synth_maj_de36dbdd759b133c|v534_huikang_synth_maj_3785b77e7f9eaf2d,"trace summary: infer a per-bit <num>-input transformation and verify it on all examples. rule: maj(not shl(<num>), shl(<num>), rot(<num>)). operator family: maj. rule vocabulary: bit rot shl shr xor and or not stride bit"
0b2f96e169ced454fdd4be90d547c6dd81c332f1c013eca1f60d5e0029f24e35,6,6,1,1,00000000|00000001|00010000|00110011|01000001|01100000,bit_manipulation,bit_konbu_high_confidence_trace,v534_konbu_high_203618d6657648fb|v534_konbu_high_614b35431dd4a652|v534_konbu_high_6a59d6aa02ac84c5|v534_konbu_high_b41ef59d1aeaff2d|v534_konbu_high_f7f328a397601f5e|v534_konbu_high_f919a5a30307a27e,"trace summary: infer the <num>-bit transformation from examples, then test candidate bit relations. source solver method=w_uni2, confidence=high, ambiguous_bits=<num>. rule vocabulary: bit rot shl shr xor and or not stri"
482dbf2fd0441cfb73fd7c690df2b186ab83f12527e22d53408a3882cf93fde2,6,5,1,1,00000000|00000001|00010001|10001000|10010010,bit_manipulation,bit_konbu_high_confidence_trace,v534_konbu_high_13024b24bbb3c2f4|v534_konbu_high_14e6cc89dde70d07|v534_konbu_high_cc62fed12b1cb96c|v534_konbu_high_fa871aa9dbc96b6e|v534_konbu_high_2ca574fd120e01a5|v534_konbu_high_3ef5690cbf680b83,"trace summary: infer the <num>-bit transformation from examples, then test candidate bit relations. source solver method=w_uni2, confidence=high, ambiguous_bits=<num>. rule vocabulary: bit rot shl shr xor and or not stri"
68e891ab8c99590e299c919fd5281ce44ccad06caac8dc5c645ddb8d9a5333b4,6,6,1,1,00011001|01101110|10100110|10110101|11100001|11111111,bit_manipulation,bit_konbu_high_confidence_trace,v534_konbu_high_016aa159005b9bef|v534_konbu_high_40c7988bc42e0638|v534_konbu_high_53032a122fef81ed|v534_konbu_high_983e0d20b810e1a0|v534_konbu_high_aad268ef78f9d14e|v534_konbu_high_bc72a2a70697eecd,"trace summary: infer the <num>-bit transformation from examples, then test candidate bit relations. source solver method=w_perm, confidence=high, ambiguous_bits=<num>. rule vocabulary: bit rot shl shr xor and or not stri"
7635d7a1dd6a661de777a13c00c248a11ac51ca392497bb3fd77a5b268d3780d,6,6,1,1,01010101|01011110|01111001|10100110|10101101|11100111,bit_manipulation,bit_huikang_synthetic_maj,v534_huikang_synth_maj_32fb12ab21af9892|v534_huikang_synth_maj_35fb593b3d0a3b2b|v534_huikang_synth_maj_814086829145954d|v534_huikang_synth_maj_9abb64236dd4e749|v534_huikang_synth_maj_aee4fc589f3940fc|v534_huikang_synth_maj_88faf5cb72bd48b6,"trace summary: infer a per-bit <num>-input transformation and verify it on all examples. rule: maj(shr(<num>), not rot(<num>), not shr(<num>)). operator family: maj. rule vocabulary: bit rot shl shr xor and or not stride"
a824c1f261e1ea5aa1d7b0d57c47673e6a65ec0171fdf7779bdbedb149aaafe8,6,6,1,1,00100001|00110110|01000001|01110001|01110010|11110000,bit_manipulation,bit_huikang_synthetic_maj,v534_huikang_synth_maj_7a1bd8205928a38d|v534_huikang_synth_maj_89d55373da6a16d8|v534_huikang_synth_maj_b62551160a060b6d|v534_huikang_synth_maj_bf08b0abdd4d02a7|v534_huikang_synth_maj_e4af273d3c55ee80|v534_huikang_synth_maj_a89f45f067132b0c,"trace summary: infer a per-bit <num>-input transformation and verify it on all examples. rule: maj(not rot(<num>), not shl(<num>), shl(<num>)). operator family: maj. rule vocabulary: bit rot shl shr xor and or not stride"
ac20baf3b57b44ec172169f4632b3677a8607cb01414b626783af6b183e30281,6,6,1,1,00000011|00001011|00010010|00111001|01110111|11101110,bit_manipulation,bit_huikang_synthetic_cho,v534_huikang_synth_cho_200f7db7bd862f35|v534_huikang_synth_cho_201085376a769051|v534_huikang_synth_cho_7f5915b6ad772abc|v534_huikang_synth_cho_c7a7b66fa0e816ee|v534_huikang_synth_cho_f0f470c43559c1fa|v534_huikang_synth_cho_87e4f8d66c5ca4e4,"trace summary: infer a per-bit <num>-input transformation and verify it on all examples. rule: cho(not rot(<num>), not rot(<num>), not rot(<num>)). operator family: cho. rule vocabulary: bit rot shl shr xor and or not st"
bcd74fb62ae89a89d465e6f3fdc985735cdaa5b677f85855cf5b10d576406302,6,6,1,1,00000000|01100111|10000011|10101101|11101101|11110101,bit_manipulation,bit_huikang_synthetic_maj,v534_huikang_synth_maj_0280a2c7351b2fae|v534_huikang_synth_maj_098bf34bc62dcb03|v534_huikang_synth_maj_274ab2b06ed72f32|v534_huikang_synth_maj_659c571264586e2a|v534_huikang_synth_maj_93bd1f322013074b|v534_huikang_synth_maj_f5aea91210d68a73,"trace summary: infer a per-bit <num>-input transformation and verify it on all examples. rule: maj(not rot(<num>), not rot(<num>), not rot(<num>)). operator family: maj. rule vocabulary: bit rot shl shr xor and or not st"
ce705641a7ec18105f29a787cf38563fb7a32496e2f75d96ee87548128a62f94,6,6,1,1,00001001|00101010|01000011|01001000|01010100|10001001,bit_manipulation,bit_huikang_synthetic_maj,v534_huikang_synth_maj_2048223bc10f5e5c|v534_huikang_synth_maj_271a0d3402b0a4cb|v534_huikang_synth_maj_531957c1a2eb27a0|v534_huikang_synth_maj_afa66c5705e64dac|v534_huikang_synth_maj_dd699f22d62d35b3|v534_huikang_synth_maj_f0e3e311a1b52f6c,"trace summary: infer a per-bit <num>-input transformation and verify it on all examples. rule: maj(shl(<num>), not rot(<num>), shr(<num>)). operator family: maj. rule vocabulary: bit rot shl shr xor and or not stride bit"
d5594f76622e2fa10b68ee97126319100e6e21fd31c3cf669aa5dc569af2fd25,6,6,1,1,00000011|00001111|00010101|00100011|00100101|01001011,bit_manipulation,bit_huikang_synthetic_maj,v534_huikang_synth_maj_11543444ef22f11c|v534_huikang_synth_maj_2fae234dc9b35cf7|v534_huikang_synth_maj_44bce4f0e21c3255|v534_huikang_synth_maj_56a813f0dcb90580|v534_huikang_synth_maj_7e6b4a15ad264468|v534_huikang_synth_maj_8f1f8eced3a9c61e,"trace summary: infer a per-bit <num>-input transformation and verify it on all examples. rule: maj(not rot(<num>), shr(<num>), rot(<num>)). operator family: maj. rule vocabulary: bit rot shl shr xor and or not stride bit"
db64f25d92084ccba6743fade5dd7d9a6c47c5cac141a22a1771c19cf0031b14,6,5,1,1,00000000|01101000|10000011|10001000|11010111,bit_manipulation,bit_huikang_synthetic_maj,v534_huikang_synth_maj_17705245f56d6476|v534_huikang_synth_maj_42d12a8624454008|v534_huikang_synth_maj_9e1a8d518431f063|v534_huikang_synth_maj_a7b9a6d633d02c51|v534_huikang_synth_maj_ab39b94905af2e21|v534_huikang_synth_maj_6d43b801ed5f1b38,"trace summary: infer a per-bit <num>-input transformation and verify it on all examples. rule: maj(rot(<num>), not rot(<num>), rot(<num>)). operator family: maj. rule vocabulary: bit rot shl shr xor and or not stride bit"
ddf8e243a3076ac7da06a634e2ae3bca2e343a729afa0037d3e542268d19f49e,6,6,1,1,00000000|00000110|00100110|00110100|01101100|11000100,bit_manipulation,bit_huikang_synthetic_maj,v534_huikang_synth_maj_04358950a8c34d3d|v534_huikang_synth_maj_7449b88ec7b05504|v534_huikang_synth_maj_c7fcbd48bdff8482|v534_huikang_synth_maj_8a7eea277241b2e7|v534_huikang_synth_maj_bde6b216315e0e2a|v534_huikang_synth_maj_dd9a5dbfda14947a,"trace summary: infer a per-bit <num>-input transformation and verify it on all examples. rule: maj(shr(<num>), shl(<num>), rot(<num>)). operator family: maj. rule vocabulary: bit rot shl shr xor and or not stride bitsum "
e13f601f930b97fdf846eadd025d9d10503f006bb24c98e9ac9d7f80c0e3b6c9,6,6,1,1,00000011|00011101|01000000|01110101|11010101|11111111,bit_manipulation,bit_huikang_synthetic_cho,v534_huikang_synth_cho_008c4da4ceccbd70|v534_huikang_synth_cho_0f56e4f47cc6a6d6|v534_huikang_synth_cho_91b03b55e2d05525|v534_huikang_synth_cho_bef726d234bd04aa|v534_huikang_synth_cho_c1bf3acf8fd17168|v534_huikang_synth_cho_8ca7518e51fe4ea7,"trace summary: infer a per-bit <num>-input transformation and verify it on all examples. rule: cho(not shr(<num>), rot(<num>), shr(<num>)). operator family: cho. rule vocabulary: bit rot shl shr xor and or not stride bit"
fc7a3124a37212c22eb8bbba8b08bc1c7446d64a0f06314335a033f1517c2858,6,6,1,1,00111110|01011011|01110011|11000000|11010000|11111001,bit_manipulation,bit_huikang_synthetic_cho,v534_huikang_synth_cho_479074d433f28c7f|v534_huikang_synth_cho_5a26afc4def0f516|v534_huikang_synth_cho_d8ab5ba4d31e8785|v534_huikang_synth_cho_e1e76048a671c3d1|v534_huikang_synth_cho_f80265312ffce966|v534_huikang_synth_cho_fbccfd2a531a3682,"trace summary: infer a per-bit <num>-input transformation and verify it on all examples. rule: cho(not rot(<num>), not rot(<num>), not shr(<num>)). operator family: cho. rule vocabulary: bit rot shl shr xor and or not st"
0967b8cce07938817983379a45ed1d956167459af7d07a582eefe5b6315c6fed,5,5,1,1,00010110|00111100|01011001|10001101|10111100,bit_manipulation,bit_huikang_synthetic_maj,v534_huikang_synth_maj_185a0ff23dca12c1|v534_huikang_synth_maj_53d9f8997b5e0e4a|v534_huikang_synth_maj_5f8d55186ba15a37|v534_huikang_synth_maj_ed5e7da2429906ea|v534_huikang_synth_maj_fe910eb55a41c8ba,"trace summary: infer a per-bit <num>-input transformation and verify it on all examples. rule: maj(shr(<num>), not shr(<num>), not rot(<num>)). operator family: maj. rule vocabulary: bit rot shl shr xor and or not stride"
12f095b79af9b7941917543b68c0f30e84fa897b2af4a35fbe47ad77e16e7f47,5,5,1,1,00110110|00111011|01111101|10000111|11001111,bit_manipulation,bit_huikang_synthetic_maj,v534_huikang_synth_maj_95114325d7f86c49|v534_huikang_synth_maj_bab6d0a22eae4d8d|v534_huikang_synth_maj_cc99896b272c0900|v534_huikang_synth_maj_1eefce87c0e57d00|v534_huikang_synth_maj_3fd1d9d1beaa5d3d,"trace summary: infer a per-bit <num>-input transformation and verify it on all examples. rule: maj(rot(<num>), not shl(<num>), shl(<num>)). operator family: maj. rule vocabulary: bit rot shl shr xor and or not stride bit"
1396f85a120d38e9d123df62e5fc8172befa5410e996f443dbec282a8114bdcf,5,5,1,1,11100000|11100111|11101110|11110000|11110001,bit_manipulation,bit_huikang_synthetic_maj,v534_huikang_synth_maj_42d693741443ef64|v534_huikang_synth_maj_5748421a5845acd5|v534_huikang_synth_maj_96593e6083cff52c|v534_huikang_synth_maj_b114bfacfbc079ba|v534_huikang_synth_maj_cf733e8d19aeed3f,"trace summary: infer a per-bit <num>-input transformation and verify it on all examples. rule: maj(not rot(<num>), not shr(<num>), not shr(<num>)). operator family: maj. rule vocabulary: bit rot shl shr xor and or not st"
16a3485be0c2010d329ee1fffad8f71fec441d1cfd31052e03b4500e77d8770b,5,5,1,1,00010010|10000101|10010111|10011000|11111011,bit_manipulation,bit_huikang_synthetic_cho,v534_huikang_synth_cho_014dc5568d526d68|v534_huikang_synth_cho_31a80904fb1a6a1c|v534_huikang_synth_cho_9cf3cfcd20a6237d|v534_huikang_synth_cho_cd15ffb948c79404|v534_huikang_synth_cho_f80b39d56d2a04be,"trace summary: infer a per-bit <num>-input transformation and verify it on all examples. rule: cho(not shr(<num>), not rot(<num>), not rot(<num>)). operator family: cho. rule vocabulary: bit rot shl shr xor and or not st"
234983701d3c58c352d964a662a9a9e7ba182b0f080e94ff93923591299c5c0c,5,4,1,1,01100011|01111111|11110111|11111111,bit_manipulation,bit_huikang_synthetic_cho,v534_huikang_synth_cho_09c2da46b27c2cf8|v534_huikang_synth_cho_1b781a6dce649ae7|v534_huikang_synth_cho_6480d78a64508de2|v534_huikang_synth_cho_8dfa12d6e48d932b|v534_huikang_synth_cho_cc0dcd9f90d35fe1,"trace summary: infer a per-bit <num>-input transformation and verify it on all examples. rule: cho(not rot(<num>), not shl(<num>), not shl(<num>)). operator family: cho. rule vocabulary: bit rot shl shr xor and or not st"
23a0251313ff46723db197416c223772dea9d754b1e551f5df6e80510d5900b3,5,5,1,1,00000000|00111010|01101011|10110111|11111111,bit_manipulation,bit_huikang_synthetic_maj,v534_huikang_synth_maj_1c600ad2ffb7d76b|v534_huikang_synth_maj_8f8dfe134197e261|v534_huikang_synth_maj_96102859931ffc6a|v534_huikang_synth_maj_725994bcbfad6e17|v534_huikang_synth_maj_7ddb9c48ab100457,"trace summary: infer a per-bit <num>-input transformation and verify it on all examples. rule: maj(not rot(<num>), rot(<num>), not rot(<num>)). operator family: maj. rule vocabulary: bit rot shl shr xor and or not stride"
3b1d96236406108c9e4e4f11d239055fd51cc35205464183e431e41ff1b745ca,5,5,1,1,10110111|10111011|11100001|11111001|11111101,bit_manipulation,bit_huikang_synthetic_maj,v534_huikang_synth_maj_12ff356ac4914373|v534_huikang_synth_maj_705aa2c26d6b262a|v534_huikang_synth_maj_87b43db0797f883e|v534_huikang_synth_maj_8d55ab6002f41e41|v534_huikang_synth_maj_e7f7dd009e98bab6,"trace summary: infer a per-bit <num>-input transformation and verify it on all examples. rule: maj(rot(<num>), not shr(<num>), not shr(<num>)). operator family: maj. rule vocabulary: bit rot shl shr xor and or not stride"
5727c9c6154c118e0ca84d0469744065eed2e6b4eb3b6f9108a10ee4c160a5d5,5,5,1,1,00000010|01011000|10010100|10011000|11111111,bit_manipulation,bit_huikang_synthetic_cho,v534_huikang_synth_cho_29871783c063d1a0|v534_huikang_synth_cho_907f1def9904e55f|v534_huikang_synth_cho_a4f7249f1ab9e910|v534_huikang_synth_cho_d2424927c4ec8922|v534_huikang_synth_cho_fcbcc1481319e668,"trace summary: infer a per-bit <num>-input transformation and verify it on all examples. rule: cho(shr(<num>), not rot(<num>), not rot(<num>)). operator family: cho. rule vocabulary: bit rot shl shr xor and or not stride"
5b182566851fd24a6941e3f46cb3bcb900a72fcd8f867d2d2bd20f4bbac47052,5,4,1,1,11000011|11100110|11110000|11111011,bit_manipulation,bit_huikang_synthetic_maj,v534_huikang_synth_maj_24d1f5e3dc62fe49|v534_huikang_synth_maj_494faa7f7000a29c|v534_huikang_synth_maj_be6a9c9b7babac31|v534_huikang_synth_maj_dce255a9182cefca|v534_huikang_synth_maj_f221b36cdb4fb361,"trace summary: infer a per-bit <num>-input transformation and verify it on all examples. rule: maj(not rot(<num>), rot(<num>), not shr(<num>)). operator family: maj. rule vocabulary: bit rot shl shr xor and or not stride"
689dd94fd77b06ebd0c6e44bd02e3c949fc3fdd78491443bcd1c9175cfeded90,5,5,1,1,00010110|00111111|10101010|10111111|11100010,bit_manipulation,bit_huikang_synthetic_maj,v534_huikang_synth_maj_1fdf5db5e4cd840d|v534_huikang_synth_maj_43ce45e04d36a022|v534_huikang_synth_maj_63a6386337a25dbf|v534_huikang_synth_maj_6a5350ea7ccce4d2|v534_huikang_synth_maj_a1672b3738077cc3,"trace summary: infer a per-bit <num>-input transformation and verify it on all examples. rule: maj(not shl(<num>), shr(<num>), not rot(<num>)). operator family: maj. rule vocabulary: bit rot shl shr xor and or not stride"
75cfb7818cda23d2ae34809a5d3c903caf9953bec717b95d08270a04e10c1721,5,5,1,1,10010100|10101010|10101111|11000010|11100110,bit_manipulation,bit_huikang_synthetic_maj,v534_huikang_synth_maj_39adc54b450b61fa|v534_huikang_synth_maj_37b0075fbe04db6b|v534_huikang_synth_maj_40297e9ce23917e1|v534_huikang_synth_maj_6600159377edb838|v534_huikang_synth_maj_b199b084814ab1b9,"trace summary: infer a per-bit <num>-input transformation and verify it on all examples. rule: maj(not rot(<num>), not shr(<num>), rot(<num>)). operator family: maj. rule vocabulary: bit rot shl shr xor and or not stride"
861d2d250fc7aba186de334c2e4ffa0c0e9c99fa699203f86dd07a8465a180f4,5,5,1,1,00000001|00001110|00100011|01001000|01110000,bit_manipulation,bit_huikang_synthetic_maj,v534_huikang_synth_maj_6cd189a53a763b50|v534_huikang_synth_maj_9d8063fb57d70f1f|v534_huikang_synth_maj_d2817d400efcc109|v534_huikang_synth_maj_e32dafc3dc986727|v534_huikang_synth_maj_edbb221a796c3d2b,"trace summary: infer a per-bit <num>-input transformation and verify it on all examples. rule: maj(shr(<num>), shr(<num>), not shr(<num>)). operator family: maj. rule vocabulary: bit rot shl shr xor and or not stride bit"
880bf06e9d43b213a62b884f548c4b88ef89bf4915468f019f9cb469b9651fa7,5,5,1,1,00000110|00100010|00101000|10000010|10111000,bit_manipulation,bit_huikang_synthetic_cho,v534_huikang_synth_cho_28672ba0448bae73|v534_huikang_synth_cho_6ac5d59834e6f2d1|v534_huikang_synth_cho_8d1d0b517cba454a|v534_huikang_synth_cho_9cc8a2ac5c3fa586|v534_huikang_synth_cho_c0434d9e85313105,"trace summary: infer a per-bit <num>-input transformation and verify it on all examples. rule: cho(rot(<num>), shl(<num>), shr(<num>)). operator family: cho. rule vocabulary: bit rot shl shr xor and or not stride bitsum "
946e2a040eaea9715c2794bb21141b681ccdc9e5261fb6a97aa78220d61fd924,5,5,1,1,00000000|00010000|10111000|11100000|11111100,bit_manipulation,bit_huikang_synthetic_maj,v534_huikang_synth_maj_124e617bcdc18b3a|v534_huikang_synth_maj_445d485b577691e2|v534_huikang_synth_maj_7eca2b972e6f21b6|v534_huikang_synth_maj_a629216d70bb517b|v534_huikang_synth_maj_b379341f364e07ee,"trace summary: infer a per-bit <num>-input transformation and verify it on all examples. rule: maj(shl(<num>), shl(<num>), rot(<num>)). operator family: maj. rule vocabulary: bit rot shl shr xor and or not stride bitsum "
952603599101c5a14ef7dfdeb57a1ead7a0691213bf7ea3d6dd6839dbba77ae3,5,5,1,1,00001101|01001100|01110000|10010010|10100101,bit_manipulation,bit_huikang_synthetic_maj,v534_huikang_synth_maj_29c54058d4499a79|v534_huikang_synth_maj_54fd3b3df3d65e29|v534_huikang_synth_maj_8cd7fe918efd306f|v534_huikang_synth_maj_d0504637f3efb66e|v534_huikang_synth_maj_f332e68889c0c7ad,"trace summary: infer a per-bit <num>-input transformation and verify it on all examples. rule: maj(not rot(<num>), shl(<num>), rot(<num>)). operator family: maj. rule vocabulary: bit rot shl shr xor and or not stride bit"
a4cf8145a285751a6e111dbca7b8c8af6d3ebce8bf4784e3129a2cd646e5bde9,5,5,1,1,00100110|00110100|01010111|01111111|11001111,bit_manipulation,bit_huikang_synthetic_cho,v534_huikang_synth_cho_2a25882f8eb757d1|v534_huikang_synth_cho_3c2091d27dcb1e01|v534_huikang_synth_cho_5e69a5b42920c048|v534_huikang_synth_cho_83a533fb3c7021d1|v534_huikang_synth_cho_aa74ff0723de0192,"trace summary: infer a per-bit <num>-input transformation and verify it on all examples. rule: cho(not shr(<num>), not rot(<num>), not shl(<num>)). operator family: cho. rule vocabulary: bit rot shl shr xor and or not st"
af3fb4e235b5ec24943e5cc2c5c7d7aef10d1314fcd7f5083b1ab2c8702bd21c,5,5,1,1,00011011|00110001|00111000|10101010|11001101,bit_manipulation,bit_huikang_synthetic_cho,v534_huikang_synth_cho_0c61df7a2197e43e|v534_huikang_synth_cho_dbf22fc45411127c|v534_huikang_synth_cho_e2d3492846d7d742|v534_huikang_synth_cho_e4d6c73bb1afe789|v534_huikang_synth_cho_ea95da9532b73f0b,"trace summary: infer a per-bit <num>-input transformation and verify it on all examples. rule: cho(not shl(<num>), not rot(<num>), rot(<num>)). operator family: cho. rule vocabulary: bit rot shl shr xor and or not stride"
afb63920739b1f37e1982eca81dfd8c43d23e495fe03f147069c0d20db53f311,5,5,1,1,00000000|01000000|01011000|01100110|11000000,bit_manipulation,bit_huikang_synthetic_cho,v534_huikang_synth_cho_1434efb738e238ef|v534_huikang_synth_cho_4b4d3ecb3bba0252|v534_huikang_synth_cho_8c20c74bf8be1578|v534_huikang_synth_cho_b0f350fce4d38054|v534_huikang_synth_cho_3ed88562e89c94d2,"trace summary: infer a per-bit <num>-input transformation and verify it on all examples. rule: cho(rot(<num>), not rot(<num>), shl(<num>)). operator family: cho. rule vocabulary: bit rot shl shr xor and or not stride bit"
badd7fbefd811834fcfadd5e58ee2d2ed4dead89867d212665d724d37c1abdcc,5,5,1,1,00100000|01001001|10111011|11010000|11011110,bit_manipulation,bit_huikang_synthetic_cho,v534_huikang_synth_cho_0c9e11ff705ba92f|v534_huikang_synth_cho_376142a3f4239e33|v534_huikang_synth_cho_3bc534ef6437eec3|v534_huikang_synth_cho_cd644ca61a42cc27|v534_huikang_synth_cho_31ed3839476485b5,"trace summary: infer a per-bit <num>-input transformation and verify it on all examples. rule: cho(shl(<num>), rot(<num>), rot(<num>)). operator family: cho. rule vocabulary: bit rot shl shr xor and or not stride bitsum "
c5818eb07d4f5ae314c251f03ceeaf423208c28324fd3e6de430a9e9afca24df,5,5,1,1,10101011|11000011|11000110|11011000|11101101,bit_manipulation,bit_huikang_synthetic_maj,v534_huikang_synth_maj_270364dee44700ed|v534_huikang_synth_maj_2835f57b69df7c3f|v534_huikang_synth_maj_3223a0c4b52606d0|v534_huikang_synth_maj_e0835682345eec97|v534_huikang_synth_maj_eedff9dadbcfc0eb,"trace summary: infer a per-bit <num>-input transformation and verify it on all examples. rule: maj(not shr(<num>), shr(<num>), not shr(<num>)). operator family: maj. rule vocabulary: bit rot shl shr xor and or not stride"
d142067161da641132712baf8dce8ac929d473969ccd534202c310e004c87e47,5,4,1,1,00010100|10111001|11010010|11010011,bit_manipulation,bit_huikang_synthetic_maj,v534_huikang_synth_maj_0a698eaa63968204|v534_huikang_synth_maj_52b30b1acb42c22a|v534_huikang_synth_maj_7523d4342bc7265c|v534_huikang_synth_maj_a38e48a8ef3c6785|v534_huikang_synth_maj_dd69abcbcb206b6a,"trace summary: infer a per-bit <num>-input transformation and verify it on all examples. rule: maj(rot(<num>), not shr(<num>), rot(<num>)). operator family: maj. rule vocabulary: bit rot shl shr xor and or not stride bit"
db9a444ec6235c92dcbbc07df449be3f929511c1bd3e6222ffb16c4886aa3cdf,5,5,1,1,01000011|01010111|01101100|10010101|11110111,bit_manipulation,bit_huikang_synthetic_cho,v534_huikang_synth_cho_1c25445cc38da6f3|v534_huikang_synth_cho_598e966863a3fd4f|v534_huikang_synth_cho_62990f52483e5fa0|v534_huikang_synth_cho_6ccaa422183e961d|v534_huikang_synth_cho_970ac7dd793595a1,"trace summary: infer a per-bit <num>-input transformation and verify it on all examples. rule: cho(not rot(<num>), not rot(<num>), not shl(<num>)). operator family: cho. rule vocabulary: bit rot shl shr xor and or not st"
dd689d42c80614ab5b6080a73e8a2bbb47baedb9fa59fac3548a3c0a1b856067,5,5,1,1,00111010|00111011|01111111|10110111|10111011,bit_manipulation,bit_huikang_synthetic_cho,v534_huikang_synth_cho_29e784a75c4f5fd1|v534_huikang_synth_cho_59b9832832738274|v534_huikang_synth_cho_81389113b9c29f41|v534_huikang_synth_cho_9f6a385961281be9|v534_huikang_synth_cho_f5cb270480a74268,"trace summary: infer a per-bit <num>-input transformation and verify it on all examples. rule: cho(not rot(<num>), not shl(<num>), not shr(<num>)). operator family: cho. rule vocabulary: bit rot shl shr xor and or not st"
e1c6c9c37173765af19abe22f99076933b56c7de41423748dc24987b1e7674e9,5,5,1,1,01111100|10000000|10101100|10111000|11110111,bit_manipulation,bit_huikang_synthetic_maj,v534_huikang_synth_maj_082dcfce4270d102|v534_huikang_synth_maj_3250b123bce778ce|v534_huikang_synth_maj_94afe85e9e288b2e|v534_huikang_synth_maj_c426a5fa7df5241a|v534_huikang_synth_maj_ffecbaa67ad9b0ad,"trace summary: infer a per-bit <num>-input transformation and verify it on all examples. rule: maj(not rot(<num>), not shr(<num>), not rot(<num>)). operator family: maj. rule vocabulary: bit rot shl shr xor and or not st"
f537eb9bbb1990d0c770146279297178002a4173e8297884e7a8b5381f4f3447,5,5,1,1,00000000|00011011|00011100|10111010|11011101,bit_manipulation,bit_huikang_synthetic_cho,v534_huikang_synth_cho_40be17360123c300|v534_huikang_synth_cho_8b87f26dddd896c9|v534_huikang_synth_cho_9a5e49b891e3cd41|v534_huikang_synth_cho_ea8e18e23c6704da|v534_huikang_synth_cho_c4cdddec00c226aa,"trace summary: infer a per-bit <num>-input transformation and verify it on all examples. rule: cho(not rot(<num>), rot(<num>), not rot(<num>)). operator family: cho. rule vocabulary: bit rot shl shr xor and or not stride"
f816961f7fa0066b3e5f490a6cc79be547ba7442943316042ac4afe4c8d8de5d,5,5,1,1,01000100|01010101|01110000|10001011|10100001,bit_manipulation,bit_huikang_synthetic_cho,v534_huikang_synth_cho_2e23fd597137d77f|v534_huikang_synth_cho_4baf3c39453da519|v534_huikang_synth_cho_7d584d460cabe089|v534_huikang_synth_cho_b7d462eda147e479|v534_huikang_synth_cho_cb692992374c77ae,"trace summary: infer a per-bit <num>-input transformation and verify it on all examples. rule: cho(rot(<num>), rot(<num>), not rot(<num>)). operator family: cho. rule vocabulary: bit rot shl shr xor and or not stride bit"
fb3059a474a963546f049454a56631e7fffe7ef8de34a161d6f5081f4c93afdd,5,5,1,1,01010000|01101110|01111001|10010001|10111111,bit_manipulation,bit_huikang_synthetic_cho,v534_huikang_synth_cho_0a6e4c95621d635c|v534_huikang_synth_cho_58d5cb511bda8670|v534_huikang_synth_cho_ca2c4b7e888c95e0|v534_huikang_synth_cho_db0efc9dfd1096e0|v534_huikang_synth_cho_b039996c3694a701,"trace summary: infer a per-bit <num>-input transformation and verify it on all examples. rule: cho(not shl(<num>), rot(<num>), rot(<num>)). operator family: cho. rule vocabulary: bit rot shl shr xor and or not stride bit"
03c080b5b861957e584a23a774549d3294c7feca6e5e0f37c1d0037cae7fed43,4,4,1,1,00000001|00000011|00010111|00110000,bit_manipulation,bit_huikang_synthetic_maj,v534_huikang_synth_maj_20175219d7832307|v534_huikang_synth_maj_6e6bc849a138dfaa|v534_huikang_synth_maj_bec079fceccfccaf|v534_huikang_synth_maj_cb84f9f447a4b8d6,"trace summary: infer a per-bit <num>-input transformation and verify it on all examples. rule: maj(shr(<num>), shr(<num>), not rot(<num>)). operator family: maj. rule vocabulary: bit rot shl shr xor and or not stride bit"
05e949ef2181b6ddba30022e00dc784bfa31b369f55a2a0df772a62b4826cdd1,4,4,1,1,00111000|01000010|01010001|01100000,bit_manipulation,bit_huikang_synthetic_cho,v534_huikang_synth_cho_8be781ea992e6c2f|v534_huikang_synth_cho_ab127d7b6d8b6fca|v534_huikang_synth_cho_ba0ff27afdae0484|v534_huikang_synth_cho_c3419cb55aeac381,"trace summary: infer a per-bit <num>-input transformation and verify it on all examples. rule: cho(not rot(<num>), not rot(<num>), shl(<num>)). operator family: cho. rule vocabulary: bit rot shl shr xor and or not stride"
0a77d60e6bd3c9fed2f4b4e22eaab47a47f8e9b97df469ecd9d92807939e679b,4,4,1,1,10110110|11010011|11101010|11110010,bit_manipulation,bit_huikang_synthetic_cho,v534_huikang_synth_cho_cbd74929c368ae85|v534_huikang_synth_cho_e3d038c6f7665aa0|v534_huikang_synth_cho_2b2dada436141129|v534_huikang_synth_cho_bed4a164971ae4cb,"trace summary: infer a per-bit <num>-input transformation and verify it on all examples. rule: cho(rot(<num>), rot(<num>), not shr(<num>)). operator family: cho. rule vocabulary: bit rot shl shr xor and or not stride bit"
0e4887873b583f0b57ecb0c82c6d3ce4f1f2131b6641a802f254d200bfc291c8,4,4,1,1,01000010|11001111|11100100|11110111,bit_manipulation,bit_huikang_synthetic_cho,v534_huikang_synth_cho_1d3a075d24b7ca8f|v534_huikang_synth_cho_45093ec904473709|v534_huikang_synth_cho_465ecc6f1e9358e0|v534_huikang_synth_cho_943278b17328a997,"trace summary: infer a per-bit <num>-input transformation and verify it on all examples. rule: cho(rot(<num>), not rot(<num>), not shr(<num>)). operator family: cho. rule vocabulary: bit rot shl shr xor and or not stride"
0f501ed148e685b8d2f470f720f552fcbb7c4474ed0f1b92713a948eae25a9b0,4,4,1,1,01111000|01111110|11110101|11111010,bit_manipulation,bit_huikang_synthetic_maj,v534_huikang_synth_maj_136da7ce7dfcaf2c|v534_huikang_synth_maj_42d6b50175f25ebd|v534_huikang_synth_maj_5e1312f1b3092944|v534_huikang_synth_maj_e7a45dc55ba6819d,"trace summary: infer a per-bit <num>-input transformation and verify it on all examples. rule: maj(not shr(<num>), not rot(<num>), rot(<num>)). operator family: maj. rule vocabulary: bit rot shl shr xor and or not stride"
1236174f06a0b4959a4a56308c1407218a61fe46dde24dceda6984612d3b0f15,4,4,1,1,00110001|01100110|10101011|10111001,bit_manipulation,bit_huikang_synthetic_cho,v534_huikang_synth_cho_011284b3f958698e|v534_huikang_synth_cho_623de4b59174d2fa|v534_huikang_synth_cho_f3491f0cf1d93742|v534_huikang_synth_cho_a0e4a10c1c130685,"trace summary: infer a per-bit <num>-input transformation and verify it on all examples. rule: cho(shr(<num>), not shl(<num>), shl(<num>)). operator family: cho. rule vocabulary: bit rot shl shr xor and or not stride bit"
1de12142622857aced7ed724d84c5fc18a97db69bdb915bf158174c2dd058be3,4,4,1,1,00111000|01001001|01011011|01101001,bit_manipulation,bit_huikang_synthetic_maj,v534_huikang_synth_maj_f4ac585b7a1247bf|v534_huikang_synth_maj_15c7e0b18e52b148|v534_huikang_synth_maj_30b0130e07f0c57b|v534_huikang_synth_maj_d6a9b7a83c9e805e,"trace summary: infer a per-bit <num>-input transformation and verify it on all examples. rule: maj(not rot(<num>), not rot(<num>), not shl(<num>)). operator family: maj. rule vocabulary: bit rot shl shr xor and or not st"
2169021192b58ddddd13e286fd4bee7f42d38d99fce5ff765d16280560a34a61,4,4,1,1,00000000|01100000|01110000|10000000,bit_manipulation,bit_huikang_synthetic_maj,v534_huikang_synth_maj_1fa36e6065caed29|v534_huikang_synth_maj_8e689a319eac7dd6|v534_huikang_synth_maj_9d9bdc2d95316a5a|v534_huikang_synth_maj_c31d9ddc7d3977ef,"trace summary: infer a per-bit <num>-input transformation and verify it on all examples. rule: maj(shl(<num>), not rot(<num>), shl(<num>)). operator family: maj. rule vocabulary: bit rot shl shr xor and or not stride bit"
2564969253c5e6cdfc2d0618888da04bddc0a915a2d639d3960ea7eadc6f534f,4,4,1,1,00111101|01001011|11011011|11011101,bit_manipulation,bit_huikang_synthetic_maj,v534_huikang_synth_maj_0125583e861a4e41|v534_huikang_synth_maj_7f82efbb5f7bcbd8|v534_huikang_synth_maj_85f745c93ed20f4c|v534_huikang_synth_maj_c26f87fd198d9d62,"trace summary: infer a per-bit <num>-input transformation and verify it on all examples. rule: maj(not shr(<num>), shr(<num>), not rot(<num>)). operator family: maj. rule vocabulary: bit rot shl shr xor and or not stride"
28d495403c0fd1c4b3b06eafed3780236e3fd0bc1649c939e01967b756c02cc0,4,4,1,1,00011111|00111111|10111111|11111111,bit_manipulation,bit_huikang_synthetic_maj,v534_huikang_synth_maj_4748d7da27912aee|v534_huikang_synth_maj_76bb4ba42427d993|v534_huikang_synth_maj_85d51b14ead13a53|v534_huikang_synth_maj_d077b9a85b6ecdf8,"trace summary: infer a per-bit <num>-input transformation and verify it on all examples. rule: maj(not shl(<num>), not shl(<num>), rot(<num>)). operator family: maj. rule vocabulary: bit rot shl shr xor and or not stride"
2b5f1cfc3c6a028a3c3e18dc4a2bbe32258c4f28747a366b4f570e4b18007cd0,4,4,1,1,01101010|01111011|10111111|11110110,bit_manipulation,bit_huikang_synthetic_maj,v534_huikang_synth_maj_53ac56e2761917c1|v534_huikang_synth_maj_72ce606529f0de0f|v534_huikang_synth_maj_9381e9417c8375a4|v534_huikang_synth_maj_c3bbdb509e5a201e,"trace summary: infer a per-bit <num>-input transformation and verify it on all examples. rule: maj(rot(<num>), not rot(<num>), not shr(<num>)). operator family: maj. rule vocabulary: bit rot shl shr xor and or not stride"
2e1af712f1d8c98e111aa8433c55a4b3673b98a3919e344c4914cf2c33092a63,4,3,1,1,10010100|10011001|11001100,bit_manipulation,bit_huikang_synthetic_maj,v534_huikang_synth_maj_15ff6e8ab866e61e|v534_huikang_synth_maj_a02c51d723fc8c36|v534_huikang_synth_maj_fc09d7e211f574f1|v534_huikang_synth_maj_f2af4ad922c67190,"trace summary: infer a per-bit <num>-input transformation and verify it on all examples. rule: maj(not rot(<num>), not rot(<num>), rot(<num>)). operator family: maj. rule vocabulary: bit rot shl shr xor and or not stride"
2e524adcdb03234e42d40c22fd8721d758603d56d33b77751fa2cea2079d2f8f,4,4,1,1,01110001|10110011|11001101|11110001,bit_manipulation,bit_huikang_synthetic_cho,v534_huikang_synth_cho_1436bc60a4e3ebff|v534_huikang_synth_cho_4884a67f3d47a84d|v534_huikang_synth_cho_6b81369e027445d2|v534_huikang_synth_cho_ae7ad8e8c1bbcbac,"trace summary: infer a per-bit <num>-input transformation and verify it on all examples. rule: cho(not rot(<num>), not shr(<num>), rot(<num>)). operator family: cho. rule vocabulary: bit rot shl shr xor and or not stride"
3797594285f484260c4e4f7acc44318f401d480d28d9844a596a4922c6ca8248,4,4,1,1,01001101|10011001|11000001|11010001,bit_manipulation,bit_huikang_synthetic_cho,v534_huikang_synth_cho_019371042b769251|v534_huikang_synth_cho_85cba30e20ed078f|v534_huikang_synth_cho_9149f5fcdcf8a1ca|v534_huikang_synth_cho_c56c01d018d84e8f,"trace summary: infer a per-bit <num>-input transformation and verify it on all examples. rule: cho(not shl(<num>), not shl(<num>), rot(<num>)). operator family: cho. rule vocabulary: bit rot shl shr xor and or not stride"
41dd1d88f9c2c8b2a999c30f7c162c8daaed3a8526ed919edfdb259ac0be08e3,4,3,1,1,00000000|00100000|10100110,bit_manipulation,bit_huikang_synthetic_maj,v534_huikang_synth_maj_4ddfeaf424f7533a|v534_huikang_synth_maj_56e4c9ad865167bb|v534_huikang_synth_maj_9c50afa728f7256a|v534_huikang_synth_maj_8fc498fac1c81944,"trace summary: infer a per-bit <num>-input transformation and verify it on all examples. rule: maj(rot(<num>), rot(<num>), shr(<num>)). operator family: maj. rule vocabulary: bit rot shl shr xor and or not stride bitsum "
42f9ecb4afa4421231866df4e58df2562b39bf4776182e8d7203baba7fb07a9c,4,4,1,1,00101010|00110110|10000000|10011001,bit_manipulation,bit_huikang_synthetic_cho,v534_huikang_synth_cho_44c1c8d0933ffaef|v534_huikang_synth_cho_80f7f67f0f612e46|v534_huikang_synth_cho_a978c58b8f48008e|v534_huikang_synth_cho_d2fc5d04c203f7f8,"trace summary: infer a per-bit <num>-input transformation and verify it on all examples. rule: cho(not shr(<num>), rot(<num>), not rot(<num>)). operator family: cho. rule vocabulary: bit rot shl shr xor and or not stride"
4493ef80ff3a635b1a8f9044a4531640638b71aa03b98550b27b234f6507e970,4,4,1,1,00011100|01110101|10010111|11000010,bit_manipulation,bit_huikang_synthetic_maj,v534_huikang_synth_maj_1b477db8d93924ba|v534_huikang_synth_maj_515d851b49103db3|v534_huikang_synth_maj_a52fe7465978507b|v534_huikang_synth_maj_a87785121b3848b6,"trace summary: infer a per-bit <num>-input transformation and verify it on all examples. rule: maj(rot(<num>), not rot(<num>), not shl(<num>)). operator family: maj. rule vocabulary: bit rot shl shr xor and or not stride"
452373856cb67abf7a06089d69f13e4f7ea8fb876cb4f01323451e5be466b7ac,4,4,1,1,00110000|01000001|01101001|10100000,bit_manipulation,bit_huikang_synthetic_maj,v534_huikang_synth_maj_502063bafd4fd9a7|v534_huikang_synth_maj_9381cd9187b69e2d|v534_huikang_synth_maj_fa5049a84f071780|v534_huikang_synth_maj_6938cb2f0fb1ec66,"trace summary: infer a per-bit <num>-input transformation and verify it on all examples. rule: maj(shl(<num>), not rot(<num>), not rot(<num>)). operator family: maj. rule vocabulary: bit rot shl shr xor and or not stride"
47fdd806548bf5c96a2e55614e823dd8c8174c205f80dc1eb5f6b68cf5b1a120,4,3,1,1,00010000|00010001|00011110,bit_manipulation,bit_huikang_synthetic_cho,v534_huikang_synth_cho_1cad65d12491ecfc|v534_huikang_synth_cho_b5a32f7cc1d07ebb|v534_huikang_synth_cho_bc89ff7b485e0319|v534_huikang_synth_cho_c94d154e17ce0050,"trace summary: infer a per-bit <num>-input transformation and verify it on all examples. rule: cho(shr(<num>), not shr(<num>), shr(<num>)). operator family: cho. rule vocabulary: bit rot shl shr xor and or not stride bit"
493300003b1936867a09ef5ce7ea392236ca5c7cbaaabab96c001880da51c146,4,4,1,1,00110111|01000101|01111111|11111111,bit_manipulation,bit_huikang_synthetic_cho,v534_huikang_synth_cho_3fa0fc3a577990d0|v534_huikang_synth_cho_77c1d4f3ffd9134f|v534_huikang_synth_cho_810f68685f860007|v534_huikang_synth_cho_d01aca67e78158be,"trace summary: infer a per-bit <num>-input transformation and verify it on all examples. rule: cho(not rot(<num>), rot(<num>), not shl(<num>)). operator family: cho. rule vocabulary: bit rot shl shr xor and or not stride"
4af2b4be2e094ca1d25512bd4021bc6640b3151bcfd45f783890d94d9cf15cf1,4,3,1,1,00000000|00000101|00000111,bit_manipulation,bit_huikang_synthetic_cho,v534_huikang_synth_cho_4e6eb07fa93bf248|v534_huikang_synth_cho_6398a86b13b616fc|v534_huikang_synth_cho_9d480517d14e9220|v534_huikang_synth_cho_b8eca9f4c453ae55,"trace summary: infer a per-bit <num>-input transformation and verify it on all examples. rule: cho(rot(<num>), shr(<num>), shr(<num>)). operator family: cho. rule vocabulary: bit rot shl shr xor and or not stride bitsum "
50b4aa328b3c6e9818943351cb1aec978fb3379d302169798ad6f182dd29137b,4,4,1,1,00000100|01101001|10000000|10010000,bit_manipulation,bit_huikang_synthetic_cho,v534_huikang_synth_cho_5ca3b797ffe3550e|v534_huikang_synth_cho_82377897d0b2891f|v534_huikang_synth_cho_894f3ce248891aea|v534_huikang_synth_cho_d955ee9000b223be,"trace summary: infer a per-bit <num>-input transformation and verify it on all examples. rule: cho(shr(<num>), shl(<num>), rot(<num>)). operator family: cho. rule vocabulary: bit rot shl shr xor and or not stride bitsum "
5e4a3e15f55ed8b2efcac9f5cf308220a4183e33cc0c94bae2f0b3f4e0fa0de6,4,4,1,1,01110110|11110111|11111011|11111111,bit_manipulation,bit_huikang_synthetic_cho,v534_huikang_synth_cho_76168817ddbabf32|v534_huikang_synth_cho_7d8f1f05ff711887|v534_huikang_synth_cho_9ef1f43bcd2d2beb|v534_huikang_synth_cho_d6c556bea81b43ea,"trace summary: infer a per-bit <num>-input transformation and verify it on all examples. rule: cho(shr(<num>), not shr(<num>), not shl(<num>)). operator family: cho. rule vocabulary: bit rot shl shr xor and or not stride"
606939082dbab228dadbd249c41a45046caf9bce31b0a0ed9e37d5277a4ecde8,4,4,1,1,00100100|00111111|01110111|01111000,bit_manipulation,bit_huikang_synthetic_maj,v534_huikang_synth_maj_13604b5334718074|v534_huikang_synth_maj_b659759205ff0bb7|v534_huikang_synth_maj_e9172f9d9789481b|v534_huikang_synth_maj_f3f832338b455e4b,"trace summary: infer a per-bit <num>-input transformation and verify it on all examples. rule: maj(not rot(<num>), shr(<num>), not shr(<num>)). operator family: maj. rule vocabulary: bit rot shl shr xor and or not stride"
6767fdce69c98af575554b4e8bbcae1be8af2d461c6e8d7f31f0cbe20cff7a09,4,4,1,1,00000100|01000101|01010101|11001100,bit_manipulation,bit_huikang_synthetic_cho,v534_huikang_synth_cho_2f66a292418abc75|v534_huikang_synth_cho_650a6a27685a311b|v534_huikang_synth_cho_f98df0d26721c63c|v534_huikang_synth_cho_4ae13bfd542ef11e,"trace summary: infer a per-bit <num>-input transformation and verify it on all examples. rule: cho(shr(<num>), not shr(<num>), shl(<num>)). operator family: cho. rule vocabulary: bit rot shl shr xor and or not stride bit"
67a2c8ef0ef0cb70d959332477265ecdb720613f5cab571d78cb697ee87f3aa8,4,4,1,1,00010000|00010110|01010101|01011000,bit_manipulation,bit_huikang_synthetic_cho,v534_huikang_synth_cho_238f8ddc5b184a6d|v534_huikang_synth_cho_58499b5d7382a01c|v534_huikang_synth_cho_61ccacd19ad989e2|v534_huikang_synth_cho_6eae726dcff23ff1,"trace summary: infer a per-bit <num>-input transformation and verify it on all examples. rule: cho(not shr(<num>), rot(<num>), rot(<num>)). operator family: cho. rule vocabulary: bit rot shl shr xor and or not stride bit"
76eb5176b40598db03e49f8b2093653287c1a1a2b883159481e7da68ad8fa0da,4,4,1,1,01000111|10110111|11011101|11100000,bit_manipulation,bit_huikang_synthetic_maj,v534_huikang_synth_maj_5446af27a91f491e|v534_huikang_synth_maj_6c7f4ecb859e78b0|v534_huikang_synth_maj_ac615fc866611acc|v534_huikang_synth_maj_b7cd94bb4d0be2f5,"trace summary: infer a per-bit <num>-input transformation and verify it on all examples. rule: maj(not shl(<num>), rot(<num>), not rot(<num>)). operator family: maj. rule vocabulary: bit rot shl shr xor and or not stride"
776522db218359fb63c12f1176b72249fcab74a7ae1645a23533e9d47061ff6d,4,4,1,1,00000100|10101100|10110011|11000111,bit_manipulation,bit_konbu_high_confidence_trace,v534_konbu_high_4b630db1456afae5|v534_konbu_high_5b4dcc00b09ecd44|v534_konbu_high_6495195167ef021c|v534_konbu_high_a01aa2bc51539c20,"trace summary: infer the <num>-bit transformation from examples, then test candidate bit relations. source solver method=ctx, confidence=high, ambiguous_bits=<num>. rule vocabulary: bit rot shl shr xor and or not stride "
77ab10f44792560fed74f5d7fd374cbe3a6014b19b209b896eef16d9b44e7fe7,4,4,1,1,00010001|00011000|01000010|01110000,bit_manipulation,bit_huikang_synthetic_cho,v534_huikang_synth_cho_2b5d923c1e31b4f5|v534_huikang_synth_cho_644fb3e80516acb1|v534_huikang_synth_cho_a77a95fe71b1f194|v534_huikang_synth_cho_2e5efe4144735fa4,"trace summary: infer a per-bit <num>-input transformation and verify it on all examples. rule: cho(rot(<num>), not rot(<num>), shr(<num>)). operator family: cho. rule vocabulary: bit rot shl shr xor and or not stride bit"
7a7b1996b1e722e0c051712fcd5283d71cebaf3e7d2978384eae248cb9dc679c,4,4,1,1,10110011|11100011|11111000|11111110,bit_manipulation,bit_huikang_synthetic_maj,v534_huikang_synth_maj_0580e9607295ba75|v534_huikang_synth_maj_21b275ebd39fb19a|v534_huikang_synth_maj_29cc16c95b9e56a9|v534_huikang_synth_maj_8a396c2efe3f7210,"trace summary: infer a per-bit <num>-input transformation and verify it on all examples. rule: maj(not shr(<num>), not shr(<num>), rot(<num>)). operator family: maj. rule vocabulary: bit rot shl shr xor and or not stride"
857d42a177422c1b92e5dcd5b996dbc1776eaa1b47451879e16ee2bead764e37,4,4,1,1,00000100|00101010|10011000|11011100,bit_manipulation,bit_huikang_synthetic_maj,v534_huikang_synth_maj_7c3fbfddebb1a37e|v534_huikang_synth_maj_d1bd8d4eb6621381|v534_huikang_synth_maj_d6bec4be60a1cc2f|v534_huikang_synth_maj_df5a937130beaf12,"trace summary: infer a per-bit <num>-input transformation and verify it on all examples. rule: maj(shl(<num>), rot(<num>), not rot(<num>)). operator family: maj. rule vocabulary: bit rot shl shr xor and or not stride bit"
87518f13ba6f392317c9d0c3b6450b212fc5d707e548434d4284c304d6191ad6,4,4,1,1,00000001|00000010|00000110|00001001,bit_manipulation,bit_huikang_synthetic_cho,v534_huikang_synth_cho_2262738dba214007|v534_huikang_synth_cho_c5bbeb99264b55d3|v534_huikang_synth_cho_e4e2579313038ec8|v534_huikang_synth_cho_e5f3c03ebe0d4d3e,"trace summary: infer a per-bit <num>-input transformation and verify it on all examples. rule: cho(shr(<num>), shr(<num>), shr(<num>)). operator family: cho. rule vocabulary: bit rot shl shr xor and or not stride bitsum "
8ac983452de58621cda8073de8b5cb43897d7e4a06c3e619a4e28f0dd912457b,4,4,1,1,00100000|10000000|10010000|11001100,bit_manipulation,bit_huikang_synthetic_maj,v534_huikang_synth_maj_5b66c45b3e0d9293|v534_huikang_synth_maj_6ca8158fb02fcda6|v534_huikang_synth_maj_73688f4d8f908318|v534_huikang_synth_maj_e4aea48220a7df9a,"trace summary: infer a per-bit <num>-input transformation and verify it on all examples. rule: maj(shl(<num>), not shl(<num>), shl(<num>)). operator family: maj. rule vocabulary: bit rot shl shr xor and or not stride bit"
94d39ace52641fce61759a503ba444e26754328bd238d283dad3cbf9afc5e48a,4,3,1,1,01110001|01111001|11001001,bit_manipulation,bit_huikang_synthetic_cho,v534_huikang_synth_cho_7975a65b5e8d14cf|v534_huikang_synth_cho_b5ef8855c69eaf4c|v534_huikang_synth_cho_c3b3d080180aa7a3|v534_huikang_synth_cho_9bed012b365da899,"trace summary: infer a per-bit <num>-input transformation and verify it on all examples. rule: cho(rot(<num>), not rot(<num>), rot(<num>)). operator family: cho. rule vocabulary: bit rot shl shr xor and or not stride bit"
96ad404a1365ca7a904d7e0795d3eb32528ab1c705c73e167bc1ca171e0e8327,4,4,1,1,00000001|00000010|00011000|00111111,bit_manipulation,bit_huikang_synthetic_maj,v534_huikang_synth_maj_494a12088744edee|v534_huikang_synth_maj_a03d4053aadf9709|v534_huikang_synth_maj_0199f8b81f241fc6|v534_huikang_synth_maj_2e68eb500cd4f52b,"trace summary: infer a per-bit <num>-input transformation and verify it on all examples. rule: maj(shr(<num>), rot(<num>), shr(<num>)). operator family: maj. rule vocabulary: bit rot shl shr xor and or not stride bitsum "
9def4866df57c7c80873803a51c929f8563b82467d61f827403aeb44db79a130,4,4,1,1,11001101|11010010|11100010|11101000,bit_manipulation,bit_huikang_synthetic_cho,v534_huikang_synth_cho_10b168b7a8790913|v534_huikang_synth_cho_54bb2a57ce80d468|v534_huikang_synth_cho_7943aeb3a7185275|v534_huikang_synth_cho_b9eefce2878a2525,"trace summary: infer a per-bit <num>-input transformation and verify it on all examples. rule: cho(not shr(<num>), not shr(<num>), rot(<num>)). operator family: cho. rule vocabulary: bit rot shl shr xor and or not stride"
9ed6bfe4ffc8b4cda2b796b495c7caaed611d12af21ced06552fd0f55d038f56,4,3,1,1,00000000|00000100|11000011,bit_manipulation,bit_huikang_synthetic_maj,v534_huikang_synth_maj_15bdf1dada36d385|v534_huikang_synth_maj_35b3c793f1545bd8|v534_huikang_synth_maj_9a0ecd2a50a5081d|v534_huikang_synth_maj_c5494f6e354d5155,"trace summary: infer a per-bit <num>-input transformation and verify it on all examples. rule: maj(shr(<num>), rot(<num>), shl(<num>)). operator family: maj. rule vocabulary: bit rot shl shr xor and or not stride bitsum "
a1183f71898584dc0e4809e4a213db1ff6076e344d58f6decf50c2cd1b6e63c1,4,4,1,1,00001011|00101101|01000011|10010011,bit_manipulation,bit_huikang_synthetic_cho,v534_huikang_synth_cho_084fa39bb63e75f8|v534_huikang_synth_cho_5c54d747fc3d13d9|v534_huikang_synth_cho_cf10250335b8b525|v534_huikang_synth_cho_fb254eb2748a4492,"trace summary: infer a per-bit <num>-input transformation and verify it on all examples. rule: cho(not rot(<num>), not shl(<num>), not rot(<num>)). operator family: cho. rule vocabulary: bit rot shl shr xor and or not st"
a4efd62cdbb150ee6fc366b7d12283e0784b0d76df077096b5e6880246ce1c0e,4,4,1,1,00110010|10010111|10100110|11000000,bit_manipulation,bit_huikang_synthetic_maj,v534_huikang_synth_maj_4d2ab849e6c12367|v534_huikang_synth_maj_7e98c64958501899|v534_huikang_synth_maj_9f003326d602f46b|v534_huikang_synth_maj_d8249667c524053e,"trace summary: infer a per-bit <num>-input transformation and verify it on all examples. rule: maj(not shl(<num>), rot(<num>), shl(<num>)). operator family: maj. rule vocabulary: bit rot shl shr xor and or not stride bit"
a93b03d58bbdc45214ab35fe2349727772e8344a789d96811b06c318e65f56bc,4,4,1,1,00101001|01000010|01001110|11111101,bit_manipulation,bit_huikang_synthetic_cho,v534_huikang_synth_cho_09289520c16aabde|v534_huikang_synth_cho_2e07a676d3dd5766|v534_huikang_synth_cho_641c24fd2cb45652|v534_huikang_synth_cho_d0fde8db21fd5927,"trace summary: infer a per-bit <num>-input transformation and verify it on all examples. rule: cho(rot(<num>), not rot(<num>), not rot(<num>)). operator family: cho. rule vocabulary: bit rot shl shr xor and or not stride"
bb02f33b01d50949a52dc9798670eb4401e641e1851844ebf1f3b0857c95d29a,4,4,1,1,10100011|10110101|11110110|11111111,bit_manipulation,bit_huikang_synthetic_maj,v534_huikang_synth_maj_5a9120e8247f7fc4|v534_huikang_synth_maj_87ec829bcace14ac|v534_huikang_synth_maj_944d3907b5c7a155|v534_huikang_synth_maj_fe1d0cdc450c0302,"trace summary: infer a per-bit <num>-input transformation and verify it on all examples. rule: maj(not shr(<num>), shl(<num>), not shl(<num>)). operator family: maj. rule vocabulary: bit rot shl shr xor and or not stride"
bb2a9ac92c2c0bcbbc3462f653568a1e97d8549a4cf9de292622f57e00846433,4,4,1,1,00000100|01000000|10010000|10110100,bit_manipulation,bit_huikang_synthetic_cho,v534_huikang_synth_cho_292dbb5cbf9b3249|v534_huikang_synth_cho_35fe6327f4f53904|v534_huikang_synth_cho_3b0ff913e6e9e3b2|v534_huikang_synth_cho_8c3b71beae9ba450,"trace summary: infer a per-bit <num>-input transformation and verify it on all examples. rule: cho(not shl(<num>), shl(<num>), shl(<num>)). operator family: cho. rule vocabulary: bit rot shl shr xor and or not stride bit"
bdd51adcf35bd181b397cf6006175eb868ddad01525311746e398a6622bcc873,4,4,1,1,00100110|01110000|10001000|10011111,bit_manipulation,bit_huikang_synthetic_cho,v534_huikang_synth_cho_19a5c8e2c436acaa|v534_huikang_synth_cho_2fb8d203d84c77e4|v534_huikang_synth_cho_ad5f242d8bf21490|v534_huikang_synth_cho_ecf370d041338b15,"trace summary: infer a per-bit <num>-input transformation and verify it on all examples. rule: cho(shl(<num>), shl(<num>), rot(<num>)). operator family: cho. rule vocabulary: bit rot shl shr xor and or not stride bitsum "
c873bfad9bb1c8aa5dc4709626dbbc4f583070eda12bda91d4c2af5d3b5933c3,4,4,1,1,00110111|10001110|10011001|11100001,bit_manipulation,bit_huikang_synthetic_maj,v534_huikang_synth_maj_07b04bf6e55e6cea|v534_huikang_synth_maj_78fd4b7dd8a7505b|v534_huikang_synth_maj_84da697c72f7c420|v534_huikang_synth_maj_725089538ef67ec2,"trace summary: infer a per-bit <num>-input transformation and verify it on all examples. rule: maj(rot(<num>), not shr(<num>), not rot(<num>)). operator family: maj. rule vocabulary: bit rot shl shr xor and or not stride"
d57d17225c19ef3953fdbe559ea70d561d0b3ba8b450d9609360c961077276ab,4,4,1,1,00001111|00010111|00011110|10001111,bit_manipulation,bit_huikang_synthetic_cho,v534_huikang_synth_cho_25a2c94661458448|v534_huikang_synth_cho_58c5c3c9eebaf4a9|v534_huikang_synth_cho_9c96daabe63c850f|v534_huikang_synth_cho_3092dc5bc8330a0b,"trace summary: infer a per-bit <num>-input transformation and verify it on all examples. rule: cho(not rot(<num>), not shl(<num>), shr(<num>)). operator family: cho. rule vocabulary: bit rot shl shr xor and or not stride"
dab53b8991daacee66b433f4b891806c189dcb1cf8b22d0ffac7d6781c672590,4,4,1,1,00100000|00101010|10101010|11101110,bit_manipulation,bit_huikang_synthetic_cho,v534_huikang_synth_cho_648c13a472b7a066|v534_huikang_synth_cho_73a134386848e4ef|v534_huikang_synth_cho_ec7700248aa4b82b|v534_huikang_synth_cho_08c659452c4e23d9,"trace summary: infer a per-bit <num>-input transformation and verify it on all examples. rule: cho(not shl(<num>), not rot(<num>), not shl(<num>)). operator family: cho. rule vocabulary: bit rot shl shr xor and or not st"
e62fe202051250b180ec113b747e04032b6bfa98a4b51995faf4b9c1fd38f897,4,4,1,1,00010001|00110011|01110001|11000011,bit_manipulation,bit_huikang_synthetic_maj,v534_huikang_synth_maj_1765968b462f5914|v534_huikang_synth_maj_5981b0c098385929|v534_huikang_synth_maj_b8bb6dd2cce48165|v534_huikang_synth_maj_ef0a6240180461d8,"trace summary: infer a per-bit <num>-input transformation and verify it on all examples. rule: maj(not rot(<num>), not shl(<num>), shr(<num>)). operator family: maj. rule vocabulary: bit rot shl shr xor and or not stride"
f19af03e28d8a152e258b822c56614e622f8f86aa313b65c3b9f2256067c3a21,4,4,1,1,01000101|01111110|10011111|10101111,bit_manipulation,bit_huikang_synthetic_maj,v534_huikang_synth_maj_7b974ac1a710b51f|v534_huikang_synth_maj_83c74dc0d0a47e49|v534_huikang_synth_maj_5c2d8537c3cf66ae|v534_huikang_synth_maj_842c47142ebc7956,"trace summary: infer a per-bit <num>-input transformation and verify it on all examples. rule: maj(rot(<num>), shl(<num>), not shl(<num>)). operator family: maj. rule vocabulary: bit rot shl shr xor and or not stride bit"
fd06c5de85a821fce42cfab966a864cbccd31490b8fe16d464593ed6bf5c1375,4,4,1,1,00011000|01000000|10000000|10000010,bit_manipulation,bit_huikang_synthetic_maj,v534_huikang_synth_maj_08451c51133e2166|v534_huikang_synth_maj_236b692f2f817fab|v534_huikang_synth_maj_8589a51a7b99bdcd|v534_huikang_synth_maj_abf10a9c8896a75a,"trace summary: infer a per-bit <num>-input transformation and verify it on all examples. rule: maj(shl(<num>), shl(<num>), not rot(<num>)). operator family: maj. rule vocabulary: bit rot shl shr xor and or not stride bit"
fe36054cca2695372d0d766ba967ebc7f8c6ba2b9598e6eca2556ee101f36292,4,3,1,1,00000010|00000011|00010001,bit_manipulation,bit_huikang_synthetic_cho,v534_huikang_synth_cho_00786f5e69d12c0d|v534_huikang_synth_cho_164929aae91a7ebc|v534_huikang_synth_cho_6a262cb4e657856c|v534_huikang_synth_cho_9ae34a90892339e2,"trace summary: infer a per-bit <num>-input transformation and verify it on all examples. rule: cho(not rot(<num>), shr(<num>), shr(<num>)). operator family: cho. rule vocabulary: bit rot shl shr xor and or not stride bit"
fff38b01f961ffe30f6a739d5bfe3f56964fb40fd9b6966a4a4cfb7b290b52f3,4,4,1,1,00111111|10111111|11100011|11100101,bit_manipulation,bit_huikang_synthetic_cho,v534_huikang_synth_cho_03d85d796ec00709|v534_huikang_synth_cho_1e3b0bc0478d6d89|v534_huikang_synth_cho_2dd51346de05805f|v534_huikang_synth_cho_bc42fc5c1397cb90,"trace summary: infer a per-bit <num>-input transformation and verify it on all examples. rule: cho(rot(<num>), not shl(<num>), rot(<num>)). operator family: cho. rule vocabulary: bit rot shl shr xor and or not stride bit"
00188d79a627d29b077ee308fdcb225ad6ebbfaa993770cad54439136789a52d,3,3,1,1,10110010|10111001|11111111,bit_manipulation,bit_huikang_synthetic_cho,v534_huikang_synth_cho_dcadd297c622ee6a|v534_huikang_synth_cho_3aa046749a1c4029|v534_huikang_synth_cho_fa7ecd653300d828,"trace summary: infer a per-bit <num>-input transformation and verify it on all examples. rule: cho(rot(<num>), not shr(<num>), not shl(<num>)). operator family: cho. rule vocabulary: bit rot shl shr xor and or not stride"
009bfa8759aeb1f880d2c8d8c0ec007b15c33d821b0eed2872df51cbc37e2bea,3,3,1,1,10111111|11110111|11111111,bit_manipulation,bit_huikang_synthetic_cho,v534_huikang_synth_cho_8f382e2640bc4399|v534_huikang_synth_cho_f36a82f99e0f1e03|v534_huikang_synth_cho_f51ffd7aca2c058a,"trace summary: infer a per-bit <num>-input transformation and verify it on all examples. rule: cho(rot(<num>), not shl(<num>), not shr(<num>)). operator family: cho. rule vocabulary: bit rot shl shr xor and or not stride"
05311c53b3066b0fc146348056ffd19dc8a83636cea59cf63a0d0fa4984dd584,3,3,1,1,00100000|10100001|10101010,bit_manipulation,bit_konbu_high_confidence_trace,v534_konbu_high_6ee700f5b5689522|v534_konbu_high_f2a7bc887745b984|v534_konbu_high_de67a81cb580aab9,"trace summary: infer the <num>-bit transformation from examples, then test candidate bit relations. source solver method=ctx, confidence=high, ambiguous_bits=<num>. rule vocabulary: bit rot shl shr xor and or not stride "
09843ef87a278173b8467da17659d7a366e1b76f1560ff25d0de1bd674a54f1b,3,3,1,1,01011111|01101001|10100101,bit_manipulation,bit_huikang_synthetic_cho,v534_huikang_synth_cho_3d509167fdf3bd88|v534_huikang_synth_cho_929f0f347e09d47c|v534_huikang_synth_cho_de0e73a84637d49d,"trace summary: infer a per-bit <num>-input transformation and verify it on all examples. rule: cho(not shl(<num>), not shl(<num>), not shr(<num>)). operator family: cho. rule vocabulary: bit rot shl shr xor and or not st"
09bc3cd215a8106773f63d086bf98bc7fcfd83eed2d7e57ef023aa1b944a8bda,3,3,1,1,01011111|11011111|11110111,bit_manipulation,bit_huikang_synthetic_cho,v534_huikang_synth_cho_2876acf94aa0f7f3|v534_huikang_synth_cho_8eb8e6d425e4470d|v534_huikang_synth_cho_b2e69c547f97780c,"trace summary: infer a per-bit <num>-input transformation and verify it on all examples. rule: cho(not shl(<num>), not shl(<num>), not rot(<num>)). operator family: cho. rule vocabulary: bit rot shl shr xor and or not st"
11cf0936d3913d3de8701b5d5555df196212d40aa53c62c45725c902385e51ef,3,3,1,1,00111000|01010100|01101011,bit_manipulation,bit_huikang_synthetic_maj,v534_huikang_synth_maj_2ac92d8a45d7163e|v534_huikang_synth_maj_856d489c18e65d54|v534_huikang_synth_maj_8c57636e79fc27a3,"trace summary: infer a per-bit <num>-input transformation and verify it on all examples. rule: maj(not shr(<num>), rot(<num>), rot(<num>)). operator family: maj. rule vocabulary: bit rot shl shr xor and or not stride bit"
13e57105ff297478f94337072c733adf0facee50af143cf33377912104eb7bbe,3,3,1,1,11000111|11001111|11110111,bit_manipulation,bit_huikang_synthetic_maj,v534_huikang_synth_maj_58145e7678f0029e|v534_huikang_synth_maj_fbde74619f8967a0|v534_huikang_synth_maj_5a8737dbd24e40c3,"trace summary: infer a per-bit <num>-input transformation and verify it on all examples. rule: maj(rot(<num>), not shl(<num>), not shl(<num>)). operator family: maj. rule vocabulary: bit rot shl shr xor and or not stride"
185d2061fc65b8224cd703850057c08b0c2f48d8f0c8bbc62915366221cc47a0,3,3,1,1,00000010|00010110|00110010,bit_manipulation,bit_huikang_synthetic_cho,v534_huikang_synth_cho_9faa7fb8cd2b3c4c|v534_huikang_synth_cho_f84dd7c208e96412|v534_huikang_synth_cho_4fb9423f716e42a1,"trace summary: infer a per-bit <num>-input transformation and verify it on all examples. rule: cho(not shr(<num>), shr(<num>), rot(<num>)). operator family: cho. rule vocabulary: bit rot shl shr xor and or not stride bit"
1a2465068905a1655f40dd6a58c07e6329de811ed01754db9463dc04088e661c,3,3,1,1,00101000|01100000|10101010,bit_manipulation,bit_huikang_synthetic_cho,v534_huikang_synth_cho_6b368e407bd13f22|v534_huikang_synth_cho_e356414d2eb91559|v534_huikang_synth_cho_fc9cf114b87deaa8,"trace summary: infer a per-bit <num>-input transformation and verify it on all examples. rule: cho(not shl(<num>), shl(<num>), not shl(<num>)). operator family: cho. rule vocabulary: bit rot shl shr xor and or not stride"
1b3d61e486aa4c017a9497d78e4918f860934e708b928ab09ab55673b226754f,3,3,1,1,00010110|01010111|01110011,bit_manipulation,bit_huikang_synthetic_cho,v534_huikang_synth_cho_01f9b7738d29793a|v534_huikang_synth_cho_6b27a79f8e807d6b|v534_huikang_synth_cho_e3f8c2b02bdb6267,"trace summary: infer a per-bit <num>-input transformation and verify it on all examples. rule: cho(shl(<num>), not rot(<num>), not rot(<num>)). operator family: cho. rule vocabulary: bit rot shl shr xor and or not stride"
210ba40fc473b4198a29711b8a25da7f2b08883508e937a72e2cfa988afb9f9f,3,3,1,1,10110100|10111101|11111001,bit_manipulation,bit_huikang_synthetic_maj,v534_huikang_synth_maj_632270c59c5c62e5|v534_huikang_synth_maj_68f455c58f8461e2|v534_huikang_synth_maj_9eb6a55bc41759d6,"trace summary: infer a per-bit <num>-input transformation and verify it on all examples. rule: maj(not shr(<num>), rot(<num>), shr(<num>)). operator family: maj. rule vocabulary: bit rot shl shr xor and or not stride bit"
21cd87ec192c6fc4f4328fa80b3a5d4c3898b282a7479392c9c7d33d731dc757,3,3,1,1,00000110|00011111|11000011,bit_manipulation,bit_huikang_synthetic_cho,v534_huikang_synth_cho_03aba54aa6561675|v534_huikang_synth_cho_b1de8b60090d9cd2|v534_huikang_synth_cho_2c82e6aa293e90fb,"trace summary: infer a per-bit <num>-input transformation and verify it on all examples. rule: cho(shl(<num>), not rot(<num>), rot(<num>)). operator family: cho. rule vocabulary: bit rot shl shr xor and or not stride bit"
24de08ffaad6d8502d7b7d58d16de6cb231d4d6219007edc0ac15b23410f6f8e,3,3,1,1,00101100|01011000|01110100,bit_manipulation,bit_huikang_synthetic_cho,v534_huikang_synth_cho_933fb35725ee033e|v534_huikang_synth_cho_fc30f10dd7eecb8f|v534_huikang_synth_cho_bfc125a71a918f40,"trace summary: infer a per-bit <num>-input transformation and verify it on all examples. rule: cho(not shl(<num>), shl(<num>), shr(<num>)). operator family: cho. rule vocabulary: bit rot shl shr xor and or not stride bit"
297ab8d086d41b40553f53095ec542808230421af3e3fbd96c46e7d27bfd30af,3,3,1,1,01010110|10000010|11011011,bit_manipulation,bit_huikang_synthetic_cho,v534_huikang_synth_cho_101de5fcf51208a2|v534_huikang_synth_cho_660264dbec01bd89|v534_huikang_synth_cho_cc8802ced256dfde,"trace summary: infer a per-bit <num>-input transformation and verify it on all examples. rule: cho(shl(<num>), not shl(<num>), not rot(<num>)). operator family: cho. rule vocabulary: bit rot shl shr xor and or not stride"
2f6114802f76ac40479cd77b5fad46ea62547f90a8e8464852bf74ac4991fc5f,3,3,1,1,00100000|01000000|10000110,bit_manipulation,bit_huikang_synthetic_cho,v534_huikang_synth_cho_04c9338b757e2aa0|v534_huikang_synth_cho_0b98734de0465741|v534_huikang_synth_cho_7c323d67fe594aea,"trace summary: infer a per-bit <num>-input transformation and verify it on all examples. rule: cho(not rot(<num>), shr(<num>), shl(<num>)). operator family: cho. rule vocabulary: bit rot shl shr xor and or not stride bit"
330641b3c243222ec718e1d59c9017e1b418a5f5e4b8368b65c1b7e397b488da,3,3,1,1,00011001|00100100|01000010,bit_manipulation,bit_huikang_synthetic_cho,v534_huikang_synth_cho_61668a0480072717|v534_huikang_synth_cho_6ba93fa4df8cd242|v534_huikang_synth_cho_bf72fda1fb68c1b9,"trace summary: infer a per-bit <num>-input transformation and verify it on all examples. rule: cho(not rot(<num>), not shr(<num>), shr(<num>)). operator family: cho. rule vocabulary: bit rot shl shr xor and or not stride"
34521465d29b9334122e92ea3321c33040361de5357bbec03b98dcea8b20f139,3,3,1,1,01000100|11110011|11111111,bit_manipulation,bit_huikang_synthetic_maj,v534_huikang_synth_maj_0fc0dcfb6c3c6398|v534_huikang_synth_maj_8cc7708008e29be9|v534_huikang_synth_maj_8390adbe8cf4670e,"trace summary: infer a per-bit <num>-input transformation and verify it on all examples. rule: maj(rot(<num>), rot(<num>), rot(<num>)). operator family: maj. rule vocabulary: bit rot shl shr xor and or not stride bitsum "
378ab3bcdc016eb4fe6df53fb7b2ad08127e23b65ef6ef74c9fecbf3862a4ae2,3,3,1,1,10000010|10000011|10000110,bit_manipulation,bit_huikang_synthetic_maj,v534_huikang_synth_maj_5fea18186d193237|v534_huikang_synth_maj_94df38508bc4e0f3|v534_huikang_synth_maj_fdc7d46b4610da59,"trace summary: infer a per-bit <num>-input transformation and verify it on all examples. rule: maj(not rot(<num>), rot(<num>), shr(<num>)). operator family: maj. rule vocabulary: bit rot shl shr xor and or not stride bit"
3bcc8337a36e5eb6e48c106ced1626796ce344a2b1322ee56464821c839f38b4,3,3,1,1,00111001|01111011|10000010,bit_manipulation,bit_huikang_synthetic_maj,v534_huikang_synth_maj_774f7df3ae8a73a3|v534_huikang_synth_maj_9443be57da3ab3b4|v534_huikang_synth_maj_b6f8fefc0800575e,"trace summary: infer a per-bit <num>-input transformation and verify it on all examples. rule: maj(shr(<num>), not shl(<num>), shl(<num>)). operator family: maj. rule vocabulary: bit rot shl shr xor and or not stride bit"
3d5b05c5a14c1f8adb14b84f513d05433ba346a7711334e818f0b80a14f2624a,3,3,1,1,10101111|11100100|11111010,bit_manipulation,bit_huikang_synthetic_maj,v534_huikang_synth_maj_0646e5f4f9cf6c9f|v534_huikang_synth_maj_5631b7ad5f016a32|v534_huikang_synth_maj_f5b8923a3bb75450,"trace summary: infer a per-bit <num>-input transformation and verify it on all examples. rule: maj(not shl(<num>), not shr(<num>), not shr(<num>)). operator family: maj. rule vocabulary: bit rot shl shr xor and or not st"
3e6d0da751ed87b45e978e69cf64158b6e11462bc45bc758dad16d9e22f1849a,3,3,1,1,10111011|11110010|11111110,bit_manipulation,bit_huikang_synthetic_maj,v534_huikang_synth_maj_d59c79c228567931|v534_huikang_synth_maj_d7ddf6083ac22912|v534_huikang_synth_maj_fda272be1b99bb59,"trace summary: infer a per-bit <num>-input transformation and verify it on all examples. rule: maj(shr(<num>), not shr(<num>), not shr(<num>)). operator family: maj. rule vocabulary: bit rot shl shr xor and or not stride"
439b5288c4b7ef1571076f6897e7bf300c4f6b02fca15cffb518d02a03d2f0a6,3,3,1,1,10010110|11001101|11111110,bit_manipulation,bit_huikang_synthetic_cho,v534_huikang_synth_cho_12a683ce79c79798|v534_huikang_synth_cho_24336519c8b156f0|v534_huikang_synth_cho_302ef3e9334f9413,"trace summary: infer a per-bit <num>-input transformation and verify it on all examples. rule: cho(not shr(<num>), not shr(<num>), not shr(<num>)). operator family: cho. rule vocabulary: bit rot shl shr xor and or not st"
4867662dc0f83768a3b4f292fe971402886aa12321068d8dc555e81d3713f2ad,3,3,1,1,10101111|11001111|11111010,bit_manipulation,bit_huikang_synthetic_cho,v534_huikang_synth_cho_210d53163da9e7d1|v534_huikang_synth_cho_34a3300578822cee|v534_huikang_synth_cho_e92f8b72dc101c33,"trace summary: infer a per-bit <num>-input transformation and verify it on all examples. rule: cho(not rot(<num>), not shr(<num>), not rot(<num>)). operator family: cho. rule vocabulary: bit rot shl shr xor and or not st"
4a01e74e09bb45cdea0e45372bdfb164f46eb22ec7de118f7b5eec2241f7a75d,3,3,1,1,01010101|10101010|11000011,bit_manipulation,bit_huikang_synthetic_maj,v534_huikang_synth_maj_75bb82e4cdba8042|v534_huikang_synth_maj_dedd3442e429a705|v534_huikang_synth_maj_55aab83d69633da8,"trace summary: infer a per-bit <num>-input transformation and verify it on all examples. rule: maj(shl(<num>), not shl(<num>), not). operator family: maj. rule vocabulary: bit rot shl shr xor and or not stride bitsum cho"
4b3ae4cf11492c93275635038df93a960b352f3f23ee6a85fb61f0435e2f1fe0,3,3,1,1,01000110|01010101|01101010,bit_manipulation,bit_huikang_synthetic_maj,v534_huikang_synth_maj_30c59bba7940efa8|v534_huikang_synth_maj_a849b98ccf123bd7|v534_huikang_synth_maj_dba7d01b9eef57da,"trace summary: infer a per-bit <num>-input transformation and verify it on all examples. rule: maj(rot(<num>), rot(<num>), not rot(<num>)). operator family: maj. rule vocabulary: bit rot shl shr xor and or not stride bit"
4dc03c2fb6d6b5700470f9e15ad1169addb7c4072013832aa0c6b97bb94cb402,3,3,1,1,11001100|11100001|11110000,bit_manipulation,bit_huikang_synthetic_maj,v534_huikang_synth_maj_189a12569f30f8cd|v534_huikang_synth_maj_afde66c1dfb56c23|v534_huikang_synth_maj_f5e6f0069ae64fef,"trace summary: infer a per-bit <num>-input transformation and verify it on all examples. rule: maj(shr(<num>), not rot(<num>), rot(<num>)). operator family: maj. rule vocabulary: bit rot shl shr xor and or not stride bit"
542e290498fef8f5993a69dde9a9c3b9f85ff2536eeddecb2e2ad14acf0cfe34,3,3,1,1,01000110|01001100|11010110,bit_manipulation,bit_huikang_synthetic_maj,v534_huikang_synth_maj_696a06e7f0db3f1c|v534_huikang_synth_maj_78c0a5609cb18fbd|v534_huikang_synth_maj_bfa7e6027efad00e,"trace summary: infer a per-bit <num>-input transformation and verify it on all examples. rule: maj(not rot(<num>), not shr(<num>), shr(<num>)). operator family: maj. rule vocabulary: bit rot shl shr xor and or not stride"
590867df38099858a2275603fe3b768e7f34d1fd4b7fdde5222ead3136d61262,3,3,1,1,01010001|10111101|11111100,bit_manipulation,bit_huikang_synthetic_cho,v534_huikang_synth_cho_29458e594cac6b6b|v534_huikang_synth_cho_5dec82b50f9e7700|v534_huikang_synth_cho_4596de4639bf2949,"trace summary: infer a per-bit <num>-input transformation and verify it on all examples. rule: cho(not rot(<num>), rot(<num>), not shr(<num>)). operator family: cho. rule vocabulary: bit rot shl shr xor and or not stride"
5d9a808a6996722b2d6062f5893d47ba3aab1c5440b43198034af649c023070e,3,3,1,1,00111110|11001100|11100011,bit_manipulation,bit_huikang_synthetic_maj,v534_huikang_synth_maj_163cf8d98f323535|v534_huikang_synth_maj_2f1a55a9fdbe5eb5|v534_huikang_synth_maj_cb87387e59042e04,"trace summary: infer a per-bit <num>-input transformation and verify it on all examples. rule: maj(not rot(<num>), not rot(<num>), not shr(<num>)). operator family: maj. rule vocabulary: bit rot shl shr xor and or not st"
5ec77075c13e502505a694c44ce0ff1ae066ed3d4b9c98a111c8446f7d538d0a,3,3,1,1,11011010|11111100|11111111,bit_manipulation,bit_huikang_synthetic_maj,v534_huikang_synth_maj_043a490d94666a9f|v534_huikang_synth_maj_3c7b0ef98051d6c1|v534_huikang_synth_maj_66c6d44e91ca1a5c,"trace summary: infer a per-bit <num>-input transformation and verify it on all examples. rule: maj(not shr(<num>), not shr(<num>), not rot(<num>)). operator family: maj. rule vocabulary: bit rot shl shr xor and or not st"
6ee5bfa4f56e7d788bdb8fdb4a85c1b11d4b5e7ab806890523fd7ff445312cf7,3,3,1,1,00001110|00111010|11000000,bit_manipulation,bit_huikang_synthetic_maj,v534_huikang_synth_maj_08646d8317d18ad8|v534_huikang_synth_maj_b6d964a40a5e7b10|v534_huikang_synth_maj_f4dd83166e333e00,"trace summary: infer a per-bit <num>-input transformation and verify it on all examples. rule: maj(shl(<num>), not rot(<num>), rot(<num>)). operator family: maj. rule vocabulary: bit rot shl shr xor and or not stride bit"
7689b0d4370a7f84ab6ad462648c7438e5e0815fb269e23611afd45fc3fc84f0,3,3,1,1,01000000|01101101|11001010,bit_manipulation,bit_huikang_synthetic_cho,v534_huikang_synth_cho_5663281113a912ee|v534_huikang_synth_cho_7d9b06fbefe417d2|v534_huikang_synth_cho_692a3a9d20f33126,"trace summary: infer a per-bit <num>-input transformation and verify it on all examples. rule: cho(not shl(<num>), not shr(<num>), shr(<num>)). operator family: cho. rule vocabulary: bit rot shl shr xor and or not stride"
77ffce31805b6f9cf285f63b9629a3ea1a5f06b052dbbcc37ba07e23e982e6a0,3,3,1,1,01001000|01110000|11111011,bit_manipulation,bit_huikang_synthetic_maj,v534_huikang_synth_maj_4abea43e3978caa4|v534_huikang_synth_maj_9420546eae586603|v534_huikang_synth_maj_d2efc0649fa9c87e,"trace summary: infer a per-bit <num>-input transformation and verify it on all examples. rule: maj(rot(<num>), shr(<num>), shl(<num>)). operator family: maj. rule vocabulary: bit rot shl shr xor and or not stride bitsum "
7a71fe2114001a23180f1f3fae2bb55e4a26afdfec1671878c43922ff6c566d4,3,3,1,1,01101111|10101010|10111011,bit_manipulation,bit_huikang_synthetic_maj,v534_huikang_synth_maj_093c64ad224d12f6|v534_huikang_synth_maj_75180cd0547f2ef9|v534_huikang_synth_maj_97954c55660f0f7f,"trace summary: infer a per-bit <num>-input transformation and verify it on all examples. rule: maj(not shl(<num>), rot(<num>), rot(<num>)). operator family: maj. rule vocabulary: bit rot shl shr xor and or not stride bit"
7bfe1b01ea60c22ace035ef25b62d15432b8fb54d015f6eb79e68a698896d7c5,3,3,1,1,00101000|01010100|11000000,bit_manipulation,bit_huikang_synthetic_maj,v534_huikang_synth_maj_a40b73f2319d4dd4|v534_huikang_synth_maj_cd47a2121fff5c2b|v534_huikang_synth_maj_5fbceae872260aa0,"trace summary: infer a per-bit <num>-input transformation and verify it on all examples. rule: maj(shl(<num>), rot(<num>), shl(<num>)). operator family: maj. rule vocabulary: bit rot shl shr xor and or not stride bitsum "
7c66d5e6c304f9993a0bc1302d1b2300a66fa64e940ee4a23977c8b180fe836d,3,3,1,1,00000011|00010001|00111011,bit_manipulation,bit_huikang_synthetic_maj,v534_huikang_synth_maj_e18782cac95c7606|v534_huikang_synth_maj_e26aad7315558cd8|v534_huikang_synth_maj_118eb41a08a5eba1,"trace summary: infer a per-bit <num>-input transformation and verify it on all examples. rule: maj(shr(<num>), shr(<num>), rot(<num>)). operator family: maj. rule vocabulary: bit rot shl shr xor and or not stride bitsum "
7fc23efca0da5bbab535aedfac22f0da59fa9f9b3b756155223ada792312cf16,3,2,1,1,10101011|11100111,bit_manipulation,bit_huikang_synthetic_maj,v534_huikang_synth_maj_276549bbd77481ac|v534_huikang_synth_maj_5bafaa435987cff4|v534_huikang_synth_maj_b3f7485268db0c4c,"trace summary: infer a per-bit <num>-input transformation and verify it on all examples. rule: maj(rot(<num>), not shr(<num>), not shl(<num>)). operator family: maj. rule vocabulary: bit rot shl shr xor and or not stride"
82b0b4e3573d04a782072fcdd5b2835ab2d71388e178f37bb4f555c814015480,3,3,1,1,00000000|00010000|00111100,bit_manipulation,bit_huikang_synthetic_maj,v534_huikang_synth_maj_3ecfc4d722c53af4|v534_huikang_synth_maj_6dd20a54f421fa67|v534_huikang_synth_maj_06fd234fc89b998b,"trace summary: infer a per-bit <num>-input transformation and verify it on all examples. rule: maj(shr(<num>), shl(<num>), shr(<num>)). operator family: maj. rule vocabulary: bit rot shl shr xor and or not stride bitsum "
89f291446ebc64fbbbee62e32ca31f9febde04529f456c6c542a4b3e24babcfd,3,3,1,1,00001000|01101001|10011101,bit_manipulation,bit_huikang_synthetic_cho,v534_huikang_synth_cho_909e154c42055ac8|v534_huikang_synth_cho_e027735284a5977b|v534_huikang_synth_cho_7229fda2fd95f7ea,"trace summary: infer a per-bit <num>-input transformation and verify it on all examples. rule: cho(not shl(<num>), not rot(<num>), not rot(<num>)). operator family: cho. rule vocabulary: bit rot shl shr xor and or not st"
8d6d7ad8d96d5a01d7d25343a21d40143d546fad1a0c3101896104ff2379cf81,3,3,1,1,00110101|01001011|10100100,bit_manipulation,bit_huikang_synthetic_cho,v534_huikang_synth_cho_09311bb8401e1461|v534_huikang_synth_cho_2492f2e78059f24a|v534_huikang_synth_cho_fefb5950964ab8bb,"trace summary: infer a per-bit <num>-input transformation and verify it on all examples. rule: cho(not shl(<num>), rot(<num>), not shl(<num>)). operator family: cho. rule vocabulary: bit rot shl shr xor and or not stride"
8d78957fe89e3c4459267195c572bd2c514b69a038fc7e9e3ab37b014376dce9,3,3,1,1,01011011|10111001|11100011,bit_manipulation,bit_huikang_synthetic_maj,v534_huikang_synth_maj_118676345c5032c4|v534_huikang_synth_maj_7d4a8b1b874116e3|v534_huikang_synth_maj_ee8e142356faee93,"trace summary: infer a per-bit <num>-input transformation and verify it on all examples. rule: maj(not shl(<num>), rot(<num>), not shr(<num>)). operator family: maj. rule vocabulary: bit rot shl shr xor and or not stride"
91f9d0efe4372aacb6b2fb483edfaea039a6641f9e5a182af2ba41ef7d18f44c,3,3,1,1,00011001|00110101|01111110,bit_manipulation,bit_huikang_synthetic_maj,v534_huikang_synth_maj_3fa2aa944f1c9644|v534_huikang_synth_maj_bd234085a0a381ab|v534_huikang_synth_maj_d9a57bbbc9209315,"trace summary: infer a per-bit <num>-input transformation and verify it on all examples. rule: maj(rot(<num>), shr(<num>), rot(<num>)). operator family: maj. rule vocabulary: bit rot shl shr xor and or not stride bitsum "
9685da824ca8fcab3f8c3cd82678b2414c7b732c441cda4910711b24273f1f7b,3,3,1,1,01001101|01011101|10101111,bit_manipulation,bit_huikang_synthetic_cho,v534_huikang_synth_cho_3e7ce1791d6307da|v534_huikang_synth_cho_98128b98334a0623|v534_huikang_synth_cho_ea3409c8ab1f27a2,"trace summary: infer a per-bit <num>-input transformation and verify it on all examples. rule: cho(shl(<num>), rot(<num>), not shl(<num>)). operator family: cho. rule vocabulary: bit rot shl shr xor and or not stride bit"
998753059ec0f53acfbaecff96aa5a5f08bb1b8972052675d157f49e36806878,3,3,1,1,11101111|11110011|11111111,bit_manipulation,bit_huikang_synthetic_cho,v534_huikang_synth_cho_3f06767404a1f7f2|v534_huikang_synth_cho_ebd616dbf8486cd7|v534_huikang_synth_cho_97b4e3d9cd37b793,"trace summary: infer a per-bit <num>-input transformation and verify it on all examples. rule: cho(shr(<num>), not shl(<num>), not shl(<num>)). operator family: cho. rule vocabulary: bit rot shl shr xor and or not stride"
9ae8c763861eccfeddd3519d5d60bee1ed0490b893ff346298622b52f655df50,3,3,1,1,00011000|00100110|10101101,bit_manipulation,bit_huikang_synthetic_maj,v534_huikang_synth_maj_157e3fd9bccd6760|v534_huikang_synth_maj_9929fdeeaa48e782|v534_huikang_synth_maj_c7495161a96154eb,"trace summary: infer a per-bit <num>-input transformation and verify it on all examples. rule: maj(not rot(<num>), shl(<num>), not rot(<num>)). operator family: maj. rule vocabulary: bit rot shl shr xor and or not stride"
9b556c76f646881a76a08d298ad0a36dd4a3b65bdd4a3a935b9025449e2ce91f,3,3,1,1,00100000|01111000|10100000,bit_manipulation,bit_huikang_synthetic_maj,v534_huikang_synth_maj_16d3ed14b113564c|v534_huikang_synth_maj_6466e0cc0df3729c|v534_huikang_synth_maj_06e308581436ae9a,"trace summary: infer a per-bit <num>-input transformation and verify it on all examples. rule: maj(not, shl(<num>), shl(<num>)). operator family: maj. rule vocabulary: bit rot shl shr xor and or not stride bitsum cho maj"
9ddf91e3266d5cd1cb29847cba8433f8cd42e9da131abe373aa45eb72e3d9c04,3,3,1,1,11000010|11000011|11110010,bit_manipulation,bit_huikang_synthetic_cho,v534_huikang_synth_cho_2b91352f83a5e646|v534_huikang_synth_cho_8f8c24dafe717f48|v534_huikang_synth_cho_a42e3e2b7b0ea887,"trace summary: infer a per-bit <num>-input transformation and verify it on all examples. rule: cho(rot(<num>), not shr(<num>), rot(<num>)). operator family: cho. rule vocabulary: bit rot shl shr xor and or not stride bit"
ac27d8c610042f4c8a6e1cfa637baeeeb2a4b845958cc259b90c4decdca85c20,3,3,1,1,00111111|01001100|10111110,bit_manipulation,bit_huikang_synthetic_maj,v534_huikang_synth_maj_05e2855ab8d9a9c2|v534_huikang_synth_maj_279e73d7ffc7b33f|v534_huikang_synth_maj_5acaabe945bc7220,"trace summary: infer a per-bit <num>-input transformation and verify it on all examples. rule: maj(shr(<num>), not rot(<num>), not rot(<num>)). operator family: maj. rule vocabulary: bit rot shl shr xor and or not stride"
ad115f1b919085f720022beb8b2ab41dd7b5476ea27adf866ab82fc365b5de2f,3,3,1,1,01111110|10101111|11110001,bit_manipulation,bit_huikang_synthetic_maj,v534_huikang_synth_maj_073d8b5c2bd7a197|v534_huikang_synth_maj_7905ab0b0daf64c9|v534_huikang_synth_maj_f34059f28678b396,"trace summary: infer a per-bit <num>-input transformation and verify it on all examples. rule: maj(rot(<num>), rot(<num>), not shl(<num>)). operator family: maj. rule vocabulary: bit rot shl shr xor and or not stride bit"
af6868780b8b40994c11c7cbfcbe2a594e661b5f54e71ccf7b97970bb87f156e,3,3,1,1,00011110|10011111|11110011,bit_manipulation,bit_huikang_synthetic_maj,v534_huikang_synth_maj_83dceb1ca01e3886|v534_huikang_synth_maj_e087de8d4adbda69|v534_huikang_synth_maj_b9bfd702b2e904d7,"trace summary: infer a per-bit <num>-input transformation and verify it on all examples. rule: maj(shr(<num>), rot(<num>), rot(<num>)). operator family: maj. rule vocabulary: bit rot shl shr xor and or not stride bitsum "
b11d26298bb684bd75bae3da5ebbc76fa652ad7563df7645d52ba1887673b5a8,3,3,1,1,01010111|01110010|10100101,bit_manipulation,bit_huikang_synthetic_cho,v534_huikang_synth_cho_7972069d892dc697|v534_huikang_synth_cho_bb2db6717959fdb9|v534_huikang_synth_cho_bb33e15df67b2715,"trace summary: infer a per-bit <num>-input transformation and verify it on all examples. rule: cho(shr(<num>), not rot(<num>), rot(<num>)). operator family: cho. rule vocabulary: bit rot shl shr xor and or not stride bit"
b4fc07a50727b72bac1398bf1fdb75b87991816cba840bf174a73c141aeeb45b,3,3,1,1,01000011|10000010|11110011,bit_manipulation,bit_huikang_synthetic_cho,v534_huikang_synth_cho_1b0976642019ca7a|v534_huikang_synth_cho_dcaa4e9a489865ec|v534_huikang_synth_cho_b42343e2273a94ea,"trace summary: infer a per-bit <num>-input transformation and verify it on all examples. rule: cho(not shr(<num>), not rot(<num>), shr(<num>)). operator family: cho. rule vocabulary: bit rot shl shr xor and or not stride"
b7776f9ca0c54fc2bdf2f5ff2aa7dd00054d3a44b96cc71bc6788b4be1a1eaf9,3,3,1,1,01110111|10010010|11111110,bit_manipulation,bit_huikang_synthetic_maj,v534_huikang_synth_maj_03b3ab30e452274f|v534_huikang_synth_maj_784059812863be85|v534_huikang_synth_maj_d833a92d7b75699d,"trace summary: infer a per-bit <num>-input transformation and verify it on all examples. rule: maj(not rot(<num>), not shl(<num>), rot(<num>)). operator family: maj. rule vocabulary: bit rot shl shr xor and or not stride"
b83aa8296827bd666e5b7620e0126884bf106811ee1d8cb67067f86e1152131b,3,3,1,1,00000111|11110111|11111111,bit_manipulation,bit_huikang_synthetic_maj,v534_huikang_synth_maj_0e7fe4e6686d52c0|v534_huikang_synth_maj_46e0c9e5c8aa737a|v534_huikang_synth_maj_c03e6c6d3e8eb0f8,"trace summary: infer a per-bit <num>-input transformation and verify it on all examples. rule: maj(not shl(<num>), not shl(<num>), shl(<num>)). operator family: maj. rule vocabulary: bit rot shl shr xor and or not stride"
bc8180e689e9539f25115f9721e78bf75173d9ecf17438fffd5d91433f23e607,3,3,1,1,00010011|10001011|10101000,bit_manipulation,bit_huikang_synthetic_cho,v534_huikang_synth_cho_130edd91536ae385|v534_huikang_synth_cho_29c655e1885a396c|v534_huikang_synth_cho_ea9e3e438fc7f896,"trace summary: infer a per-bit <num>-input transformation and verify it on all examples. rule: cho(shl(<num>), shr(<num>), not rot(<num>)). operator family: cho. rule vocabulary: bit rot shl shr xor and or not stride bit"
bdfe5cda126c4375d675e356db0238159eab0d921a5d0d0b3fb253707cca55cc,3,3,1,1,10000111|10111111|11101111,bit_manipulation,bit_huikang_synthetic_maj,v534_huikang_synth_maj_45f6e610da727825|v534_huikang_synth_maj_4b70d9601ccf8f7f|v534_huikang_synth_maj_db16fdb3cb6a9e91,"trace summary: infer a per-bit <num>-input transformation and verify it on all examples. rule: maj(shl(<num>), not shl(<num>), not shl(<num>)). operator family: maj. rule vocabulary: bit rot shl shr xor and or not stride"
c246948cb237d7bd8c811297206e687e4a9fa079267999d09ccf97b794550607,3,3,1,1,01110101|10001000|11001011,bit_manipulation,bit_huikang_synthetic_cho,v534_huikang_synth_cho_6e1f9f5175bcfe7e|v534_huikang_synth_cho_872c8cc733c8ada6|v534_huikang_synth_cho_d14ece1aa3176f46,"trace summary: infer a per-bit <num>-input transformation and verify it on all examples. rule: cho(not rot(<num>), not shl(<num>), rot(<num>)). operator family: cho. rule vocabulary: bit rot shl shr xor and or not stride"
c2ae2acb885d1e40fd12dd44c8ef1a08f3ef0e203a192fd8348b978fa4b96f7c,3,3,1,1,00111111|01000100|10100101,bit_manipulation,bit_huikang_synthetic_maj,v534_huikang_synth_maj_e12dc1a4f25b178d|v534_huikang_synth_maj_e457b8695d0e27eb|v534_huikang_synth_maj_967153f63fc16f8a,"trace summary: infer a per-bit <num>-input transformation and verify it on all examples. rule: maj(shl(<num>), not shl(<num>), not rot(<num>)). operator family: maj. rule vocabulary: bit rot shl shr xor and or not stride"
c50787046f741267849f08cef838a315dab5ca624777cc976525d989aef45c6f,3,3,1,1,00010001|00011111|01011101,bit_manipulation,bit_huikang_synthetic_cho,v534_huikang_synth_cho_8460273c564d91f8|v534_huikang_synth_cho_b49f78de2c3a49ff|v534_huikang_synth_cho_e0cd8bdb1c62f741,"trace summary: infer a per-bit <num>-input transformation and verify it on all examples. rule: cho(not shr(<num>), rot(<num>), not shl(<num>)). operator family: cho. rule vocabulary: bit rot shl shr xor and or not stride"
cb13a24cda3e2f48054975d90234b4bde7a5b6d9af3ea6872300efa96f326cd6,3,3,1,1,10111100|11010110|11110010,bit_manipulation,bit_huikang_synthetic_cho,v534_huikang_synth_cho_0e31af37c2d3db3b|v534_huikang_synth_cho_28be1f6360e34f95|v534_huikang_synth_cho_832489bf99e534fa,"trace summary: infer a per-bit <num>-input transformation and verify it on all examples. rule: cho(shr(<num>), rot(<num>), not shr(<num>)). operator family: cho. rule vocabulary: bit rot shl shr xor and or not stride bit"
cc2084fa4ad7b24ed2ec6f0fed78993921157b20ba4e7a53727ecd2719a0aec5,3,3,1,1,01000111|10111101|11000001,bit_manipulation,bit_huikang_synthetic_maj,v534_huikang_synth_maj_16a5db1efc881393|v534_huikang_synth_maj_a05f54a008bab91f|v534_huikang_synth_maj_c145a5afb6b05f6b,"trace summary: infer a per-bit <num>-input transformation and verify it on all examples. rule: maj(not shl(<num>), not rot(<num>), rot(<num>)). operator family: maj. rule vocabulary: bit rot shl shr xor and or not stride"
d005548f946c6c1a34293d8c996392deb9aa32790f671939caf2342315600d5d,3,3,1,1,01101011|10001111|10011100,bit_manipulation,bit_huikang_synthetic_maj,v534_huikang_synth_maj_03f453c2613eb497|v534_huikang_synth_maj_5350fc2ac50ac24c|v534_huikang_synth_maj_bfdd014fccde6306,"trace summary: infer a per-bit <num>-input transformation and verify it on all examples. rule: maj(not shr(<num>), shr(<num>), rot(<num>)). operator family: maj. rule vocabulary: bit rot shl shr xor and or not stride bit"
d222e56ab507856817f100f5f9d5dad9218070490771695b9c292f18eea3860c,3,3,1,1,10100111|10111111|11111111,bit_manipulation,bit_huikang_synthetic_maj,v534_huikang_synth_maj_04914bb51a2c530d|v534_huikang_synth_maj_8bd06718a8d69c78|v534_huikang_synth_maj_a7e738b1929e8a38,"trace summary: infer a per-bit <num>-input transformation and verify it on all examples. rule: maj(not shl(<num>), not shl(<num>), not rot(<num>)). operator family: maj. rule vocabulary: bit rot shl shr xor and or not st"
dd5b5ff4a0f577c1f2aa5d9426d824017c544850caa5913568120e924125f9eb,3,3,1,1,00000110|01101001|11100011,bit_manipulation,bit_huikang_synthetic_cho,v534_huikang_synth_cho_380138b28b905645|v534_huikang_synth_cho_a9961ed551e763af|v534_huikang_synth_cho_d04d5bdf78cf865a,"trace summary: infer a per-bit <num>-input transformation and verify it on all examples. rule: cho(not rot(<num>), not rot(<num>), shr(<num>)). operator family: cho. rule vocabulary: bit rot shl shr xor and or not stride"
e023a6c859411ef0b5715f15cfd8b39ca6deec75486a1c40428b02baf87e1450,3,3,1,1,10010010|11000100|11100001,bit_manipulation,bit_huikang_synthetic_cho,v534_huikang_synth_cho_2ff8a419a30bed0d|v534_huikang_synth_cho_66534d7a5dd0c8d6|v534_huikang_synth_cho_c11947718f127dde,"trace summary: infer a per-bit <num>-input transformation and verify it on all examples. rule: cho(shl(<num>), shl(<num>), not rot(<num>)). operator family: cho. rule vocabulary: bit rot shl shr xor and or not stride bit"
e4346469c66a14e2b7f0d691fd67110d2f9d5c1d84d876375d8a7dfddd4ea6d8,3,3,1,1,01001111|01101010|10101101,bit_manipulation,bit_huikang_synthetic_maj,v534_huikang_synth_maj_962cc13b74b360dd|v534_huikang_synth_maj_1c225fdc6315e2b5|v534_huikang_synth_maj_d2f37e826b8e1f13,"trace summary: infer a per-bit <num>-input transformation and verify it on all examples. rule: maj(not shl(<num>), shl(<num>), not rot(<num>)). operator family: maj. rule vocabulary: bit rot shl shr xor and or not stride"
e5c888e1b50abb89bf9e552edaf2e985d090dfe5296baf0d7e91ce4ca7beb45f,3,3,1,1,10101100|11001101|11111100,bit_manipulation,bit_huikang_synthetic_cho,v534_huikang_synth_cho_81478947a922a0c4|v534_huikang_synth_cho_b9973787f76bebf8|v534_huikang_synth_cho_fb10f53532907a61,"trace summary: infer a per-bit <num>-input transformation and verify it on all examples. rule: cho(not shl(<num>), not shr(<num>), rot(<num>)). operator family: cho. rule vocabulary: bit rot shl shr xor and or not stride"
e7c705ddb20650d9b256c9ae678ab6b8f2aff9a2c3cff9967e38b5a052be9bf1,3,3,1,1,10000100|11010000|11100000,bit_manipulation,bit_huikang_synthetic_cho,v534_huikang_synth_cho_06373f4642b948a1|v534_huikang_synth_cho_7e9679a05c4f058b|v534_huikang_synth_cho_b6ebe149d4187fd3,"trace summary: infer a per-bit <num>-input transformation and verify it on all examples. rule: cho(not rot(<num>), shl(<num>), not shr(<num>)). operator family: cho. rule vocabulary: bit rot shl shr xor and or not stride"
ec4079cb94db7db219668f6c6e7b93880f418f0709203aed0692d27ac857ada2,3,3,1,1,00010010|00011010|00100000,bit_manipulation,bit_huikang_synthetic_maj,v534_huikang_synth_maj_1f925dcdc3471167|v534_huikang_synth_maj_669fd121d8e00eed|v534_huikang_synth_maj_ddcf9e01c351b77f,"trace summary: infer a per-bit <num>-input transformation and verify it on all examples. rule: maj(not rot(<num>), rot(<num>), shl(<num>)). operator family: maj. rule vocabulary: bit rot shl shr xor and or not stride bit"
f16c59b52f1bf1105f63f6207f18ea78f4bc6fa1afa78de5cf8fa28092f82a7a,3,2,1,1,11100110|11111000,bit_manipulation,bit_huikang_synthetic_cho,v534_huikang_synth_cho_1f55c48782992b77|v534_huikang_synth_cho_604efbfe22b7131b|v534_huikang_synth_cho_ec3935c57e9a47b1,"trace summary: infer a per-bit <num>-input transformation and verify it on all examples. rule: cho(not shl(<num>), not shr(<num>), not shr(<num>)). operator family: cho. rule vocabulary: bit rot shl shr xor and or not st"
f62fc895ec9b6b9770626b94d84a12230ac8df44d5b55d293fae497565acb245,3,3,1,1,11010110|11011100|11100010,bit_manipulation,bit_huikang_synthetic_maj,v534_huikang_synth_maj_cb348375a560a6b8|v534_huikang_synth_maj_f2a2107afb86a3fd|v534_huikang_synth_maj_58de2766e72c9404,"trace summary: infer a per-bit <num>-input transformation and verify it on all examples. rule: maj(shl(<num>), not shr(<num>), not rot(<num>)). operator family: maj. rule vocabulary: bit rot shl shr xor and or not stride"
fab640437b54e3fdade691d32fa48a8f9fedbf7c9dffb04a61d68f3cb3447da1,3,3,1,1,10011111|11001100|11001101,bit_manipulation,bit_huikang_synthetic_maj,v534_huikang_synth_maj_15ff6ceed158abb9|v534_huikang_synth_maj_6b7be5976507e7df|v534_huikang_synth_maj_da6c9413c91809e2,"trace summary: infer a per-bit <num>-input transformation and verify it on all examples. rule: maj(not shr(<num>), not rot(<num>), shr(<num>)). operator family: maj. rule vocabulary: bit rot shl shr xor and or not stride"
fb8cc8eb525420444925a0125d8815b86f2221fcb4d1cf3cbaef9a0cac12e2f1,3,3,1,1,01100110|11001000|11001010,bit_manipulation,bit_huikang_synthetic_cho,v534_huikang_synth_cho_e6b726f15b09b257|v534_huikang_synth_cho_f38da140139dbb74|v534_huikang_synth_cho_a301ccef959b98a0,"trace summary: infer a per-bit <num>-input transformation and verify it on all examples. rule: cho(shr(<num>), shr(<num>), rot(<num>)). operator family: cho. rule vocabulary: bit rot shl shr xor and or not stride bitsum "
fd0ee1dac60b401f9117f676f268442644e7a7e773f11a741aece8928106b53a,3,3,1,1,01100110|10000110|10100011,bit_manipulation,bit_huikang_synthetic_cho,v534_huikang_synth_cho_119862a654917cc9|v534_huikang_synth_cho_32e24545cb8fd5d4|v534_huikang_synth_cho_b48b729784a9f2ac,"trace summary: infer a per-bit <num>-input transformation and verify it on all examples. rule: cho(not shr(<num>), not rot(<num>), not shr(<num>)). operator family: cho. rule vocabulary: bit rot shl shr xor and or not st"
0295985944c65a67a62a201c9877721a5d71806c0a79d039ffb9db360a3d1cdf,2,1,1,1,10000000,bit_manipulation,bit_huikang_synthetic_maj,v534_huikang_synth_maj_1b9b297c0c995896|v534_huikang_synth_maj_319101ecc11fabd1,"trace summary: infer a per-bit <num>-input transformation and verify it on all examples. rule: maj(rot(<num>), shl(<num>), shl(<num>)). operator family: maj. rule vocabulary: bit rot shl shr xor and or not stride bitsum "
03402498bcccc56655e6c1b618907a34b6194517fa324d0da0db339bad255f51,2,2,1,1,00101011|01000111,bit_manipulation,bit_huikang_synthetic_maj,v534_huikang_synth_maj_b9cac6849be93867|v534_huikang_synth_maj_2e87395e125911c0,"trace summary: infer a per-bit <num>-input transformation and verify it on all examples. rule: maj(not shr(<num>), shr(<num>), shr(<num>)). operator family: maj. rule vocabulary: bit rot shl shr xor and or not stride bit"
040f57312390afcf128e429f9dbc79dcef69072a873139cab1b892e529956372,2,2,1,1,00010000|10001000,bit_manipulation,bit_huikang_synthetic_cho,v534_huikang_synth_cho_54367781f8300cef|v534_huikang_synth_cho_6b14be0748e62e36,"trace summary: infer a per-bit <num>-input transformation and verify it on all examples. rule: cho(i, shr(<num>), shl(<num>)). operator family: cho. rule vocabulary: bit rot shl shr xor and or not stride bitsum cho maj. "
0424edb4aa874982816631e9040479cb158c209080990f2a927dbe41fc383bef,2,2,1,1,00011011|00111010,bit_manipulation,bit_huikang_synthetic_cho,v534_huikang_synth_cho_1c42391526655f60|v534_huikang_synth_cho_268e39af95a7ad22,"trace summary: infer a per-bit <num>-input transformation and verify it on all examples. rule: cho(shl(<num>), shr(<num>), rot(<num>)). operator family: cho. rule vocabulary: bit rot shl shr xor and or not stride bitsum "
08c2ea126728cfd124af2aa5bb7df06c6d2247a03e87a1e1d76c81247b1abf70,2,2,1,1,00000000|11101111,bit_manipulation,bit_huikang_synthetic_cho,v534_huikang_synth_cho_8ad727c5d875b4bb|v534_huikang_synth_cho_9665a92ded4468d4,"trace summary: infer a per-bit <num>-input transformation and verify it on all examples. rule: cho(shr(<num>), rot(<num>), shl(<num>)). operator family: cho. rule vocabulary: bit rot shl shr xor and or not stride bitsum "
09ecba9cbdbecce35c82c5344a129245c29db83db874e062db00fb0d6c1dc7a4,2,2,1,1,10000111|11100100,bit_manipulation,bit_huikang_synthetic_cho,v534_huikang_synth_cho_1819808bab1cb566|v534_huikang_synth_cho_a73bc81ddbea2fb6,"trace summary: infer a per-bit <num>-input transformation and verify it on all examples. rule: cho(shr(<num>), rot(<num>), not rot(<num>)). operator family: cho. rule vocabulary: bit rot shl shr xor and or not stride bit"
0bbedf4086304033cf7386de981df8634555701bcacf02c6cd8591b119511a97,2,2,1,1,00000011|10110010,bit_manipulation,bit_huikang_synthetic_cho,v534_huikang_synth_cho_23407da8aeacae65|v534_huikang_synth_cho_a43cf9ed12a24166,"trace summary: infer a per-bit <num>-input transformation and verify it on all examples. rule: cho(not rot(<num>), not shl(<num>), shl(<num>)). operator family: cho. rule vocabulary: bit rot shl shr xor and or not stride"
0cdeeaac6a4dc1d802e93b31bed12884f25b41843608342f45efa58eecb92e2d,2,2,1,1,11110010|11111101,bit_manipulation,bit_huikang_synthetic_cho,v534_huikang_synth_cho_c2aba24a64ea5a88|v534_huikang_synth_cho_a3654d4f7e989138,"trace summary: infer a per-bit <num>-input transformation and verify it on all examples. rule: cho(shr(<num>), not rot(<num>), not shr(<num>)). operator family: cho. rule vocabulary: bit rot shl shr xor and or not stride"
0d0e63e2028eb13eedb11d4f8df9a932800a51f94ca29ab7280879168953304a,2,2,1,1,01001011|10111100,bit_manipulation,bit_huikang_synthetic_cho,v534_huikang_synth_cho_c0d4e04da1492f64|v534_huikang_synth_cho_320cd82b81c10c90,"trace summary: infer a per-bit <num>-input transformation and verify it on all examples. rule: cho(shl(<num>), not shl(<num>), rot(<num>)). operator family: cho. rule vocabulary: bit rot shl shr xor and or not stride bit"
0f821e92961b61bd66f7f532863b1ad08d55923e72a467f0a14a4f6ca112ea2b,2,2,1,1,01011001|01100110,bit_manipulation,bit_huikang_synthetic_maj,v534_huikang_synth_maj_e4cea30eb9aa0fb3|v534_huikang_synth_maj_ddc5e71e030b27bd,"trace summary: infer a per-bit <num>-input transformation and verify it on all examples. rule: maj(shr(<num>), not shr(<num>), rot(<num>)). operator family: maj. rule vocabulary: bit rot shl shr xor and or not stride bit"
0f8dce8ab0532d2d96d2b1fd16b9f460b3ce5a05a9916ae7daae0f8532d4848d,2,2,1,1,01001111|01011011,bit_manipulation,bit_huikang_synthetic_maj,v534_huikang_synth_maj_2e6cc8a355753276|v534_huikang_synth_maj_514478aa14a720b5,"trace summary: infer a per-bit <num>-input transformation and verify it on all examples. rule: maj(not shl(<num>), rot(<num>), i). operator family: maj. rule vocabulary: bit rot shl shr xor and or not stride bitsum cho m"
16f4d883eaa2d2f60609744c2d8e3a85a414a5eaed3edcf2f8c076363e31dc9c,2,2,1,1,00111111|01101111,bit_manipulation,bit_huikang_synthetic_maj,v534_huikang_synth_maj_36c17fced6b2e0d4|v534_huikang_synth_maj_9ae8b97aa7369045,"trace summary: infer a per-bit <num>-input transformation and verify it on all examples. rule: maj(not shl(<num>), rot(<num>), not shl(<num>)). operator family: maj. rule vocabulary: bit rot shl shr xor and or not stride"
17b598c1fa987a4816e425a845205b847b84929c06b48043387e7b986824620b,2,2,1,1,01101111|10010111,bit_manipulation,bit_huikang_synthetic_maj,v534_huikang_synth_maj_74cb75dc5bfa50e5|v534_huikang_synth_maj_954ac31095e7e44c,"trace summary: infer a per-bit <num>-input transformation and verify it on all examples. rule: maj(rot(<num>), shr(<num>), not shl(<num>)). operator family: maj. rule vocabulary: bit rot shl shr xor and or not stride bit"
17ec382cd528c498abcbe3a3cc26f521be52d1a7c072c7c260ec27ff4a3ad736,2,2,1,1,00010000|11100000,bit_manipulation,bit_huikang_synthetic_cho,v534_huikang_synth_cho_22657af96f0d0401|v534_huikang_synth_cho_64196ce715feb1cc,"trace summary: infer a per-bit <num>-input transformation and verify it on all examples. rule: cho(rot(<num>), shl(<num>), shl(<num>)). operator family: cho. rule vocabulary: bit rot shl shr xor and or not stride bitsum "
1bba73bfc5a1ae5569e32cdb6bc49a5393a65ee758528b5a40c1d9b3a3284f12,2,2,1,1,01111010|11111001,bit_manipulation,bit_konbu_high_confidence_trace,v534_konbu_high_882908b74fe34846|v534_konbu_high_19b41bfe31d079be,"trace summary: infer the <num>-bit transformation from examples, then test candidate bit relations. source solver method=ctx, confidence=high, ambiguous_bits=<num>. rule vocabulary: bit rot shl shr xor and or not stride "
2103abf5b1ce00626bfae7c00f5f2e9cddbc9a0017b80d1a5c2196da29775f61,2,2,1,1,01000010|11000101,bit_manipulation,bit_huikang_synthetic_cho,v534_huikang_synth_cho_03e9bb6092619d10|v534_huikang_synth_cho_92098c37ea82a261,"trace summary: infer a per-bit <num>-input transformation and verify it on all examples. rule: cho(shr(<num>), not shr(<num>), not rot(<num>)). operator family: cho. rule vocabulary: bit rot shl shr xor and or not stride"
215aff9b29e47e524fc127b08b2e6d33d7317921a03ac327ea154ed2bd0ee759,2,2,1,1,00100011|10000100,bit_manipulation,bit_huikang_synthetic_cho,v534_huikang_synth_cho_9e77eab7c0a7f950|v534_huikang_synth_cho_1f633364f097aee4,"trace summary: infer a per-bit <num>-input transformation and verify it on all examples. rule: cho(i, shl(<num>), not rot(<num>)). operator family: cho. rule vocabulary: bit rot shl shr xor and or not stride bitsum cho m"
