id,original_id,split,solver_category,query,answer,prompt_sha256
v381_synth_00457d26_00,00457d26,val,arithmetic,>&-!,',3f368285b6dd79a53be9df280dbc0de727948cf5ef04f53d5a6e24a7e5ca408c
v381_synth_00457d26_01,00457d26,train,arithmetic,`*`,'!,b895902f2afd73ff3e8d07154ef4e15dbe4300d4a274ad904f0c9dbe41cd11c5
v381_synth_00457d26_02,00457d26,train,arithmetic,{-&`,"""!",8401f04cba52e1ae66e9be40418139ae1e911b06dea8c77b90c90e1740a5416d
v381_synth_00457d26_03,00457d26,train,arithmetic,\*!,@{,60584e8f10fe23d40336c46d48a03267114881f3aea1cab68a2ef3fefa6288a0
v381_synth_00457d26_04,00457d26,train,arithmetic,"\-""",[,13036cfc15f142878480bb3837d6a28e2c91a9630cb464a94627a94edff962c5
v381_synth_00457d26_05,00457d26,train,arithmetic,&!*\,'`{,3e246c7a9455d59398b0bf3a5cad83ac7143efb7858d655e6dee482d600b908f
v381_synth_00457d26_06,00457d26,val,arithmetic,[*[,"@""",6fcf14a27402b174f33d1908352406051d1f759d88864cc881ba1fd5b6fd30c0
v381_synth_00457d26_07,00457d26,train,arithmetic,@'-!,!,d0391b470ec5cc78440826a8704ac64cef7818e91922ade49a86c19cbbc5bfe3
v381_synth_00457d26_08,00457d26,train,arithmetic,&{-\,&!,1dabdf1fc3bc2098622f2caf782868236c4c7d82da98e19a6160c2bdeb98f501
v381_synth_00457d26_09,00457d26,train,arithmetic,>*[,@,beb9a33c1c4fae560c5ded2d98d51f02e32b812044205f53cf666745424fdaa8
v381_synth_00457d26_10,00457d26,train,arithmetic,'*',`,aad8872b914a424613b5de82dfdc035c643652e3ac583506c2ec1a95559b4ab3
v381_synth_00457d26_11,00457d26,val,arithmetic,[-[,>,1a0cbe7a4b00c1ca06c7e6ab2d373b48a5058397d7b0ba9bba18140d86420b19
v381_synth_02902eb3_00,02902eb3,train,arithmetic,/*$,$,3c5525b1fa1c6f0dc6813d5990fadce7183f52616e4cfe70bf464e61cac392ea
v381_synth_02902eb3_01,02902eb3,train,arithmetic,%*),!%,ade033e14a321c0b733777390d31b677bb3089e4c398f5a02f62c071772a43b2
v381_synth_02902eb3_02,02902eb3,train,arithmetic,%+),/$,512bc8336b3e5a426b59ad2f17244de82cf1c67c8334375d89eb517ba617b937
v381_synth_02902eb3_03,02902eb3,train,arithmetic,/]-},/!,ffcc8091a4ea70fa1a538b460c864e97479b0360cd9129e43a001cf9a58d3bb0
v381_synth_02902eb3_04,02902eb3,train,arithmetic,>&*/,>&,2362a1c3ea981405a43277f6d1f6b29a0987d9872fd856172c05aa048db28347
v381_synth_02902eb3_05,02902eb3,train,arithmetic,/-},/,d001752b7c1f1b2b129305cc5dbeb87b01b6578656b5c8575947b06616ddbf74
v381_synth_02902eb3_06,02902eb3,train,arithmetic,&-/,],94945d58b2863ba2d41736f1e82d8a587a6c7a100376b49824b6e0e865e6db88
v381_synth_02902eb3_07,02902eb3,val,arithmetic,$-),],3380bf36a57fd597a7575a0885f6b1d4fa4fe761770a471c6c8eb709f4cbd417
v381_synth_02902eb3_08,02902eb3,val,arithmetic,}+>,),74e4b2c3d0c09af9965146fc896ba336afc08bd01adc95e50fc7b52ced345f32
v381_synth_02902eb3_09,02902eb3,val,arithmetic,]+],//,b02e0e69cd6afaf1ba99f4875d32d93060ea7b95389d96d0eb756d3214bc2271
v381_synth_02902eb3_10,02902eb3,train,arithmetic,/%*$,!%,dc320991b8f6014163f6fd235dc335dcccec6fa974085e16c28b9b9c95917700
v381_synth_02902eb3_11,02902eb3,train,arithmetic,/*],],c3428fb7cbf24f2189a55d40c3bef531bef57c133a40b62b0723d8cbca99864e
v381_synth_03a3437f_00,03a3437f,val,mixed_concat,>+`,>`,fd417d9edcf876dcf44d643c54bda4065e6fd903b85fb820477193de4cb6e18c
v381_synth_03a3437f_01,03a3437f,train,mixed_concat,!-:,:,e5ff74922ffc89b0c2d5ab9ea1cd80e58a529561aa89bddddefde65921288eb3
v381_synth_03a3437f_02,03a3437f,train,mixed_concat,'+:,':,87976388ccff4fa1f15eb936b881e40a9ff3e887fa220ad225110b55ab47a3eb
v381_synth_03a3437f_03,03a3437f,train,mixed_concat,:-!,-:,e47e4014244159d7212762562419ecdb18deb2ca4aaf712a21c0542f1dbd711b
v381_synth_03a3437f_04,03a3437f,train,mixed_concat,/+:,/:,aa23d153318dc0be8555de57d5fffd60684862b3ef27592435dce8e54841d351
v381_synth_03a3437f_05,03a3437f,train,mixed_concat,!+::,!::,6a9a2b36ad1e7194268ac9549b3738e37e3902a904b9b178a340696c9a07925a
v381_synth_03a3437f_06,03a3437f,train,mixed_concat,:'+!,:'!,02dd596fecb651eb2cdbcdfdd4b63d1cd6b0d80c0da40a7b58be83dc86b5d34d
v381_synth_03a3437f_07,03a3437f,train,mixed_concat,:-|,/,def3b677079169ee3049cc6d9354356550cfc9ca5d88e7f238d23d0ddbd91b03
v381_synth_03a3437f_08,03a3437f,val,mixed_concat,/+},/},68c061b2d925534bd831fd438ac60c95288dab894914f97caafd0f35cbc44f21
v381_synth_03a3437f_09,03a3437f,train,mixed_concat,|->,-`,b39e18f215a7448e6274629649e8c2f9b7b783d3aa422ef40b8177e6928aa34b
v381_synth_03a3437f_10,03a3437f,train,mixed_concat,`>+>,`>>,c8426f789ddb595fa0e09e76fc332d4793993b0a6715cc4c9a736ddb39217b3a
v381_synth_03a3437f_11,03a3437f,val,mixed_concat,!+',!',3c8efd4e1e4729d5f5e0825a39dffda74e85219306a504ff7c5bde762e297380
v381_synth_09d5ee68_00,09d5ee68,train,mixed_concat,':+?,':?,118da71e4b740232ae981c8f2119c67c716803f8c101479ebb9283655f3f72b1
v381_synth_09d5ee68_01,09d5ee68,train,mixed_concat,:-$,-!,4873ed07be4c9565c0087f7b5d1381b0e540c5005adf2b66bc6bd2422dab92e1
v381_synth_09d5ee68_02,09d5ee68,train,mixed_concat,>-$',-$|,2a0e5665f7af72ae2ecf749ff95beca94363ba62d24fdd53094cae1ef91e8cf5
v381_synth_09d5ee68_03,09d5ee68,train,mixed_concat,|->,-!,c091c427c31082a3f55ec76e1a7d382ba84f202329f9d952b69602ed97fba963
v381_synth_09d5ee68_04,09d5ee68,train,mixed_concat,>+?!,>?!,fe231075324f9bfde1bb2106ae4f6522c3b3ac2246cac41652e623f9a07f4ae6
v381_synth_09d5ee68_05,09d5ee68,train,mixed_concat,|-?,-|,31e591b56c68808d4cf1485351a41de9591bfc5040e4a18a7e8d0e85818e93c3
v381_synth_09d5ee68_06,09d5ee68,val,mixed_concat,>*!,|,ef0c93d81bb953ea942b6e22652dc56aa76be245ce3dc72d0f11be4346ab805c
v381_synth_09d5ee68_07,09d5ee68,train,mixed_concat,>-|,!,ca38f4f2b63a248097134afaf1f1f6f518b1c1a02e2b398cb9db2933eb79f90f
v381_synth_09d5ee68_08,09d5ee68,val,mixed_concat,&:+$,&:$,5f97929bf286469763e60078e48dd3dea19b9b7d61d6584a1acdbcc421eba3d1
v381_synth_09d5ee68_09,09d5ee68,val,mixed_concat,!+|,!|,423f51be927b95e9bdb9081d9a7134e694c6c1832f0b6884fc3633f41db8a204
v381_synth_09d5ee68_10,09d5ee68,train,mixed_concat,'+>,'>,1ee86d15066f352338fbd1fe1d3fd3e26e9f1307e1468b56e0d0cbfe23387006
v381_synth_09d5ee68_11,09d5ee68,train,mixed_concat,>-',-|,71effd9e09801c516e40f8105533947e883751dc8b4cc6680cdb271ef554b823
v381_synth_0e009c6d_00,0e009c6d,train,little_endian,%'%,?),e7b47bdc9fe4e6e97f3709d1c009f1cab91ee20c48a371932b4e265c18785564
v381_synth_0e009c6d_01,0e009c6d,val,little_endian,)*\,`,e6b7c41a5461a0b23dc1d8ab04e3057461bf774b7d095e222bf5c52c3023c660
v381_synth_0e009c6d_02,0e009c6d,train,little_endian,`'?,!#,6f4c1ddde01e7405f4328a6f310fcde9c233f569c28edfeb6e3e074a436955b9
v381_synth_0e009c6d_03,0e009c6d,train,little_endian,>*#,>,454c9892319ed2c342a325d7618cc70da5e4de889180ebb546bce747aaea4a2e
v381_synth_0e009c6d_04,0e009c6d,train,little_endian,%*@,/,819e5bbe5622f576199400b277d4118513fef73122ba0fed5c2537b30ca9182f
v381_synth_0e009c6d_05,0e009c6d,train,little_endian,@\'%,@`>,b464118b5dabd95c644b66b23861b6c2c774180bc8fc762ed7698021637dac10
v381_synth_0e009c6d_06,0e009c6d,train,little_endian,@'@,@,54af60133517c3d23b0d764612a043c05c1504ca943dac03b03c08c5e7513209
v381_synth_0e009c6d_07,0e009c6d,train,little_endian,%*>,?,e3ae0fc274bff42c070b710f2786c3fcaed5bb1771716c0a6802812a31a51f32
v381_synth_0e009c6d_08,0e009c6d,val,little_endian,%'>@,@?%,7c128dd18e9822f3c42332b8b57ebf9b08ba7374f4187ad9d7c5408f5df93895
v381_synth_0e009c6d_09,0e009c6d,train,little_endian,@*>,@,727593e701e8f638b515150d3d0dabb322a294688be22d1cc96bff8812951f88
v381_synth_0e009c6d_10,0e009c6d,val,little_endian,%'/?,?#%,e306cc65ad74e70c1ed67c8beccf0e12b8768cc582c95ba3a502710efa06f3ab
v381_synth_0e009c6d_11,0e009c6d,val,little_endian,#*\),\),ce8d2114fe9b543e1e1a5e985cd06b6582f9013527bae6e4355d66ef99899846
v381_synth_0fe53bac_00,0fe53bac,train,little_endian,?:+(),@@|,f7ac3d179f82e67baac68a014a59aae399e5ce6839646a68ce7e7954fe1a6c42
v381_synth_0fe53bac_01,0fe53bac,train,little_endian,^-?,-?,0f3ce84a4e80026171dbccc09064bb185c5bf6a053f2a049320b934530b45008
v381_synth_0fe53bac_02,0fe53bac,train,little_endian,|-!,?,6ec198110f07a7634c7a590e4c4a87668870d0ab8ce22784dac22e03bb46c1d5
v381_synth_0fe53bac_03,0fe53bac,train,little_endian,?+},),d56b267d1129eb117891484bb6a5fb54120157f78e5acdde76d698954e157b06
v381_synth_0fe53bac_04,0fe53bac,train,little_endian,")-""",-@,2c6e7160f1789347b408b962058aab7a6467a7614bec467cb1b0f8b5cef328ab
v381_synth_0fe53bac_05,0fe53bac,val,little_endian,??+!,?|,f9029dd23fa270012798fbe5f3878825a5c572fb1ddb4e0d363f6c846e56dc20
v381_synth_0fe53bac_06,0fe53bac,train,little_endian,}-|:,-||,2e407283807ecd92b77289015245192c8e36bed1e9b60d6e6dc32b370b886fa4
v381_synth_0fe53bac_07,0fe53bac,val,little_endian,"""+)",@!,6e1d7b99334213d0e15e7f8b9c14b5b40de09abfa8026a1d0a06fb5af9f18eff
v381_synth_0fe53bac_08,0fe53bac,train,little_endian,"|^-""!",-?!,d3c15d346666bce07ce001afe828b4a6bc8c3284df1844b458c0c358458c73ba
v381_synth_0fe53bac_09,0fe53bac,val,little_endian,!+:,@?,b27af8f4f024383b80f6fe6eff7ed65e07c0f49f3c3af5f99ab577a9cde0034b
v381_synth_0fe53bac_10,0fe53bac,train,little_endian,@!+^,@!,4f58316965081ccff2cf365b7779b0866f5515645f23fce2781aea5cd793d058
v381_synth_0fe53bac_11,0fe53bac,val,little_endian,(-?,),9a6d3dad57b8f1bf22edbc3990be32df9de01f767c08a1f7bf9cada14bcdec47
v381_synth_208d7838_00,208d7838,train,little_endian,:*<,-$,9953fb096ed5aa7605fe41812daf4b301a7060955b9fa01cc4f9056435790b59
v381_synth_208d7838_01,208d7838,val,little_endian,&+[,$},e32af473ea7d7877e35ad38ed71a83e0f85059f75abd56e5a8a45d237de0cd33
v381_synth_208d7838_02,208d7838,train,little_endian,<%*&},[&<,a725d81234c3cb55ad34218379b4d63e06c36ae8701c794af937d4bc2c4081cc
v381_synth_208d7838_03,208d7838,train,little_endian,[*},${,735ce2c1bb37205edb95b905f5ed50e071cee0637f8602dee6f946c2d4bb7d35
v381_synth_208d7838_04,208d7838,train,little_endian,[+>,$$,f8670ecee26b154ba1353bb0a79b23c8f2e25aa9dd58ec59555adc5dae06bfcd
v381_synth_208d7838_05,208d7838,train,little_endian,<*%},-$,47b0a72680b16a8d77ef20dfbcf0454cc217a61855d394d434e4baf99051e08b
v381_synth_208d7838_06,208d7838,train,little_endian,>:+>,>&,1a3e7bbaee9b92ba62202bfad093663abac5b672fa21e5abb501cfd5af195913
v381_synth_208d7838_07,208d7838,val,little_endian,{*<,-$,4881975545adbbdc9ec10029751018802665c600da28e1ae8d07a47b61641445
v381_synth_208d7838_08,208d7838,train,little_endian,}+[,&,c7a9cd125424473c3c773182e8e397db592f495f9bd856f19f87cedbefde4d4f
v381_synth_208d7838_09,208d7838,train,little_endian,}*&&,:>},bf62b99d070e95128b30d500ac4315d5b0a43459b6ba745fd33b263051e42c7b
v381_synth_208d7838_10,208d7838,train,little_endian,#{*#,&{[,613111e2bc23b5a0ef1b9f1f46fe495c029ae34175db4d9419829683c0377062
v381_synth_208d7838_11,208d7838,train,little_endian,%-[,:,9acc407deb29f387d81b03ab931b1c6eaec11043eb3a17ac293764d3b06e5bf3
v381_synth_28b0ff48_00,28b0ff48,train,arithmetic,"""*#",?(,dafd02744ba936b6cc2585f0ddac8cbac77e14718c1c30402af1df8fe34e8692
v381_synth_28b0ff48_01,28b0ff48,train,arithmetic,(+',?,443961cd7cd4f56d0c11492ff288e86d1312e3fc0b571aae9cdcf5f029efce21
v381_synth_28b0ff48_02,28b0ff48,train,arithmetic,|-^,',b77ddd9798e4fb9787789716f7ed3484e6b4bd822d133cb7c9b944929e9e8134
v381_synth_28b0ff48_03,28b0ff48,train,arithmetic,"""+(",/],d8100bd39103b4988cbd16e3cb92a0e04b60ea476d7c97c7827200964305565c
v381_synth_28b0ff48_04,28b0ff48,val,arithmetic,]-/,/,f98527cd7bc204f54d3348edbdbd5652688271c51e9c3fd08c0e4ff595c6b020
v381_synth_28b0ff48_05,28b0ff48,train,arithmetic,"#-""",^,275ec191310a2528fab1139b2af9663439868e6c19fb1a137fb73da85e0dd0a4
v381_synth_28b0ff48_06,28b0ff48,train,arithmetic,/+],],fd22f875e423a3bbcbb56e47d752dfc40b9b7151ac8cc2448ac3e862160c48ef
v381_synth_28b0ff48_07,28b0ff48,train,arithmetic,]*?,/,8c3c9d317a431a60fa0709923409d7dce7b50b2327c6d47fec72ef6a62248e78
v381_synth_28b0ff48_08,28b0ff48,train,arithmetic,/*#,/],2236af671d19081b5b18a41672c4936b25d1d2f52bdeb640d38042c927b6cfe7
v381_synth_28b0ff48_09,28b0ff48,val,arithmetic,^*|,//,6085d434f92be1e1c050ec35b66f9df8da65385a0c764c6d16eb21b314c7569a
v381_synth_28b0ff48_10,28b0ff48,train,arithmetic,|*#',(??,f91f57daafb2dcd32200f0f2fa9890664c4a64b1512217bba14e1701026830a5
v381_synth_28b0ff48_11,28b0ff48,train,arithmetic,/+(,(,6c53ce9bd5e966d357b33180713bfd892b0931d8d7d4c58fda3a5e3ab5484e15
v381_synth_294453b5_00,294453b5,val,arithmetic,(*@,:!,87c450a5f934adb08d2717ebf9fbe120706af781ac39cda5d23e74059ed8a2fe
v381_synth_294453b5_01,294453b5,train,arithmetic,:-&&,:,9bf2d765576a8db2a4c6bada1afc43cf17abc6794c23f34139e8aea4771936a3
v381_synth_294453b5_02,294453b5,train,arithmetic,`-),`,7cab6e5bbc39a4b163d7beb65ff3607a21c362de4bc8c8798e1cf7efdadf5edf
v381_synth_294453b5_03,294453b5,train,arithmetic,&*)#,)>,dba597813822dd0417d7dfc6743594d1520beef86e6c46f14d299ff1ecbf7de3
v381_synth_294453b5_04,294453b5,train,arithmetic,&*#,>,7e8b06bf5dd14d33aab5b97ffad3cf1fac334c8d726d8c10b895d45323b856b1
v381_synth_294453b5_05,294453b5,train,arithmetic,!*@,&>,2571038a40d17dba460e8953f03647a4118521cfb0a6af3e5b7b9c8c33bdee42
v381_synth_294453b5_06,294453b5,train,arithmetic,`*`,-&,bc9be6c9194174b12b644d0ad965da63e8e54bd2c6fdf9f4c4d4d8c466bff633
v381_synth_294453b5_07,294453b5,train,arithmetic,>*`,-&,8316d3eb72b12afad1b9892bc069eb4ace0ca4a1c123ddeb36b6238f6f8c038d
v381_synth_294453b5_08,294453b5,train,arithmetic,(*`,-&,7ac64b8e9f8589fd29c63e8e18d76da90080bc9fb91ec2d068de1fa63b57d444
v381_synth_294453b5_09,294453b5,train,arithmetic,&-&,`,6a56423b85037df8d9d72d9ad13d78b1c59b0be3404d9d8ae67da1e6580cb330
v381_synth_294453b5_10,294453b5,train,arithmetic,:-&,`,7388958975aee86c7bcef3369ccebcdaa44d2a2b2096a689264904e33addad78
v381_synth_294453b5_11,294453b5,train,arithmetic,)*#,&(,938b90bde9a55bff51a6de2ac6230687e9f6b55e2397262466e024368b8dc204
v381_synth_2d3547af_00,2d3547af,train,arithmetic,!&$,)},ea371c6ce97fd54dd3f10424eeed0392be8bff8c7da6b69ad4e5531df75f276c
v381_synth_2d3547af_01,2d3547af,train,arithmetic,}&>,!\,8302bbb9d1a58a1936d79431d0510578c8c3ff6cd598d2ca171277c5eb3d1e36
v381_synth_2d3547af_02,2d3547af,train,arithmetic,^`/,)<,4138c0ddd4d61f27fa4a6f7d75964b71175c85325053a3e7ac2f52073155b43e
v381_synth_2d3547af_03,2d3547af,train,arithmetic,}(>,\,9351cbbef3c99cfcc090a4ed0abdcbc0ad636adb154a7827fda0cedb0e057c82
v381_synth_2d3547af_04,2d3547af,train,arithmetic,!(}^,-/#,38e7183f991e2cf388eddd0d63f704e89a538ec4d1f97ef4416a342626e7e167
v381_synth_2d3547af_05,2d3547af,train,arithmetic,<&>,-),8a3ebf749d25e9b64639bd5a638e31d30848bf3d4475be5190ab7a7e9ba0c405
v381_synth_2d3547af_06,2d3547af,train,arithmetic,#&),>,423f0db99e342b474ed5d5f0d07331fcb9076a41ecf4f32fe9ecedb16f006683
v381_synth_2d3547af_07,2d3547af,train,arithmetic,^&},)#,c5b68c15ca208e766288507b58e6c95fa0645e9b2fb5b61ffe122ec9b5b6b89b
v381_synth_2d3547af_08,2d3547af,train,arithmetic,#($\,-\>,4b6031dc21cf99d2bf9219b89c30c7c0b5c32021ecd49701a1fd3a76ddbb1e3f
v381_synth_2d3547af_09,2d3547af,train,arithmetic,}(<,},f18a2634e47085625a54a2ed65a80ebc2b7f26c040eda9147555b40399ce881d
v381_synth_2d3547af_10,2d3547af,val,arithmetic,$(\,),4a1aa51db4219cc1657570e33786e1db6f9d965c753d066d66e56e0bc96e1834
v381_synth_2d3547af_11,2d3547af,train,arithmetic,<&!,-),2ae64ba6ca293ad4a5d341d75c0ca7e9cb85f9282beac9898df8581a6a8ef714
v381_synth_30ac5c8e_00,30ac5c8e,val,little_endian,\*#,#,5848c354e950376c078bcc767a0b16c6766e3cab2a03795be1d619072de581a6
v381_synth_30ac5c8e_01,30ac5c8e,train,little_endian,"""*?","""",822a870c8deb0e4e177338518c05c39593dbf90a3000fef8cd455a3f27e99871
v381_synth_30ac5c8e_02,30ac5c8e,train,little_endian,#}+#,@,b48f180649cf700dcda51bbf25de966ca389b2ab6000ab60c82363198f42eabe
v381_synth_30ac5c8e_03,30ac5c8e,train,little_endian,#-?@,-?@,bf96b46820cd256f4eac27c2458a1e1687d3733dd28edd1535926d5f53b81732
v381_synth_30ac5c8e_04,30ac5c8e,train,little_endian,&?*:,@}:,86dc25915bdb44e639fa5aa02b18d8bc311806fe7bb41ef6c68ebb1b01e31ed7
v381_synth_30ac5c8e_05,30ac5c8e,train,little_endian,":*""\",)@},9ae877367f43a1be369d4ce2013c4053ea49b6d5ec8f65b236297824d7d134fc
v381_synth_30ac5c8e_06,30ac5c8e,train,little_endian,\*&,@),06dd6941f923dbb192ef9fcd35f751d256cdfa429508c087cb0aa13e514023b3
v381_synth_30ac5c8e_07,30ac5c8e,train,little_endian,"#""+#",:,c24ca7080f8d4bd6be4e0ddcba16364e6b3bf3db099b182149ef1e8371869a9b
v381_synth_30ac5c8e_08,30ac5c8e,train,little_endian,/*&,}#,35d84092ae9ecb8189cc42b09977cdb658830ccf2e3dca6e9f04e8615ff02468
v381_synth_30ac5c8e_09,30ac5c8e,train,little_endian,@+},),bd8358296f357c6262cf6b1e21ae4db1afb9a5cf6877124e3a606191c781ec8f
v381_synth_30ac5c8e_10,30ac5c8e,train,little_endian,#-)@,-)@,4caf24eb081ac14d2ac8bb13a5f148268cea998cb25c9d3daffb2fd80a4b36f1
v381_synth_30ac5c8e_11,30ac5c8e,train,little_endian,@@*),?\:,f1496f925a5c3d6c7ac8d4dc03498cf2a26105fddc2312bf7595203f7b3e715d
v381_synth_3cb3fd89_00,3cb3fd89,val,arithmetic,[$+]{,||!,09ea7cfab80a55df3c070885d5386537f7541b5e76906ebc4111fb1c78322ce7
v381_synth_3cb3fd89_01,3cb3fd89,val,arithmetic,&*@,)|,fb4c42956e631a8c966efbd9fcee74df05cb47cf59defec0ed933ab38761687f
v381_synth_3cb3fd89_02,3cb3fd89,train,arithmetic,{+$,!,50816e521a5adcf42aff22fd78a54d0de5a3ed34bb0c60756272429be75535c5
v381_synth_3cb3fd89_03,3cb3fd89,train,arithmetic,@*@,!,bdab5b19d35b52ba978b8310718ac5a6cba8fa9538be6e8371c3a1db2d3d8663
v381_synth_3cb3fd89_04,3cb3fd89,train,arithmetic,)*\,$,a49f09b9ac8e894e874cfca5d8ab107bb99cba4b74ee1fe50b0580a268c5ae91
v381_synth_3cb3fd89_05,3cb3fd89,train,arithmetic,)*!),|$\,a2ed439467e2df0fe34c470ffd145ebc6c16f3a774f98e545446e231b7377402
v381_synth_3cb3fd89_06,3cb3fd89,val,arithmetic,&*[,@[,235c69549ee0a190dabc670c9248facafae52cf5b467d718111b71d0d4ede99b
v381_synth_3cb3fd89_07,3cb3fd89,train,arithmetic,@+{,\,cfa2ee5f889ae935f4aa805cb17656e53bf21465819a16a7f6cb356fca7ac9fa
v381_synth_3cb3fd89_08,3cb3fd89,train,arithmetic,)*@,],a8a77b8791039cb6e1c614d82a69bcbd6e1b6fcd29fe066cc8296a0e6cef0ad0
v381_synth_3cb3fd89_09,3cb3fd89,train,arithmetic,)+!,|),7eef8851256d8327b71b7c982f3aade5d2a4bd59a56d98e295471d3efcca3477
v381_synth_3cb3fd89_10,3cb3fd89,train,arithmetic,$+],|[,bc38d3fd8d9e1745fd9663f7e91f37200c3548b6ab40f230bb45043dbf317838
v381_synth_3cb3fd89_11,3cb3fd89,train,arithmetic,)*),\,f96b592fee22aad8ff84ed8fafa2bf980aea7b46674b0e4e03b6b4817d96299f
v381_synth_47c1d8f5_00,47c1d8f5,train,little_endian,/#(,]>,167f5090da0b3af90eec9f6fb340a755aa2b63939a329f6c94d53d8e20b221e3
v381_synth_47c1d8f5_01,47c1d8f5,val,little_endian,%#}^,}(,e73e279fce5fc5a2e0eda02a7cbe0d48bb0e97029e40a1cb3a52ab74195f8621
v381_synth_47c1d8f5_02,47c1d8f5,train,little_endian,{#],%,9416c4f95d5a0a0c89274625d7b24848d8e710e75d34520ef819c33d5c71964b
v381_synth_47c1d8f5_03,47c1d8f5,val,little_endian,@*(],-(],6e55c60aff86ed7dd09566d07d796d201d73ed8b828669d1c6d3e32e2ac9e0fb
v381_synth_47c1d8f5_04,47c1d8f5,val,little_endian,@*`,-`,d0ec32aa18fab89ca2e4b152e3fc65b7747adcc681884ab4802772b24b77f04f
v381_synth_47c1d8f5_05,47c1d8f5,train,little_endian,^{#>,^(,bf01b6e987b4eadbfb9fdf3602c454b1c4a47427748d34dca7efabc5ee2ff479
v381_synth_47c1d8f5_06,47c1d8f5,train,little_endian,(#^,]],2e3f7cf36085c7810c726cf44bcd4c27d2549cbf9fec650cc3254a1be85e66b7
v381_synth_47c1d8f5_07,47c1d8f5,train,little_endian,%#(,]@,6936d3c7577a8abd668e540cced1086e534e88348d6bd9264ed8aeb37e74e9d0
v381_synth_47c1d8f5_08,47c1d8f5,train,little_endian,}#@,},1cb600710fd30e76aa097b42a455083e1407bda8ea25b2d2b36ee319c5f49320
v381_synth_47c1d8f5_09,47c1d8f5,train,little_endian,%#@%,`,37335be2b5d4c73cdb557667ebbb633df30d261b2fb0ef3b40169445edfe046d
v381_synth_47c1d8f5_10,47c1d8f5,train,little_endian,}#]`,{>,51d0da4116aab239c3273928231c698239ab257f08acb64251a8569e369035ee
v381_synth_47c1d8f5_11,47c1d8f5,val,little_endian,%*/,->,78d3f7fb14bdee547e5e251c4e6aa63ee1ed44d8dc49cc32dc002e737aba464c
v381_synth_491b8ea5_00,491b8ea5,train,mixed_concat,@-{,|,9b7c3197d398a496a2b88fffa41f0588c5991c8c03c0763feb0b01b955a3ab4d
v381_synth_491b8ea5_01,491b8ea5,train,mixed_concat,]-],/,912cad68c5bdf039ef8718722960d8462a58a204ba5feca7ee7bf7bfec45fe5b
v381_synth_491b8ea5_02,491b8ea5,train,mixed_concat,^-{,!,0f0e0d8348b624fc4d66e3f19ad1498e41c440a8a0046463f63de561d0a2f94c
v381_synth_491b8ea5_03,491b8ea5,train,mixed_concat,)+),/,ac66fb9adbf063813da9f5135203b8767dd5d925f31c67ae8456ecdd0c598504
v381_synth_491b8ea5_04,491b8ea5,train,mixed_concat,|-/},^,e4c1497c1ea0b02fb3f071de08c522e59cfe14f910645e50cb66c420179db656
v381_synth_491b8ea5_05,491b8ea5,val,mixed_concat,{*@,{@,9b72a7b529b227a283f8625f6f64db45d8a90a6943e7611dc79514d5968122f3
v381_synth_491b8ea5_06,491b8ea5,train,mixed_concat,|*|,||,3faa9c19551797ef663d89fdd638a7f3cf6e4fb34c69fc03668b85a1debeed9b
v381_synth_491b8ea5_07,491b8ea5,train,mixed_concat,|-},^,847f66197d73dea267724548f80afaa2431c760337a49e5059c14b6cfaa2c727
v381_synth_491b8ea5_08,491b8ea5,train,mixed_concat,}-{,],a29ec7b02a7a2163e8cba834beb2039c42ac574e53da59cfc5b276d8ae945472
v381_synth_491b8ea5_09,491b8ea5,train,mixed_concat,^*@,^@,86f34575ff0a15f71412add7f07df9a4cd675a595311ecd9b4f168b59acce248
v381_synth_491b8ea5_10,491b8ea5,train,mixed_concat,|*},|},6d5fde8d9ae5350b1672f2e1e0012dcf0e2a0f5579d82ac45892061ade891154
v381_synth_491b8ea5_11,491b8ea5,train,mixed_concat,@+|,{,d9dab16c130b8668f314b229aa2a2f97b4dc1e05f49ecdadb18412d841a61e27
v381_synth_4bfd095a_00,4bfd095a,train,arithmetic,<*[,{<,a799a008f5c5975646c9f5b26ab768c367a48c300871d166897406a506ffea43
v381_synth_4bfd095a_01,4bfd095a,train,arithmetic,^-\@,[<,b1ec7dc0e20da0c7be5863762944b1611ec07469885cee389fb849666eb27bf1
v381_synth_4bfd095a_02,4bfd095a,train,arithmetic,@{-[,-)<,32836628e1f2684a0e9a5c63b126d048595950bb1e627a714fbe75fa408047f5
v381_synth_4bfd095a_03,4bfd095a,train,arithmetic,)^*/^,"\[)""",19868b1bffdd966034f50e2740cc3e34caebf51a5dbd7c159be5ba6db00c52bd
v381_synth_4bfd095a_04,4bfd095a,train,arithmetic,%*^,{,f339a175c327a6adfe2a66f3fa196eb46ff96fc6eb105afe4419a6bc51879374
v381_synth_4bfd095a_05,4bfd095a,train,arithmetic,/)*<,"/{""",42e52a296c5de5ee3b53a413ac3752c3e6a55be360445b6e659f153a2038a5ba
v381_synth_4bfd095a_06,4bfd095a,train,arithmetic,")-%""",-{,2aabb8cc2f758f55e4580ebb4743cf9ec8c8941551bcc36cb75fb685c4f35719
v381_synth_4bfd095a_07,4bfd095a,train,arithmetic,<*\,[^,0ecfb08dadb74f7110eb4f923613fad4f609f045285294c78a9c61fec3e1e342
v381_synth_4bfd095a_08,4bfd095a,val,arithmetic,/-^/,^%,f20eafcf08e1f94065099fef03f871737e4fc58098579be7f113371755b16195
v381_synth_4bfd095a_09,4bfd095a,train,arithmetic,<-\,-),7e303b57506fd818a8035a175097e2b194874d6ab17fcc79373d2555fa4392a4
v381_synth_4bfd095a_10,4bfd095a,train,arithmetic,/-^<,"^""",2169b4b9dbae26fca8df6e52585f65412ab56355d9fb6397c30a8d0ee302fcce
v381_synth_4bfd095a_11,4bfd095a,train,arithmetic,"<-""",-/,aa9ed4395c0b35247e5ad7b3b15992fc82c3baeb260d1218115014e22d36bb6a
v381_synth_4ed6b56f_00,4ed6b56f,val,arithmetic,:+',(',f785349bae97e138fb3518a9b3b576607f1eef71e4c4f5ff0c6b380e1a47bc86
v381_synth_4ed6b56f_01,4ed6b56f,train,arithmetic,`*',(],7d69e2b2b606f18862c6b4bc4a719559e4c678c1a6d72e326682ad49cc5c176a
v381_synth_4ed6b56f_02,4ed6b56f,val,arithmetic,"('*}""","(""`(",c3023b8317ef06d29f4dc1e403a7b5cd85fd3a2ff5ff35d343220e22ad22c74c
v381_synth_4ed6b56f_03,4ed6b56f,train,arithmetic,"(-""",(,97ea5b7121a6980fb1db0c0e6924759f6eca243cee6de9bf9be2cafa90ed55cc
v381_synth_4ed6b56f_04,4ed6b56f,train,arithmetic,":-""",:,f95ec5949c7fca28ce2c55498cdba58c08548abbef0729bb4037915497ec42f7
v381_synth_4ed6b56f_05,4ed6b56f,val,arithmetic,]->,/,73399c0156f0252bde9dbca61b5d2064084661919a79817b14d4dd494adf6959
v381_synth_4ed6b56f_06,4ed6b56f,train,arithmetic,(/-},',38bab6003b2bf9c60a2cf9b229a638557ad879a9c1c658895f78ec6bd205aaf4
v381_synth_4ed6b56f_07,4ed6b56f,train,arithmetic,!-`,`,49c6b5413f09875ef42ce56b6e6ede120890a12d66fd0845ae10edf56baeafb1
v381_synth_4ed6b56f_08,4ed6b56f,train,arithmetic,!(->,//,cae6419ef644f4177f4e129d58a53093f8e7ad6e42d1440f51cfa40f9501268f
v381_synth_4ed6b56f_09,4ed6b56f,train,arithmetic,`-},!,e34a5a9e5ad35ed40729908f17ba920aa8e5d7792bae0bd845ec151223058adb
v381_synth_4ed6b56f_10,4ed6b56f,train,arithmetic,(->!,>/,27f4fee6f64ff4486ed5d10fe2c1971eb9853cd4adfb49628b467d66ee9eb87e
v381_synth_4ed6b56f_11,4ed6b56f,train,arithmetic,"""*]",(,d7f6af51806e72bc9cba002acbf3930fed34d787b2a9ed34c67f680967f93f45
v381_synth_518deb39_00,518deb39,train,arithmetic,<+^,$,7073856096c90dcae784daf0c39788e010e92016b5013ad75eb5da4796195a48
v381_synth_518deb39_01,518deb39,train,arithmetic,>+',',7637715dae6dcd86785c28ade4ebe4a73afcc3480c8f64d95492221fb7f44108
v381_synth_518deb39_02,518deb39,train,arithmetic,"""+(",<<,44084d10e2e46471cc9add649544f7144cf9e8099f67930c65a6747d7957dcec
v381_synth_518deb39_03,518deb39,train,arithmetic,$+!,<(,0631a11d79e8e83483c85a2db03e1bbcce050d9fa7b5ca0b0e8f494b955bbd0f
v381_synth_518deb39_04,518deb39,val,arithmetic,(-(,>,1e2622932cfa3221f3b722e42279ae5b4fc37a34fc972cb6a892d404b82b263a
v381_synth_518deb39_05,518deb39,train,arithmetic,^+<,$,243c20621f2bf54733b3b15fd70d4c646bbf271d45d15a65f4f809868b781e45
v381_synth_518deb39_06,518deb39,val,arithmetic,(-!,(,10b5e22163f27658aea929eeca51db7bd1f3808c7c680cd0163b699aafe3ffe4
v381_synth_518deb39_07,518deb39,train,arithmetic,"!*""",^^,2cf24ad7dadd99e33dc9ff7c88f04e6fd40ea71cea4880f4c199322ce67839cc
v381_synth_518deb39_08,518deb39,train,arithmetic,!-',<,2a2f955b9d97703564366c5d14815457bee67aaaebd271087d9aeb4281cc3cf8
v381_synth_518deb39_09,518deb39,train,arithmetic,>-<,>,c22920189f23f86c18cca149d89a268a43b569057c66ecd29d4a21e98dfe8220
v381_synth_518deb39_10,518deb39,train,arithmetic,"""*""",$(,24b1f655a316917580c014bcf713fa555727b90f6557973c700c2d2936cc1700
v381_synth_518deb39_11,518deb39,val,arithmetic,"""+""!",\^,79f92a229a7f4676299f7bbf06345ede7ff8137c06f42cbeba8a30e35e0f9671
v381_synth_528b694b_00,528b694b,val,little_endian,^^<],^),a9793608ba2a1d3a882395d866a67e0bdb926a5a1005ea2ff686fcec3841f7e3
v381_synth_528b694b_01,528b694b,train,little_endian,@+\,""">",fa6f42e45cec2ecb56ba3e4e04fb00617f12f9fd35324e0a9230460f6a46e279
v381_synth_528b694b_02,528b694b,val,little_endian,'$<','),aae87a5e00fe84d6166098d4892a7111383ef6e2a8e08ae45b70b9597f8c1ee6
v381_synth_528b694b_03,528b694b,train,little_endian,)+^],^],cfdc66082c87a4bb51b24f61df794a4983f36af9d199419eac8a0080c0bdb422
v381_synth_528b694b_04,528b694b,train,little_endian,"""+)","""",9ab482ae6bd18e2685834a885446f5602d4039cad6543d338f510d5cc83c8d4b
v381_synth_528b694b_05,528b694b,train,little_endian,'+'],){],27130b085015cb8fef27a9c483aa2d773846f36af5f3dc1df9d2caa8636b18aa
v381_synth_528b694b_06,528b694b,train,little_endian,)+),),4b6465fe962e4181e38ff93e3e1f25b5ffe1bf5ba8b5dec2346bd60113b9d19c
v381_synth_528b694b_07,528b694b,train,little_endian,{+>,{,55e56d8036c52c13977f8ad5b186bfba5feeda2cccbe73fde04d8cb4cf31305c
v381_synth_528b694b_08,528b694b,train,little_endian,>'+$,\>,7e202fb30ee2864ab4bc8ebb8924ffb59044582c171bc2ef9e5ea2d8b27bd51c
v381_synth_528b694b_09,528b694b,train,little_endian,{<>,->,ecbbc2c9d6d3b4d9ebb54b98f47c3ec706b6767a5a7c4d87e785793fd38805a5
v381_synth_528b694b_10,528b694b,train,little_endian,)^<^,){,b82c2f45c94b9d391c95cc45132f42293d67781f94ca7f28b0899d666e937a0c
v381_synth_528b694b_11,528b694b,train,little_endian,$<{,$,1406b2f895a63ef2baf56c1030d8dc9d7229253b95ebc667ee1182403d059ad8
v381_synth_52be4988_00,52be4988,train,arithmetic,\-/,-/,cb2b5814ca3de4898839a36e5bf25bc51e654bd697804456ac006390177616f1
v381_synth_52be4988_01,52be4988,train,arithmetic,?-[,-&,9c46a66c7810f65589caa21aaf665b00f328c9ba41856a40f3d4fca29868b6fc
v381_synth_52be4988_02,52be4988,train,arithmetic,?\-`,`',66f1cb985cde72f598c58d18dafeebe149a1370b522013fc0af0aaa76633fc99
v381_synth_52be4988_03,52be4988,val,arithmetic,/+[,',0d1c06d81e4864c35db0f33499c0c5b86505bec4804def5a8aca6319a5a5bc9d
v381_synth_52be4988_04,52be4988,train,arithmetic,<\*',?||,3f332fe8dc7bbd413d9f452d46541e1abb0187a11c11b07e5dbf709cff09279e
v381_synth_52be4988_05,52be4988,val,arithmetic,[+\,[,b86c28253c66897ec9842cb886e54275c332632b3cacf927d2c7079a9c04087d
v381_synth_52be4988_06,52be4988,val,arithmetic,?*&,//,b1ce10d62d8a958b5d5c0b5b3474ff39d670f37864d128039859c0f904f65d7b
v381_synth_52be4988_07,52be4988,train,arithmetic,&+/,<,d87c92eee0dddb8fc0142c8716fb3387527b3ceb0a5a1a2caaad5c0cb62c858a
v381_synth_52be4988_08,52be4988,train,arithmetic,\*\,-/,cfad3f26126f3ee1d3071804d724c734519a08a4138f3c2c9ee7e4e11898ab45
v381_synth_52be4988_09,52be4988,val,arithmetic,`*',/<,3da50e863688afc04eb6a32a94899226234c12552ee0225093c3fc3696bdd404
v381_synth_52be4988_10,52be4988,train,arithmetic,&*/,?,9a72c714f34b66b55d35ccc23e3d24d9a56bdd15f11d3be0ad8a2acef2f73e46
v381_synth_52be4988_11,52be4988,val,arithmetic,<+',/?,130c93b017804655f2a943820e159b68de37e14b1bd0022295499f710ec9419f
v381_synth_5501c054_00,5501c054,train,arithmetic,>{>,&,50d3de8df6a9cdc00548baa8cb8e875f5107977e4bc934724db6105b51fed9c0
v381_synth_5501c054_01,5501c054,val,arithmetic,")[{!""",)[,68d2e853fc19d01a35c27d0383f731425a60d49085ebb8652911ba9ee9c76593
v381_synth_5501c054_02,5501c054,train,arithmetic,"""{!",\,190396f8245463a570ff89680f534c0b55aab6a493ab824d17b3655b4b85dd31
v381_synth_5501c054_03,5501c054,val,arithmetic,\#{>),\!,f868d8194098ac219d7d7b36ccd29f66f72ebde8ba88180d39c70ae5c1412436
v381_synth_5501c054_04,5501c054,train,arithmetic,&[{[,&,afdee7ff7084b3665c491bdc3bce4b3e33b479b01881dea3c43fda88fad85cfe
v381_synth_5501c054_05,5501c054,val,arithmetic,"""{!^",>),c875f2eae30107fb704143d082105b6c22bce1380482b10dbcc7a9dfbda029ed
v381_synth_5501c054_06,5501c054,train,arithmetic,^}\,),13c4ca32fc63b872a81ecc831d3887774fa08f1d34a15c75ab4c9c6fd1d25d09
v381_synth_5501c054_07,5501c054,val,arithmetic,"\$""",^!,a2cd48139f097a86da2b24071251e85c2cc99a8638e73b3e7ceefe06adb4e818
v381_synth_5501c054_08,5501c054,val,arithmetic,&$'),&,d0768e91b2201dedc8d3c9a394d4e4954c1f9a4509b7609ce0b31bb4dee3d727
v381_synth_5501c054_09,5501c054,val,arithmetic,")&}""",")""",6fa3f89863d55965cabdb9a89bd198bdcc5c059982f82f2f53f862e98861833e
v381_synth_5501c054_10,5501c054,train,arithmetic,#{>,\,c5904b5572e10c5cccd54355272e23c816785e70d071e89f9c52ede9ab4fbee0
v381_synth_5501c054_11,5501c054,train,arithmetic,^^{!,>,c30f0b12d191acb920180b48b255a79aaa0f75f27dd63f2a5a65f8b4986ee757
v381_synth_57712d01_00,57712d01,train,arithmetic,{<*',${,5f09a4d040ac341064b6b908f5dd38786880f323cf10802ea7d3a83986d3af81
v381_synth_57712d01_01,57712d01,train,arithmetic,$*$,"!""",619ef669d52a552dc03824e9dc1ff318eefcb281cf49fbbc20f302a0d3fbb078
v381_synth_57712d01_02,57712d01,train,arithmetic,'*/,{(,5b8b91100001da62b8268d0bac21a37d71659e98cfeb951c69cdd94326e76991
v381_synth_57712d01_03,57712d01,val,arithmetic,{-<,"-""",377890897ed968ddea98d8232fbc21bf470e29fae812952ac7bdcc68fb5eaaf8
v381_synth_57712d01_04,57712d01,train,arithmetic,'*$,<?,5f9d1aada6743c535e546c56263e9a8b287cb3c9d251efb1c10d4f576c9298b5
v381_synth_57712d01_05,57712d01,train,arithmetic,"""+(",(,5453e4502501e0f10db8ea9a79cdbf88dc03b09fb8d7328293548aeef484dc81
v381_synth_57712d01_06,57712d01,train,arithmetic,<?+',<$,05775b59ad170b13b763b42d41df8959bbb5ae9fa7866c5907b3dd3303435680
v381_synth_57712d01_07,57712d01,train,arithmetic,"!{*""",!{,09ca93f2429d3012d20b5f73f68eeae4eba6c3e871be3dd589e149b5ce6aaed5
v381_synth_57712d01_08,57712d01,train,arithmetic,`*{,"""'",b885bb8c697be140d559156396e9e16a29db7405257c3e0b63fcfbf508b6a526
v381_synth_57712d01_09,57712d01,train,arithmetic,<*/,"""/",90e7c827c769392fe9ac89ff7f954071df88683333bba8183a4d16ec31f7109b
v381_synth_57712d01_10,57712d01,train,arithmetic,"""-/",-',577ee3d41b8bc5a50f57e9ab2e5d5c3b4f5f95800a305fea51ec34d0eb75a269
v381_synth_57712d01_11,57712d01,val,arithmetic,!*$,`{,9e7dac790be4630a1ce0dd724f71275f66b854ef233ed8b8d5375af826088271
v381_synth_57f6878e_00,57f6878e,train,little_endian,/<:,{{,28404af6242bf1eba82990dfacbb7c2514df7994872213e47d445dd79bf65a69
v381_synth_57f6878e_01,57f6878e,train,little_endian,(<{,{^,264d87157751a836a3cd2cce7e6f303768a22114b002b4c55175bc4429813c0e
v381_synth_57f6878e_02,57f6878e,val,little_endian,/<$,{^,f2bbea45d6c22864f05d71e92e31bb1d7b90366b1e1f69028c9f19171b6d784e
v381_synth_57f6878e_03,57f6878e,train,little_endian,$&%,$,d7202e1710f2aa4e903b9d9ed7ea33810c6e6cc0d93d39013fd67fc8bec1b87d
v381_synth_57f6878e_04,57f6878e,train,little_endian,{<{,@,f6480d4b4a1a90697b43b5ee0a88b061dbe75240442eb12a600580edd51ecaf2
v381_synth_57f6878e_05,57f6878e,train,little_endian,(<(,{%,0fa5f6f0c44078fb83b93c4cc447753a19bcfd19cabd029e40628bedf9dbd946
v381_synth_57f6878e_06,57f6878e,train,little_endian,)<@,(,0adb4cfec5f6a2b58db616f394ea844b7a99c55e81f39ba6973e23a0b67cbc7a
v381_synth_57f6878e_07,57f6878e,train,little_endian,@<^{,|,2ade41f8915dbb8d0e576c4d5f2e31917ec0b19a050b1fdaba79575dd932d2dd
v381_synth_57f6878e_08,57f6878e,train,little_endian,|^&^),@|,852d4cc6f394693a5985ed249d5807a892c7232d6072ed77385a4dff391106a2
v381_synth_57f6878e_09,57f6878e,train,little_endian,)&),^,2695447e45c9ced4cccd56bab5501c4d0cf80bee1634450908575d804b12a6cf
v381_synth_57f6878e_10,57f6878e,train,little_endian,/<@,%,dd1f3d521aa1a5f6ea959cabfe54ab98bae930657072bf114e345bfaa198c37a
v381_synth_57f6878e_11,57f6878e,val,little_endian,/&),{,61b25b60125e31b0aa04d5801b218d1b33f15ab0db5a25a5167d053af2deab91
v381_synth_58c099d2_00,58c099d2,train,arithmetic,`&+#,^`,4c28aa24ec17a034f07cb7450e0d7ab4adc364921c89808d8f9473bba951dd41
v381_synth_58c099d2_01,58c099d2,train,arithmetic,|-],`,e1bf8d1aad339db75b0a44a79d1764593d20f0655e05e23529f72ce65575124f
v381_synth_58c099d2_02,58c099d2,train,arithmetic,]+|,)),393d1d99226613a3f67f0f9377a134123330bca9d7a63c734035481b7b5c2e55
v381_synth_58c099d2_03,58c099d2,train,arithmetic,`+`,^,f484876c9b169045060a9b068841f62dd9a9dcbd6b7b6b298bab238e88f0583b
v381_synth_58c099d2_04,58c099d2,train,arithmetic,\+|,)`,cbc6735c03ae26413dfb98ef46f9eb8068caa3ce0f954835b13125411fe21088
v381_synth_58c099d2_05,58c099d2,train,arithmetic,##-!,##,922d36ef86bcb1cba27a2f56f310526e933512cb16d82f4e1c2e29c9890e01a7
v381_synth_58c099d2_06,58c099d2,train,arithmetic,\+&,)#,61b3277e60addbbdb4f675406925f1883abaf7b7481cd2661eedc4c3194b80c7
v381_synth_58c099d2_07,58c099d2,train,arithmetic,)+],],6f16fca7522480923a60d16b6734182e2559281f7941a12ea3baddf26275d1ae
v381_synth_58c099d2_08,58c099d2,train,arithmetic,`-|,-],eb9d81656e7e82da99e34445b532a39454a6ff0052e6992060970e815496ca47
v381_synth_58c099d2_09,58c099d2,train,arithmetic,&-!,&,2c92cb359a69e0696ad54c3e1cb0c580a6b5fd8550f17e7373c9957a15eabd73
v381_synth_58c099d2_10,58c099d2,train,arithmetic,#+|,)!,ba4037b59f95867422838abc0ceb66bb0a50028d0c5d2a644c9b2b0852b1c38f
v381_synth_58c099d2_11,58c099d2,train,arithmetic,\+)],`!,8108325c63cf168afdf30b5517717f7cbe0c81fd26d0253fa9b7088b1c22dbc4
v381_synth_59733f94_00,59733f94,train,little_endian,${*},:${,bfd0185f03665d065d2692de4071d39b0f707cb9c9128b1fb98f912c2ee5f477
v381_synth_59733f94_01,59733f94,train,little_endian,}-/,?,eab85fb80e0cdc9dfa799e72c0fac41e171661c467db5dc77677de92b201beb7
v381_synth_59733f94_02,59733f94,train,little_endian,:{*#/,>}>{,cc4b648866e9d51e2471c49f4e63721672b70ce7f8ec318d940d11c9b1e33db6
v381_synth_59733f94_03,59733f94,train,little_endian,^->,?,579e1b3d87a5b44f363a283767c83b6a3ab7f1cc938c75b879901f08d961b4af
v381_synth_59733f94_04,59733f94,val,little_endian,{{*},{,8da1d8e65b335bf948e86620d691455e952cacf665217129344b81c967652fd0
v381_synth_59733f94_05,59733f94,val,little_endian,#-[,?,08fd1c4b23238bd0898796c42f341ce18666576fe87ff3bc2ea9bdebcf2f7f86
v381_synth_59733f94_06,59733f94,train,little_endian,:*#,>^,b15a51871ccd8ad57dbd067a0d4b173e826786f5cbd97b8abb1782c266efec50
v381_synth_59733f94_07,59733f94,train,little_endian,^-?,>,a8878d4d64bd914e9ae4fc8ed0f4ebd08f6567b97a82d2b6cb50f4921219a255
v381_synth_59733f94_08,59733f94,train,little_endian,>-},-#,931ea79e6f0b754b73d87271eb8f5d0546d050dc3f7b1aa172af35bf63438f3b
v381_synth_59733f94_09,59733f94,train,little_endian,[#-#{,-$/,702a0078e7466c50da01ff656b2012d9e8c39e3447e2b834da2d526cfa2a6b7a
v381_synth_59733f94_10,59733f94,train,little_endian,^-/,$,01f2109761cbf0db795b2f661810c15aca49978d190ee6904bdbb91360ee31a8
v381_synth_59733f94_11,59733f94,train,little_endian,/-^,-$,5eaa370ce86f64cd9e6b7a8fbbde8ff05a3e6c5c8b5b3227043096508f09c7cf
v381_synth_5b2523e6_00,5b2523e6,train,arithmetic,<->,',18d4695c9a4eb1d085cc5935caa0e4e1ebc61cb34ddb1ad76879927ce31569f5
v381_synth_5b2523e6_01,5b2523e6,train,arithmetic,:*?,'>,b2d0827146f09c9459b269143079a1637720c282ad0b31f9cac636421bfac722
v381_synth_5b2523e6_02,5b2523e6,train,arithmetic,\-:<,:',3be76a48fb22be94220630c12799966a93e006530f2cf3db1b8e654b5bc9da03
v381_synth_5b2523e6_03,5b2523e6,train,arithmetic,:-\,&,e3cf09bdf956779d5cc466c04207934367393f74b193b2812d777f81396b5eb9
v381_synth_5b2523e6_04,5b2523e6,train,arithmetic,$<+\<,'?:,7b8bb322468ee12fbab64ae4056913a051b5a296f5fef9f26454b99b9b8ad507
v381_synth_5b2523e6_05,5b2523e6,train,arithmetic,$*$,!:,acc97af70608a617cab39df093e6f316a3c98519a64d0f46b5681dafece85c52
v381_synth_5b2523e6_06,5b2523e6,train,arithmetic,)+?,!,692d88311367282e8c0c8080dbd5ce019bea43a157f071b7fa3a56379fc3edf3
v381_synth_5b2523e6_07,5b2523e6,train,arithmetic,'?+$,'>,f5e6a5f0d9305b4c13f4b151f0cac997b6cd0bbc938c91d3f18a7b7862605c72
v381_synth_5b2523e6_08,5b2523e6,train,arithmetic,$*\,?',72f04482279b19f1881bb31e2d72113a5c8b71399d6e2c6ccbdc586e26185ed1
v381_synth_5b2523e6_09,5b2523e6,val,arithmetic,<+:,'&,2712f64cd5ffd86bac75ffd8f0b9207e43e8ba22b705b9c0f1411afd9257869c
v381_synth_5b2523e6_10,5b2523e6,train,arithmetic,!*:,'?,6cb58db4c05d72eeb9452926c864c84316e66f83dbef335760f847c9b75e8c69
v381_synth_5b2523e6_11,5b2523e6,train,arithmetic,?*&,\,c9e765b9369623d6623dcdbc64408b9397e818a29c2ea647d2b7d520e14e9eb3
v381_synth_5bcb572e_00,5bcb572e,val,little_endian,[[-#,[{,ec40376f3b129c66c03b92b937dcb17c2cdc3fcb23b3bd3577f50b09ddcc41d7
v381_synth_5bcb572e_01,5bcb572e,train,little_endian,!-{,[,20f382a00b44c05b0ff499af78f7b188cf5220740b44fc61176ddd9ef00885fa
v381_synth_5bcb572e_02,5bcb572e,train,little_endian,(+!,{!,ed90504fae66b81fb96ee1f20642162b20c98f5401965e787d4dec7fce0d924d
v381_synth_5bcb572e_03,5bcb572e,train,little_endian,!+[,],8f85e0462dbea0f862826dde0137028ce8c93288e2069bbff978cda16446fb6f
v381_synth_5bcb572e_04,5bcb572e,train,little_endian,#*/,/,0c6419cd05acd09015c341bbf8ecbbca344b0bf5a5e9ccb0a074007a0ae4f596
v381_synth_5bcb572e_05,5bcb572e,train,little_endian,[*/,/,121283a7b3a64845881cc8b60027d8bb78da01961dabe49901c0fc99cf2e6278
v381_synth_5bcb572e_06,5bcb572e,val,little_endian,"""-[",!,aee95ff95e4a480f4f4ae3455a3575525db0a3701fd165101a1308f032de3041
v381_synth_5bcb572e_07,5bcb572e,val,little_endian,]-!,!,e4277bb061ca4d0aeae170b450a6943a6ad91e93883fdd030a4ca9200e1a603b
v381_synth_5bcb572e_08,5bcb572e,val,little_endian,]-),[,bbdf55f81a9ed49e35f37fd99a301d9a1a2ea4f31edddecce8e5eed689444dbf
v381_synth_5bcb572e_09,5bcb572e,val,little_endian,/*!,/,3bd3bfce59b88b9f6b39f93b482d328df85575a9d5186256c387d2721cf9bf07
v381_synth_5bcb572e_10,5bcb572e,train,little_endian,/-[#,-[#,5331e13969a17edca44ee9143dba9463955573156990c4656876032aa18b4755
v381_synth_5bcb572e_11,5bcb572e,train,little_endian,"""*/",/,713704f30428ec96d55fea1bebf0b235d590abf300fd1c2b30497ec56cfa7b6e
v381_synth_5f9f0ed7_00,5f9f0ed7,train,little_endian,>}-`,`>,0ebec2965aa6c708c8a9743e6882893da1a1dc0883d5c84deb4cc77723ab1110
v381_synth_5f9f0ed7_01,5f9f0ed7,val,little_endian,]-@,],5fd9c6d436bc55f1eb20f0d6917ae60ea84023d46b63b4a4c50c26bc60aa6561
v381_synth_5f9f0ed7_02,5f9f0ed7,train,little_endian,!-!|,-!`,a72cc388f93bf7844732a12b840d453662ec3b00efb70a80ec860dd0362bee06
v381_synth_5f9f0ed7_03,5f9f0ed7,train,little_endian,}-],-},758b82c1b112c49ec32c220d61b13ff440c16ec037c2ddb9cb43d18ab032c231
v381_synth_5f9f0ed7_04,5f9f0ed7,train,little_endian,}->,-`,c9d624dbbfc005cb5d606cf8da5c9e6f547719413f309e0a25c1ea0b6456a105
v381_synth_5f9f0ed7_05,5f9f0ed7,train,little_endian,/+>,}[,b6281a5b72d7d466dba580c373229e2c6ef80c0854d7c8ca655ed2bd64afdfe5
v381_synth_5f9f0ed7_06,5f9f0ed7,train,little_endian,[@+!],/],64018ab1b3a5c2f4ab54ed3dc036e833c88a398ad12a5708b5b2369931aa4ab8
v381_synth_5f9f0ed7_07,5f9f0ed7,val,little_endian,>-},`,cec59a73693f305aa0af51fde56bf03dfc2df09a42df5022c17b1c885770acd4
v381_synth_5f9f0ed7_08,5f9f0ed7,train,little_endian,[-|,->,e5838492e4c67da6afc6b2ccc2ac90ed9d1ffbcae4b43dfd4b68607647ba14ef
v381_synth_5f9f0ed7_09,5f9f0ed7,train,little_endian,!*[,}[,84318c0e6a0d7dd0336a7d14e8ae63cd60a376f1944a4ed6e7de3e083c3d129c
v381_synth_5f9f0ed7_10,5f9f0ed7,train,little_endian,`+>,}},ca8ec64770e527fcba3fface96a95f1de17d35068c913b56369cc6efc972729f
v381_synth_5f9f0ed7_11,5f9f0ed7,train,little_endian,[*>,}|,ebd8c7fd935164f5b4fdef4d59e80e88635b82038bc6aee04966fe059abc5e50
v381_synth_61557701_00,61557701,train,arithmetic,{-',(,cf56300369d90dc357b897891f796cce33dbf28eae210089b605d620224ea205
v381_synth_61557701_01,61557701,val,arithmetic,:+&,(),0ca3e262ea8b768b83ba14733e951942157382614b500bd43e2a72029ee8c162
v381_synth_61557701_02,61557701,train,arithmetic,"|+""$",""":",c73136141dfa45b5ea8f46c6f3aa6cf71f3edd1babbdad4c81d624e0a110fa6c
v381_synth_61557701_03,61557701,train,arithmetic,)+(,),944d6f6081940a80313675f47e1b9c6fa67d841374a9488825f68c4a09fe67e0
v381_synth_61557701_04,61557701,train,arithmetic,'-{,-(,1a21b6ac6845b6d67226a886212b261559f541cd9c639eeca3743a4c9d075bfe
v381_synth_61557701_05,61557701,train,arithmetic,"""(+{}",&},475ed1bd18769ecc9beacece0f7398f3db9fb351c2d2983c896f22421b6e24ab
v381_synth_61557701_06,61557701,train,arithmetic,|-),(,9ff4e8656bd7d2f5b5bf53b37ba126902dc8517b697922d6efadffe82cf1d0a2
v381_synth_61557701_07,61557701,train,arithmetic,}&+|,"(""",b85545ca8e7e9dfe099a545fc0b489367c6d0a85bde14ef0439d839b4c6c29e6
v381_synth_61557701_08,61557701,val,arithmetic,::-(,:|,8866d4b5ebec9a8b8438593d4d6b465cb94ad4b0e8fc3826582172f3ddf07e74
v381_synth_61557701_09,61557701,val,arithmetic,{+),&,9bc5cf3da567f970c42556f4a594ada4ec7f8a5ac34dd2b4abbec282853f6ab0
v381_synth_61557701_10,61557701,train,arithmetic,)+$,|,2053021df61c6dd1ac965fd813d0e6ee266b14cb403f27624b6188699cb82be2
v381_synth_61557701_11,61557701,val,arithmetic,}-(,-(,63f3822aea5e877b3e602bb950208939fd7c2bbb1e8a132db2e0ffda2b0eda7a
v381_synth_638f93ca_00,638f93ca,train,arithmetic,#*@,$?,ad7ef95e96a845aa44218562dac52397e240aeb84f2ec90f43a8ed4efa15c9a8
v381_synth_638f93ca_01,638f93ca,train,arithmetic,'*],<@,c97cfb20fb48b7a263312dd6d6c3576af6d0e20d2ff52a765ed0d2fb669f649a
v381_synth_638f93ca_02,638f93ca,train,arithmetic,/-?,#,7d5ef9baa0765484c0e21ae1380ff0536e08bfbfee0439fba803008f8322016a
v381_synth_638f93ca_03,638f93ca,train,arithmetic,?*<,],a55dd4a42b4c706781a1213782e2d63873c2c0580b5c78e84a6cd43c5cf38d83
v381_synth_638f93ca_04,638f93ca,train,arithmetic,#*`,?,04d0853fd4462134cb5ef448f19a8551324b7adab8d643649bf1695a6aeea7db
v381_synth_638f93ca_05,638f93ca,train,arithmetic,`*@,?,1d4064d25a1ced8edd314f76a74174d51c47360253a8a03297c731dca9f72822
v381_synth_638f93ca_06,638f93ca,train,arithmetic,`->,>,4df17aace4934f47e7b8bacedc870bb46822591e5606c377c3104c5139883d2d
v381_synth_638f93ca_07,638f93ca,train,arithmetic,#-',$,a3c74c90fc7bfa6cf3eb7ada74f892016ea160f0baafeb68742267771daa8ad3
v381_synth_638f93ca_08,638f93ca,val,arithmetic,$*',]>,418134a3648908a06a21ccbc5bb1b8c93ddc9519d0b57f77d142ca924687f957
v381_synth_638f93ca_09,638f93ca,val,arithmetic,]*<,>,a04d23d1ba1dda05a0f35a208d3a3b579543952acb381ca34f82d051b0c94bc7
v381_synth_638f93ca_10,638f93ca,train,arithmetic,`-?,?,396c7c9be2009790fa572bfe7dfac8e199f759543b4ad7f5d714c690f6638211
v381_synth_638f93ca_11,638f93ca,train,arithmetic,#-#,`,1f054e7f8042bbeaa2b8a7553599b7f9420b04de7dbecd94bf12fdba2f12eb88
v381_synth_6cc5dafb_00,6cc5dafb,train,arithmetic,"%!""","""",662c0ad6f9800f3b3b2d6f6a1fa9f1f0593346df887908f3c4c6a8707f007b14
v381_synth_6cc5dafb_01,6cc5dafb,train,arithmetic,^^!#,^),2f1c69db0f7313815b2e9b0a59115a3289aaae136c1e17c425314863a451c92b
v381_synth_6cc5dafb_02,6cc5dafb,train,arithmetic,)!#,"""%",f1e2f072a540756b6bff206ce1b4b7a60ad5cbe8813b2aa16fcef8dc315e3d16
v381_synth_6cc5dafb_03,6cc5dafb,train,arithmetic,#!),"""%",60db9ac534ddcd896b2388f5d23c485fa24fcd32364a85535d05a7987b6510d0
v381_synth_6cc5dafb_04,6cc5dafb,train,arithmetic,">)-""",>(,bfcdd299caca486d958cf6103a324c9046f59b1e41729caa58df8430ff02075e
v381_synth_6cc5dafb_05,6cc5dafb,train,arithmetic,>-%,>,744e1510e8048525970dd8d5ecc99bb2ef2144bfae841c91b80087c07e1991c0
v381_synth_6cc5dafb_06,6cc5dafb,val,arithmetic,(\#,"""]",f9af6795957154446a143c0976cf955e7c406ca67b950791e1eee6063b13d49b
v381_synth_6cc5dafb_07,6cc5dafb,train,arithmetic,"&\'""",^'&,d54078351b4592fc503983c867260bc9c58b0400b5953effa900f766f6c2523e
v381_synth_6cc5dafb_08,6cc5dafb,val,arithmetic,'!%],"""#",ab9c814d5f6f324032fcc62697cd081a01e98f2341dcd503c4cc964aa99e80b6
v381_synth_6cc5dafb_09,6cc5dafb,train,arithmetic,%\),%,038963da58736475a1e5f5cdfa9ecb770bdcf916dc13d01aa33810b37e7ca550
v381_synth_6cc5dafb_10,6cc5dafb,train,arithmetic,%-^,^,1fe75ac44a985522e8bb9ce9a3bb3d4aec2f3f1dc6664b9ab3324f0213fb38fa
v381_synth_6cc5dafb_11,6cc5dafb,train,arithmetic,>^-),""")",dd0375455ed6bef592444b58f65b0456f9ef41fbe7f2484eb7d6f8b226575a36
v381_synth_6e56b39a_00,6e56b39a,val,arithmetic,]-&,-%,e7c95b07ea1273cefd15c5a7b758954e1b630efee0f7f1052f06083533d5fd4c
v381_synth_6e56b39a_01,6e56b39a,train,arithmetic,#-#,^,e70a1ef1e7758a626fa07cd88acaa9a6e4ca439a6fe064759dcd36ae7afd2e3f
v381_synth_6e56b39a_02,6e56b39a,train,arithmetic,!-#,->,5582a7155ba8c4680c0a7244dac59ed52735f933c4b3a1300434b935d39a0cb4
v381_synth_6e56b39a_03,6e56b39a,train,arithmetic,!-!,^,e46a8977f62d24e48cb61e5952fc36025dd621201aeb312a24ea58a64f536c53
v381_synth_6e56b39a_04,6e56b39a,val,arithmetic,/-!#,-!%,e0cd5fe9e06a4242046837503825a8f0e4e5eb3d4f9019675063676795cb7183
v381_synth_6e56b39a_05,6e56b39a,train,arithmetic,>-),-%,262b9c673c3fe0c72a4cf5aebed7fe020b518051d78e605ec24a285a5cea9d54
v381_synth_6e56b39a_06,6e56b39a,train,arithmetic,^-%[,-%[,17c7c09d73b3603be2698b7b08007b11e160fc8f12698f83c21c3eb5d3938d4c
v381_synth_6e56b39a_07,6e56b39a,train,arithmetic,/-^,-/,1e11fd5f81c485845cf44a68e894115bfe12dd9f1e172089aecf9ec05104899c
v381_synth_6e56b39a_08,6e56b39a,train,arithmetic,%^-),-[],9ab99720d7780f6693104e6ee4f8083eeaf7cf3c49c872bd667db71bfc1a2458
v381_synth_6e56b39a_09,6e56b39a,val,arithmetic,>-[,-/,673ae4b6c919989d622502e0fa34f37ca0b3d307cdbd18d66f4ae5c0771b3003
v381_synth_6e56b39a_10,6e56b39a,val,arithmetic,&-^,-&,82ce86d6b613a2b63898bc0cd3a3b8a75b4f2497d867ef0ed4e67512b4ab4278
v381_synth_6e56b39a_11,6e56b39a,train,arithmetic,)-/!,-//,e18991b1a85739ee1d1492200ada2e7994d179e3cf84fa067a06d550932a21db
v381_synth_7a422e17_00,7a422e17,train,little_endian,%!@`&,#%{&,0f7c378cd9fc503dc8e21aaedfcbe7af225112bfafcf70955e840e6cbf68e673
v381_synth_7a422e17_01,7a422e17,train,little_endian,`+!,"""""",0e999905b9b762cb84e8f6349f5423e7cb2d3b8dd2fbeb761344191d65eb16f2
v381_synth_7a422e17_02,7a422e17,train,little_endian,"{+""!",#',54c1931dad0a14818f621dabeb236d9b2ac5e841514d21e30bf790083d853fe7
v381_synth_7a422e17_03,7a422e17,train,little_endian,{-&,{,1e0dd85dbbfda0764adda3a0ec716f0cac87f9353f1902c3d771c56f9d0ad686
v381_synth_7a422e17_04,7a422e17,train,little_endian,%-#,`,965027da0af6c9a520627957f134c225f50f8fd6866cdb024df87e2a8ec1a203
v381_synth_7a422e17_05,7a422e17,train,little_endian,{@'%,``{,cba4cda1fba0b88875e83eaa334e7bfaa7c424b931838cc67097007a8a9de5ce
v381_synth_7a422e17_06,7a422e17,train,little_endian,}:-&,}:,9a1e42b00543b55ea6b24e54c87b262d23297a7f8865e2039cadc76eaf37baa4
v381_synth_7a422e17_07,7a422e17,train,little_endian,%@`,#`,43f9bb9b149fdd19207a5cb27e5e2375b294e8415a8874a8f0414e72884536e4
v381_synth_7a422e17_08,7a422e17,train,little_endian,:+},"""#",07052707fa54f5d80f5dacc8fd7880fb267085cb781aa4533b652ab283ed4bc6
v381_synth_7a422e17_09,7a422e17,val,little_endian,"!-""",%,a9411c22b5d8fe58a55eafeb992c1c4bbfe290a5176e24b18c92b8512ca20df5
v381_synth_7a422e17_10,7a422e17,train,little_endian,{@`,:#,6a1c59f72229be48e22c1f7d8d9e4cfc48cd3f68d45af93aafd3173c7fe57af9
v381_synth_7a422e17_11,7a422e17,train,little_endian,#{+#,:&,98b7e2da9d622038408108aa2200328e78323fede7f1117573896cb4e45ca9a0
v381_synth_8193e7e0_00,8193e7e0,train,mixed_concat,`-?,&,b79432eec113f4387a4dd1fb853fb65f363dfa8f63f13a8f851b552d73d1d96f
v381_synth_8193e7e0_01,8193e7e0,val,mixed_concat,?+!&,?&,cc67c8387a98d887547f52b6360b6fd15439c9f2fa2105c141131a73dd4faf98
v381_synth_8193e7e0_02,8193e7e0,train,mixed_concat,&!*##,??!!,98bcd7d43b42ce58e1daa8a7dc340b71ddc210a3369907ad055f3e9db5c7ef1d
v381_synth_8193e7e0_03,8193e7e0,train,mixed_concat,`+',`',d422196712d3ca34e49a9fbe937ae13862922fa55f2c19991f00832845d6d1c5
v381_synth_8193e7e0_04,8193e7e0,train,mixed_concat,#&+``,#&``,8fea2032a658e5c97078beca0e415579c5df0c869e8f97f95112fc5d92e5855c
v381_synth_8193e7e0_05,8193e7e0,train,mixed_concat,]*{,#?,cd0bb41fbe43c0c39c1ed8250ca77b2ae4b541d4fa9460994310effab94d0d50
v381_synth_8193e7e0_06,8193e7e0,train,mixed_concat,{#+&,{#&,de51670924b0ec0e45f518810820ff0c9d80b31b225bc982b8bd63075057447b
v381_synth_8193e7e0_07,8193e7e0,train,mixed_concat,?-?#,??,0867acf3e9c6ec96b071fbcba4ec744f1ef22574aa04bc32991f070ce208bbc9
v381_synth_8193e7e0_08,8193e7e0,train,mixed_concat,!+#/,#/,324c9aa672cf5df50b17886ac82ea3a810642219ba4a7f9d7cb61374c4c4b151
v381_synth_8193e7e0_09,8193e7e0,train,mixed_concat,]-],!,99eca6e5f22ca795fc88a7e4fba518d33d518e879cbe0623c5fe6e26df6c4f90
v381_synth_8193e7e0_10,8193e7e0,train,mixed_concat,]*]{,???,f443db7e3350cce7cc2b2600ca53918d85d3922c33c93b0d3161ddb5f3dd2b03
v381_synth_8193e7e0_11,8193e7e0,train,mixed_concat,{-]],#`,703005cf1a5b6ab0585bedd5b0a65f4d758d800b24fe019c6ed8236a18e4c403
v381_synth_82109e34_00,82109e34,train,arithmetic,\-\,>,cfef78e99c4a7efd2f370ddc02feaad0ad3b3349cdb4698b11ed15ffaf102111
v381_synth_82109e34_01,82109e34,val,arithmetic,#-',/,c6327a0ff2f0e32a148bbce59a1cba563eb414d47d2f481dd494c4c971d93576
v381_synth_82109e34_02,82109e34,train,arithmetic,'+:,@#,71a0277b21290851ff7851b396de46c155e6faf87fe28ab69dbd7637baa5fa21
v381_synth_82109e34_03,82109e34,train,arithmetic,#$-^,-@/,a3c05909b78cb39dab4d5d51f6ebed83ac6c4a134843577f4ad417f9e3877e05
v381_synth_82109e34_04,82109e34,train,arithmetic,@^*:,$:,add3d5a1f677a9bd942b6cb02caca2b84a7b2b3a8e5cb925563fefe95fd4a591
v381_synth_82109e34_05,82109e34,train,arithmetic,>*:,-@,5d789694aa463b5f0fa2c61326842e2e74cf6350d2ac84c66ebce968a8d214c4
v381_synth_82109e34_06,82109e34,train,arithmetic,>+$,$,151f0dcb36a230667feb9c423338b7ee6e00a9716a99405d2bb3be4bf7eb9f29
v381_synth_82109e34_07,82109e34,val,arithmetic,/*??,\?@,dbe31f02179d3c3f86af45d3a758593cde9d5f29c28167039878f3df9c898f1b
v381_synth_82109e34_08,82109e34,train,arithmetic,\+#,?,a570c4bf1e5fd8cd0979f34775431b6706638e4274e5f5e02d847ed05139a778
v381_synth_82109e34_09,82109e34,train,arithmetic,$-',\,1712e9c78910010896b31bd4108688d1fa99985da0d124c59c692d4ac37fbd12
v381_synth_82109e34_10,82109e34,train,arithmetic,@*#,@,19770949c59f60b500461359a99a55feb9e4cead7dfcabb6d7fa480239e6eccc
v381_synth_82109e34_11,82109e34,train,arithmetic,\'*@,\^,f05c3a40e1c147069f0fe0fddb1b93c5ba99948d8eb5d8e6a1df04adcdfd4a08
v381_synth_837a6ae7_00,837a6ae7,train,arithmetic,{+@,{,b7403e462023f570491dbfa9def5ac047f116dd3f4be7ad946bf4a976a091910
v381_synth_837a6ae7_01,837a6ae7,val,arithmetic,"""+<",@\,bc5a6828893920085280c0d5d7273002861246eb26bfd90e7714bd79b9e55397
v381_synth_837a6ae7_02,837a6ae7,train,arithmetic,:*{,&{,9d0f985c455539cda5eb27480c206c44dce60c9d8c3a8f400539b31aba71033c
v381_synth_837a6ae7_03,837a6ae7,train,arithmetic,"&*""",>%,6030bc20ae2ac2b02954bd49259be78ac703a5129410b81db26f20411ae3eecc
v381_synth_837a6ae7_04,837a6ae7,val,arithmetic,@-#,-<,0db0a3b47e50b42707c42a8c6333e3669136a9e0ccf6dcc09efab0909cc3110d
v381_synth_837a6ae7_05,837a6ae7,train,arithmetic,@-@,\,cb49db1b5c4708d4d3348f73516f376feda505cb42b83ce42c34a9c80298eb12
v381_synth_837a6ae7_06,837a6ae7,train,arithmetic,<+:,"""",dd590263c5de435ccaa2d6cbfdaa659f251d54bdd1e3748bd03b14ffff4135cd
v381_synth_837a6ae7_07,837a6ae7,train,arithmetic,@<-{,&,f21bdb589b61a1cf614845a783bd3f818df75e673cb08eb93c2b1132a2432e60
v381_synth_837a6ae7_08,837a6ae7,train,arithmetic,"""*&",>%,6f515c7b9a372b12910f91426141836d38ea16c10bb74fc2e64f0978242658ff
v381_synth_837a6ae7_09,837a6ae7,val,arithmetic,#+&,{,343985a44ec28ef88456a94e348e1685fa6da5a1997726bb2d81a7ccdb9c6845
v381_synth_837a6ae7_10,837a6ae7,train,arithmetic,">-""%","-""<",bf9e11d68485f9f1cc5a7f9653bb50a9ee4a7ae3b50eb61ea7f1e978a6b3fd23
v381_synth_837a6ae7_11,837a6ae7,train,arithmetic,{*@,:,08c3f0867a38e543955251e1ba7151150affd0a3c1bf36435848a51fe6403c8e
v381_synth_8494aad3_00,8494aad3,train,mixed_concat,)@*@,!&^,efb0d74a545d8cb7a0840f9feceb51ff06482da2f927540362f8666527ee2356
v381_synth_8494aad3_01,8494aad3,train,mixed_concat,@+!,@!,413c9bc5661ec9e1edf14659f52bd055baa207776b6a891dcc74faf5cce9608a
v381_synth_8494aad3_02,8494aad3,train,mixed_concat,`+<<,`<<,a9e4e74e9ef3ab09cd48cec7b80d7be8d9a9d50e5b799372a676c19520de98fb
v381_synth_8494aad3_03,8494aad3,val,mixed_concat,`+#,`#,bb1ae8f7a08e47d5280903870786e69a950ce7da40d048cfa7d928d19142c809
v381_synth_8494aad3_04,8494aad3,train,mixed_concat,]*!,#,4ec707400fca5617c6e5a7c66542b245cd75833a1e1ff81326c6a3fd8a8e9a10
v381_synth_8494aad3_05,8494aad3,val,mixed_concat,<*)],)^!,5aae4c686830e9c389a697ff21a7f71058fb5808ae301980d7bbcefc55db07cc
v381_synth_8494aad3_06,8494aad3,train,mixed_concat,&+&!,&&!,894ceee0a7348fa07a324a8123a1182e37a5316b8a0826cb447f3b9a5a0e492c
v381_synth_8494aad3_07,8494aad3,train,mixed_concat,!+^,!^,af1270aaaf581dc28286372e8a9d4bc10c90f8a20233fdf5fd0f1ccbbf3627cc
v381_synth_8494aad3_08,8494aad3,train,mixed_concat,^*!,!,9e6dd0618518d1a94b6375375b5012ed16297bcaaeea51a2a693d329642ea671
v381_synth_8494aad3_09,8494aad3,val,mixed_concat,)*^,!,289d38f66d3888a105a88c6d5e52518abfc72e878030df5c22f82953ef07b060
v381_synth_8494aad3_10,8494aad3,train,mixed_concat,]#+@),]#@),e2e7fe20fe312c2390fecf8f0b9760abcc37682df0ec0b21edde83b251c45c5c
v381_synth_8494aad3_11,8494aad3,train,mixed_concat,"""+!","""!",d5adc530d829eb149e2d4c91683d251db40aa5a450a9b8aa7a3d3cb6de0f31eb
v381_synth_893ffb06_00,893ffb06,train,mixed_concat,|+!,|!,4fce4fb7a22f322813da50f915915131a3a411dc0b0f177c00b02a50f447aa06
v381_synth_893ffb06_01,893ffb06,train,mixed_concat,)*{,{,e9ec7259bf23189b06048762cd4354e17d66416236288b1a2f72e8a2012dbee3
v381_synth_893ffb06_02,893ffb06,train,mixed_concat,@-:},-|',7d42a0c21a6639585ac9384d5b87c0d9bf80946b273bc08a50c3019c366bc466
v381_synth_893ffb06_03,893ffb06,train,mixed_concat,{-',-|,883d61493916a63b41675a86d380fb9d851d09c9ddd6a1217aa8c5b83f337f74
v381_synth_893ffb06_04,893ffb06,train,mixed_concat,'-@),-}},cda081f502ca1bce0a9c43ccfb728d83a51660a1701c241b94b25492cda668aa
v381_synth_893ffb06_05,893ffb06,train,mixed_concat,'*!,!,13a2189594a42b0b360007b431e036a990a159ec6f67178e4efdfa06d1cf47bb
v381_synth_893ffb06_06,893ffb06,train,mixed_concat,{+!,{!,730b813d1431733190c3d153df49d172483f07a1e678ed7d5651b1f4862cc56a
v381_synth_893ffb06_07,893ffb06,train,mixed_concat,):*),):,73c8af5c22ea20fb8f0902f3524d1cf37bcf95a75fbcc0a419ee05ec21140220
v381_synth_893ffb06_08,893ffb06,train,mixed_concat,'-|,{,7c1760781c212e19e536ff3abe999148f8dde5e20652b3ca5935eae6ca34b368
v381_synth_893ffb06_09,893ffb06,train,mixed_concat,@-@,!,da80fa6caee9831e8cbcdb647ec0b6d94c26129ba564f870c4328cc5740000f7
v381_synth_893ffb06_10,893ffb06,train,mixed_concat,'{-!,'{,67e53fd10287fe7fc2e29bad98eea984ed2540811a4e3e7f4573c14875afd778
v381_synth_893ffb06_11,893ffb06,train,mixed_concat,}-},!,7d6960e5669e46ebb2b68dc67210ca7a1a2ada9591ccbfb4db2bccbe3a8be0da
v381_synth_8e411cc7_00,8e411cc7,train,arithmetic,:!&,$,4976b0bc04e5d321751a673b8a0d95d599f00c2670940fb10fda181c600072f9
v381_synth_8e411cc7_01,8e411cc7,train,arithmetic,]!<^,(,f4f4f1a5504f4157b8e7580995fee82bcd5685f16e95aa0749380a7c52cd9397
v381_synth_8e411cc7_02,8e411cc7,train,arithmetic,}#],$,00468a513f03a0ea318e435f2dade01ff88bed00b511833a43ca410f184d3321
v381_synth_8e411cc7_03,8e411cc7,train,arithmetic,<}#<,},026fa8ed778a2bf53d1597c6aa40360f6998b66efab756fbc13d3e32c34f09f6
v381_synth_8e411cc7_04,8e411cc7,train,arithmetic,&!:,$,c30aa7c0f122c2becdffcc4d487285e3cd1e1f2adcd42ea5c60d56b5247daaef
v381_synth_8e411cc7_05,8e411cc7,train,arithmetic,&!/,"]""",b209187bb41ac6b1c81d6a89029f1ec0574067317d51f405705f6ff37777fe5a
v381_synth_8e411cc7_06,8e411cc7,train,arithmetic,$#],(,12c5cab73b67f866932f706b6b946e3d4c1656d436a565d27023d37ea879396a
v381_synth_8e411cc7_07,8e411cc7,train,arithmetic,"/#""",$,53dd6a7e5015785ed638b63155990a18bc5db319a3cbc6f202c5a60c2f971626
v381_synth_8e411cc7_08,8e411cc7,train,arithmetic,/!],]<,f0ac18d565cd670048cceba4b995bbde3faa9fcc2023c7ae289a32bd06db6020
v381_synth_8e411cc7_09,8e411cc7,train,arithmetic,/#/,<,9689233529f6687fb3eef498d91785e7fa992e2cbcf5f8d10a71d4f6b1e430db
v381_synth_8e411cc7_10,8e411cc7,val,arithmetic,$#(,],79289896a39b1a22d000c3ba0385a434f1fbdf267138b8c9b1972861a8207992
v381_synth_8e411cc7_11,8e411cc7,train,arithmetic,"/#^""",:&,bf8247abbe90f489e441827800c54e45935b3def19e2ee89d882203311465ecb
v381_synth_9a19fc2d_00,9a19fc2d,train,little_endian,{-&,/,2f15f03e9bc03687d77ac6f601443a53ba6b2e4c6bf1003c923ca59b318fb700
v381_synth_9a19fc2d_01,9a19fc2d,train,little_endian,/!-/,//,be8471fdf5c57536cb89819370f33e9fb7d96c4cfe70a76a30e48b68334b6bcd
v381_synth_9a19fc2d_02,9a19fc2d,val,little_endian,'+[,[>,17cdf23258dc670da3a88eb1071dfe25119e8a6d918201c031f5e70905c2044d
v381_synth_9a19fc2d_03,9a19fc2d,train,little_endian,&-),#,6d33b0c2c54cb51827f2a5994c81e1927c1ff624287800a3f8f5c7296fd35390
v381_synth_9a19fc2d_04,9a19fc2d,val,little_endian,&}-!,&/,b180a85d59475a9e35235971bbae0f1d05ea3e878dd7972545bfb8cfd81dfddc
v381_synth_9a19fc2d_05,9a19fc2d,train,little_endian,'+'#,}[,8fef30e1703404063d91cbfc1cfef8ae52ff24ac9a592cf86ef724242580d825
v381_synth_9a19fc2d_06,9a19fc2d,val,little_endian,[}->,[},47bf9c70bc6acb2d855324d275bcca2aaa1a90eef8b44dfafd105eb9f599178d
v381_synth_9a19fc2d_07,9a19fc2d,val,little_endian,>->,>,041dc78518694ca0f70f514134f1e77052efd8d0c84f4bcdc120f5fd0fd595ec
v381_synth_9a19fc2d_08,9a19fc2d,train,little_endian,&+!,[{,442b28da690424aced7c2d081315ebda16cb7dacfae781adb2660cd70d933307
v381_synth_9a19fc2d_09,9a19fc2d,train,little_endian,{-#,#,54574c31eea8aea2fd370a4cfaad5b1be0c94eabf119d7a972049b862efa49d0
v381_synth_9a19fc2d_10,9a19fc2d,val,little_endian,>+{,),a9e285167b9f4773b5ac05058a57378b461dcf9e0a2365db1da512ebd71afa59
v381_synth_9a19fc2d_11,9a19fc2d,val,little_endian,}-&,#,24ae57750496470bbeeaa3aff1435222992865be41972798f540c7f50b6f1a6d
v381_synth_9dae880f_00,9dae880f,val,little_endian,'}<,[$,9f71b4c7b5d81afc254ca46012cd93f8e7a6e891948709d7b5aa93786e169bd1
v381_synth_9dae880f_01,9dae880f,val,little_endian,"|"")[",[:,9ea7bb261411e18230c53e0a0da432502b64d718816e42e03d92af9d6f525ef6
v381_synth_9dae880f_02,9dae880f,val,little_endian,|}#$,#|,6fd9a1da9eec76d7b1962e0f96e948fc6c1a2d3cfa7756f08349e942df406ec4
v381_synth_9dae880f_03,9dae880f,train,little_endian,"'""|",),5fc503684edb05f58b9e10fbebfd955ad897964657f7c8b7f1ded3547aaa7282
v381_synth_9dae880f_04,9dae880f,val,little_endian,`>[',[<<,fc8e8d7950e0cafed298871f4f643c4978ada0400b03db4a626bbe26b16b094c
v381_synth_9dae880f_05,9dae880f,train,little_endian,|>`,\),c790ae97890631eb75a33d83df3ee5c3f7b510065f507ff9c33abe7c5b64f483
v381_synth_9dae880f_06,9dae880f,train,little_endian,[>#,#,7966367d2e9b00377fdf1ccdafc7557fcde7a39b77a58412b2e9886cad67aac9
v381_synth_9dae880f_07,9dae880f,train,little_endian,|}[,`,fd5bdd6c603995c8a4c94e9b6a347baf8f2fa0549d02b95c6565de30924d5ecd
v381_synth_9dae880f_08,9dae880f,train,little_endian,\>),[<,e22f80d2356f24f2b69dc1af345324582fb719b662b7aab7caf3a7ec2ecefe62
v381_synth_9dae880f_09,9dae880f,train,little_endian,<>'#,)'$,d105f5373d8673c2bbabae2951d1074e459ceb832618bc346f34055292796705
v381_synth_9dae880f_10,9dae880f,train,little_endian,"<"")",),33cfd05d82051ffb2064cf39910a9ea4d1ecb2e23673338f95eef5da464651e8
v381_synth_9dae880f_11,9dae880f,val,little_endian,)>|,[',3c6bc4a57b3641e49cc81e01302606cb467986ce1f29fe8d23c71481165e6c24
v381_synth_9f1ff166_00,9f1ff166,train,little_endian,'>*[},"'""?}",17365b5c7a6a9f4e9b127a31a45204cba12a32d6211ae167e78665d1787798c1
v381_synth_9f1ff166_01,9f1ff166,train,little_endian,>-/,>,792002bdd45bcb00952a0ca7ac46e7c9e8938d69c330c2d970b97d78fabae947
v381_synth_9f1ff166_02,9f1ff166,train,little_endian,"?-""",],8781740ce9aa2e7eebf2f3b28319f9694e2f9ec139f1a8660a9e4e390c20c986
v381_synth_9f1ff166_03,9f1ff166,val,little_endian,[*'?,'}',94e6ff3d8b7e24632cd441f70bf36aaf2d32004b6b5fd051c81ed6c97bb90ed4
v381_synth_9f1ff166_04,9f1ff166,train,little_endian,"/-""",},e310aff0889290e0dd0de8359b300a4345e2f31e7b042b539a377c06e88e7ce7
v381_synth_9f1ff166_05,9f1ff166,train,little_endian,"?*""",?,4c5e51f8d66dfd115e76e810e1078e41366b937485360095e41a68476d82c78a
v381_synth_9f1ff166_06,9f1ff166,train,little_endian,>[->,>/,4060a6917dc1880cd73072ee5a28b4633a6b27df83c29f70bc3f88939f58fac5
v381_synth_9f1ff166_07,9f1ff166,train,little_endian,"#-""",>,2665ec99ed7a5972a9f16adeef5d3b9d9dc098dac75aeed0873cfc51072af0d8
v381_synth_9f1ff166_08,9f1ff166,train,little_endian,?*>,'#,90f3cf8638af75b27cfc736d178fbd73b13fb4ac204c5b7ad518b73b69d4a620
v381_synth_9f1ff166_09,9f1ff166,train,little_endian,]/-#,]',0219425359b1d91b026b0885d7c51e2a971be39e6b34d0c441636600ee7441a1
v381_synth_9f1ff166_10,9f1ff166,val,little_endian,}-',>,ccfb93404767df240cf223c5d868bdd007e4ef4ded60172938f22f3faa928bed
v381_synth_9f1ff166_11,9f1ff166,train,little_endian,>-[,/,abf7e7742584534315f49ba9cb23133c8b409d42bcfb760f8a8da36ed6e2972b
v381_synth_a26065d4_00,a26065d4,train,little_endian,[|-`,@,d5fde86dc743f4b5ec4267d7f7b7511c7200556472a7053aad2b3371f261fdf6
v381_synth_a26065d4_01,a26065d4,val,little_endian,#+',@,a7843102a382dd5f0bdac9cd0d71fa10fa198ad0c910157993b2882d3b395c4f
v381_synth_a26065d4_02,a26065d4,train,little_endian,$-[,[,8aceae403cda3cd495eb8e5ddfe4f0bec0b912f074984fa06babf324fdfeb253
v381_synth_a26065d4_03,a26065d4,train,little_endian,@+|,$,8978087dcc794b0db63eb1c2f62a06433fb2a9bfba5b5184239116c33fed7160
v381_synth_a26065d4_04,a26065d4,train,little_endian,]+[|,[',63f2b9463bfed1ee43baddd3d40e3568fd6da7ba6a535105ffcd3cc27768845f
v381_synth_a26065d4_05,a26065d4,train,little_endian,<-$,<,033e7b38cb8f4528d7b314aa75d01d068319c35b3d28e9d1d67667a9d8756af7
v381_synth_a26065d4_06,a26065d4,train,little_endian,|<+|,|',90e1179d17ca058769d0d5e45097aec7a99dc4ed385d3f53e894e29cb870c9d8
v381_synth_a26065d4_07,a26065d4,val,little_endian,'<-|,',cb9c17bda1aa26686e21213f5baf23c224b2b835773022c5f3daa6c26c1e3314
v381_synth_a26065d4_08,a26065d4,train,little_endian,$@-<,',f8341e3daccf7e9e5e62ffa2795a6473876d4da4fe2892403f8972a407d1bddc
v381_synth_a26065d4_09,a26065d4,train,little_endian,@+[,],3f0006c3275387c921dc196a6c2cce7237b42a63f69fbc5a52634ecd6522d194
v381_synth_a26065d4_10,a26065d4,train,little_endian,|-|,|,5ec6b302c2d1243898fbfdb9b0c1558c4d7699f4b52af8580c924e03e8d4a392
v381_synth_a26065d4_11,a26065d4,train,little_endian,$&-&,&,f4a42c8264df2f2cf451016b9cb82daf6cdedc2172225737b3d0575bf7a3f0b3
v381_synth_a77be9fa_00,a77be9fa,train,arithmetic,[&\,^,fd540b0fdbb869d86f610a1c3d748624798f77ce7e3b93e036a6c377654cba76
v381_synth_a77be9fa_01,a77be9fa,val,arithmetic,"""!\","[""",9cf7d26a690dddd995304b5dc8f17e707721c9d30684a79d245ca85680458d80
v381_synth_a77be9fa_02,a77be9fa,train,arithmetic,[&^,},6c424497454937054db2bb1dfffe6661c4f909a9ce3b6c1fd1186e75cd53cd44
v381_synth_a77be9fa_03,a77be9fa,train,arithmetic,$\|},}(,892df7bc9c56810686fa845a23b6f0f914276c7c6d89e51369872c773d3cb5d0
v381_synth_a77be9fa_04,a77be9fa,train,arithmetic,$|{,\,666793611ef6b669d05bc966e9b876581cae50544d9ddc2b8dcf0cd27d91f23c
v381_synth_a77be9fa_05,a77be9fa,train,arithmetic,$}|\,$\,eae2158215fe825f92f2fbf4febf6a120be599e32bc578ba08fddf46ec6821ce
v381_synth_a77be9fa_06,a77be9fa,val,arithmetic,"""{|$^",}},62486cf069901b3307f91fee5bdf979f0785c50f8fcb0e591176c3ea72d25178
v381_synth_a77be9fa_07,a77be9fa,train,arithmetic,>&$,$,8136a3a59836b92dde73837a3b3515cc91fa23b2f705803658167704061d3436
v381_synth_a77be9fa_08,a77be9fa,train,arithmetic,"""$&$",[>>,750935a0d5b9e543b939e03c35c102ada1f1b2313cac7a24903f2ef78b036127
v381_synth_a77be9fa_09,a77be9fa,train,arithmetic,\|},\,4dfd272d4f07a0467e8bb7a0d762288b7822a3356745b5522c9e7c48042ea41a
v381_synth_a77be9fa_10,a77be9fa,train,arithmetic,[|\,[,168ae21b73ad6ed3cf6b5ac99b6bf9de8f78a2c2bc985049e3078527f1ebeec2
v381_synth_a77be9fa_11,a77be9fa,train,arithmetic,\:&\\,}(,9cec725e02266d9b717bb89af7427a86b4c46f3afab2b1fcc87555af5fd9ede8
v381_synth_a98d4d53_00,a98d4d53,train,mixed_concat,|-[,-:,d7a00840087a20615066633d0ac15b4d85e8342f6ab450245e70eccc100bad3f
v381_synth_a98d4d53_01,a98d4d53,train,mixed_concat,)-$,-#,4a1ed0daa928752806bc14c4217a120a8005b5229a8eb2027e6e6247d5fc8ac2
v381_synth_a98d4d53_02,a98d4d53,train,mixed_concat,!-$,-[,1f8b96115254f27f7d1ac6ee9a8ec309bf0b29ed7d28cd9bd5f9da22c5e50101
v381_synth_a98d4d53_03,a98d4d53,train,mixed_concat,:-),-),b6e4e1686b07f10e2becbb66ab0e6aee1f2600b32fdc39217a839f88da8c6173
v381_synth_a98d4d53_04,a98d4d53,train,mixed_concat,/-#,-:,e93e31540e40ccb9ad6f8e66d3bd9600b367447e2a67dc5bd085287b6dc05d23
v381_synth_a98d4d53_05,a98d4d53,train,mixed_concat,#-!,-[,8f23fbbb01ba79446cc215f48708d216bc2068beefafcd69651d97f9000e9849
v381_synth_a98d4d53_06,a98d4d53,train,mixed_concat,[-|,-:,adcf18694ed1d3ccd209919db0e4d3c597e3b1ae1037c353702971157a43dab3
v381_synth_a98d4d53_07,a98d4d53,train,mixed_concat,$:+:,$::,b1989dfa4ae67cf1701ddbb5c932808395732dc1b97169d19883e7da6ef75088
v381_synth_a98d4d53_08,a98d4d53,train,mixed_concat,#*/,)[,e77ec21852bf841de2e0ca30ce36137355e3d33b59cf22f5debb2166c061a6d2
v381_synth_a98d4d53_09,a98d4d53,train,mixed_concat,/-:,-[,5a09e92003b10dfde2cc01fad2492f6fa8cc2a4f4eb154be7c8d0484e5683cc4
v381_synth_a98d4d53_10,a98d4d53,train,mixed_concat,[#*[,[#,afa94bbf774ee682a04ec7581d0f6856beb84c9ac6b7f3e3a1c5c70e85412697
v381_synth_a98d4d53_11,a98d4d53,val,mixed_concat,$+[,$[,ce12f4b512cc33ce1326416286488934311f330219cde625ec9658d59e8313a3
v381_synth_b0206bb7_00,b0206bb7,train,little_endian,{-$,-},ee0b8feda9258b50e966cc721f93989e1db4373e57a3f41883b9ea1f474290c1
v381_synth_b0206bb7_01,b0206bb7,train,little_endian,/*]&,{/,c7fbe7475ad5c792901fab4397ac87908a8a18ced9013d67b851dbcae204e96c
v381_synth_b0206bb7_02,b0206bb7,val,little_endian,/-},-#,0ef966b7ea4297318719aaad627ba8050a9b95244334e2509615ea599a23a701
v381_synth_b0206bb7_03,b0206bb7,train,little_endian,#-{,-#,ce8599bf4e9bde017fc9b98fd543f7c6d5f29160869ecc402078bebbddc146c3
v381_synth_b0206bb7_04,b0206bb7,train,little_endian,##*!/,#]}/,74bcf4225bc5f5c8379c4864e5316304a47a7e2e79cee8f7c06beb43303a40cf
v381_synth_b0206bb7_05,b0206bb7,train,little_endian,/+},@,1cf201f265f7be6b2c9c39b7a179e1eccc5bf3fe66fd536ce05b540deec11efe
v381_synth_b0206bb7_06,b0206bb7,val,little_endian,]+&,&,ba09f94f1fe7701724b0c5a28462d10c182d69164db801fe5dc56ff2431ef1c4
v381_synth_b0206bb7_07,b0206bb7,train,little_endian,@*#,@,e98952c4ab96c2e12103fb9fa8d4461ccaab6f4397151d9588743992e114cd47
v381_synth_b0206bb7_08,b0206bb7,val,little_endian,/-!),-!/,fd2821704fc5ff6c0405129349748c91780c2f0903d1cc1e5682dec493fbd341
v381_synth_b0206bb7_09,b0206bb7,val,little_endian,&*],],897c3a98df630adc922562cca9b3f673518b265fbcd12c032abc7f38ef15e95f
v381_synth_b0206bb7_10,b0206bb7,train,little_endian,@-/,-},61ad331b0339f7b2d14608f4366a567e90e9b5ce99f3d07f2f61ae5446dada8d
v381_synth_b0206bb7_11,b0206bb7,train,little_endian,#-#,],b6f09ed4dcfd2c1a4488f5e0ced22bc07d0f25332878a398708c0cb14f600cbb
v381_synth_b4b73143_00,b4b73143,train,little_endian,:!*{,[>,864829b08eccba1ae71a27b1ca0d5b9b144eb7b979f2833e97591c577b6baf90
v381_synth_b4b73143_01,b4b73143,val,little_endian,?%{,\>,0a2d53f0bf624305345df830e3b2a00e315aeef36f008dd8d3c5534c958833d5
v381_synth_b4b73143_02,b4b73143,train,little_endian,/*!,?,bd0d3f8bbcef820a22b7721daa7e6b795ad6f49255a596d3a9caf8bdb31f02a3
v381_synth_b4b73143_03,b4b73143,train,little_endian,!%!,\,7201466bb11037b54ff9ab9315866d6af0766d71fa45bfd995be481906e22a21
v381_synth_b4b73143_04,b4b73143,train,little_endian,/*#,\,60f7680540ad08bdee25defd03b8f9a3f59465a7362a96d9913cac0365ac3cae
v381_synth_b4b73143_05,b4b73143,train,little_endian,?*!,[,02052dee3c9099a89f2e831bc42d72d73c4044db9884da85a9811771a80c9d86
v381_synth_b4b73143_06,b4b73143,val,little_endian,?*/,{,64e2d2961af2d3f4765107a634dfcc9d531174b6e4489ec0daab96cf58383091
v381_synth_b4b73143_07,b4b73143,train,little_endian,:%!,#!,dbcbf3bae94b33293c4236d64b008c0c3c8a2e63bc28d152b618d3e3d5eb1a04
v381_synth_b4b73143_08,b4b73143,train,little_endian,>*:,:,2d6145f11fdd564c9a82731c2ce947902aef13fdb4d4b58a01b54b8ebaf4e71e
v381_synth_b4b73143_09,b4b73143,train,little_endian,#*>,#,70b5aed6de441703a18a6b5eaf76df4b7514518c7a8e9cfc7261f0a38ce3b2be
v381_synth_b4b73143_10,b4b73143,val,little_endian,[#*[,[{,0a2389dc9a55d642393c8baa4dc9d1fd145f1604b973ae3b276c2bb2dbb997b5
v381_synth_b4b73143_11,b4b73143,train,little_endian,/%#,/,7988fe58972f329f6d399955ac63bc424d9870a3efbe1190f323e56b367c310c
v381_synth_b9f1d959_00,b9f1d959,train,little_endian,{[+\,{`,3a5e8715a08716cb4bdd1936ebd2a9c995c4a1e81f8928ec8c0c19f02ba74590
v381_synth_b9f1d959_01,b9f1d959,train,little_endian,$\-{,:>,076d104d6fc197a95db103ba8ee0c1e04123fa07af617571a6b1e573c39d1630
v381_synth_b9f1d959_02,b9f1d959,train,little_endian,\-&,\,49b732dab6e3010ceab84e4bb1e59a724769534e652958272481ceb9ecbafbe8
v381_synth_b9f1d959_03,b9f1d959,train,little_endian,"""-`",:,ada97bb232948edc2fada32b516a052e088d19fb489f255233dbe08ba4b1960f
v381_synth_b9f1d959_04,b9f1d959,train,little_endian,$->,`,cb6e5a0777b9b9fff3f7bf0a04e0f3f36450f06d7f9b144f0c3dc1f5481d4108
v381_synth_b9f1d959_05,b9f1d959,train,little_endian,:\+`,:(,891a6ff401a5eef1ec9040183a562663c76ace3f98ebc8d841909f5b481fb5fd
v381_synth_b9f1d959_06,b9f1d959,val,little_endian,>-$,-`,2eb5d1b4b137e454c6ca3532a489ec80ec3d6876d1745149c746e1d0425f660f
v381_synth_b9f1d959_07,b9f1d959,train,little_endian,"""-(>",->(,9d8d7e2cc1fb887103e7930621c06ce44b1a275c0b58154282c39e8530183163
v381_synth_b9f1d959_08,b9f1d959,train,little_endian,`[-:,\(,cafd9b5119924947068be478958d6ca0aa4144d6b8f2cabf7a7be674cf4d0247
v381_synth_b9f1d959_09,b9f1d959,train,little_endian,"`+""",[\,69f655c136a4f1327e4758b9ea8609cc5fbde59740a76b52ae6891924d527540
v381_synth_b9f1d959_10,b9f1d959,train,little_endian,`-$,->,87ec9a82ee207b93ad9433fba275d7986671b971c220cbcf1bf7f01e86238399
v381_synth_b9f1d959_11,b9f1d959,train,little_endian,"[-{""",-{{,4f4a166af52aed360da57b0bca663ed766408b4feee2c74a58cb477f05ad5374
v381_synth_c24074a8_00,c24074a8,val,arithmetic,}>},<,d96068ea22e8e6094a29f8c115e2b0416008c843cb4c8a44cf024a2ea5c019e4
v381_synth_c24074a8_01,c24074a8,train,arithmetic,(#/,),2f21bcc989512de107c6f0d4c53836b8ea7ad5ef96d382b249002ce9ef3ab75b
v381_synth_c24074a8_02,c24074a8,train,arithmetic,/<`],/],48f3ae74e002a954746f46c9d1d6f36b787a67ab26038505664d6b3720aa6f93
v381_synth_c24074a8_03,c24074a8,train,arithmetic,&`},(,792e5b4961efd08b43b2354905b84051e10b00ba83b91a4a55f97b05e4d99636
v381_synth_c24074a8_04,c24074a8,train,arithmetic,<#%,-%,99694335910cd80508a1323f2323da42c07fc8896c8b332fd1b0deaeef6728df
v381_synth_c24074a8_05,c24074a8,val,arithmetic,}#|,-],fb0cfa810aeac687ca12ef4400f4abbfaaa9287a0027dfa3744932f369a9ae9f
v381_synth_c24074a8_06,c24074a8,val,arithmetic,?&`?,)/,a9ae6528c7fb0f1e6f7089815eef0ecbb1e1f4b23c7fcc2444df77f65b115426
v381_synth_c24074a8_07,c24074a8,train,arithmetic,}`<,},71e00b17d6e047fc0159d1f7496923a23ba6969c24b1dd2a482180e6d29a8195
v381_synth_c24074a8_08,c24074a8,val,arithmetic,%`],}/,11a48f05f5c26b197ba7b8c58e9d357fd38f759034fe17378aebd3ef28f9918d
v381_synth_c24074a8_09,c24074a8,train,arithmetic,)`(,}|,8d952c96c115c2a6983e2a731584432cbc2c7e7e2d681c64d49aa0068d243318
v381_synth_c24074a8_10,c24074a8,train,arithmetic,&`),}],9b983938d7f672fd0282231ca2be99691dc7176b76caf2c0bb7c05bda2c802c9
v381_synth_c24074a8_11,c24074a8,train,arithmetic,?>/,%,4067d8abb171b901d0d3fd08e1040baf063e8152ab8ac064ff8f6085d37a9b98
v381_synth_c43b5a13_00,c43b5a13,train,arithmetic,:-$,<,c4143112c9168f77ebe7f6f3ffc1a44d2d26b6f809da25965f7872dbea5fd9f8
v381_synth_c43b5a13_01,c43b5a13,train,arithmetic,|-<,/,0ccdc1b005f972094e0114a85b5d0805c4a2a667d8e986f864e0b95808fc4d82
v381_synth_c43b5a13_02,c43b5a13,train,arithmetic,$+:,),1355e8159598c813e28212396d86563bff2319fd6907a9d159b25705217e099c
v381_synth_c43b5a13_03,c43b5a13,val,arithmetic,{-/,$,d80e6f95e92d21c1f3bad5f0a67729270e0da97783fc07a85e61da18aa22587b
v381_synth_c43b5a13_04,c43b5a13,train,arithmetic,{-&,/,86d110abb101218c56d8394cd64b8496d03ab74d2c2fcc57128a86450b99d519
v381_synth_c43b5a13_05,c43b5a13,train,arithmetic,/&-(,/&,c41e844e5b9db47f1a82ce05ec9f35a493f12dc05883ccb49acf3d77645f62b8
v381_synth_c43b5a13_06,c43b5a13,val,arithmetic,$+&,:{,a3354a82cd105aee1e67999481bdba58a021fc9dd73e38734f4e49997680d020
v381_synth_c43b5a13_07,c43b5a13,train,arithmetic,:+$,),2f6bd6fb4340af29598d46fb1b10d48cd0a592a42fdac2624a3612bf292392f5
v381_synth_c43b5a13_08,c43b5a13,train,arithmetic,)-)|,)$,270849dfb8e3b7f4bc0a185f5eb66ec926d881fd3f51c83995b445b7960b6a60
v381_synth_c43b5a13_09,c43b5a13,train,arithmetic,<+/,|,64b1f77ce45c0b1a2148ddcbae2311e6f1a73f9536b465443623588dab49194f
v381_synth_c43b5a13_10,c43b5a13,train,arithmetic,/-&,{,7433ca97cc1a064e910f0bf870d769dfe066401943ec72665a169e66d218fe86
v381_synth_c43b5a13_11,c43b5a13,train,arithmetic,(+&:,&:,d018eff8a92b95dfe38acc6f3cd974be5b336406c45f9768ff8a72e820661384
v381_synth_c7aae192_00,c7aae192,train,arithmetic,"}-""",},a96a5f7af3a56a1bce858741a774fed75520b6e770298cbb944c63a91411c759
v381_synth_c7aae192_01,c7aae192,train,arithmetic,"(""+`",((,bc0aab590a36e17c335f7f100b82b670fd4919e3cb54dd717d749532db5f1f99
v381_synth_c7aae192_02,c7aae192,train,arithmetic,"{*""","""",000e2b5e890aa5db2415afc550d1581add6c0b45093ec489dd8bb545dc0c9498
v381_synth_c7aae192_03,c7aae192,train,arithmetic,}+(,#,c6f6eb0dacd8e3372d0cdb0f302f66d5d489b91b64a4260dba6ebc1a69508488
v381_synth_c7aae192_04,c7aae192,train,arithmetic,}+>,(,3cd81696bfa306db8aaaea1918f9d4a3b39aabd154daac49cb744564f926120d
v381_synth_c7aae192_05,c7aae192,train,arithmetic,{*{,{,019429b48205d0998f3011875ee543c25bec4fb47d19f866c440776bdf6dadd5
v381_synth_c7aae192_06,c7aae192,val,arithmetic,{-},{,5ec5cd9c3d3b631d32fa4b48b86d819a85e5c01b8ea304db8b8a0790869d3d44
v381_synth_c7aae192_07,c7aae192,train,arithmetic,{*`,`,90f28f3da2685b88af1293c65711dfe4e2f7c541e250ea3046222df2a71c3a43
v381_synth_c7aae192_08,c7aae192,train,arithmetic,"""*>",}(,feb88c0f11cf0292731857225723a620197805a1231c2608ac0632146c852fcf
v381_synth_c7aae192_09,c7aae192,train,arithmetic,##-},#>,37e7abe1da3432e345f434e5c640b9ab54f02455459e01f6aede50be325d3cac
v381_synth_c7aae192_10,c7aae192,train,arithmetic,"""-{",\,9c7996edaef9f60d1e50ad4b345327ae5f5dd9bbd6fbca9f5746606b5abe78d7
v381_synth_c7aae192_11,c7aae192,train,arithmetic,>+\,#,36d9ebe63c868857e681bf8709a7f7125ef6aadbce0594a34d663100e415aba9
v381_synth_ca5db1c0_00,ca5db1c0,train,little_endian,?-@%,@%,01d1e40212eaf55535e77c08a4e10d8f42835c9ebe983600e0049bf386489e4d
v381_synth_ca5db1c0_01,ca5db1c0,train,little_endian,"^*""",|),54baf4ea1f11d46237f876d457f317bf6d4927b89df2e060835bdbb4a96eab80
v381_synth_ca5db1c0_02,ca5db1c0,val,little_endian,)`-`,)?,7de305f0bdde37c4927b4d5b87f066b5a845aed705a4120d6efdcb18f824046d
v381_synth_ca5db1c0_03,ca5db1c0,train,little_endian,^*|,")""",00a635ae61f335adde7d08819f88a278bfd2c40224bd2e0204559880bb2e58c9
v381_synth_ca5db1c0_04,ca5db1c0,val,little_endian,")*""",^,788a6012395ce15a7c7180ec2a5d84745b4b8cdc10af11f1bdf77143c6b54e09
v381_synth_ca5db1c0_05,ca5db1c0,train,little_endian,%-%,?,a5589b3b86f85def65f7d4a432ff6eafb3338e653e1c20b3f8d77b3b623d1957
v381_synth_ca5db1c0_06,ca5db1c0,train,little_endian,(*),@?,45982e2f09aa0332871f5608f5671a0cf94225b4bbd9273bab7d970c10ba4722
v381_synth_ca5db1c0_07,ca5db1c0,train,little_endian,?*`,?,c1d10ede70d864df67c006f925245625c466e61d9f3ecc49db26a509e77dcb53
v381_synth_ca5db1c0_08,ca5db1c0,train,little_endian,@*%,%,c1b34e2554767c7d4e104ec4748ee32ad3041696bbc2c604a28ddb25961db770
v381_synth_ca5db1c0_09,ca5db1c0,train,little_endian,@*`%,`%,7d2c6b5dcc6eb60f205b140a8e303d1730e11380a093ada00c1502a7461c9eab
v381_synth_ca5db1c0_10,ca5db1c0,train,little_endian,(-|,),e0d0881fe60eb2f90b17f2974775ac1f84351fefc1888c0bb6592b07d845ba66
v381_synth_ca5db1c0_11,ca5db1c0,train,little_endian,)(*',@'(,153c9f68aea66203d815956c2aea03cebef6b269da7f5d9c03ff6731a5902a0e
v381_synth_cdec898a_00,cdec898a,train,little_endian,]-%,>,c3223e1b5e4029850933707e6c1740d6d69ea689238aee4ca61c665285f98f41
v381_synth_cdec898a_01,cdec898a,train,little_endian,`+]],}/,c4610e41d29c090ad1adb5fede7fa54ead945ca86766698c856720d6d1bfcc1b
v381_synth_cdec898a_02,cdec898a,train,little_endian,>-],-%,9d1534b2a1f6700d0c7a2a9ef70264fd7b8e329eca9de082d6a05aa6d71f7657
v381_synth_cdec898a_03,cdec898a,train,little_endian,>-}/,-]),a73ce37a006cb04123c7c33d0ec56a2b4c39c61d92a970166c2f1bb30f3353f4
v381_synth_cdec898a_04,cdec898a,val,little_endian,}+<`,)%,4b429588daf2df6c0dbf9066ce53e36fbea17075b575a2b4e2893b657263b718
v381_synth_cdec898a_05,cdec898a,train,little_endian,>-},-`,b23488f1603614f654496c3cbcf5ac29dd10c1f215a249dcbdc20c1212151526
v381_synth_cdec898a_06,cdec898a,val,little_endian,?->,/,e90337fcb03a53b9514330b6e546f004571342e863ad98830195b82a14148c46
v381_synth_cdec898a_07,cdec898a,train,little_endian,//-?,<,0f7a16b77b1f05d82871b17086a0498251cfb0070779763a7e73dcf892a6aff1
v381_synth_cdec898a_08,cdec898a,train,little_endian,>]+?,?),3c86e66d4449eb2efd38faa08611c427586856f3857de991e47f80b209a96b10
v381_synth_cdec898a_09,cdec898a,train,little_endian,`%+%,`<,556e9efb35c15fa78ab33b3540263df0f9cc0efecb3d459418dcf640fbc4dacf
v381_synth_cdec898a_10,cdec898a,val,little_endian,>-),/,d04e1fac4c43943fb3c5c64a44c1d7decd4b495762379e19027780ee9bd115ff
v381_synth_cdec898a_11,cdec898a,train,little_endian,/+)%,)`,55f9d9ba4fecbd59c9c449f19b703696780f1441e34e50017292e5c6fc02fb61
v381_synth_cf4c04c0_00,cf4c04c0,train,little_endian,(*/,/,2754af2dce14e7fea752e7f33916b84d3ee16d7f3d3548a510f0c0304ee0b5ce
v381_synth_cf4c04c0_01,cf4c04c0,train,little_endian,|/-[,:$,12e5c384be3aee8af6b825f08f897575b8c363ed2e9cd2dfaadb780e87ce7a12
v381_synth_cf4c04c0_02,cf4c04c0,train,little_endian,(-',@,ef8dcd14a3aa98942f96d3ed37d3302fdc6c7832f94717d19d54407a866da124
v381_synth_cf4c04c0_03,cf4c04c0,train,little_endian,|-[,(,7887702f506a7849961ddb64cf06f8b168fb96b24cb867f50491261718157dd9
v381_synth_cf4c04c0_04,cf4c04c0,train,little_endian,[-',-[,923bd1d050a81a30a9d5ff318f03dbcf304f0acf1555b5d82dca86e8d2485371
v381_synth_cf4c04c0_05,cf4c04c0,train,little_endian,:@-|,(',af4c2d449ac9c41e8e405628c291755752427e4955a85e52b9efaeb66ee6d69f
v381_synth_cf4c04c0_06,cf4c04c0,train,little_endian,|@-$$,-@|,6f3a9a5f6080d100722703288bd28d2f954f9fbeecabc390c641f49327cdeba0
v381_synth_cf4c04c0_07,cf4c04c0,train,little_endian,#*|,[@,cb0d9658343ec890db125cff6b04bfb5250cf183cee756150789e0fafee3ea5b
v381_synth_cf4c04c0_08,cf4c04c0,train,little_endian,/*{,/,954a6f9a4965870511090d2fc48ad9b1eeb8bb2006f675652fec9ab123dd0553
v381_synth_cf4c04c0_09,cf4c04c0,val,little_endian,@-',-#,c813513d5ec245c0334d3eb059f686d004a9315da173a12d06780b1baeb755c2
v381_synth_cf4c04c0_10,cf4c04c0,val,little_endian,[*(|,@@',53bf68f4398f16f1a8831436bf3503c0dbcde965660c5349bc7c06a99e14bc36
v381_synth_cf4c04c0_11,cf4c04c0,train,little_endian,$*(|,'(:,b119e1ebaac7f0e0f52d6e2abcde926f9f5f2cea350af86a8d90f113ce84f17c
v381_synth_d0e1010b_00,d0e1010b,train,arithmetic,&+%,#,b5e65e9c17cd9171a07347e574cd6d7ad59cb43141b25488259d995b572667ec
v381_synth_d0e1010b_01,d0e1010b,train,arithmetic,|*^,$,ab58cdbc743185a9b03674a1f0288ba259fc17471207baf04874f351ca57cd2f
v381_synth_d0e1010b_02,d0e1010b,train,arithmetic,^+^,&,f05dc41b80ad12605261882553f0365dd2decdc8faf65cb1d75da962a1116b69
v381_synth_d0e1010b_03,d0e1010b,train,arithmetic,#*#,$%,331fbfa82c5cffc6789dd30f391f0d43d2f8eb140b4f0cf1ae31ede738990ff0
v381_synth_d0e1010b_04,d0e1010b,train,arithmetic,'*#,>|,bb46bd08bc8de8736fd1f6ec877ec6e393adf8fe2ad366707ae781c767db9373
v381_synth_d0e1010b_05,d0e1010b,train,arithmetic,'+%,!|,f176401236683a1cd24904e394cce7f90948ac3e3e724d3ba6745239e6a299d6
v381_synth_d0e1010b_06,d0e1010b,train,arithmetic,|+$%,$&,7b8abc78955d3a35e87cd00c909c845255a9851d433aecd5195bb2d96856d36c
v381_synth_d0e1010b_07,d0e1010b,train,arithmetic,!+|,|,a47f13465d1d4f79ccf8dfea258f93494284e1b2f0f180dc7fb6219ea3f2043e
v381_synth_d0e1010b_08,d0e1010b,train,arithmetic,>+%,!},0fed57b48ccb32eda1c55529899839f48cf722e33ab59a3b93462e397031a5b7
v381_synth_d0e1010b_09,d0e1010b,train,arithmetic,'+>,!&,a6de687d7b73a1b4c556e544194af9e2fa7b30c59d9b2ddd1f08cb49ea8f8597
v381_synth_d0e1010b_10,d0e1010b,train,arithmetic,'+>>,#&,a51160f9042783b65adf77df66b201c8a90b1abf628bc02504f91d63865ad475
v381_synth_d0e1010b_11,d0e1010b,train,arithmetic,!*',',b8fa9d7271472152e2f5a3647056b665296ba68bb45285957e9c3760122a1bee
v381_synth_d129b085_00,d129b085,train,little_endian,!+>,@,36202586fe993dac262cc2c04a6164e3f00422d3d9e36e886835002b8657f388
v381_synth_d129b085_01,d129b085,train,little_endian,@+<,$@,6d8dcc302f0b220522e7f61df8f821ed76251d6300155641745445bcb94a2c14
v381_synth_d129b085_02,d129b085,train,little_endian,\*>,],00e33b03d4c36549204a3deec1e639716c655d7ea4dd5383a120dede7c6e5339
v381_synth_d129b085_03,d129b085,train,little_endian,\+#,`,f4e56770bae38e19c0e72c72775884ed0243b0a19d366bd83aac5ab028d298b4
v381_synth_d129b085_04,d129b085,train,little_endian,@*`,\>,309f9dddc26e913b6983381818ac6eb3109ae8e61fa0af08bb621073a8e1b956
v381_synth_d129b085_05,d129b085,train,little_endian,]+#,"""",2a6aaf03e1cbe908a01644129df2debd73d1d55977784f53feede74114c1f591
v381_synth_d129b085_06,d129b085,train,little_endian,>+#,\,8ec0a04c1a3167c9a532d977d26fb6bd125a5904199ed88029613e4142a9e413
v381_synth_d129b085_07,d129b085,train,little_endian,<!*>`,>>@#,a7bee0cc95c7fb2f839425d3f897f339459f6b73ca0a3743ec30aaf4d05e986f
v381_synth_d129b085_08,d129b085,train,little_endian,@*<,""">",789f7225b468b60a132c95fc305f737f8cd90bfcd4ccb26755385b14c8380ac7
v381_synth_d129b085_09,d129b085,train,little_endian,\*`,$>,02602290b562008bf894c906d5dcee5ec795f2cead1012a20a72c390e559dc30
v381_synth_d129b085_10,d129b085,train,little_endian,!*>,$#,00056a60c878c4615df905bfa70a763c57308c4b6da3483ad9e05d6905bfeca8
v381_synth_d129b085_11,d129b085,train,little_endian,$*\>,\>,1435f389e23850fe490f7167e2f813722daa5c19165924f0e4d5fbb7553b02be
v381_synth_d29e19a4_00,d29e19a4,train,arithmetic,|$&,#>,6d4ad4dbadac26416e93cfb17374726a66f766f8d3ed15f5be49ef0e360ddbd4
v381_synth_d29e19a4_01,d29e19a4,train,arithmetic,&&$|,'>,9fc519602b15d5b3e3ace680864c450a358f089b798582866a1f85a9e8bce849
v381_synth_d29e19a4_02,d29e19a4,train,arithmetic,:$},?,a3a02db60915e7bffe2587c7ad7ffb7d7f748c7ff4ca5a4ed73ac2c8aa24f24e
v381_synth_d29e19a4_03,d29e19a4,train,arithmetic,|+\,}|,d67fd1e6db5dcd61327357c24072b6cc65de0d17dedf9a6404a6225a6f7ba8ec
v381_synth_d29e19a4_04,d29e19a4,val,arithmetic,|+\#,}||,2bc8589c2ae421601d972010061e025f8dbf42e3738755738b02aa500ce3d66b
v381_synth_d29e19a4_05,d29e19a4,train,arithmetic,#+?,?,44aaf3623a6efe0743dcdd10fe833542ecb3d41b65627cf607dd99bcaaffa03b
v381_synth_d29e19a4_06,d29e19a4,train,arithmetic,&+|,:^,4d21afa4dfaad0e5669f65d929d288a09d18903589ff136912463f73b6690812
v381_synth_d29e19a4_07,d29e19a4,train,arithmetic,|'$},&>,bcf108a5a0c22f3553bf57f172f4ec8bdecba5735961901527aa6653ec8315af
v381_synth_d29e19a4_08,d29e19a4,train,arithmetic,&$\,#&,df34fca590b69a6501c8dceeac0194478f62847af99fdffa55dbb6a0ab06b05f
v381_synth_d29e19a4_09,d29e19a4,train,arithmetic,?+#,?,15c6ae6a3ccdb8d04b303d14dce047b0580120255d597e15552e183365f285da
v381_synth_d29e19a4_10,d29e19a4,train,arithmetic,'$&,#},0543c932fc01a2c0ecf83568991168eb05ede253facfb371e0f5d1d283a31fb8
v381_synth_d29e19a4_11,d29e19a4,train,arithmetic,\$},#},fb0b13a6a753d19606ccf1c1f76235a00d4ebdc77e3af39ef1b1f0c718985664
v381_synth_d5a03a2e_00,d5a03a2e,val,arithmetic,/`@,@,d48bd23edffa61ba31f505e4e119b0c14b80069ad812979b68866cfb8d24705d
v381_synth_d5a03a2e_01,d5a03a2e,val,arithmetic,"&%`""%",?&!,ff6b6bd554f258fdb746e70ff568511d24df2299e3cf84cbd9de520f27a7ebae
v381_synth_d5a03a2e_02,d5a03a2e,val,arithmetic,"""`{",??,1cdaa030167e2b17de30694eee383b513d9f0a035bf41be6af52c88d44e67761
v381_synth_d5a03a2e_03,d5a03a2e,train,arithmetic,{`{,!,a250b7569cbc7512d6b1413d6f6d11bc8077a3c24b8a8fc948181a2769ddd272
v381_synth_d5a03a2e_04,d5a03a2e,train,arithmetic,&)>,>,d61dcd3acbc240b26588357258d9777e514d76b4009395d906d8a0a8b0f74192
v381_synth_d5a03a2e_05,d5a03a2e,train,arithmetic,"^>`""",&{,b1d33ea263dd3dbf90694c9564a9513374003ce228826dd68fe510940ed60fa0
v381_synth_d5a03a2e_06,d5a03a2e,train,arithmetic,{){,/,a0be2d9c6ff0a3ac2d0f6dceee48ea9eaa8e12ffea26176541f424a9aeddf85d
v381_synth_d5a03a2e_07,d5a03a2e,train,arithmetic,&)?,^,ebc991e9ddc68d763e6797b2e2f5e1ae1d48fb82fbf76df6ce25d5a5a05c6c2b
v381_synth_d5a03a2e_08,d5a03a2e,train,arithmetic,?)?!,?>,26c0a5c7b3cbf4419c11b669a02eb5cca4eba8a0cb704ed3fffe5544cd600356
v381_synth_d5a03a2e_09,d5a03a2e,train,arithmetic,^)@?,%&,eaba6e59fd2d82a5e1be77e6c6cf05e89a8413205952d6d6970e75c1d402c57f
v381_synth_d5a03a2e_10,d5a03a2e,train,arithmetic,!)?,>,7a29e90e2a619bd5c0174c8d93223f0cad98062f298a4771c64c75e01d3520df
v381_synth_d5a03a2e_11,d5a03a2e,train,arithmetic,@?`?,@{,0408538b5f2958c9962fa7fd88d5790c2ff5d936bd12f54b0b900913c29914a1
v381_synth_d911e8e1_00,d911e8e1,val,arithmetic,>)\,\,0d0de2ab4262c543d70916d0456eaa5d226fe9702f03df85739e189734a22640
v381_synth_d911e8e1_01,d911e8e1,train,arithmetic,')}\,}<,64b6622809ea74f73b2e7e9d2f423f8c7f0175a2f3eb8bfc1103d239c7f870b6
v381_synth_d911e8e1_02,d911e8e1,train,arithmetic,&(&,<#,4653d0c5637cc7600cfc79a348c01e92022fd7954605cd88deaa757480c08f75
v381_synth_d911e8e1_03,d911e8e1,val,arithmetic,#)':,'\,97b43213b807cbf3762d53e992883e991feef73ffe0cee3d8e88ddc33a387dbf
v381_synth_d911e8e1_04,d911e8e1,train,arithmetic,@(##,<&,58f1f0da1be2f1950da3d2444a497c8ab2555fe6342f4ddc0013db23fd40ba75
v381_synth_d911e8e1_05,d911e8e1,val,arithmetic,<$>,<,b26b15da98435f1b05441ff9cb4f84d922fd3107283b18f0c8eabf04f8d57fc1
v381_synth_d911e8e1_06,d911e8e1,train,arithmetic,&)#,::,4c185a3425f9ee10dbce930e37dbc2488eb6ca0c3b08b6e7490aa27a37ffe78e
v381_synth_d911e8e1_07,d911e8e1,train,arithmetic,:(\,@,c880821468a53c1ebc59fcc0bbff68ad57c1e6647fccfad9f7edb497e065a908
v381_synth_d911e8e1_08,d911e8e1,train,arithmetic,:<(#,"\""",fb440ae4003bd7838b0ba3ce89859e899687628c1863d2c2d7a0f6b3e9d06e6e
v381_synth_d911e8e1_09,d911e8e1,train,arithmetic,>(<,:,ddfca8785798603e4f1a07a55e8bc8e4b6f77239f7a5abacce094fe04efaaa09
v381_synth_d911e8e1_10,d911e8e1,val,arithmetic,"<$""",:,06eda2499ef86f342b31ca39dd5d78abbb4e91581552b42159a6f502af475dc9
v381_synth_d911e8e1_11,d911e8e1,train,arithmetic,}(#,:\,4044df345679ca16b32bc8f77565161ee70418535322566e216c0de3228064af
v381_synth_d98d85c0_00,d98d85c0,train,arithmetic,&-@,@,336ef1acc7d80c481bdab5ccd8a21995438f1b8b8930dfac1dc536d58e61118f
v381_synth_d98d85c0_01,d98d85c0,train,arithmetic,'+#,?,2b547ab5cf703f1d4665d5582546c5ff0969d2e1656cbfd3281441c789e62b73
v381_synth_d98d85c0_02,d98d85c0,val,arithmetic,|+&,&,7cfb3aac3cf33e105061b638f15ea89c422ed3657e9917475abdec6e7f2740dc
v381_synth_d98d85c0_03,d98d85c0,val,arithmetic,|+#,#,824b96fa795dc53c3d35f937c4de0e39e6a97b79628ce7d6872e09b2ed227d91
v381_synth_d98d85c0_04,d98d85c0,val,arithmetic,&+#&,&,65f12e2b1c62ed2285d8b361879391806e4ef4c165d6a04645e30e4aa4c0213f
v381_synth_d98d85c0_05,d98d85c0,train,arithmetic,(-(,&,778b630b489530452bd1cd86e9b47a5d3c1d090be7d074fa2fb9f25be8e05d95
v381_synth_d98d85c0_06,d98d85c0,train,arithmetic,@-#,>,6d67b9068429d371b9e418dfabba7dc980c3e000cbc0afc46b44ad71415c3e84
v381_synth_d98d85c0_07,d98d85c0,train,arithmetic,?+|,?,0a069fd4e53937d45ff746f24fac327e4bbf576cfbfa93888c27b3731976a474
v381_synth_d98d85c0_08,d98d85c0,train,arithmetic,&+',&,22c1266652b6bcc5a919137124530b95f4c86036bec323fc813adf09f9d7571b
v381_synth_d98d85c0_09,d98d85c0,train,arithmetic,|+&>,>,d0c1d20770f3dd4f21d2e117ef325f2d4bf2a233523d06aaf924407a1c71f3e7
v381_synth_d98d85c0_10,d98d85c0,val,arithmetic,'-&,',9819c9bb7d4ef74ea8abd91c32612deed5c006e545a09f85855f0ae4262d0342
v381_synth_d98d85c0_11,d98d85c0,train,arithmetic,(-|,?,2302a8fc7339047490b1578e49812a38959ccaf986fdf1d81612e93291822d6a
v381_synth_e3890bf7_00,e3890bf7,train,little_endian,#&*^#,]&]%,0cd47244e75006405b32a3df8ed89fc259a8f2c05c33c3185ad9d1bcfb02d546
v381_synth_e3890bf7_01,e3890bf7,train,little_endian,{?}%,(^,6029ccc56e1346335a11a8c81f6d4102744b5f74f08579a48af0f41d77ef2ebc
v381_synth_e3890bf7_02,e3890bf7,train,little_endian,{*@,{,7fb1c60a90b4f86d51ca23e33bc2f5b62ce64196a3985d7962747ecb0cfa0be1
v381_synth_e3890bf7_03,e3890bf7,train,little_endian,(*^,^,66d2333945fb6d892bdff683f12cfb07c41313cab70baab1dd9777abdebea882
v381_synth_e3890bf7_04,e3890bf7,train,little_endian,((}],(#,85ade0fa2f7e14a9d085ea243f9b2371873f7f0fe0367e0f28c657a6c1b87834
v381_synth_e3890bf7_05,e3890bf7,train,little_endian,{#*%,]@,3bf48ddfb7d8e9360b9cc8fef378dea00ca704b5719a8ca165cb1b60a162449e
v381_synth_e3890bf7_06,e3890bf7,train,little_endian,]*{,{,9058c0191b15e86058bd4ec607df926ca9384d7fcb0b6b6f075799ebb54600fe
v381_synth_e3890bf7_07,e3890bf7,train,little_endian,]}$,^,8783b729e4d6308cd009e508f4f4513aace599b5a0b44a5520dd1dd263f71ec0
v381_synth_e3890bf7_08,e3890bf7,train,little_endian,@*{,{,ed784d0d017f62a1231889a4d00137d7576a3977a4e6d6dfacf2305814439dca
v381_synth_e3890bf7_09,e3890bf7,train,little_endian,#*],&,b16d2566b2265efb519ffe76339780d2df43538dc7660569f281417a75c79917
v381_synth_e3890bf7_10,e3890bf7,train,little_endian,@}@,%,4a0b94d04d70efdb28d27009824efecf97b90750a94305d7ed7f42fa39f0f9b8
v381_synth_e3890bf7_11,e3890bf7,train,little_endian,#}#,&,d01b42161620175c58e45babc75981bcf25869e7e5efb52b3b899b87cda06074
v381_synth_e3bf0c2c_00,e3bf0c2c,train,arithmetic,&)`/,@`',62584014491ee6fcd3484327dbe51b9457a69cff5adfde019e396d9048a7b072
v381_synth_e3bf0c2c_01,e3bf0c2c,train,arithmetic,(}\,'[,498b2c222735993ed219626b663d466401b4e54aa54f20a25a748f78f987e564
v381_synth_e3bf0c2c_02,e3bf0c2c,val,arithmetic,@}(,'/,13b5cb4b0c2cfdbab56c7f5a4316d844988af21d350d47f782f1778984af96a0
v381_synth_e3bf0c2c_03,e3bf0c2c,val,arithmetic,^')``,"/""[`",1f08be0135cde3c9c5e2ab3b2b708ae4d8df6794319c43a15d88bb2c146e9ab9
v381_synth_e3bf0c2c_04,e3bf0c2c,train,arithmetic,()@,^@,e890b88834ec3caf56834a584428bfee525533c67709371ae363e833a1abdbb6
v381_synth_e3bf0c2c_05,e3bf0c2c,train,arithmetic,`)(,&\,5bfe76fb3335042775126bfc4995cd5b8e38b216c6ce3e6fe7f99222baf13b89
v381_synth_e3bf0c2c_06,e3bf0c2c,train,arithmetic,\`}\,\(,f49c6c41e4e75cb17e9f244dcf6ec2a6f69b09684a6a7575bcef7c914f82a947
v381_synth_e3bf0c2c_07,e3bf0c2c,train,arithmetic,\}@,"""",4819de9c0fcd6396758528cbd332ed20f5c7df3c9fd1bf4ce18e1dfadf90ea03
v381_synth_e3bf0c2c_08,e3bf0c2c,train,arithmetic,\)@(,''`,7813cd6d582fc1697a0a8193b70f7bd4d8f3cb0bf0d3b1017e212b9fc9fdd699
v381_synth_e3bf0c2c_09,e3bf0c2c,train,arithmetic,@)(,^@,d156b1fd8d5950fc2a079292a724f327480caf31d53f81464b18ae100309ad08
v381_synth_e3bf0c2c_10,e3bf0c2c,train,arithmetic,""")&",^\,305083969242898c4025aede4547a5fb0c7753200f48aa7ee3d74aa4f41c887c
v381_synth_e3bf0c2c_11,e3bf0c2c,train,arithmetic,\()\,@`,e2f8a68264d453c4c84cba2f0eddf9cd00e068de431ba0da9f6cfef3c7ebb87d
v381_synth_e3fbc768_00,e3fbc768,train,arithmetic,'/%(,){[,f6a46a7f6203e02eba1d6d9c7b688c40c03d33a6e44d9e11621b2d81ac259645
v381_synth_e3fbc768_01,e3fbc768,val,arithmetic,?{/:,)'^,b1c7ccc3f5fbba6ce3ac7fc34e161ea2747f7592eddcf368f9c453dfdafeb2f6
v381_synth_e3fbc768_02,e3fbc768,train,arithmetic,?:/!,{%{,822d1d7ac031e9a0d86b6418ab4b41f96efb966b78090e0bb70cef2615b3babc
v381_synth_e3fbc768_03,e3fbc768,val,arithmetic,[/?,[,d31cfeafa1ee39e21e4d6aaa5998c5bebc42008e4777296e19e3cb812aa6c534
v381_synth_e3fbc768_04,e3fbc768,train,arithmetic,?`),[,3cda5fdd13eeeb857200d8eb3d01f49d7ebfe42d33ba8c9d673af4630222bb05
v381_synth_e3fbc768_05,e3fbc768,train,arithmetic,^/[,[,a74a31fc43d03bcd20c6fd8807cd909051157a4d384b31d5a5d1f5a4ef5ceaeb
v381_synth_e3fbc768_06,e3fbc768,train,arithmetic,!/:,){,5795242780f35a650d80cc93a0786c7fe9e9907d7fe6d0ff9a670a0c259d1f44
v381_synth_e3fbc768_07,e3fbc768,train,arithmetic,:`(,:,4b9823b8094cae34fd60f4f6d0e41ea61b0ae0e0f58079d3263cf3ca876e9987
v381_synth_e3fbc768_08,e3fbc768,train,arithmetic,:`',:,56ec069247d797f2637839b7baab472307fafd9608c9d17d4fe85d6d1386dab0
v381_synth_e3fbc768_09,e3fbc768,train,arithmetic,)/(,^[,7b92176b336eec94a3be99da4ccf95da3801d878ed1f01e07606b3b32e941bb7
v381_synth_e3fbc768_10,e3fbc768,train,arithmetic,'`(,^,792e68ce98ba43bb03f010af0998b68c97c28edb4ae75eefc216dd5128165530
v381_synth_e3fbc768_11,e3fbc768,train,arithmetic,%^/[,[,826e19dd33a09769ea4d80f56cbb1d7b226d81f85ae2e48a0a83fd317f277a09
v381_synth_e582df31_00,e582df31,train,arithmetic,"""!@",]#,abaecee46eec53c80a0c9fc34c99847a85ca0a85c6b725c019264ab66aba4479
v381_synth_e582df31_01,e582df31,train,arithmetic,"""[}",:#,b9188d26bcd866705cb6629b07ae201729b9a74430385e3a6ffbd1992cab5aab
v381_synth_e582df31_02,e582df31,train,arithmetic,@?',@,f54e95a88d8d83194872238b403f5506bfb00393155c1744f39ab099c3afd1af
v381_synth_e582df31_03,e582df31,val,arithmetic,:/?@,:#,4fd7b01b6c9322e7c77ecd5e33d74fc48ce66b154ed6f5e29b061b4acf7fbebc
v381_synth_e582df31_04,e582df31,val,arithmetic,/!@,]^,e8c94f4d4e8f61672a67c9a708542b06eef467f25a601c7d9a11073f0a24c024
v381_synth_e582df31_05,e582df31,train,arithmetic,][},},b1b979675ba3c90d66b76da0ddbc47800d0b586ff6475f850c7f93ca2bb8758f
v381_synth_e582df31_06,e582df31,train,arithmetic,^:!#,^/,1a07118a56d879db0c3f38c2437ccb5122b644a6851de11e4ecb0324a9b30f7c
v381_synth_e582df31_07,e582df31,train,arithmetic,^[/,]:,70ff56612f79699a46f50a953398c2c8d5803b845b1e50f41f33dfee6672d32a
v381_synth_e582df31_08,e582df31,train,arithmetic,:?:,',4227171a68ad7f0745185a8806418a040c365a367f1b69a27222cafd6fbd7972
v381_synth_e582df31_09,e582df31,train,arithmetic,^?^^,-^',44b0719b438902ad53b028269c43777e6c26e2b269a53efd4001bc3cc5c4481f
v381_synth_e582df31_10,e582df31,train,arithmetic,^!/:,/},75d6c385dca345af8719f5ada83061b495f1e0035cb46b6b3a54ea8deae6c8f0
v381_synth_e582df31_11,e582df31,train,arithmetic,':?},-],d784043283d9698be347578f86b238afce16ac1007e1cd98c7f82ee9ee8dfa73
v381_synth_eb1a62f7_00,eb1a62f7,val,little_endian,?-(,@,64cda3072aba1e667fd4473b1860d5f5c0de0f1f9e507c6d4af00c41e0184b5a
v381_synth_eb1a62f7_01,eb1a62f7,val,little_endian,>-(,(,7c2f9c8e5ecfa39eed1dc4211f3da8c73e3af9bd02c315efb56aa79df19fc0d8
v381_synth_eb1a62f7_02,eb1a62f7,val,little_endian,^}-%},-}>,28f4124834168353cbaec19f8722248b6184b343b39ed7f84ec72f4deb8736b4
v381_synth_eb1a62f7_03,eb1a62f7,train,little_endian,?*@>,{>>,e1471ef14f9dd7b4a7a727364ff9fc07d893e15abbc910f4d618ca13d16a02b9
v381_synth_eb1a62f7_04,eb1a62f7,train,little_endian,?*@,{>,b3356d6faafaaad3232923659d9ade2c41d3d5cfeeb29f12ac78c1479bbc4603
v381_synth_eb1a62f7_05,eb1a62f7,val,little_endian,(%+!{,{{(,ef3ab3326e606a1e3d6256a9ffdf0ba663b35d9e6f6b1b436bcc1560af08501b
v381_synth_eb1a62f7_06,eb1a62f7,val,little_endian,^+^{,{>>,29f376ca9bb732e373a95ccf869d59419f59aa45f0dd0eb763dce0e1854ec4c5
v381_synth_eb1a62f7_07,eb1a62f7,val,little_endian,{+>,{,e004a41b3347bb47c5f174fdc9650161b6333e6c8a6e92cbbab68b273400c4f8
v381_synth_eb1a62f7_08,eb1a62f7,train,little_endian,^*{,^,4f61070f6aca67bdb4924f85240b2f6ab3601491719b2dbe9406d7e0d938384a
v381_synth_eb1a62f7_09,eb1a62f7,train,little_endian,@+!,^,b40de144b8190f5b52d1b94990cae8d584737ee43addebb3231ae6505cbd26c7
v381_synth_eb1a62f7_10,eb1a62f7,train,little_endian,!+{,@,06cc13ced8856bf4c597b70713e8f70c3278cbb76bf86e7c0c5721c4cf1a5c41
v381_synth_eb1a62f7_11,eb1a62f7,train,little_endian,!*{,!,a2628303b96486762d16d32a55ad2284ce309d0e13c1a34a98dfa5470b745da7
v381_synth_ec8b4875_00,ec8b4875,train,little_endian,:*<,!],3b3d59b41aa1666018e40c808085a638ad296391ae995401b40058c6ad8c8971
v381_synth_ec8b4875_01,ec8b4875,train,little_endian,"""*@",@,bd25a4848f4d33d35fecfc1948f5f1c17ebc72f9c24cd758acc2b346a5edd303
v381_synth_ec8b4875_02,ec8b4875,val,little_endian,"]:*""",]:,3d6901d4b768f7c340d9a2eb6455c7e411d95a414476a01bf743758ba47e947e
v381_synth_ec8b4875_03,ec8b4875,train,little_endian,"""-<",-?,75326ca0dc0d39e104f7cac1f73aeb87b685616fea8b79a1dfc5d7d3b8f0c954
v381_synth_ec8b4875_04,ec8b4875,train,little_endian,<!-%,?@,9972b4e20db456bb87b7f6496a978b549b36705db574db8ecb9b633723d2fe52
v381_synth_ec8b4875_05,ec8b4875,val,little_endian,"""@-<",?,ba6ae7d4ceeb435c95a455b3f40a6202a995d8c9388ffd181392b43b2fe5ad5f
v381_synth_ec8b4875_06,ec8b4875,train,little_endian,?*?,@?,c3a6488743b57687feeac4cb2fa1e09106c754d2c3d9ab939d2d86af45bfb38b
v381_synth_ec8b4875_07,ec8b4875,train,little_endian,]-!,?,c627666e294c2c45b997f66e6fdde13b1354351d1b22c711dbb79037cf677851
v381_synth_ec8b4875_08,ec8b4875,train,little_endian,%*:,@?,e4f687ad35e6fc6aa4cd0e5e9009ac179235ea81f2e33182064ab74f88594a88
v381_synth_ec8b4875_09,ec8b4875,train,little_endian,"""-]""",-]|,07eb141ef99a085125cea226f2eb82d527c86ff40379c512a015b6b21ae55b34
v381_synth_ec8b4875_10,ec8b4875,train,little_endian,:*%,@?,5a0707b1613c017e1217999fe43a79813769efa6e9ecebcd54845118b8f3e4f7
v381_synth_ec8b4875_11,ec8b4875,train,little_endian,<-],"-""",83ab9ceb0d186a428ccdcd7f31b9493ddd904643b845bf0a58afd7b62e14595d
v381_synth_edf364da_00,edf364da,train,arithmetic,]]*{,]],13ecf7a65ee50b9bf78aa667a4552be09e89b94f9d35b26c6cc4a9b3543ec430
v381_synth_edf364da_01,edf364da,train,arithmetic,(*!,{[,ff75690a1016a473dbcb1b9cc459c840c9da5659e68346d5f589534fe1005f19
v381_synth_edf364da_02,edf364da,val,arithmetic,$+$,{{,b36b046029079951c619b01b2ee241886b46f2e5bc2757e9afcc59e5aef77485
v381_synth_edf364da_03,edf364da,val,arithmetic,{+!,%,a2659e6ca83bed8ecf372dadd47264af895adca43eb4c20a1291cb7318a62337
v381_synth_edf364da_04,edf364da,train,arithmetic,%*[,:!,0b583367996bcc4b352f10024419d22d1eb4567e70a5d0767d51b3029562d67c
v381_synth_edf364da_05,edf364da,val,arithmetic,!*$?,{{!,2f061cf8095d8604a871db8cd33f7d7158343efcc0d416329f5fde6d7b3af84d
v381_synth_edf364da_06,edf364da,val,arithmetic,!]*?,{?!,b1a70019f4479fd59578d2f7700ae6287b0f32b138c695d1b59bbea3be910998
v381_synth_edf364da_07,edf364da,train,arithmetic,[+!,{{,e9b42559e672a08b2351d9040ec877781d6abf55159ccf5703cc3979baf33e60
v381_synth_edf364da_08,edf364da,train,arithmetic,|*|,|,25bfd193dfbeae43131a19aa1554a2247715bdb1d1fa471faed6e4356d70e886
v381_synth_edf364da_09,edf364da,train,arithmetic,[[*{,[[,7b27d3b1a1e2761f325ca9d2800225a0c1c71bb1828eb07beb6ceef6619a4be4
v381_synth_edf364da_10,edf364da,train,arithmetic,%*{,%,ecd70c45bf779be6808f671af6a2c820cf5d6bef4c01f0a5d39c9099d8a1dc36
v381_synth_edf364da_11,edf364da,train,arithmetic,??*?,:(?,4ed343d18f1339dff6bbfc155d95744c4aa2157467094bbc2b4777874e892354
v381_synth_f7d26b8d_00,f7d26b8d,train,little_endian,%*%,\/,f408dbfa30e954cdc119bd316b9d11ba56519b799ee6f4dc0f62a28a1a7b100a
v381_synth_f7d26b8d_01,f7d26b8d,train,little_endian,[*/,}},1ad02e2c37ac96e340fa118b4a26d74ee9a2959c43ee60a532bc4e4837e39311
v381_synth_f7d26b8d_02,f7d26b8d,train,little_endian,%[*`,//@,d9abe4e40ccc0671e9e064619cc5105b3f76b66a807c3f7cce147a810995a953
v381_synth_f7d26b8d_03,f7d26b8d,train,little_endian,@/+`,]\,a26a2bd392f2f3946dd6e0a24beef6b0712c12081cf3501204ff82b1bdafd1bb
v381_synth_f7d26b8d_04,f7d26b8d,train,little_endian,`+`,@%,f209846fb5586254cb081db734f5d13d371b38a23c45c81eb2e3db9c39cc6d77
v381_synth_f7d26b8d_05,f7d26b8d,train,little_endian,`]*\,]}/,3b3e98ac2297ab108ab757981ff95d88818ee28f3cfc029a45ac74bc15b29178
v381_synth_f7d26b8d_06,f7d26b8d,train,little_endian,[*},\/,694761d70a9bfb93c9f0ca212ae4ebabeee6fa7f34855ee9b78ee1ff12e527fb
v381_synth_f7d26b8d_07,f7d26b8d,train,little_endian,%-[,-\,98d747a1fb37777ed5df5d2deb8bded83432255a434b4b273379b1da1229aab0
v381_synth_f7d26b8d_08,f7d26b8d,train,little_endian,]$*%],@%$\,cf9a14028ac427944bca93a3fc1160109faae36f8dbc562f01127494a79faf22
v381_synth_f7d26b8d_09,f7d26b8d,train,little_endian,@*[[,[`,08a80b134bd233c209abe91b9a4cc3be4fcfdedf5e38ed74f2f68eec532c2c15
v381_synth_f7d26b8d_10,f7d26b8d,train,little_endian,\}*},@\/,c83f8e142d307401459250a4a705e17f71d91c3a4f824d416533f1e89cd8adb2
v381_synth_f7d26b8d_11,f7d26b8d,train,little_endian,\*`,]\,680507ccb0b5f2e7dccc7e88449c44b845a1b24cf2e5e41093e84f27b9349c86
v381_synth_f9a33aa1_00,f9a33aa1,val,arithmetic,@'`,-},5d36e1a65f00d775963c6593ceeab562c6714caee10d69f3302090b63c712c37
v381_synth_f9a33aa1_01,f9a33aa1,train,arithmetic,}\%,},edc33e993489f54987e28db1d0bea8a317121b67e774ebee944df0a1ab1f7b9d
v381_synth_f9a33aa1_02,f9a33aa1,val,arithmetic,$'/,-},7b1d84f233102a7536f9f75187be5d25a39bd904207af95fc54bb8dc306a5744
v381_synth_f9a33aa1_03,f9a33aa1,train,arithmetic,}(\},/$#,1a056e4c164f9b4611ea3bc3dbe614e4aa2f6830d58e84cc0f75ab44c1a53b9f
v381_synth_f9a33aa1_04,f9a33aa1,train,arithmetic,/'%,-%,a3fd1bcd542216bbf0fc2adc25c7ecb6f304bde089943c8e217b70399de0120a
v381_synth_f9a33aa1_05,f9a33aa1,val,arithmetic,(\(,%&,b8d239edaca5d885845472eda471ff6c2e1d9a120b6042662b30fb77c3c59702
v381_synth_f9a33aa1_06,f9a33aa1,train,arithmetic,#'#,#,1cec4458e019ff20625ce31bc2bd804b9c19dd036af2bb99b5a2f467cc193400
v381_synth_f9a33aa1_07,f9a33aa1,val,arithmetic,#\#,#,ba344134cb4f6f091fbee2397c655b481e0d3d884e01bca43390cb4b0d7a2301
v381_synth_f9a33aa1_08,f9a33aa1,train,arithmetic,$\`,}&,68b0340cf6ec3cbc85d7254130fd68ba22fada555acb6712c1c2fa5aeea1dc47
v381_synth_f9a33aa1_09,f9a33aa1,train,arithmetic,}'},#,88ee6aa50a42cfbc17bb6489469227c0f79f6263719600b2d5db00f1500341c6
v381_synth_f9a33aa1_10,f9a33aa1,train,arithmetic,%'@,-/,cdd21c58f8fa19358c4e18f7cfb03afb55bdd029d3ef36c31951afaf0be93cdb
v381_synth_f9a33aa1_11,f9a33aa1,train,arithmetic,#'},-},1f6d1d3a99260354070959e6da8bd6edd61b821c328730dccff3c020cf6beaa3
v381_synth_fdbdf50c_00,fdbdf50c,val,little_endian,|}\,?,a66dc766953085f5195676100d6acfc32f2630cffb11289a78bc1ab91e3eae21
v381_synth_fdbdf50c_01,fdbdf50c,train,little_endian,"""(<","^""",02aaa8f09c70ebd711bd375bf1171d6917a2d15c2c1b8eab75470607daf8a02e
v381_synth_fdbdf50c_02,fdbdf50c,train,little_endian,<-'],-<?,ee2c179dc38ff957b47fa638758c86cd1e01c3075191344eb45ef04d99a06498
v381_synth_fdbdf50c_03,fdbdf50c,val,little_endian,"?(""",^<,903adcb5f4b9bfe10b057b9c6d1e5ef815b061b4b5a298d649fa5993fc9494de
v381_synth_fdbdf50c_04,fdbdf50c,train,little_endian,%(|,%,7c74a63804a8d5c26d8eb8024da91a37809f070a8c6bf2ef0c6818f62d939486
v381_synth_fdbdf50c_05,fdbdf50c,train,little_endian,%-',-',c96be773a25964d13bf6cca04840e7b370e9828cb8853812c3404967b9d8501d
v381_synth_fdbdf50c_06,fdbdf50c,val,little_endian,)}?,^',5877dbd9de7e5f47442b65b5f2feceaffaf6c7e1b03178e14de6d732a3b29820
v381_synth_fdbdf50c_07,fdbdf50c,val,little_endian,<(?,]?,84f02dc3ce1ddc0a797b5f221f03d8fd308258f976eeb92289929d4d3eb17ae6
v381_synth_fdbdf50c_08,fdbdf50c,train,little_endian,]}?,"^""",101c49a3976be1f6d21a375cf1cea4eff63b5ace0aed5ea4419939164bfd7d54
v381_synth_fdbdf50c_09,fdbdf50c,train,little_endian,"""(\",<,7015ae2abcdf094ad7cc5a17803df18c62e204e07700c314720cf8423db87f6a
v381_synth_fdbdf50c_10,fdbdf50c,train,little_endian,"<-%""",],a2c794ce82c3a25a8913abf8e4756975a25a6fbe23493577ac390128da6c5eb4
v381_synth_fdbdf50c_11,fdbdf50c,train,little_endian,](|,"""%",6633e9334ba874da4425ddc2ba102a11abd08c9705a011f6ea588614a2a6fd07
v381_synth_ff121f08_00,ff121f08,train,arithmetic,/+>,-%,ebb9f2c9db664ba848f6800da579d451130dd7e37cf8c2328a7c03d22d5cdd94
v381_synth_ff121f08_01,ff121f08,val,arithmetic,@\%,##,c57a10748ae046df37d4cd04bc8ecbe9cb24f79aab3acaf8e94acf06f8443c12
v381_synth_ff121f08_02,ff121f08,train,arithmetic,#(`,`,7468d65f8c660b1ec3cc76273515c8d844bf15a3ad340f3bbc7143a7ee45895e
v381_synth_ff121f08_03,ff121f08,train,arithmetic,#\!,/,bc9d9696500544983a7df8d0262cbf7ca923a32e5aa092f4110a96d2a521ce61
v381_synth_ff121f08_04,ff121f08,train,arithmetic,%\%,>,9e217c2f7147423acf881a42842141ca82b3d614589c3c6196498d235c180560
v381_synth_ff121f08_05,ff121f08,train,arithmetic,[\%,/,7b7c7f4b49acced58240d697a7e5d565bcbbcd9eb1df69426770b3ea09175e3a
v381_synth_ff121f08_06,ff121f08,train,arithmetic,/([/,</,e3d743161b2da8e8ef7592be177d4785273b22ce87268053ea7b3f0334dde090
v381_synth_ff121f08_07,ff121f08,train,arithmetic,<+[,<,28b6fb7045ad8d67be488ba333402e31025ec3cb4e0fad8733f30a7633cf9e81
v381_synth_ff121f08_08,ff121f08,train,arithmetic,^(^,%>,1a7dd279c817e7bdfb90532a5d35613d962b7fb6918f1305f9fc402034565e3f
v381_synth_ff121f08_09,ff121f08,train,arithmetic,@(<,#<,6d60c8223775949a90e33737ef6a0eb497d0e9e69507f77f88c8885c5807e8e9
v381_synth_ff121f08_10,ff121f08,train,arithmetic,^+[#,@,67fbc1cc4879e4ed1a71cd35ad7f4d4ff87b75fb0f8ef9b4f4a5221905ab8cf3
v381_synth_ff121f08_11,ff121f08,train,arithmetic,!\/,>,c0b467d44d99bb73fac416b781511b4183e59d6484e386d2b4550a623891d868
