uuid,source_dataset,kg1_relevance,status,expected,prediction,proof,question_sha256
32ba2ade-51c9-488f-9165-8a12ba7323d8,cryptarithm,equation_transform,verified_match,"D=8,H=4,J=0,K=1,U=2,W=5","D=8,H=4,J=0,K=1,U=2,W=5",provided mapping verifier,bb8fe90b182a71acd5b2c6db5eb509427923d69f1cd728b07e0c896995abc455
af9b6b9d-358b-4612-aa86-021965e281ae,simple_equations,equation_transform,verified_match,79,79,linear equation by finite difference,4b84c45d07b8834a958a05ee0381ac5004b635c129f939e13c4a05c530c987e3
2aadd183-20a7-4cd4-83eb-f4d5b3ece36d,base_conversion,numeral_or_bit_support,verified_match,12132,12132,base conversion parser,0a0a86a958223db18b6bec67ed89202db37bb42e5a2dd81e11991b86f974a49f
8403c47c-22b6-4bc1-a746-108eb3ec1cd5,bitwise_arithmetic,bit_manipulation,verified_match,0x1a65a,0x1a65a,safe integer AST,c7866def751c5fa043c54b2bea4735de95b9345ba67de2a2ecd23b95d82ddcda
7745ce18-1190-42a7-9247-8c702c78eb1f,number_format,numeral_or_bit_support,verified_match,832967009.73,832967009.73,numeric candidate comparison,67e3d19cebbe1fc8831f5da05ef207b3057ec36118620b35d8e7f7dfd4eb9d7f
c2e64f46-83f6-4c21-b33c-c03015176f89,base_conversion,numeral_or_bit_support,verified_match,491,491,base conversion parser,6ce0b011222df40d6db465e1389a603cd730b96b7f2a34dfa4fc7bb39c12df94
d13ee939-cd85-431c-8821-3736bf3e95a3,bitwise_arithmetic,bit_manipulation,verified_match,0x33f9784e,0x33f9784e,safe integer AST,575c6a72781642acd72fc346540c0b8955ef1855f0bed89493b0a1d8115ad360
b24722fb-2b43-4d79-acc2-0af6178d1526,cryptarithm,equation_transform,verified_match,"B=9,F=1,I=2,J=6,M=8,N=4,O=5,T=3,U=0","B=9,F=1,I=2,J=6,M=8,N=4,O=5,T=3,U=0",provided mapping verifier,e3011dea1126bff832b1bf79b942b460ac68e861ac34d1a8f889f08354fcc4dc
e55dd82e-0dc9-45bf-8f62-91f8fc069ec7,simple_equations,equation_transform,verified_match,80,80,linear equation by finite difference,e97df6a10bbccebefa847d12ddeb374b882c73d6c2ed91753f0cea191cfc2924
6bb90d72-ee97-41b4-a41e-c604318d59c0,simple_equations,equation_transform,verified_match,87,87,linear equation by finite difference,cd18a1e11b62cda16f8a4ec81259e49c01902f0fd984acdc67a16c50ff789021
55f82de9-b8d3-4565-905c-70c28413c537,circuit_logic,bit_manipulation,unsupported,1,,no local verifier for source,8311526201ca599c57074c87f09a5bdd7edfffed8641576fbbfd9c5cdf69adbc
a525b642-ab9c-42a5-8c92-52cc6f72589d,cryptarithm,equation_transform,verified_match,"A=0,B=6,C=3,E=9,G=8,K=5,L=1,U=4,Z=7","A=0,B=6,C=3,E=9,G=8,K=5,L=1,U=4,Z=7",provided mapping verifier,e850fc74f78ff00ad56254fcb1c6a15d3bc483cb50e797448b82909b2e678568
ff31553d-e4c9-4473-aad1-e18687335ca0,bitwise_arithmetic,bit_manipulation,verified_match,0x1b780,0x1b780,safe integer AST,acb64020a62e39d2bd9fe4a68cf39ec25343d41cfb20754449d44b5fd675a3a2
4a23d749-2faf-407f-b5a4-665988d85174,number_format,numeral_or_bit_support,verified_match,55554691.917,55554691.917000,numeric candidate comparison,9281d3192c17e1d5aba2eceee7ccef6ca4f229fb5c1c70509a48fd26212e779d
49a499c7-c34a-41fe-8687-631975d71194,circuit_logic,bit_manipulation,unsupported,1,,no local verifier for source,01942c25ebf6fec3ec740f5b753f7f360a7a891bb032ec5291193d723ff201b7
45c884e8-cfed-45a5-858f-187ea9c32bc8,binary_alternation,bit_manipulation,verified_match,2,2,binary alternation swaps,35e8b5550fffa770b1b49f1467b1fc0428b5454373715e146baa2a850e412db4
ade8649e-983c-4b15-8eb6-e432f7e7a7a1,base_conversion,numeral_or_bit_support,verified_match,31223,31223,base conversion parser,4049593befa964335c32b653bc775844daa2c3455d60b4391aa9257e008abe77
fb46f298-db9d-4540-bb6c-4ce5d1c92f16,circuit_logic,bit_manipulation,unsupported,1,,no local verifier for source,ef671b341f337d4648f4d733df2aed73c82366ae9bec2cc63216aef684dfc2d5
629b85b6-e039-40a5-8273-a482afe06053,binary_alternation,bit_manipulation,verified_match,3,3,binary alternation swaps,ddb6f8835dc792ca1bea1882e3523aba1ad5e7804d4557304b52deffa0004fde
66761cf5-85bd-4747-98ad-7de09fb0c974,simple_equations,equation_transform,verified_match,22,22,linear equation by finite difference,fe637fb215a02e280f0eb77142dc3dfecafbd4f248106405d5e661683d9af710
67cd12df-61e9-4f51-ae0c-34c5edf7951b,binary_alternation,bit_manipulation,verified_match,5,5,binary alternation swaps,8f001722531dd5c1f32d338c4e69545abbd7dba43f528ac69e1ac422c6704924
155721df-d5bf-494e-8007-6110a0ea488c,base_conversion,numeral_or_bit_support,verified_match,200010,200010,base conversion parser,b35fd4e32a91c34f771d7cef1587ab58e40ae981252c4c322dd2589db654833b
07687cbe-d014-4894-9085-c0365be4bcfa,circuit_logic,bit_manipulation,unsupported,1,,no local verifier for source,d358139b9ea8e3ea0f706aa255c997b05ff885ee616be5a387e83b20208e6dff
1154b581-69ac-4a5b-a9ca-28772e879345,number_format,numeral_or_bit_support,verified_match,939864044.511,939864044.511,numeric candidate comparison,47346ae60837c1ba788fb3542bd8de1ffdd45a8601cf5f70fee7397c31bd3244
0198f47e-5b8f-4fb3-87c9-4667c2d1573b,bitwise_arithmetic,bit_manipulation,verified_match,0x41f5c9000,0x41f5c9000,safe integer AST,7d66f717b39f17d83131c8be19dba03981b0a16f3a699459e3a90930a724f52f
22c3ce03-10e4-4c9f-9860-6aa8b4a131e2,count_bits,bit_manipulation,verified_match,16,16,binary popcount,f7565cc01e0aa3d8e307e97531aeb5df0545b7d08de4e1ffd2cfed6d19a612e0
5c4ae605-5aee-4314-80bd-b958736e1908,base_conversion,numeral_or_bit_support,verified_match,643,643,base conversion parser,0f5412b2f0faf0bc33573c3b9fdfbea5f8f307a757a43dff799bc40668b15778
6ff9f45c-b7ae-4d0e-ac4b-b3267ee5e438,cryptarithm,equation_transform,verified_match,"F=1,G=2,I=9,N=3,Q=8,X=6,Z=4","F=1,G=2,I=9,N=3,Q=8,X=6,Z=4",provided mapping verifier,784be1462fc65cd690acae5bbbc95b8fe09cfbe49a7f42640f185e08b767deb6
4e3d9bfc-8a18-4000-8202-77f1fb11fe5d,number_format,numeral_or_bit_support,verified_match,510547350.707,510547350.707,numeric candidate comparison,95e844fc54b2d0bc29975a6db740738f923555ce462bb73d6d00d8d39301a815
0ec608dd-638e-41a2-ab0d-be7e2b790b68,count_bits,bit_manipulation,verified_match,13,13,binary popcount,1f18010eefe43a0c948cebb09fc4932fb13afd0cbce2957e0cab5c74cbc5bd30
f33358b0-3628-42b5-ba6b-4dfe18012ed5,bitwise_arithmetic,bit_manipulation,verified_match,0xcfba8,0xcfba8,safe integer AST,9fe56daa1390544648f39c0ded89be0b413ce4acd623da2380ecfe7d75f0e1cc
d089535a-32cd-4834-b7fa-ae0f2957821e,cryptarithm,equation_transform,verified_match,"I=5,M=8,P=0,S=9,U=6","I=5,M=8,P=0,S=9,U=6",provided mapping verifier,87ac030d2a3b24c7e0c216ad7697ac2e9e7caaeb43aece351ff72a49631c5ee2
79641b57-ed6f-420a-b54a-3da28ce24c6f,simple_equations,equation_transform,verified_match,10,10,linear equation by finite difference,f17ab0b2593ce95c368c0b9633e999ca0f19a68a5da7e3e012155d8a136d7694
757e2ab1-73f5-49bf-9677-96d92ce3def4,bitwise_arithmetic,bit_manipulation,verified_match,0x2c0dbc30,0x2c0dbc30,safe integer AST,e3a3f5a5e2ca2389db7af2eee149b6bc0aa57901b7360b0e31c259d2378f3b2a
1a7fdd97-d40f-4d57-a473-0af1e8950899,count_bits,bit_manipulation,verified_match,17,17,binary popcount,4c10418ad03e37544f4bc59a579a50963a8b46800b3a925db254f4699103c87a
9120a365-f05a-4f84-a3fa-ef83af44750d,cryptarithm,equation_transform,verified_match,"G=1,H=6,I=3,M=0,P=5,R=7,X=4","G=1,H=6,I=3,M=0,P=5,R=7,X=4",provided mapping verifier,bf219c3bc79395022a9c8404c8e63cb4804d02b1f80e47361a2a220f5624e5b6
91aa3b77-e23a-46fb-875a-4d32eecbd1cc,count_bits,bit_manipulation,verified_match,16,16,binary popcount,91cf677cb6e670975dce85b59069c2f81f611770a5a925963b7a4c8e730ed97e
8fbc8505-710c-4f12-8f86-caabfdac5ec8,simple_equations,equation_transform,verified_match,96,96,linear equation by finite difference,18da845f95282593bb536d63340eca2b69c131f1cff8c385bfaa5f2faabca2e2
a75496d0-74fd-487c-a4f6-342dc83051bc,circuit_logic,bit_manipulation,unsupported,1,,no local verifier for source,5b0f61011c36465201764a44b975a24bfa9ee5f6d99aedb3d091e06e0f001130
2edb1569-b53d-488c-a068-26772a916662,base_conversion,numeral_or_bit_support,verified_match,733,733,base conversion parser,b68fccacf9f052ba0cdd94cd17ff727deeae01b96d5f6c7a4de6a7d518586ea3
a1bf9c5b-8f4d-474f-8471-338c71f60607,base_conversion,numeral_or_bit_support,verified_match,370,370,base conversion parser,ee14e1fd092074dbe96e79e5c85f8bfee470fbd6ec059642087b11b4a1ccfce6
1393cba1-b74a-4026-ad99-852c33ad9a8d,circuit_logic,bit_manipulation,unsupported,1,,no local verifier for source,77cbb0cd445910436c5bf2dab544e7eb28b2993133b9cbf5357768df3625f75e
1957bbdd-d5a1-4a86-8153-d8ac3b72dee4,simple_equations,equation_transform,verified_match,23,23,linear equation by finite difference,cddd3e0051b28767d73fe5d01dcea5b773c9c1d2ac9ecff159c604e1bbb13b5d
81079c8b-f3b4-4878-8a75-3a030596696d,bitwise_arithmetic,bit_manipulation,verified_match,0xbe98340,0xbe98340,safe integer AST,8c5cf0a7db2d9445b8c646bcd54b3ee0e999c8e124175ad91532ac38c7e2f5da
fe706f1c-936f-4e35-8bc4-1e0cce32bddc,number_format,numeral_or_bit_support,verified_match,722921398.625,722921398.625,numeric candidate comparison,5cb9fb501fdb2ebbecb21624631ee7f9c2d08fea1fe2cb7e612d26231ddd9ebb
c3ebd418-7a63-4921-9d5d-2876025ddca9,base_conversion,numeral_or_bit_support,verified_match,851,851,base conversion parser,db30af58588b3207ca9ccc225e0bce651949546e5615928133afe23d85e69218
ed4f7e3e-0285-4005-a0fc-6f0809bad9bc,cryptarithm,equation_transform,verified_match,"A=4,D=1,L=7,O=6,S=9,W=5,X=0,Y=3","A=4,D=1,L=7,O=6,S=9,W=5,X=0,Y=3",provided mapping verifier,d9116d8ea3b20bcd2ba2a34ad8346797f124bffe36702a9f3c31e8510654bdef
ba6200a6-ba90-41bf-bedc-3ad0026e9aa3,count_bits,bit_manipulation,verified_match,13,13,binary popcount,26df581ad5b6ba8a199e96f3eb3e77293ec4ad532918487fdb5c5caf47801d9d
5ad67090-3422-4eb4-9d37-898ecd0cd198,binary_alternation,bit_manipulation,verified_match,2,2,binary alternation swaps,75f86b533b3f81f34989d3ec637a59d95cf14f5abd09ffc72ce2a4c26ccc0163
c33b81f7-4f38-4034-9d60-355b76a9f936,number_format,numeral_or_bit_support,verified_match,148170457.55600002,148170457.55600002,numeric candidate comparison,a177b23aedf9e7438b83ac8f50f77b4813d7b80f118a1c2575dd22845de0db96
69946502-4043-435d-89a7-77f25ad2acd9,count_bits,bit_manipulation,verified_match,16,16,binary popcount,93306df6a05bcf222d096485a73d5bb199198102065e0a982179fe04ad074491
5eb84970-8f3a-42d4-9b9a-b26b8152662e,polynomial_multiplication,equation_transform,unsupported,-238*y**4 - 221*y**3 - 196*y**2 - 182*y,,no local verifier for source,d0652e7439811c131b865b654eace30e04ea0da514f10a4602ac7ecd381e96b3
df87bb91-6390-4fcd-bb18-815e3617ccaf,polynomial_multiplication,equation_transform,unsupported,-7000*z**5 + 3990*z**4 - 2200*z**3 - 646*z**2 + 1083*z,,no local verifier for source,f5fb200e9543a83745f4b6558cfd6d595ba729d155f32ae4b6ceba99704402e2
1d46e395-fb25-48dd-b87e-db6270f6e7e1,number_format,numeral_or_bit_support,verified_match,172432975.139,172432975.139,numeric candidate comparison,7d33d19bc69a87ae505a716d5b629f5cd2439af135d729853902ad694f9a9469
2b789523-dfe0-459a-b8fc-fbc7d38c0039,bitwise_arithmetic,bit_manipulation,verified_match,-0x4ba5,-0x4ba5,safe integer AST,2a01292dc05fdf308657e15d47309ff89e042a7bec4f06f9613c548950b87c4e
b2c9200a-4f29-460d-a90e-abf72291e580,number_format,numeral_or_bit_support,verified_match,202864710.926,202864710.926,numeric candidate comparison,ece3ec6ad9c41c45f9230ceeb64c25bf28c6497d41c6d0498f17a19c5a662561
66258368-5a53-4a78-a713-f18caa9cbd9f,cryptarithm,equation_transform,verified_match,"D=6,M=9,O=7,P=1,S=3,T=2,V=0,X=5","D=6,M=9,O=7,P=1,S=3,T=2,V=0,X=5",provided mapping verifier,4e2cc2d81c9b144d52a8850e80be8f314e165ea33421929c2fb8d4fe99412673
dc8f029c-02b6-4935-a2d3-6d58b49b09ae,bitwise_arithmetic,bit_manipulation,verified_match,0x66e48,0x66e48,safe integer AST,7391ace1ac96eed68822e7b38ef8a07b037a89eaf6ac6878c29f1dae26e98451
578c94f3-385c-4aa8-b45e-e1df7809a7d8,count_bits,bit_manipulation,verified_match,14,14,binary popcount,bc199e2791254ef2e2b92d421144db1d299244fd5888536499c9e4af7e0814ab
eb11c01b-50c8-4695-9de2-2dabbb2eb3f2,base_conversion,numeral_or_bit_support,verified_match,4113,4113,base conversion parser,43a64ad6d10b56117865779b826e2f4b345c568fc6db0fb76c8db7805c31dff2
e89e302d-c828-4182-8f52-fd984ed76e89,circuit_logic,bit_manipulation,unsupported,1,,no local verifier for source,2c2615570dd60e1f048711031f78932e756fc221e0ec699f87b0b5194d359b3a
01bde5a2-090f-4306-8e46-f5e2925495ad,base_conversion,numeral_or_bit_support,verified_match,30311,30311,base conversion parser,82260cdc92816afe24abc264bb9648029f8e34625878e94ccb19e87d529c2f10
05ff79fe-8606-4079-8531-f9daa5cd3654,binary_alternation,bit_manipulation,verified_match,4,4,binary alternation swaps,b27eb3485d56fa08930cd4910404e57c90b90d15e40f241828bdc51ccd4c4bce
29f40ab1-59b5-4dd9-bd22-feabf2d68fa3,bitwise_arithmetic,bit_manipulation,verified_match,0x2c1d3d728e0,0x2c1d3d728e0,safe integer AST,c6dfcf0782a122caf5ee90009faa5ffb1076add41b002f8cfe3f098ce1a984ef
03ce6a13-4be2-4ea2-b323-d1de6c6a08be,bitwise_arithmetic,bit_manipulation,verified_match,0x948,0x948,safe integer AST,c0e5c12882bf14851bfd014b035d1e360e4f9576d36904aa36066882db718363
b721db23-ea06-4857-87af-a6beaf9df62f,cryptarithm,equation_transform,verified_match,"C=9,D=8,E=7,F=3,T=1,X=5","C=9,D=8,E=7,F=3,T=1,X=5",provided mapping verifier,e73c0fbfa45136c99c71db5025afa4dd730f251648490b98c68d76009a58912e
98264add-fc61-4a4a-a67e-4c34983f3d94,number_format,numeral_or_bit_support,verified_match,550633205.027,550633205.027000,numeric candidate comparison,ea9dc8c0621b26dfb4e684f091246157ba5a442ec4abbe0d1351841967a294f3
48f660fa-58ba-43e2-a4c0-2d165411ac31,cryptarithm,equation_transform,verified_match,"F=2,J=4,K=0,N=8,Q=7,X=9,Z=6","F=2,J=4,K=0,N=8,Q=7,X=9,Z=6",provided mapping verifier,681e8a522f4a2e93871d7601315ac542996d22520cb910e364301add640714fe
2e8f7e26-cc18-4ed8-809d-4e404ac1de3a,base_conversion,numeral_or_bit_support,verified_match,1012022,1012022,base conversion parser,5da307fbb9d866e56ed6f659bebb87a94c51404defe78d812ee98e052159ca84
629f2662-6303-4b8f-b872-aff551218d99,circuit_logic,bit_manipulation,unsupported,1,,no local verifier for source,49c9f1a97c5434cca7e455f0cd6ea68e1253dd93296b6f77df90402291a38e82
2ccaf9a0-e2d7-41b8-a0f3-8e7b8b9f6d6f,polynomial_multiplication,equation_transform,unsupported,-9834*y**5 + 10132*y**4 + 15193*y**3 - 6596*y**2 - 5723*y,,no local verifier for source,52b5e09a9b2cf8b60feb994cbde003fffe5f92fa200ad8fc4fdbe0035423d41d
5080d96c-9c78-4a7d-8fe5-3ef6b02614d9,polynomial_multiplication,equation_transform,unsupported,-26880*x**6 - 425040*x**5 - 1473100*x**4 - 158720*x**3 - 506680*x**2 + 174150*x,,no local verifier for source,d143d82bae5c269d7664249915c0571bb88f928b327a7e2a52a184090bfddbb9
435e22ae-48f1-491b-8587-16bcbe4722b2,bitwise_arithmetic,bit_manipulation,verified_match,0x1dbcf665,0x1dbcf665,safe integer AST,845931ae13e4580865218580b3f9a3d5bf0a25c19bbd04826dbd9f19faa2be98
a8f8983d-711b-445d-979e-eae4402a5a7e,bitwise_arithmetic,bit_manipulation,verified_match,0x2d5e2e47d10,0x2d5e2e47d10,safe integer AST,781c14e900db82cf0b26c8ef0a7d0b89abe273033ff4a48c9520511b6e2bd37d
ccd51613-89a2-4b36-a63e-ee041651d3b2,cryptarithm,equation_transform,verified_match,"F=3,G=5,L=1,O=2,R=6,S=8,T=7,W=4,Z=9","F=3,G=5,L=1,O=2,R=6,S=8,T=7,W=4,Z=9",provided mapping verifier,65d074e10491e5a9d773977c8d503cdcd6aff90f9e9cb3e24cf7ea6381bbdf0d
cf277c69-ddff-48ac-81bf-78775b366e45,base_conversion,numeral_or_bit_support,verified_match,125,125,base conversion parser,21dcaccce5b24411d12e97dd12b53aba3aaff88093b6ddd1831a8fa95520a7d6
7633f31d-f7c7-4783-86c6-8909d7b5ef32,circuit_logic,bit_manipulation,unsupported,1,,no local verifier for source,d42652cff9051bf7b58c462d21a535802752d16841f8d1bf3e23c657bce22a50
89c77a54-8685-4316-9193-867ebe213446,bitwise_arithmetic,bit_manipulation,verified_match,0xe8b,0xe8b,safe integer AST,5267e12640feb71ec4be0f8b0f56faa099e34088a311d0e9af6b1f69c474f942
dffd97ab-c033-489b-a61b-5dd87af90d22,number_format,numeral_or_bit_support,verified_match,700062962.974,700062962.974,numeric candidate comparison,31f2694d6b6dfa6853787d2de2304474cdfd2e9ad2d6655f09db662cca57ba93
46961d32-ced1-4373-ba6a-e8809f574e0c,cryptarithm,equation_transform,verified_match,"C=0,E=8,G=7,I=1,L=2,Q=3,T=5","C=0,E=8,G=7,I=1,L=2,Q=3,T=5",provided mapping verifier,94ff66b77341238b25d17aaa6d6631cb1ed51662d4728b2d51583cbfce1348cf
545800c6-945e-46dc-b9c0-156b8142e8d3,number_format,numeral_or_bit_support,verified_match,625372035.67,625372035.67,numeric candidate comparison,1fd0a5891c9ad748724818a4ac6807fb2bb0e27e4bf82306708188cbac7278d7
ae7562e9-1773-40a4-ae5b-e092e18f81d1,circuit_logic,bit_manipulation,unsupported,0,,no local verifier for source,7cd583528c0ae14d3855fa65a425ca749eeaf70a8a9a38470ac77f2fa3660e48
e4bc9974-6dca-427b-b49a-9dbad1c2a63e,cryptarithm,equation_transform,verified_match,"C=9,L=1,M=5,N=4,S=0,X=6,Y=2,Z=3","C=9,L=1,M=5,N=4,S=0,X=6,Y=2,Z=3",provided mapping verifier,0d87edad03afa38600f456fd8699f02ae2b03436d309c087e3b6ca1326458970
fde2d7e9-4bc9-4adc-8d6d-70fb237f52bd,simple_equations,equation_transform,verified_match,37,37,linear equation by finite difference,353e6df58cc1e6db41c51ef010eebeb05697656e6fa9054bb133584fd35e44ea
fd67e8e8-17ba-4914-b8fa-60b2237c5447,simple_equations,equation_transform,verified_match,37,37,linear equation by finite difference,3bd0756743e5eb4bc712bf2e1fcebd03bd4cbb8583c4a014cc41fa1500a8c337
31bdff47-8036-4020-9092-d6ef2ec61250,base_conversion,numeral_or_bit_support,verified_match,1454,1454,base conversion parser,03a1224c56fe1180564e70507cb7484906787fa37355f4da0a49bc2715867fcb
0c537b6f-5624-43bc-bf0a-61d9ce181deb,count_bits,bit_manipulation,verified_match,11,11,binary popcount,c852b47459b1912269e51b407ae921a8edac3c1c4cdf34bc9e9e54c72888dc17
520367e0-b5d3-4f49-a708-2c957cf66b81,circuit_logic,bit_manipulation,unsupported,1,,no local verifier for source,603cd38e856661fc21e5bc0c5d230cc66c4a642deb87e2e6b4311064cd4e1393
e4074be2-836e-402e-8356-0be5fb140439,bitwise_arithmetic,bit_manipulation,verified_match,0x99a,0x99a,safe integer AST,6d89fa3ad96bcf63ccabc07e5dcf9d476345d89332f23698e3e0867221248b03
70f2288f-ce6f-4198-924d-73e2fa881b83,number_format,numeral_or_bit_support,verified_match,389460731.051,389460731.051,numeric candidate comparison,b7d73c95e6c8e42868e5a4b2fa0982f7163b995c99e5c5091423d1464108393f
a42a6196-e10f-48d8-88b4-bdfd635e8ce8,circuit_logic,bit_manipulation,unsupported,0,,no local verifier for source,f5aa74919ac5134afd1d4631b00274411c558b3fe600ab3cce958ab74573147f
b0a72305-4b37-4dc7-9c1c-62c73d5b165e,bitwise_arithmetic,bit_manipulation,verified_match,0xcbba,0xcbba,safe integer AST,85e8d093ca31f4adb4253b92c2c094b2f6eb2a5b2a3dbe817304a084d682d39a
5585218b-7049-4b9e-bd9d-05e8a74a5836,bitwise_arithmetic,bit_manipulation,verified_match,0x81951d5c,0x81951d5c,safe integer AST,c500c22d4c4c115d1e9836b406c24f10d83df4861cccaf5136b77b4c2d615741
94a2bd9c-f47c-4256-bccc-5d63b2df798b,polynomial_multiplication,equation_transform,unsupported,-2490*z**5 - 2843*z**4 + 4683*z**3 - 447*z**2 - 4888*z - 581,,no local verifier for source,ac18ea0524388b31ab8340711110dd41cec2e2e7f86274ab682a67428ca69d98
8700caf1-7286-4ad3-998d-0de2deb9cde5,base_conversion,numeral_or_bit_support,verified_match,27a,27a,base conversion parser,d23f5af8a9231071b2dfd7397978ae679abdd6bec53f21aae796d1fd929ed395
bce3c873-4fee-4204-a8fd-f090ba940d35,binary_alternation,bit_manipulation,verified_match,4,4,binary alternation swaps,3ff5114d7e8a5d9b5e29f6030356aafefdfe522a0b7cede7139fb8671108d947
c10203be-75d2-4123-bd03-e3d8be6ed403,number_format,numeral_or_bit_support,verified_match,259613795.192,259613795.192,numeric candidate comparison,c57e6fe2885502ff95f1115c15026c6e662443a98fd36273ade12b34486e0426
a9c16241-90fc-4ac0-9cb2-08e379377267,simple_equations,equation_transform,verified_match,8,8,linear equation by finite difference,e4773413af63b75e7c42d5f539dcf8d5b6c00420966c37ede59817d9832bb656
ec42563c-25e6-4f40-a002-c6c046033a57,polynomial_multiplication,equation_transform,unsupported,-4408*y**6 - 2668*y**5 + 3588*y**4 + 2944*y**3 + 1408*y**2,,no local verifier for source,25be054dc6889093e07f173b0e77eb1cac9e201e733d26950142a26c66fddd96
43c2c984-5d7a-47bc-b922-bef3ee2bf217,simple_equations,equation_transform,verified_match,39,39,linear equation by finite difference,0737f27326b81de4888a1b839c97cb7983f24c7c915fe82fcca6e148d8f06491
c0eea359-f215-479b-86e1-bb0adb3e5dba,bitwise_arithmetic,bit_manipulation,verified_match,0x76a78,0x76a78,safe integer AST,f8ffdfc87195564cd609f2c2df496ade0e2095dc84fd9bd13464f7e2ee2fa91c
c7fbeac0-5e86-4357-8a91-48b7e4d36610,simple_equations,equation_transform,verified_match,12,12,linear equation by finite difference,f43c345ecfadaac4f75db9d9f27c4ac9311bb38a732ccd744fdba707f1a36748
8ade68a7-2a47-459e-b4bd-1c4644fffc0c,count_bits,bit_manipulation,verified_match,13,13,binary popcount,acaf81b268e433793af9b68e028bbc5ec3a720620c329ec232676a307a1ba366
ff4cbe4d-2155-468d-b4e2-044b0a01e351,bitwise_arithmetic,bit_manipulation,verified_match,0xb2bc,0xb2bc,safe integer AST,49ccff252a2ddf181b3f8f1dec4f406b21a5dd528397abfea53e8142f1993225
d599c582-62af-4dfe-9beb-09b4c6799e32,binary_alternation,bit_manipulation,verified_match,7,7,binary alternation swaps,8d88142940907a41b231f09f91360f74a666dba3e07354e23d1003bfcad9a028
b9da8b22-88fb-413d-b137-769625352833,cryptarithm,equation_transform,verified_match,"B=4,E=7,G=1,H=0,P=3,R=8","B=4,E=7,G=1,H=0,P=3,R=8",provided mapping verifier,9269fbfc5f0be8893630a3a84cdc9d1ec4dc578424348844ce696054cf0b6eda
c86101d3-dd89-41fe-893e-10c8cf02ed7f,simple_equations,equation_transform,verified_match,28,28,linear equation by finite difference,8b88061f4bfd8d4d87a9544a878609475d2522e10a8379a2cc15085b8823cbbe
dffcbc63-e398-4aab-8631-ab945d859239,circuit_logic,bit_manipulation,unsupported,0,,no local verifier for source,82cd2474bafe4cf60efe860ad1ff4ff928037a8dcfec616454a0d11038bb5fd5
e7ddcbf4-8ba6-462c-ac67-d2b28cedb38a,polynomial_multiplication,equation_transform,unsupported,6804*z**6 + 4032*z**5 - 7476*z**4 - 4704*z**3,,no local verifier for source,57dbfea43ba2d5b029fa7b3d84af9671c5a3d3f58689fa45854d8fb49361f1fa
02e6258b-2359-408b-bd8c-3badf160b2e2,cryptarithm,equation_transform,verified_match,"A=3,B=1,E=2,G=4,K=0,L=5,R=9","A=3,B=1,E=2,G=4,K=0,L=5,R=9",provided mapping verifier,192dd6964c30a2cc4c4937f23903e22c76459ffd4d5bd03eb420a955f0f0d99c
b45e1fb3-0fdb-416d-811e-334f336e0c39,bitwise_arithmetic,bit_manipulation,verified_match,0xaf5a,0xaf5a,safe integer AST,660ec0cd0037be20cf05b0a6c6e13434605f69d698430b29f0f3a28e6bd98b3b
e878c4b7-613d-445e-ad55-3d629635b762,count_bits,bit_manipulation,verified_match,19,19,binary popcount,8f7a64857d3adf7bd120eaf3cebd948c79694a8e6c8e66bc404aa4949f2b9c52
1c99e455-e6ee-4bdc-895d-8c6a363e2a71,count_bits,bit_manipulation,verified_match,14,14,binary popcount,b59249dce2b29da9dbc186014b0bc9dea497c49f93df8e8f100e144627b403bc
e4945525-2be7-44e5-931a-df3a2aae1173,base_conversion,numeral_or_bit_support,verified_match,1106,1106,base conversion parser,e51c920461d4d1230ca47b33ccafdca36fcbd2ac9b50312433001419902bcc6a
4a06cbff-1399-4895-b829-b9fdc2081030,polynomial_multiplication,equation_transform,unsupported,-10184*y**3 + 8710*y**2 + 670,,no local verifier for source,8146ed041cacdfd241f90fb32ff15464590c83cfbdbe53a5407ed9292a1e4764
3ec17165-21f9-4dfb-a9eb-f1fe79bf6cca,bitwise_arithmetic,bit_manipulation,verified_match,0x8b7a0,0x8b7a0,safe integer AST,40270ac5dc947e967089cf04b8ef8a80e7c8aca8ec70cb2c0c0b1cb4da666ea9
d99c2dd2-a355-403a-86bf-5b3cec3aa8ad,polynomial_multiplication,equation_transform,unsupported,4230*z**5 - 9400*z**4 - 3825*z**3 + 4740*z**2 + 3400,,no local verifier for source,67b94e4d11c2ea5d622d7d2b0b4dd6692a5140104496b7cbff74a00e33576ed4
d7daf2af-0557-41ed-83d6-8d529aa0f7ca,count_bits,bit_manipulation,verified_match,13,13,binary popcount,345e5afeff555d09b3ccef6cb1247313f4912de7f7b5af90d9496061e7ef17e4
a12383d5-01ef-4bd0-97fe-bbf2205e23e1,simple_equations,equation_transform,verified_match,69,69,linear equation by finite difference,8066242f27efe54761329b05f91eb9fe14d60cb7ab77ed92c81fedab37b2848f
977aa206-9217-4816-aa1f-843722879f0c,circuit_logic,bit_manipulation,unsupported,1,,no local verifier for source,2db2918feb1182f78bf8bec2ed83df721fea6ed1e510687c129ff07199626b25
6f7b6ec8-8eae-4ab4-ae79-dc4e78d0704a,cryptarithm,equation_transform,verified_match,"H=2,K=8,L=9,N=7,R=4,Y=0,Z=1","H=2,K=8,L=9,N=7,R=4,Y=0,Z=1",provided mapping verifier,ba1757ef0b6408984f6c3a69a58ae68a890975a9963e15f54fc12e97971f9161
3cdb0a45-641a-4f1a-8eb6-f35b8a3486db,base_conversion,numeral_or_bit_support,error,35d,,ValueError('base conversion pattern not found'),1d6c92d2d4954c5b668dbc138054c1ca6849ce333f4445705ac6b9c8b0cb6cef
b564ded9-fac8-4485-9544-e8c6290ee5fc,number_format,numeral_or_bit_support,verified_match,270988435.77099997,270988435.771,numeric candidate comparison,5fa44109d645a283318ca948c3fdb48c6aa468e6481ae28523b22b0af49f9478
14335e99-b2af-42c6-8858-567ed5d0081d,cryptarithm,equation_transform,verified_match,"D=4,E=6,F=1,H=5,I=3,K=9,R=8,U=7","D=4,E=6,F=1,H=5,I=3,K=9,R=8,U=7",provided mapping verifier,a1c939694e0fe5ccb3f7d9b2278af48c95f1884594529f21203a9c7854687550
b29632b3-049e-4845-87c3-ab02b5d6f0e9,number_format,numeral_or_bit_support,verified_match,414139983.679,414139983.679,numeric candidate comparison,495ab3dead12c67c55398fc4a757e92850540e74bee7948c205f662feed6aa64
2065a87d-168a-4f3c-9308-d2d3c4c5234d,simple_equations,equation_transform,verified_match,31,31,linear equation by finite difference,089956ae8861c2623fe0cf1e4b744d9fb78190a33df871d9769801d07ce2f62a
c63d55d4-04e7-49ca-b5b4-141d8048829e,bitwise_arithmetic,bit_manipulation,verified_match,-0x13dcf44,-0x13dcf44,safe integer AST,c09644055d5ce073020372d808d3aa3c4fcec0ee1101cf36a34af8ca80d54af6
cd785736-43ea-4478-b4a5-674c72d581c2,cryptarithm,equation_transform,verified_match,"B=6,F=7,I=4,O=3,R=5,U=1,W=9","B=6,F=7,I=4,O=3,R=5,U=1,W=9",provided mapping verifier,e822e8727a07e5a43ff105b604eafb074e83d8ae71bccbe8e9bd299f6879250e
01ea868c-715c-470c-8f54-dd4e1b9aee6b,circuit_logic,bit_manipulation,unsupported,1,,no local verifier for source,eb661e1c36904d9ffad04d3fa947cba324b1546273821c950050b8d0e3d472eb
7fc22006-3e48-4589-9746-eeeec1b45ba7,polynomial_multiplication,equation_transform,unsupported,-5328*z**7 - 43566*z**6 + 11580*z**5 + 240158*z**4 - 164344*z**3 - 54020*z**2,,no local verifier for source,5e6725f7234e33ae1f7af2f2375d15fdae93371694ef100593c9ab2625b68017
b0681b75-a3c4-423b-967a-3840e35c444e,binary_alternation,bit_manipulation,verified_match,2,2,binary alternation swaps,bacfd1b219ba1dead06ebb7954eff8d4a6e954831c774220376524f59dd10937
d5cfff20-d06a-495d-a412-005823e6d9e8,simple_equations,equation_transform,verified_match,76,76,linear equation by finite difference,ef192e198fb54ecd998cc7c0e48c6c89f14ebc652cc7cccc12d0c5e15b8a3583
e1301a3d-1ea6-47a2-a18c-c3e47dc70996,simple_equations,equation_transform,verified_match,81,81,linear equation by finite difference,4633a8071e6e8860b7eb80e60e844139f6c2c96fac3f1872793cecfe788b28c6
a6dd7f3c-3af8-4059-9369-f187cc782601,binary_alternation,bit_manipulation,verified_match,2,2,binary alternation swaps,e1725f771b765774a7e8691be01e78097adbf22a80ca839f87681914d68a60af
4cad24a8-67a3-41f7-b483-69b098f6f8b1,polynomial_multiplication,equation_transform,unsupported,-8500*z**6 - 6600*z**5 + 1200*z**4 + 3960*z**3 + 2340*z**2,,no local verifier for source,e86cc564d327a1b791eff344899db4f795776d463fa491add8a6a295fed5ccbf
3089eb8c-241e-46af-bdc5-e53c75ef506c,binary_alternation,bit_manipulation,verified_match,3,3,binary alternation swaps,f2cd663ff93f45e832069c2841d3171c6c958d180b95bdb43b8de113173fabcb
db1c967c-83b2-429d-b106-3d2c648fcbc8,cryptarithm,equation_transform,verified_match,"H=7,K=9,N=4,P=5,R=1,W=2","H=7,K=9,N=4,P=5,R=1,W=2",provided mapping verifier,f6b3edeaaada6e706b755688f9fb5d3f074091003c50a0ea01dee0803ccd0ef6
e3ce790c-531c-443e-9e17-e0a872c092b3,simple_equations,equation_transform,verified_match,93,93,linear equation by finite difference,d6299147584b5a23dc47106df72f00ef5df2cf5bfdcdf75932c1d3814dbec779
80ca519b-36e7-4a65-85c1-847052859a3b,circuit_logic,bit_manipulation,unsupported,1,,no local verifier for source,31f32d1f04923c1b34259caea1772bfe3a4f050ee35399b20a7234bf7f661492
ecb42f01-a450-4f1a-b5de-e0e6049686a4,circuit_logic,bit_manipulation,unsupported,1,,no local verifier for source,8695d757a1c9ebd9cdc32e7ec691863670b36287e12cb8991e01d80dcb7b4327
bc5126db-b3c1-443a-8345-3d07740f88b7,count_bits,bit_manipulation,verified_match,18,18,binary popcount,ea4388bc9071faa5d62bfc8a698ee8f3ea5ae4d6b05e358b6ad1d349cb516bc2
441f43ee-05ae-4a46-8cc6-6bc4224b07cd,bitwise_arithmetic,bit_manipulation,verified_match,-0x161adf680,-0x161adf680,safe integer AST,ecd0a79b05400dd2084d2c42b5c847a697892ca07330a1bc8981da44305a2fca
05245bfc-7fb1-4c46-a602-ffcd9de1bd5b,simple_equations,equation_transform,verified_match,39,39,linear equation by finite difference,a7da1a13433a3a004981b1c6fa543a3e09db4a55d2824a6584f5a304c70ad2bc
d21d6221-5045-4bd1-9331-118abd6ce82e,cryptarithm,equation_transform,verified_match,"D=1,J=2,K=5,M=3,P=6,S=7,V=0,W=4","D=1,J=2,K=5,M=3,P=6,S=7,V=0,W=4",provided mapping verifier,6fc8cba8a29c8426a35799f628e2d3805a6300a7f5310239e4dfaa48869266b9
1b0297c3-abe4-4665-99ae-b0e8268a89ae,circuit_logic,bit_manipulation,unsupported,0,,no local verifier for source,0214e982e57ac5bba47b2bbacd586302932da3a1ee14784f3515d55304e14792
92189ccc-2da0-410d-b2b9-a36e210af363,binary_alternation,bit_manipulation,verified_match,3,3,binary alternation swaps,2a086fbca941406d150f99d7b64431df9c3a7f914d70417604829f5d1dafcd5f
1e6e91e9-b878-4bd9-a5d8-83fcbd6c03ae,binary_alternation,bit_manipulation,verified_match,6,6,binary alternation swaps,58bd09e626a77bf5f4112c934e637a5c5e6af67f12f072f2a5c383917bb866b2
4518c619-fb4d-4586-b2a7-d82b4937cbc5,base_conversion,numeral_or_bit_support,verified_match,363,363,base conversion parser,c79413fe47306193dc067765f787f75aff30b8c3862fa4af839a5c47f9e476f3
39897e93-08e7-46a8-a6df-feed8cc32ff9,bitwise_arithmetic,bit_manipulation,verified_match,0xf98,0xf98,safe integer AST,8660dca7fa57edac23485875bba480f83e72f8c8d23a90a06176d089b0e0be4d
cd2e4ece-5155-4769-b2fe-1b01c5b2ba67,bitwise_arithmetic,bit_manipulation,verified_match,0x86f80956,0x86f80956,safe integer AST,ca1f2b268efb41ea2cf086553176205e1feedea583334a71720b362eb08ee1bd
f490161f-4994-4dcd-b3f4-0239fde6f961,binary_alternation,bit_manipulation,verified_match,7,7,binary alternation swaps,21bd6ee95c50a0d28c2f5e04dff003961dad6efe7edd35513db9fe7ce3f198ec
6e40beb6-2eb4-419b-99cb-187bafb8f20d,number_format,numeral_or_bit_support,verified_match,278303635.444,278303635.444,numeric candidate comparison,21137a2a8ce9d5bedc96b909c8a4ebec2f39941e65fe2ed3a2e59a99de322aa6
dc134e62-a64e-41bf-b6a4-5de0db3e4d71,base_conversion,numeral_or_bit_support,verified_match,19c,19c,base conversion parser,287d38bdf8a03cd50050ef1cf602a3406ef8955ee9bab7ad3ce2e82587d6ea18
74c7256c-445c-4f25-9a6b-4d3c171fbb75,circuit_logic,bit_manipulation,unsupported,1,,no local verifier for source,85458bad38e5a1bd5b372a81cd7584a1abdd9a8942221a02c4e7a2f59f3494e4
0425760f-8605-4e7e-9f8d-396c77cc1faf,base_conversion,numeral_or_bit_support,verified_match,2511,2511,base conversion parser,5a6dc0a09337820ae65d699d06662e7fcb08eaf3bd040ae2ac456edf5d564d46
c80855e0-c655-4468-9fa4-5ff2da730ebc,binary_alternation,bit_manipulation,verified_match,8,8,binary alternation swaps,129e808fe65ff178d621c47ccaa64b59599d1d0597330e77581efa3353bbdb0e
43446bee-292f-41e4-9fb2-dc9ffd909a2f,number_format,numeral_or_bit_support,verified_match,474148725.523,474148725.523000,numeric candidate comparison,baffe2f86dd00d237851987a32acb7206071e35b3c2a4a5c59e3161b62815159
3a7a77ac-71b6-47c8-aa50-371b04dcb147,circuit_logic,bit_manipulation,unsupported,0,,no local verifier for source,e4574818cf64dd04ce7cf31323c073c67b033fcb60b0b7b86a494c34bb2c1614
83472f41-807c-41ac-b933-12ec9a19ee29,simple_equations,equation_transform,verified_match,20,20,linear equation by finite difference,1b80663c618018bb032003efbc45a9ae2b4cadcb430101a188a0105fa18b18e8
9b7bcb75-8d0a-411b-8b62-a55b2d4e9753,circuit_logic,bit_manipulation,unsupported,0,,no local verifier for source,df43a0ffc4969fec400ddf1a26a14fa97e552d68161abf5bd55aab6f07ef87f2
f8a2928e-f1d4-4ef5-ae9f-316b8e0e6377,bitwise_arithmetic,bit_manipulation,verified_match,-0x8a65,-0x8a65,safe integer AST,ca8e1e5c0794c0d8a2c2b03c7def65ba20fba0d97c2f22493740311b9a7fcb71
021f9e23-fc5d-4fac-8154-3aeded266a86,cryptarithm,equation_transform,verified_match,"D=6,L=2,M=4,N=8,T=3,U=5,Y=0,Z=7","D=6,L=2,M=4,N=8,T=3,U=5,Y=0,Z=7",provided mapping verifier,eb6d7caf224fa60235b9dfa86da1a6b60c41c8c3835d509112c0953044cb77bc
1b82361e-26bf-489a-b931-a4ade482cd2e,simple_equations,equation_transform,verified_match,77,77,linear equation by finite difference,e3f86506443bba3e29e243a8d4e9abeff7aea62a42539bafc74741d78e9993a1
9a21d843-e781-41fd-904f-2746ffeea5ce,polynomial_multiplication,equation_transform,unsupported,5032*y**7 + 22755*y**6 - 119051*y**5 + 122025*y**4 + 90219*y**3 - 109620*y**2,,no local verifier for source,67747bb65731eff25b8710c1d8b9d9f0d46b5815afa26318e5acc996f0595c10
1e333a34-8969-489a-bd7c-5b47d7e79686,cryptarithm,equation_transform,verified_match,"A=9,F=6,H=7,I=3,O=0,R=2,X=1,Z=4","A=9,F=6,H=7,I=3,O=0,R=2,X=1,Z=4",provided mapping verifier,8146bd9d13e775a8c2b1b2cfac267e346c4e1412175506463c719764fe09030d
0ef0fd5e-291f-4079-9fe2-ada8090c2689,count_bits,bit_manipulation,verified_match,17,17,binary popcount,1382db0cf86561a1869279bc296f117d3d9071d35dcbc65ee0df10f5bc8e75db
e7670160-3b40-48ca-a6ca-f87ad4acabec,simple_equations,equation_transform,verified_match,8,8,linear equation by finite difference,a306a4489e9cff0526be70a6f871a93bf83a85807ba7d06988341d9e0de5d7e6
89527472-f2b1-442f-b5f9-1468fc7e08b0,base_conversion,numeral_or_bit_support,verified_match,466,466,base conversion parser,064ed5a0638e85d038341968feb205f265f7fc0962dc356c1b0b6e3b5ee89a8f
810cba96-5689-45cf-8823-1556ebb246f8,count_bits,bit_manipulation,verified_match,13,13,binary popcount,c6bcabc36effbb3eab5a48026c5ce5ef81e0a7aa229155488a48496c63f3a8ba
f92b9955-ca89-4d69-b7fc-bc9eb85aab75,number_format,numeral_or_bit_support,verified_match,824692656.503,824692656.503000,numeric candidate comparison,ee6cf102b1f1f3d3b39d24c5a4476bdd8f1dedc5fd04cecfda719c448b35b3c2
be64f600-9400-49a2-b74d-a4ae98fc78e2,binary_alternation,bit_manipulation,verified_match,3,3,binary alternation swaps,5d3ffef4fe2f77bca867679d5cd0054dd5a02b3c1a57613df33b63f4b34897af
c8635c22-d0c4-41e1-92d1-c2c988563482,number_format,numeral_or_bit_support,verified_match,406042719.486,406042719.486,numeric candidate comparison,97e495777187e4130a18fcdc5b0415e94b9a3e7a37ec9f268c71df8064d0223d
48fe0ac2-018e-4296-8c93-b17fe84c1666,circuit_logic,bit_manipulation,unsupported,0,,no local verifier for source,b18a76b2ce271e4e9ac54022cea6e6a2cf104b4e76059b214f13c6b17dc173fc
d353d6b9-03d6-4e3a-9171-385f386dfb14,simple_equations,equation_transform,verified_match,21,21,linear equation by finite difference,9d7fdd85fd87127394a40c92f9a40747b71b42b6e53e16ddd66ddb26142e0376
b2a57c67-9018-4df1-977c-68f9134f711d,number_format,numeral_or_bit_support,verified_match,725909122.777,725909122.777,numeric candidate comparison,4a5ce73e7527204caf464ad170328c325a572137ad192ab7c54d0f561490610e
0bbaa598-f65f-4d5a-8d96-5d47b584759c,circuit_logic,bit_manipulation,unsupported,1,,no local verifier for source,8483e74a27eca2860acf33c39437c291312a97bd3c13ab2285a7430026e3a77b
c866d19e-705e-48f5-8fcf-cec0981e0ffd,simple_equations,equation_transform,verified_match,49,49,linear equation by finite difference,5520ab9af03b6eb65df25d2cafa72ca2a1f5eacf3b9e7ba3063b1e6d593a6d57
b3243552-087d-4ac2-a2ff-2cbae2276cca,simple_equations,equation_transform,verified_match,13,13,linear equation by finite difference,2205ff9e62a04da9576138dea97007cc55db8af02b70f0ad067f2c6571d9356a
a585ac84-7a12-4d21-a026-44260973a299,number_format,numeral_or_bit_support,verified_match,392567381.657,392567381.657,numeric candidate comparison,b50e1cea8d4327fd2d4cd9bfa5b65cc0e9e09efe33fb0cf469234e02f8a5e13a
5a2c5550-992a-435c-91ca-75be9793b256,binary_alternation,bit_manipulation,verified_match,5,5,binary alternation swaps,20d2049cb8a5eb586cf8f0e37e70f8db46d5b1566e775b9446f9cf9f256c643e
4b053909-bf94-49b0-a38b-7a82fdb7dfc1,base_conversion,numeral_or_bit_support,error,1010000001,,ValueError('base conversion pattern not found'),891b0b3368756b829dd45dbfe5c61f9b835fae1085f9b642a9a0ba375f4b9bb3
34db9030-0cef-4743-a529-ba9e30b5aa7c,circuit_logic,bit_manipulation,unsupported,1,,no local verifier for source,0d054aabf577104a5856266ce26dccdb0d1230c5352c7e2c3d8fc1fd6f53de9d
537ed558-0511-4cdc-95fe-49c77ebfa317,cryptarithm,equation_transform,verified_match,"A=9,C=8,E=3,J=0,N=4,U=2,V=5,X=1","A=9,C=8,E=3,J=0,N=4,U=2,V=5,X=1",provided mapping verifier,1f956d2c7e3b286ef7bc133b90edcb8592625ffece6a01a5fd08b5d3378b90e6
afe4b3c5-e92f-45d4-81c9-be9222cd016e,simple_equations,equation_transform,verified_match,77,77,linear equation by finite difference,7c35b25e9ed5c1c88432fbff12ab3a30bf759c8d19344465da98e04ea114a377
c1f688d4-caf7-41cc-934d-3288c632a153,bitwise_arithmetic,bit_manipulation,verified_match,0x50bb1c9b25b0,0x50bb1c9b25b0,safe integer AST,b39f51c0ffa54cf1217b6f8b64ccbfa4853fb87a113d0881022bcdd9ce986373
497b4c91-437b-43df-b43a-e96ea488ac47,number_format,numeral_or_bit_support,verified_match,483841913.002,483841913.002,numeric candidate comparison,e9d67adb072466692939fc76ba3fa5d39bed65c562e06f954680c69d3a2697e2
864acb66-4146-4bef-8902-e8094036adff,bitwise_arithmetic,bit_manipulation,verified_match,0x23c68,0x23c68,safe integer AST,d5f67d55ffed582813fbd298850d4839b1006a61ce38e2845d4923be874ca23c
f09dbfb5-2b60-48ab-a1e0-41956cc4dbfe,cryptarithm,equation_transform,verified_match,"E=9,G=7,N=5,O=4,P=8,R=2,Y=1,Z=3","E=9,G=7,N=5,O=4,P=8,R=2,Y=1,Z=3",provided mapping verifier,0a4605d04f37eb0d8cba0857d0a3ebae746a973c1c7da3319263b715e5c227ef
bbb413b1-3aea-4de7-875f-620c29b5d0ad,number_format,numeral_or_bit_support,verified_match,589411442.493,589411442.493000,numeric candidate comparison,a851d331f216cb445c31dd38a141844c2821fd007e891e85e1a3195e35482667
6135c72f-c125-4f3f-b124-770c635d230c,binary_alternation,bit_manipulation,verified_match,3,3,binary alternation swaps,7f99dc79c1ce73fd84a9ae61465718dd271d957a806e13734d47cf04e414b6d1
4ecdefd9-8988-4676-969f-9a82497dfd77,bitwise_arithmetic,bit_manipulation,verified_match,0x2e794540,0x2e794540,safe integer AST,f07dcbd76b0ea75687805b854134a55b1c613f9419459b38586905fe6977a594
42b3fe65-1de7-4115-9e25-64c4b5be2182,binary_alternation,bit_manipulation,verified_match,2,2,binary alternation swaps,97fe289ff01bca5fa127aaccdf5078fff6863f15196717d561280f193b95a1ed
5b57c610-1d87-4853-93ca-2c5e048ec9fb,simple_equations,equation_transform,verified_match,23,23,linear equation by finite difference,264a147163db7f35a055dba1085a6bcb0f2091778017633686e98201a368b26c
ec5fca60-fe7d-4968-a674-94689accce39,circuit_logic,bit_manipulation,unsupported,0,,no local verifier for source,06c75420c9119df2296c0b4b59cf712854be61b0672a7368d57d0ce502fb6549
1fa82b33-cd88-4afc-918e-6ea2606b3933,count_bits,bit_manipulation,verified_match,13,13,binary popcount,5bb968f80642496d87f6fd8ea5ee85bad717e27ce811efd4d6252cc090a58507
25d0fb60-f8c8-4b15-9625-936f89fdef7e,count_bits,bit_manipulation,verified_match,13,13,binary popcount,8ae75762b213423ab5994bfaf8742b6afb831e323b26caa01ebd196ec15e4f05
99ccc48b-144e-4254-b3c1-c8fb078b341f,simple_equations,equation_transform,verified_match,61,61,linear equation by finite difference,169da9fbedbc2e7e690cd428d11e9051d411341addbe6be7009eba75d31c3264
16971db0-41e0-498b-840c-0a208f7ba5f8,circuit_logic,bit_manipulation,unsupported,1,,no local verifier for source,e98e7eae2ddc2ebf3553a3bb9459ba8744b0ea1148e095bcf0435fdf022b5235
489615cd-2cc2-4511-871a-85691dab9bbd,binary_alternation,bit_manipulation,verified_match,4,4,binary alternation swaps,2bb7bce5dc55713d2053126b4dd08d6ca1271bcca95ef2dde12466e7f336a6cb
db803cff-5c91-4a38-a820-359299029e1f,binary_alternation,bit_manipulation,verified_match,-1,-1,binary alternation swaps,f23221de7c2788a6328e61d5d9dc25793c0f81c0a23b0405cdc3ca3a8c93d1a4
5a3e3696-da3f-4c9a-b4eb-4429df3b23a9,count_bits,bit_manipulation,verified_match,12,12,binary popcount,6ad146261cb16aa11d9a13615259685467baf84d14b9e5665c8d6407b15c97b0
cbf5102f-c293-438f-b78d-ea7ac049825b,count_bits,bit_manipulation,verified_match,16,16,binary popcount,d0214eec7e495effd423c62bcf557f99fe673da89bb42f4c2f498583c1cee88c
97fca7d0-ff7c-4550-b338-2cd393e4c2a7,polynomial_multiplication,equation_transform,unsupported,-118800*z**6 + 529200*z**5 - 107120*z**3 - 3920*z**2 + 800,,no local verifier for source,466e1a66ca5c21ccb93112bd6fb7230c74122fe21c91edfc2c00915d2aaa756d
eec04c03-12b2-4a95-8e6d-8112adf0a08c,count_bits,bit_manipulation,verified_match,16,16,binary popcount,1f45fa907fcf17a177c517ae73f50fc61ad24c60dbe739a04bc60e14065500d2
c122192d-121d-4b6d-93cc-abefc42ecaf3,bitwise_arithmetic,bit_manipulation,verified_match,0x201b6ac7,0x201b6ac7,safe integer AST,dc39ddb334cc3dfac13947411f1dc82b178e97d0a11639a4664e32f87c3cee19
b821db18-34ae-4d8b-87eb-8d1c2820f07f,bitwise_arithmetic,bit_manipulation,verified_match,0x380e,0x380e,safe integer AST,128e6f2a80000642fccce8c0273a681b03e708a2e7179f28a1c292b2588b6d6e
ae1488c7-4b6d-4090-a7ff-0fcf50c21312,number_format,numeral_or_bit_support,verified_match,85663143.45,85663143.450000,numeric candidate comparison,591ec414de96235681129db3583e14431c34940f4e18a2983bddd23c956579b3
d3610735-d50f-4ec3-a023-4a066cad3469,polynomial_multiplication,equation_transform,unsupported,-119040*x**5 - 153600*x**4 + 1205280*x**3 + 1555200*x**2,,no local verifier for source,ace3166a188effd22642c362326694563fdca628033d6ee962510d50cb350aee
b3f566e9-8d42-4af4-a006-c2446697904d,bitwise_arithmetic,bit_manipulation,verified_match,0x532b012c0,0x532b012c0,safe integer AST,a51247d317b2892f9a0d5084209ab368616648c5b0b95c37dfc1e07a55e62fb0
bbf86500-3c6d-4f8e-b109-fe062f7f4820,circuit_logic,bit_manipulation,unsupported,0,,no local verifier for source,296c025c2a42bc7847a27575378ab3a283335915baab22aa85eb98946c405b39
034b3df2-9dfa-40c2-9f17-9c8e9dc92ac3,simple_equations,equation_transform,verified_match,81,81,linear equation by finite difference,c0f2519e4cf28389d86da33715714246b95dab13edf521267d7016b502bfebfb
80089c26-2616-4a09-9c69-61b7a9b658f5,binary_alternation,bit_manipulation,verified_match,6,6,binary alternation swaps,ae35960424aabf54f4a9d06850301122c8d04e00db612f3e9901804b3f482950
2316fcf0-68fb-4688-b180-d7232fd26133,binary_alternation,bit_manipulation,verified_match,3,3,binary alternation swaps,4b2d339e165c3c4c86229ad8ae459a1f5abd02395ace4e9804b0f99c7591e24e
ff4013bf-59cf-4aba-9eff-70c655a06ce9,base_conversion,numeral_or_bit_support,error,,,ValueError('base conversion pattern not found'),59bebf9aa37977b8e1f6020f2a21a58446ceb40ceec1117d3a183d4c15d89aa1
bae6c73d-c7a0-4fea-8ea9-11963c62f27f,simple_equations,equation_transform,verified_match,56,56,linear equation by finite difference,3ea2f08164e0e0caabd0734dc71f2da816de9a44087da26570b5398ab155f7e3
13d30b90-4783-4488-bc8c-875c0dec6e6d,bitwise_arithmetic,bit_manipulation,verified_match,0x365dd8ee84e0,0x365dd8ee84e0,safe integer AST,cc7aad5d3d67dd01482301c47bfa03b304b4cfcefadcef6182f1c375ed8835c3
d7c15d8b-e256-445e-be87-f031882af084,binary_alternation,bit_manipulation,verified_match,3,3,binary alternation swaps,4c6a1405535d72001b339869ed5fe904f96e762fd1a911f652d5c6bfeee8c9ee
4d16d516-033d-46c2-9ff4-0e3001d4176a,count_bits,bit_manipulation,verified_match,15,15,binary popcount,265b08d6135fd9cb116fd4f3d27224f1bed44b433c98d0928f21a8e8e51c9689
46186135-113a-4441-8624-c6afef67201b,polynomial_multiplication,equation_transform,unsupported,-832*x**4 + 3472*x**3 + 9120*x**2,,no local verifier for source,27d58f476bb93b29ee57fceb7ef98fe21f36c16985714d8a2122cd1f76553120
fc8a414f-6941-4b77-8c1e-b40a79b53f59,cryptarithm,equation_transform,verified_match,"C=4,F=7,J=9,N=6,S=2,T=8,U=0","C=4,F=7,J=9,N=6,S=2,T=8,U=0",provided mapping verifier,f740f3802fae795b334cd775fd94ae6f99cd6a3492c7ed3861f4eee206598484
f348c280-6019-4b40-8b3f-9188d59d652d,bitwise_arithmetic,bit_manipulation,verified_match,-0x18640,-0x18640,safe integer AST,3fbded9ac9ca6e8b1e696c6d743ad80309b9625814a716512fe097959aa0749f
37d2613b-dadd-4a9b-9c28-0c33b1420671,count_bits,bit_manipulation,verified_match,19,19,binary popcount,fa5de24269e5c45effbc89572837b76aaa6870139baedf3eb696fc7daea20ac3
0a69e689-94e1-4e9b-bf83-608a1d684850,base_conversion,numeral_or_bit_support,verified_match,4a,4a,base conversion parser,982561c4befd23e5d89132725fe58448f2af2871e8fd02e889b95004f55487d2
b8631022-02b6-4a17-ae9f-12d05a5f3bd1,number_format,numeral_or_bit_support,verified_match,606989240.375,606989240.375,numeric candidate comparison,d6fe85e9ce78eeb4273e166cc0d102f5cc802439afe91982c2ce0fc04bd83df1
4c4e0a3e-23b9-42f6-b7c5-97bbdf3d8ff1,binary_alternation,bit_manipulation,verified_match,-1,-1,binary alternation swaps,35d27a3aa50d4f170a5cae60b72c78df2caf1da2849b49087eb6a2adf1cde827
efc2f008-2a54-406f-af18-0cca302d57ea,polynomial_multiplication,equation_transform,unsupported,-145824*x**8 - 166656*x**7 - 352016*x**6 - 581980*x**5 + 168256*x**4 - 697354*x**3 + 234209*x**2 + 64400*x - 21160,,no local verifier for source,89f0ca8564a5d2bbb4ee19d1f5eecdebe96deabfb456061c419e755c63c41bf0
aba1085f-7bcc-4542-afc5-d0dc9f3bc8bb,simple_equations,equation_transform,verified_match,53,53,linear equation by finite difference,0fc55dba1ede9cb24b8b4cd5caf5ca721dd3946fb2aa2200dd9476eb40139c0f
f436a29c-f575-469a-9b40-12eacd6c202e,circuit_logic,bit_manipulation,unsupported,1,,no local verifier for source,713d50f81c28f220c4602f67ecfb1a1777eafb7b03e2011a49944a6384782406
b834560f-b660-4d77-8810-5bfce1b0b43a,bitwise_arithmetic,bit_manipulation,verified_match,0x31fd7268,0x31fd7268,safe integer AST,669e9427333350de56c6136a794972e90d70ca91b6beb869514b175e50c9d3f8
d8943ea4-6e14-461d-b562-a53cb5000b21,simple_equations,equation_transform,verified_match,37,37,linear equation by finite difference,79871871f61e2133801aa2ea2adb5a860934ba9fe07dcb7c3332f3348d0d16ea
9ac52bf6-1b5f-4525-a0dd-025e268e26ad,circuit_logic,bit_manipulation,unsupported,0,,no local verifier for source,63ea55fff7f999d1b316c068961d3e92aae620a5384d2171c1f3926fe84249b4
5375e9fa-55ca-4704-ac2d-c980455e4a09,simple_equations,equation_transform,verified_match,24,24,linear equation by finite difference,226c07d492f3db19deedd6d0d652261da775d122f9c482fb7c61f9a305589f1b
b04608f2-4fd1-477a-9387-d5323b328e7e,circuit_logic,bit_manipulation,unsupported,0,,no local verifier for source,3e3e7fd512d005f340c591da0344f58ea78db3fe5b872597159714b294569309
ffd48fe1-47e3-432b-84b3-54246aab20cf,binary_alternation,bit_manipulation,verified_match,4,4,binary alternation swaps,4a4fed1b54e288a600245578ae409907896066c5f254c35be2ee8af4fe33c42d
c8d84639-0f96-4034-99af-d48eabf507cc,bitwise_arithmetic,bit_manipulation,verified_match,0x7b1c,0x7b1c,safe integer AST,3ef4943d6eef7abd4d5a2c40ee39d32dc11d4ee016044c6d073819d2339aaa23
ed36191a-fd9a-4151-91d8-0b6ee6a84eaf,polynomial_multiplication,equation_transform,unsupported,-144807*y**8 + 27401*y**7 + 360367*y**6 + 70100*y**5 - 237787*y**4 - 85522*y**3 + 32148*y**2,,no local verifier for source,b815d952b0ba83e18aa325b13b27b42949f9b56f14882d477ccd51fec52e8fe6
897e2141-d496-426d-a448-4e6d9209c5c5,binary_alternation,bit_manipulation,verified_match,5,5,binary alternation swaps,73828a8c1ffe14292bbf0933eaf7c4a08e3c1a5f0bd9ce31be44693382332554
331a5187-37ad-42fd-9a0e-c3c53d369428,bitwise_arithmetic,bit_manipulation,verified_match,0xa97ea08,0xa97ea08,safe integer AST,0bec557ae25cd06ade1ba995eeeefb272d18c955e71640f76fec86cd385c7ce4
605e8ade-8b9a-466d-96e0-03321758e256,number_format,numeral_or_bit_support,verified_match,629589798.1259999,629589798.1259999,numeric candidate comparison,de089d805c08692b464977d2f2bbea51a9a2b3c230a844e35aec55c812868bb7
206af0f3-0d2c-4038-bc73-fd6da58dd379,number_format,numeral_or_bit_support,verified_match,679872398.4120001,679872398.4120001,numeric candidate comparison,70f012aa79ad00e901344b5069f623432b7b5fbfbff6769c97f2175043568c5f
6a4533a9-0888-46bd-afc6-53a2e589a86d,number_format,numeral_or_bit_support,verified_match,916367559.237,916367559.237000,numeric candidate comparison,c18e3dbdb89aeab87b26b65a481285eec730a154aadd9b2c7ec74e81b40c0a98
5c4b57af-8e7a-48cd-9800-058a73182f83,binary_alternation,bit_manipulation,verified_match,-1,-1,binary alternation swaps,ca1b83a10f2ddd9a27b7912e9e917599c0bb00a25b2471f3b970aab7a0028a2d
729471ea-c008-45ea-82b3-328f2bd54723,base_conversion,numeral_or_bit_support,verified_match,80,80,base conversion parser,52ac8ba0602de0102d7f6b360f8c2247ef980fb31dbfde552c5b9451a727b1d0
e8599dd8-8dd6-4229-8f19-ad89109a0f05,simple_equations,equation_transform,verified_match,12,12,linear equation by finite difference,dec975b190b0b435ccd2a9ed5274114fbb74238b0f4c78d360e041f3bc43539b
19429072-5e23-48f3-831c-1828bb98120a,simple_equations,equation_transform,verified_match,47,47,linear equation by finite difference,29236024fb93be19f1cc51d6e47c6684273725fee334628f32218c5a60a794f3
589c80fd-348e-4564-8732-687addbc5550,bitwise_arithmetic,bit_manipulation,verified_match,0x188b109c,0x188b109c,safe integer AST,a06d71015cf45c288912e1a0b1d1001454c43808babc50e0a6edbf9b1ca0e6d5
a7301912-aaee-423d-9892-c0966c1ea388,count_bits,bit_manipulation,verified_match,14,14,binary popcount,0c1a7027a97f391a2270bcd6faa012b5b5a5b44d2d9f1797cc9cd37150b14669
cf959bb7-d461-4e08-92e0-0030c84fd293,count_bits,bit_manipulation,verified_match,19,19,binary popcount,9ae51c04c278d8408e6066f08535053191dc4abf2e00690456f6f6c04b230d60
52f92af9-3a84-45d8-a8c3-6fa5abd916b0,number_format,numeral_or_bit_support,verified_match,332838182.546,332838182.546000,numeric candidate comparison,49928b8d02b3bd163ab80df9af49a3c2fed4fa0a1ba1fb272651819f2a4e6eab
8bb19fa8-a5e2-4af8-8e7a-f19658812ef4,count_bits,bit_manipulation,verified_match,13,13,binary popcount,34e8af756f7a526129ab662390ee06aeaba0251c00cec7efce30d6689e736168
f9567fe7-e42d-4457-b196-5ef952435891,base_conversion,numeral_or_bit_support,verified_match,41,41,base conversion parser,16476717751c4c187e9b0d9dc9927abb36331c0fcf76f7fefec56eca23e987b2
2b582682-b171-4fd6-951f-d53aa32c6535,circuit_logic,bit_manipulation,unsupported,0,,no local verifier for source,94f8e5075313984cf47333852ccaeb483ae2e8e98de55362c2470a6fbb3d76d2
491eeb63-f211-43df-b8d5-3b063a6d3b15,count_bits,bit_manipulation,verified_match,15,15,binary popcount,31f5c9d03b402c26ea0d965c06688543e35021beb98070f932aa9699f6a094b6
bc720c44-026a-4510-9cea-c9696218359a,polynomial_multiplication,equation_transform,unsupported,-504*x**6 + 4158*x**5 - 4566*x**3 - 4950*x**2 + 6150,,no local verifier for source,25c629cd367a7447de2ae4172bb05846eb963ce551297d829d14e36530f5c1bc
8b62ea98-8b1a-4d76-827e-dc753a1e5961,binary_alternation,bit_manipulation,verified_match,-1,-1,binary alternation swaps,b1ccde20e6dd52494d93a40dafef42209140f1e55d0b0196c9f49c287c3d2429
39b71158-5ee7-41ec-9fcc-26009390ad0f,bitwise_arithmetic,bit_manipulation,verified_match,0x1436ea1c,0x1436ea1c,safe integer AST,a37e5e7a28e7c14ebc0841054ab263f637e15c18dfe7117956aa9d2868f4418f
a0642789-3702-4395-bce1-f00681e72436,simple_equations,equation_transform,verified_match,3,3,linear equation by finite difference,eb236ce79b1f98433a7aea9359a5e7986cb6929b2f243efdb31208e7c3bbad46
d5fbdf5f-d358-426f-a3f2-3f69e897a915,number_format,numeral_or_bit_support,verified_match,894112734.625,894112734.625,numeric candidate comparison,400aa670daf9b3a5e08b66a117b538a9877702f9c291232df259c7d7567798d0
cb5b336d-e61b-4c7e-b8d5-805c5830e9cd,bitwise_arithmetic,bit_manipulation,verified_match,0xca30,0xca30,safe integer AST,44a81aece5cf5d4bcab51b33abbbbafdaf2f72840146f34eb7734e1463d217f6
3a935b3a-b496-42d3-b266-3cae7f7bf4f2,polynomial_multiplication,equation_transform,unsupported,106488*z**7 + 238527*z**6 + 11376*z**5 + 451620*z**4 - 37224*z**3 + 192357*z**2,,no local verifier for source,8fbe10a1cd048b3d211ff754ea10f7e12d442911b1e8e4bc7f090efb02fd35f5
54cbf0ca-afd8-44b5-818d-b36579284c31,simple_equations,equation_transform,verified_match,6,6,linear equation by finite difference,abb9793fc18ad5ab47f273642f439e276d9cd8e334de9470fe08151f87157e72
4ba415a9-c338-4672-9309-b02fe43e34b1,polynomial_multiplication,equation_transform,unsupported,-22*z**6 + 781*z**5 - 54*z**3 + 1917*z**2,,no local verifier for source,1d7bf58b795908a8ba2cb2fa2b0c5cacd3afb23fcb468dbfb6208009c6b0b943
7026364c-0269-4641-bce0-4a66158ba9da,circuit_logic,bit_manipulation,unsupported,0,,no local verifier for source,363dbf6e30f8b134ff2b2cbcda7796a1be882c999d958ff92eef61b63b3feb0a
264b6271-60c7-4281-b070-9095e09b8744,count_bits,bit_manipulation,verified_match,16,16,binary popcount,8fa06c363bcb761a6fd9f7c2781768d8c576d9c406965bb96b61749518e3be7a
d09adc7f-dda8-4beb-ac05-cae3931ecb7b,count_bits,bit_manipulation,verified_match,13,13,binary popcount,e9b088b1fd36b2ea5e6b1e71656927640dc3e1785d724be27a91532c09eb6c09
a7152c30-c153-49ca-9194-387b17ad0345,polynomial_multiplication,equation_transform,unsupported,-6370*x**6 + 7393*x**5 - 3547*x**4 - 4390*x**3 + 2573*x**2 - 1245*x,,no local verifier for source,40b76658d014e05b9d10e036097cbe1c65b6ba04223055711ab054aa0210e101
a5374f8b-ebfd-4480-b04a-f31057fe6e47,binary_alternation,bit_manipulation,verified_match,2,2,binary alternation swaps,8c56da0bec645f2e004edc2f1182acb392ce05aef1500895e2a0f5d12b35cf29
1817393a-b8c5-4caa-9fe3-41556d56aac3,circuit_logic,bit_manipulation,unsupported,1,,no local verifier for source,f326d71d707f1274e09b13a3abafad94c169d739e5b38201e588bcd7e99334bb
9f0c11e6-92a0-401a-884a-851b2b8cb366,bitwise_arithmetic,bit_manipulation,verified_match,0xad10c58,0xad10c58,safe integer AST,17e847b7942d612dba320185d22911b24c99e057832663f95be714a804b5c2ab
ee1dd0b5-d448-48f9-a0a1-fce8f48e79ed,bitwise_arithmetic,bit_manipulation,verified_match,0x6268f25,0x6268f25,safe integer AST,da4006f57d4ec1fd9d7389d650ecc149147ddeab6864e0a0ea49917e0f2c887f
f0e3e921-9d6f-4d42-86af-e45b834ca8b5,count_bits,bit_manipulation,verified_match,15,15,binary popcount,71a2608b97336e625a3fd6bd9df68e35bad8c90132a31d4f806e25a79013b023
a9e731cd-6465-4bad-8e3b-039edcafa864,cryptarithm,equation_transform,verified_match,"B=3,C=9,D=1,E=8,F=5,W=7,Y=6","B=3,C=9,D=1,E=8,F=5,W=7,Y=6",provided mapping verifier,bc7564c64d2b7764a16e9f42b0727dc836078e748ebc3599a47076b3632d8678
05e3db99-4c57-49cf-9cc3-2360f264bcd4,circuit_logic,bit_manipulation,unsupported,0,,no local verifier for source,d90db34a4da752514c9798e613e5f4f14432240260e41005145def5234ee16cf
a0543bf1-5d15-4b63-8c6a-f145e868a8d8,polynomial_multiplication,equation_transform,unsupported,-112140*z**8 + 156996*z**7 - 55500*z**6 + 120687*z**5 + 28560*z**4 - 18709*z**3 - 10948*z,,no local verifier for source,fc61f9e801c262b82294e8c406ba9864670ca8910f5d4683adec683ad784540f
a87e25c0-8a0b-4f83-a7c0-bece1d7f05d5,number_format,numeral_or_bit_support,verified_match,971238736.622,971238736.622,numeric candidate comparison,eb4bb85780722c4042c6462851ee73eea2d18f8120935b02dd7a7c046c97cdd5
f9356c60-9357-4625-8cff-f76dfd67360d,base_conversion,numeral_or_bit_support,error,1010100100,,ValueError('base conversion pattern not found'),73022833f79b564d15e3ceac9bc00bd6efbcc8a323dcac35bba2ca5e543761d7
471dee26-9874-41ec-9cf5-88593a731fad,bitwise_arithmetic,bit_manipulation,verified_match,0x805c,0x805c,safe integer AST,3533ce3c0087ff9253e91fb2a7d9427d3d0d7c3bf99cdeb9415135251b0169f2
142faaa4-051e-4e5c-ad7e-e873cba9faa7,number_format,numeral_or_bit_support,verified_match,742348379.202,742348379.202000,numeric candidate comparison,57a674b92d60c2992e8dffa84ed5520063012f4a0a2a0edb54da44a305de4c7b
b2186a9b-2f3e-4de9-8c40-a909cdf0b3af,cryptarithm,equation_transform,verified_match,"A=9,B=8,C=7,D=3,L=4,M=6,V=5,Y=0","A=9,B=8,C=7,D=3,L=4,M=6,V=5,Y=0",provided mapping verifier,e0259c52ab525eafa3570cab98d3a27065bf63e9d562b97f86e68fa7ed05ef55
756570ae-a102-4eab-8b27-ff82a8018460,circuit_logic,bit_manipulation,unsupported,0,,no local verifier for source,63efefca8a67270babac3a5a8b3695a79712cdab516a5326364e8e1641087129
b49a6930-4377-4074-b2aa-47c155675032,number_format,numeral_or_bit_support,verified_match,764951647.621,764951647.621,numeric candidate comparison,f927eb590104bb28b10bb50dfe70b1fe45ea411ab91578f175d8f19279bc3533
d593455c-70ea-41ca-92d7-f1ce66cf946f,base_conversion,numeral_or_bit_support,verified_match,2111,2111,base conversion parser,b63e116c2d524a8352337e2d6fd7625293a8533c6ad18e5b40a0758510412b25
b48d50a2-b6b5-4f22-a59a-98f728c48168,polynomial_multiplication,equation_transform,unsupported,495*y**4 - 525*y**3 - 315*y**2,,no local verifier for source,f9a73fa251fd4c5002895b5e944f3d0b40bcab35b55062e4779c0998cc16e3cb
c0637025-de9f-4ffd-a258-5464374d6be1,binary_alternation,bit_manipulation,verified_match,4,4,binary alternation swaps,47d74a2b84e53e6ff30214884510cfe6c70cdd97e6dc77135488ef100c1ca24c
eb431436-5fe6-4e87-8a09-5d5e2f87dc71,polynomial_multiplication,equation_transform,unsupported,3320*x**4 - 4017*x**3 + 30*x**2 + 352*x,,no local verifier for source,60dd68e7a9405172436b14aabde574f16af933ee985cea37df0a4ec611950cc1
dd4a665e-ddee-4af8-b231-cb852c6d9f71,binary_alternation,bit_manipulation,verified_match,-1,-1,binary alternation swaps,75262c9ffc65cb80e3b239d30e87eed1b89e211df8958a82b66b367af2a0e540
c0aade38-ffde-45f1-880b-17ebbc80a53d,count_bits,bit_manipulation,verified_match,15,15,binary popcount,f6b35df997ed147be16fe9260c6f14939aa5801dee72215a96fd3c2a87c3500f
54b04e22-d98f-4c79-ad98-71570de13f63,count_bits,bit_manipulation,verified_match,15,15,binary popcount,ffc3d6ed09fe86bd473f0d0bab3486155ff3cc0475a5f9a2443873ef3bbb1bba
6af468fb-6567-45fd-ace3-f23588d52cad,base_conversion,numeral_or_bit_support,verified_match,27b,27b,base conversion parser,6babe7d61402d7e44b4d947ed7a137bcd925321e0e12783202ffe0aca209ade9
8b93500e-4d54-455f-9221-5ab8df1d14a3,simple_equations,equation_transform,verified_match,26,26,linear equation by finite difference,90e39bb18d21d93bdaf28ec60e96c57f5210f29f991dc1cbf7d08f867045b8b9
9c12aa00-3984-45c4-a862-f7de2822771a,polynomial_multiplication,equation_transform,unsupported,90*x**3 - 3270*x**2,,no local verifier for source,f36ee7c38ddef1900e7a1d776fb1da327225ff36b0f99daa05831c18a772e160
9dafddf3-ec72-4722-9c89-ece9ca1efbe7,bitwise_arithmetic,bit_manipulation,verified_match,0x3f840,0x3f840,safe integer AST,197957368fbbe741acef53162b40d732633d7534de7f79892dd6541a34a716e3
35485540-e1e7-4da4-a5bd-028ca22a0b34,circuit_logic,bit_manipulation,unsupported,0,,no local verifier for source,afbd31a3e8575902de931551f1bb88ba33e22c190774b2023fda107a88545b95
d8ba251b-6393-44ff-b0c3-57672f2ee23d,circuit_logic,bit_manipulation,unsupported,0,,no local verifier for source,314c1c11f38e60ea1fba107a38851318d33723033647c48fa4f9e85d4cb99aea
da4ce750-095f-4339-92eb-2f7518f6a8e3,polynomial_multiplication,equation_transform,unsupported,-354*z**4 - 22302*z**3,,no local verifier for source,27dc45f9361d7022ae5511473a16675ceadad9fd4311229f89f674138ffacdf2
dd219ac8-20f4-401b-a743-615360f74ef9,polynomial_multiplication,equation_transform,unsupported,-59*z**2 + 2419*z - 1239,,no local verifier for source,bce2600a2379414e1b2ed3724d671c0566b4a21557332af44771d5e61f939060
07846aaa-a162-4338-9cec-87fe576f0cd3,number_format,numeral_or_bit_support,verified_match,14690257.379999999,14690257.380000,numeric candidate comparison,d7a9985e5a35c4f62acbef38e7b32e36f7680c29185550f1ed4c8161eab14b0f
e566a600-6570-4341-8b64-4128a9307c8e,count_bits,bit_manipulation,verified_match,10,10,binary popcount,80b4eac4c794e6e86d0115ecf12e9072bfa609ea61241acf17ca5b98bfcf6129
2dc82329-2a90-4b06-9455-9e015ac6819a,number_format,numeral_or_bit_support,verified_match,101418368.347,101418368.347000,numeric candidate comparison,692285ef033fd89ed783db5a9abb062aa52156ce60fe3002e75541e65461e068
0f73c63c-d84c-46b6-81a9-213613330b5b,count_bits,bit_manipulation,verified_match,13,13,binary popcount,6db85d66160e42f3ddca5e1df6cb03eae2d98b2327e72e3b492cefb0b02bbc6e
144fdc6c-19d9-4814-9bad-44a73ed35ba4,binary_alternation,bit_manipulation,verified_match,2,2,binary alternation swaps,3f1a52b3ffda549f6fe2a1dd76f434a2fdbdc75a081f108bbf044bce4d654eb0
60550f0a-1d4e-4e02-ad19-91cc711bb6eb,bitwise_arithmetic,bit_manipulation,verified_match,0xc0fc0,0xc0fc0,safe integer AST,12a427d3e089725889e4ce9f43a239408ddcc1f5f7e8edece9e497dd192777c9
47b85ff5-9dda-40c0-8faf-ac4d1e3f42e4,bitwise_arithmetic,bit_manipulation,verified_match,-0x3adea,-0x3adea,safe integer AST,6d537915d1ad713e5a96f64576a610dcb3a84170b2e4b2888bada046c371901d
bfe1dbc1-64ea-42e5-ae8a-e118b9155648,bitwise_arithmetic,bit_manipulation,verified_match,0x1c317a55,0x1c317a55,safe integer AST,2aea0aa5ed0a79eb75c8da128012eaf67a356933c6123bc8fc92c94bee93af27
24e3df37-0857-48a7-ae76-4ce46c611c16,count_bits,bit_manipulation,verified_match,17,17,binary popcount,0453496da91ac0c1cbb7959386bbb96a6991a33b7debfd19815f8b4cf90136ef
d872c5f9-f331-4a92-a80e-52d083d0e31a,binary_alternation,bit_manipulation,verified_match,8,8,binary alternation swaps,4a1a1f5a81e0e25f8cd429391031f0e94baa0c2d132fc4e68e3d04fc9d97b568
43c59017-ee7b-40c1-b40a-23ef259e6d1f,bitwise_arithmetic,bit_manipulation,verified_match,0x6f7391952780,0x6f7391952780,safe integer AST,aca1c20cafdef10489cd0474745bec7cd5aa99b58ec9a00923718c747f754d80
a225ce5c-dd93-4c65-9df0-eaa656c5ae64,cryptarithm,equation_transform,verified_match,"D=7,E=6,G=9,H=3,J=4,M=2,N=1,T=0,V=8","D=7,E=6,G=9,H=3,J=4,M=2,N=1,T=0,V=8",provided mapping verifier,372e0e20abef9c6a1c353b2bcf1e0662e3b3023611c0ac9ba403f6f5455ed5eb
5ca4bfa0-a0ef-45c7-be8f-97867dd7786f,bitwise_arithmetic,bit_manipulation,verified_match,0x93c0ea040bc,0x93c0ea040bc,safe integer AST,45cd1c2f98e97a6de78fc8774151d99800a5905eb9c55e0a6f6cf634a8052837
0c1486d4-547e-4885-9561-3560aadbe580,circuit_logic,bit_manipulation,unsupported,0,,no local verifier for source,5bcf5c3a6733a9d7ce7ccd20f0c92bc835fb2092f7a337260429fcebd321dc1b
2559217d-561b-4bd9-bec9-8d1e9765af89,count_bits,bit_manipulation,verified_match,17,17,binary popcount,a8348fe708df92e0ddce77b2c147f66d9db9adfa06d7fe565233f03ff47a9b4e
c3152837-8bb8-402a-ac53-429e79552642,bitwise_arithmetic,bit_manipulation,verified_match,-0x31cc,-0x31cc,safe integer AST,b9d06544e50dd80609fc37eaca277168d0569269622c41198aceac14b33a5f20
05e4bc6d-4dab-4a10-8bb3-81b6e52a8adc,count_bits,bit_manipulation,verified_match,18,18,binary popcount,25df58b0e1eeba894c2d2676d13c31bb6732a6dd0351c44d1aa2aef532f30158
852f75bb-0281-4311-b4c8-007e07aaa572,simple_equations,equation_transform,verified_match,99,99,linear equation by finite difference,6f8d8c0599846e788c7617b2fd95af336fb187eb5b2e7fa060b42face13afb97
fbdbf460-bfa5-4ca8-b57a-3673d6ab2d0f,number_format,numeral_or_bit_support,verified_match,79155735.16999999,79155735.170000,numeric candidate comparison,c29108ae215d1d92f8db9fcc2ccf70b37cc55490fe3ec7e59dba818a5c6fbebc
0159accc-bd32-4469-985e-af2272afebb4,number_format,numeral_or_bit_support,verified_match,613476471.846,613476471.846,numeric candidate comparison,abed4d39173345f39f3a5629ae142cc9cf05eeee97da731853703fa5fc346c3e
682fa333-8fff-4055-92db-ab32d341ca99,simple_equations,equation_transform,verified_match,66,66,linear equation by finite difference,6bfbf2da0243801a3cf8a188901cd215416cafff34628eb8d02e79842d3b470a
843e72f4-4763-4015-af48-2376ad156d61,number_format,numeral_or_bit_support,verified_match,457600601.646,457600601.646,numeric candidate comparison,51d0d964972446c27f2d60a934239f5e830b26393681224d6f9ab146521e22ce
2d14303b-4f35-4105-b623-0efedca38681,bitwise_arithmetic,bit_manipulation,verified_match,0x12f6,0x12f6,safe integer AST,967c9cffc0a3227b2ea72640d6f6899d9b733cf3e851b9a174d1ecc2e9eb2019
e8753e14-218f-4211-b1cd-a587b6270f0f,binary_alternation,bit_manipulation,verified_match,8,8,binary alternation swaps,744de8b583c4bcb5d1894916bcd97f5a9ee849fd89ce4d9c05f986fb299394ca
a83f4cdb-3e2b-41ab-9939-4074a7caab4d,count_bits,bit_manipulation,verified_match,19,19,binary popcount,a646b29fad66d9a836bcf657712a27022e12bb9801840a186772cf641bd71fdb
2d1bc80e-17f6-47e8-8f83-7ffdc85d440a,base_conversion,numeral_or_bit_support,error,308,,ValueError('base conversion pattern not found'),d5a416824e1e4e8f213f9a258b69332747992a2d41886bbbec45f57b8d8ee2a7
ed6605b6-b864-4aec-bad9-c5b679e62f0d,cryptarithm,equation_transform,verified_match,"A=9,F=6,L=2,S=7,T=5,V=3,W=4,Y=1","A=9,F=6,L=2,S=7,T=5,V=3,W=4,Y=1",provided mapping verifier,b4f528548f47295c75b3cebd469bb4a654e967df1afa3aaf51a8e824983ca232
3ea6081f-6f3e-4630-b99d-dbcc9a0c92ae,simple_equations,equation_transform,verified_match,43,43,linear equation by finite difference,5617845ff151a922c5d6ca4afb43025719074b94e2a2d6e8e36f5b53e82064be
25926f32-e64f-4d95-b4ea-5bfec1f2b0b7,binary_alternation,bit_manipulation,verified_match,-1,-1,binary alternation swaps,20e46df59a379b81d6213694238b76e24f908234620a50f473c5e88a8731539c
6257032b-e162-4e0d-83b8-d5284f844aa0,simple_equations,equation_transform,verified_match,83,83,linear equation by finite difference,3f900839c0a9211f2a39a4d0e308b6c29191480b077ce1b89b6cd0b5be6be8f0
2cd667f6-6b45-4e2a-b462-ae19c7ea69eb,binary_alternation,bit_manipulation,verified_match,2,2,binary alternation swaps,400e7fb1d4fa7be0d70db17326834c1848c7539b66e8587b7b3c1c887fda737d
4e17ea19-e756-4342-832f-be7940638c12,simple_equations,equation_transform,verified_match,66,66,linear equation by finite difference,6e1019bf01aa9551cb5dbc0e3ceb4b67f02aa1ae2ce3b97cd58a5fc9372aad77
194e6b3f-3b62-45c2-ba8c-1921dfd1dd5b,cryptarithm,equation_transform,verified_match,"G=1,M=2,O=7,R=3,U=5,V=4,X=8,Z=6","G=1,M=2,O=7,R=3,U=5,V=4,X=8,Z=6",provided mapping verifier,f02544d6a803ff560f3d674e60b107d2911cffb58d80d3a2289558e92becd7e2
617339ca-3737-4f09-af6a-092b973351cf,cryptarithm,equation_transform,verified_match,"A=7,C=8,F=4,G=6,I=2,L=1,U=0,W=3","A=7,C=8,F=4,G=6,I=2,L=1,U=0,W=3",provided mapping verifier,aaf1232a6382bfebb23a82fcea6e847b6bb57dfbe6298390e372f856545d49d3
60c1dbc9-9273-4133-af1f-76468e69c4db,bitwise_arithmetic,bit_manipulation,verified_match,0xa63,0xa63,safe integer AST,ab9e2b893ae654c8bef889350509ab8c22fb9f93b1c274b750500ab93c67545f
cfee4719-e448-4a53-a837-8e9f8417488b,cryptarithm,equation_transform,verified_match,"A=0,H=3,L=7,Q=9,W=2,Z=1","A=0,H=3,L=7,Q=9,W=2,Z=1",provided mapping verifier,1e9ff0224a7d299eb23a335a5d9b0fdaa19e84ef7ad7141ef453597d6242c27e
6a8eb1c2-1792-4abd-9c94-ccd7c2fab73a,bitwise_arithmetic,bit_manipulation,verified_match,0x3b201476,0x3b201476,safe integer AST,ce8cec205abd6e99e241e730815a9de72a28913f62a1407a157ccf083cc783b7
0e0e07c5-de3a-4cc7-9f9c-f5cc7d5d56c7,base_conversion,numeral_or_bit_support,verified_match,470,470,base conversion parser,73264be1b25e90223bd170aeedaee25d8b52ddb4eddf0e8239f82a60967e1b68
ef071850-b7fe-49e8-a504-7e3bb53a8001,bitwise_arithmetic,bit_manipulation,verified_match,0x1fb0a,0x1fb0a,safe integer AST,6c22cfddf11c0faa3672cdd6c382ca269630b77efcf214f70217522a81f64627
099d74a2-bbb6-4fce-8bbf-29959bdf58bd,polynomial_multiplication,equation_transform,unsupported,24016*y**8 + 144254*y**7 - 214553*y**6 - 495042*y**5 + 314997*y**4 + 476008*y**3 - 54054*y**2 - 85176*y,,no local verifier for source,75f3c8c4beb4aae19c2362357a19410b1f5847d66cf648afd04aec0d4c2391c7
1daa2fbc-ab23-4164-8928-c0ac0043c2ff,polynomial_multiplication,equation_transform,unsupported,437118*z**8 - 1165648*z**7 + 570652*z**6 + 315040*z**5 - 186160*z**4,,no local verifier for source,04925cd77206bdba6059c5f5149a57ba7a77e022056f17566c2a8d87c9199cae
c1dfca57-8ce3-4f28-bae9-0381105ace90,cryptarithm,equation_transform,verified_match,"A=1,C=2,D=9,M=4,R=5,U=8,Y=7","A=1,C=2,D=9,M=4,R=5,U=8,Y=7",provided mapping verifier,3a7750f39d95a49391456d6bf3eb0fe43fc29db7a8a0ddfac7f314dc383c1624
1bc175c1-1194-4209-bc39-3fcf238c858b,circuit_logic,bit_manipulation,unsupported,0,,no local verifier for source,e29aeca6cc767acb8139f07054a2c932f6cbce184775e1e488a7ab24c5dc676a
1e4177d7-724f-445b-b439-0ad4613ceebc,count_bits,bit_manipulation,verified_match,14,14,binary popcount,5e01f933729a592fe11a342655dae707a21c4aa878a163179b76f7cd7d2dd753
da9239ff-5789-49d9-a7a1-a7cce789c26b,count_bits,bit_manipulation,verified_match,14,14,binary popcount,502d5e869667f05c522509575665a3596c6145931deb0834be5a53ae6b1c83c1
b8d269e2-2917-4c34-a003-c69bfafb11c1,cryptarithm,equation_transform,verified_match,"B=2,C=0,E=5,F=7,I=3,J=1,N=4,V=6","B=2,C=0,E=5,F=7,I=3,J=1,N=4,V=6",provided mapping verifier,1b692a3ebf7422df9887d4624e40ae1ab72ccf6126d7e7b7f258ca4c18d64406
65cdfe15-fffc-4214-819d-49784cc1ed27,count_bits,bit_manipulation,verified_match,18,18,binary popcount,7d203602e748ba19f7372ebe58d5be9a955248800c32704e267da0eb7552307f
518500a3-d371-4dd7-9e3d-41ffe682f90c,simple_equations,equation_transform,verified_match,19,19,linear equation by finite difference,ead40c95e01ab74bc03382c37de087c7bd5b769f4eae8185b7e7695c27e6970b
7b76af85-1230-42e2-b9ae-3dec2e855b4f,number_format,numeral_or_bit_support,verified_match,932268351.334,932268351.334000,numeric candidate comparison,2d1378f063d70e21b94e696ed375d46d195894a48da09674e495f1e194366296
df1acfef-8839-49b1-b578-809791fd0fc2,circuit_logic,bit_manipulation,unsupported,0,,no local verifier for source,257d21adb0ae9f5eb07793d2b4c19ff816a900bf606c4c9ca5b9f08cfa17582d
8e44d5c0-44e2-4ea8-b2c1-b14613bb837b,number_format,numeral_or_bit_support,verified_match,273106988.624,273106988.624000,numeric candidate comparison,495b391f169e4b4584247c3ad603835cd093c88ca350c7082004dba9ca1774b4
3f5a077f-3f05-4b55-8d48-29ff81c8d4b4,count_bits,bit_manipulation,verified_match,13,13,binary popcount,9ca3911241094b8ba4527f75409306b455402ca1a451d69901b57ec366b9c44d
c65c4880-7945-41be-ae13-1847038e90a4,polynomial_multiplication,equation_transform,unsupported,9880*y**6 + 6840*y**5 - 3640*y**4 - 2520*y**3,,no local verifier for source,4471d564e1dcfec041e665a366cf8cfe95396882d1aef3405a333e4ee0cc2790
8df391b3-9660-4011-8fbf-4fb4c7798b50,polynomial_multiplication,equation_transform,unsupported,875*z**4 - 150*z**2 + 950*z,,no local verifier for source,54cb5cb3ab5cdc99cb03e08974160466b699239bf1933d071e06adec90d320fc
4e9fb82a-1e1b-4039-afbe-76fa4b5c6632,number_format,numeral_or_bit_support,verified_match,608257158.602,608257158.602,numeric candidate comparison,eca4c3fee70731f2509927ee91a77f41133c78d95aec6eb1f814566e74de230c
6364e12e-1cfc-480a-9bcb-d9f4792fcfb7,bitwise_arithmetic,bit_manipulation,verified_match,-0xb96,-0xb96,safe integer AST,4f5cd11149de0cb7e0cb5d9111306023db4a2b9a2bdb86d3f113d2a3714dd6ea
8069894a-727c-42e0-aa81-4d816073b4bc,cryptarithm,equation_transform,verified_match,"C=5,G=1,J=2,L=6,O=9,S=3,V=7,W=8","C=5,G=1,J=2,L=6,O=9,S=3,V=7,W=8",provided mapping verifier,c9508d9401a513ec9d4006c106e6a77f2c2f20b57c88edba3cefec4835a2f1bb
dec8d60a-73e8-481c-9ffd-4985af7e613f,circuit_logic,bit_manipulation,unsupported,0,,no local verifier for source,4597c192c0d8b07c9971612455f186acca545dbd12d0c4e525e48df05a9de76f
007ad253-229b-40d2-b8a3-aee9aa0d575e,polynomial_multiplication,equation_transform,unsupported,3822*x**5 - 2191*x**4 - 2646*x**3 - 4788*x**2 + 5586*x,,no local verifier for source,c5d9909bffea12e9539659a5266f5d8a67a2341b1b8d28c5be3fb68309ef1892
42f87ca4-7d5d-49c8-a337-0652253ce256,number_format,numeral_or_bit_support,verified_match,125623903.542,125623903.542,numeric candidate comparison,32fe459f92271d0afac0e4673e8444360eaba574e56d418842be281db5d42b19
c0c9188e-460a-45b8-b57b-2c6f61e41506,cryptarithm,equation_transform,verified_match,"C=2,E=6,K=0,N=5,O=3,Q=1,Y=8,Z=7","C=2,E=6,K=0,N=5,O=3,Q=1,Y=8,Z=7",provided mapping verifier,4b314bd5fbc03086e56b33bf0c446380428d61655c9a5dd774e498d10eea466c
d7342d77-3fad-48e2-9865-725d2f193571,bitwise_arithmetic,bit_manipulation,verified_match,0x651369b6b800,0x651369b6b800,safe integer AST,27d7927c145de7236957660651f45e22be5ca0ed53c868f04285eb6183d36989
bb326bd9-e376-4540-89da-fc0fad633397,base_conversion,numeral_or_bit_support,verified_match,3343,3343,base conversion parser,ec427bd732b78f403511446ae4c69626b20dbb7561dc78d267b591941ad2d7e8
ac28163f-f86a-4695-83df-513e27e4552d,count_bits,bit_manipulation,verified_match,17,17,binary popcount,1ac21817c665b89ccd1d7f9772ac0bcc4dc625dbfd749e978552d606b25b6bff
e3dbd97f-95fc-4af8-b62a-474faa4bc453,binary_alternation,bit_manipulation,verified_match,5,5,binary alternation swaps,f3cb49776b1d6161bd59b2afe8f3cedbf63ddf75be2b990b109fa049ec089d7c
be1db423-a67e-4b4f-acd0-d7f3a08b772a,binary_alternation,bit_manipulation,verified_match,5,5,binary alternation swaps,d721d66ec55bf99c22906f6efa5bad65820bc65ac48de5bde7582fc800cf55aa
e63804f6-07fb-4fe5-9f49-388497160824,cryptarithm,equation_transform,verified_match,"A=0,C=4,D=9,I=8,M=2,N=3,S=6,T=1,U=5","A=0,C=4,D=9,I=8,M=2,N=3,S=6,T=1,U=5",provided mapping verifier,280c582e0061ac7b6b3d56fa159cfa93c301f7f2579a6f24b85f278666dbcb81
9004666b-a4f3-4092-9673-df409a321620,base_conversion,numeral_or_bit_support,verified_match,23,23,base conversion parser,696823ca171eabc48d69f6d794cf87c5a230c02e7169a93d4e37b12049243d14
74859a61-1d8a-4535-b1e2-be9048ab697c,cryptarithm,equation_transform,verified_match,"D=3,E=6,L=5,Q=2,S=9,T=0,W=8,X=1,Y=4","D=3,E=6,L=5,Q=2,S=9,T=0,W=8,X=1,Y=4",provided mapping verifier,7af3b6d3c814a2446f3c4bbaa642567571971d8fbd2f5f801aec6ff30836edf7
26166a36-0d4e-4fdf-95f0-c771d9d09061,count_bits,bit_manipulation,verified_match,15,15,binary popcount,6543527f791bdef9a7ed85a101791cbfa08c9f15b8111627f1b63c04acd07584
75a81472-a7ae-4cd3-9c8e-467eaff4a8e6,polynomial_multiplication,equation_transform,unsupported,-287*y**5 - 518*y**4 + 4182*y**3 + 7548*y**2,,no local verifier for source,1b8860e43cf9b0aa8b0bb2cca1120450b19054033252ea91485fb798d45b9fd2
07d7a947-8a2c-48b7-b7ef-8f86435c327b,number_format,numeral_or_bit_support,verified_match,503294644.391,503294644.391,numeric candidate comparison,6f2f9c24cb4ebf54e2ecff3457b783318c4371fd38281e5474900a3e89ebfc70
f7e74275-f56c-4b35-8c58-f439ac29c367,circuit_logic,bit_manipulation,unsupported,1,,no local verifier for source,99414246f556f6498eb012a9ed1033416dc44396de3ef8bfed8e0d8d29908ed1
52c9daf1-5393-46fb-a74c-effda93deab9,bitwise_arithmetic,bit_manipulation,verified_match,0x1b6bb,0x1b6bb,safe integer AST,25053d7ce7a8200c155ac40ba69f4c59496bfe7831202c22ca565da9d28d0a50
2516cb9a-0df2-4d04-bdac-a9137f052cd9,cryptarithm,equation_transform,verified_match,"A=8,B=0,C=4,E=5,G=2,L=9,M=1,Q=7","A=8,B=0,C=4,E=5,G=2,L=9,M=1,Q=7",provided mapping verifier,2974c1eecc8d36de9078a55637109cca094027a7067be870ba149e486920a74d
1feec5ed-9531-4128-9677-8f1caaab0b11,number_format,numeral_or_bit_support,verified_match,324686899.402,324686899.402,numeric candidate comparison,f7d41360c7d293f3dbbd41e3bbe34694a50af3708e15fe7e07d199d8b6e93eb6
55c8b365-108f-4fb0-ba14-e5d326109a47,circuit_logic,bit_manipulation,unsupported,0,,no local verifier for source,f4616447b259dc71238cc68d2ad921e9e1f37b81b18fcb20b247d0c5c9ba0587
9d6ed6c1-d60f-4324-b3fb-43c9e5af7232,number_format,numeral_or_bit_support,verified_match,454614559.233,454614559.233,numeric candidate comparison,7f0294c87181e82a634f4612e02d565107c6b8ec3ec340c3ba1a16fef292aadb
d5cff3bc-2ad8-4adc-b51b-0cfa6ec99970,binary_alternation,bit_manipulation,verified_match,6,6,binary alternation swaps,0711e0f41aad59d5cbdcf25bf4d90f92bbcd798cc9cfdf33b28342213da3d772
bf1672b5-df26-4add-b3c6-f531770044a8,number_format,numeral_or_bit_support,verified_match,317208143.361,317208143.361000,numeric candidate comparison,e4b3880272fd0458e4e7e5cab284c0af83d1aec6cd1f4a670cde1444b9cdc190
cf004ba1-174a-4c76-a429-2384cfe27bb6,count_bits,bit_manipulation,verified_match,13,13,binary popcount,7b946b7e395c4bdac1012a00ee8b7bcdaf9d3ff0886c95e03f7bfc7ef76d6f45
b132cf39-2cb4-4e24-97cf-4ecb2c4c7a11,binary_alternation,bit_manipulation,verified_match,5,5,binary alternation swaps,dc5a08ba92f4ab3e289f97c1b9e19f12fe30c2298a6d05e68d8792e5ae308641
648910ca-dfa2-4aee-8ca4-7b7a39cf035d,bitwise_arithmetic,bit_manipulation,verified_match,0x2945,0x2945,safe integer AST,6fc428ee261daac84cccf0bab25eeb7688575bfe87f5e2a6fbdc6de511343b36
3e6ce20f-7850-4abb-bf7e-58d53d0a0eab,count_bits,bit_manipulation,verified_match,14,14,binary popcount,cbe977643c5e5b63115e579f16a7c8c76bb1f823b4958f9bec80ab14b5f5f0a5
2e961421-8059-465b-a7e2-64833a2734e7,polynomial_multiplication,equation_transform,unsupported,49200*y**7 + 337840*y**6 - 599256*y**5 - 137408*y**4 - 580920*y**3 + 1030428*y**2 + 90804*y,,no local verifier for source,59cbf905de7a1be3b00f1b202778783b16d3e9048163f800c09f7b3b7e9c9c64
d236388e-7256-4b34-abf3-d670d62dd498,number_format,numeral_or_bit_support,verified_match,929158511.0159999,929158511.016000,numeric candidate comparison,b969824f51d09457a0f51511d0e0e79ebc39064739872eeeb80040cb548052c8
036d14db-1650-472a-a35f-d394ea206662,circuit_logic,bit_manipulation,unsupported,0,,no local verifier for source,35dfaed89efd31e4d80c49dce18f74a8a61b32032edbdb19a46ec16692066333
196969a5-5469-491a-80f4-6e140a8ab470,cryptarithm,equation_transform,verified_match,"A=5,D=9,E=8,J=2,N=1,Q=7,U=3,W=6,X=0,Y=4","A=5,D=9,E=8,J=2,N=1,Q=7,U=3,W=6,X=0,Y=4",provided mapping verifier,5bfd51a3b14f4decd393c05f4c3c9fe400f4563d0668030be53d8000de9f70a5
ec50d0be-2246-473d-a9d0-3918dfde971c,polynomial_multiplication,equation_transform,unsupported,1056*y**4 - 88*y**3,,no local verifier for source,6aa0b101b22501ae71e60a6f9a30afb18e871c97e2902b94b3e3440420f0289a
23ecbb9f-d059-4915-a6d9-c92539f08352,simple_equations,equation_transform,verified_match,55,55,linear equation by finite difference,7dda29cfecbeb71c117a30a295cbaa5c791af7fd63a7d1916e8185a599bd6622
72181087-0bbf-4722-98e0-73da4d363bd6,cryptarithm,equation_transform,verified_match,"E=8,F=2,H=0,I=3,Q=4,V=6","E=8,F=2,H=0,I=3,Q=4,V=6",provided mapping verifier,2779948bc7eb3d5bbd1ca3b0589eff9a10bfcec7bd5f46c10086b4a3b56d3f83
3a4cc0f7-4d13-4418-915b-2c762f0ad852,polynomial_multiplication,equation_transform,unsupported,2300*z**4 - 414*z**3 - 1610*z**2,,no local verifier for source,d95338cf4b134dda25b1bf7379a0445cd88ed03473356325f69eea217957b5ef
8875e068-79e7-43cb-9fc8-c6ae968fa0b3,polynomial_multiplication,equation_transform,unsupported,-1551*z**4 + 429*z**3 + 1175*z**2 - 3286*z + 819,,no local verifier for source,c64b7ebcee581ba5776dacacd90eca4baf21086c282df4ac82e7cb4d175be417
798623c3-7637-49ba-bf66-94c58081dbb0,number_format,numeral_or_bit_support,verified_match,888961194.674,888961194.674000,numeric candidate comparison,0263f1f95f43e9e7b5e7a32debacc0a33884e6fd740330bc472c73e12eb308b0
04baf8e8-1b0a-4d19-b982-8747453a0c72,simple_equations,equation_transform,verified_match,91,91,linear equation by finite difference,69fe7e99b932b1b0eb9e20daa771677e7f83b0f01aed06065c3bfb256ed4e6a0
7e3044b2-b0a9-4165-aa9b-70a9b4659af9,circuit_logic,bit_manipulation,unsupported,0,,no local verifier for source,121eb13e6c0276c46da282efd156a4fe6f7c68a0b51d5e80a26a19db5843651b
bfda2d1d-40b1-45fc-bfbd-9ec06d51d301,cryptarithm,equation_transform,verified_match,"A=6,D=8,F=1,I=5,M=7,R=4,T=2,V=3,Y=9","A=6,D=8,F=1,I=5,M=7,R=4,T=2,V=3,Y=9",provided mapping verifier,3e43eec922d926febc0614375a324169f39e16dc01bb55bcc80af049e3bcf450
1badb7c3-53e5-4af9-a81c-f5e40f1bc938,binary_alternation,bit_manipulation,verified_match,6,6,binary alternation swaps,ce2c0ea3666407262f32e34b02fbf95ce058bdc31298436e0bd9ca278ef72f5f
d31fb98a-7713-4a19-99b9-84c6a2074f35,count_bits,bit_manipulation,verified_match,13,13,binary popcount,ae88ea52b71b8a85efd418bd6a2716afb7c6167fa4f8cf190455368b4373a842
668aec1d-5a22-4d28-b782-d75651deb0fe,binary_alternation,bit_manipulation,verified_match,3,3,binary alternation swaps,435b39e2ebdaf033d1a84fe09d429bcfc8b94b2c7c246ca0bed14cd756a5f46d
97dba499-54b9-4c38-8077-661eb4d1eb38,binary_alternation,bit_manipulation,verified_match,6,6,binary alternation swaps,e3e4f9fee460b4075d33940a3c8f7bd35e69247541bf5840398819dd6a6fd733
e6d509ff-9102-43da-b244-cb08c597ba70,polynomial_multiplication,equation_transform,unsupported,-486486*x**7 - 511038*x**6 + 326217*x**5 - 755382*x**4 + 98829*x**3 + 1102581*x**2 + 404976*x,,no local verifier for source,20b1894a27b717d20a15cb886eebc8f544d72f332a369b72efa973015f0dbd55
4f198688-e3b4-43ca-a91c-a881433ab932,polynomial_multiplication,equation_transform,unsupported,465102*x**5 + 486486*x**4 + 93177*x**3 + 97461*x**2 - 99789*x - 104377,,no local verifier for source,585322686f81ca453d92479b314ad8f376b0375338832a4a37ac1134a3a4c81c
133d5126-56dd-40b8-90e8-87eb3fec7a40,binary_alternation,bit_manipulation,verified_match,-1,-1,binary alternation swaps,648a3d33133b90bd9f5f35ff5102e03f96085da0e084e5bbf3a2cc1389b91450
3e21d331-cfe2-4fcb-86c6-cfe35d0347c6,base_conversion,numeral_or_bit_support,verified_match,141,141,base conversion parser,30158010b2b7550cdeb505f4bb76a88176ea70588217959874dac435aa8dc855
800e6a9c-67b0-4570-b82f-119edff0003f,cryptarithm,equation_transform,verified_match,"D=8,E=9,N=5,Q=6,S=4,T=1,U=2","D=8,E=9,N=5,Q=6,S=4,T=1,U=2",provided mapping verifier,50cdc0e1dfffd942f2141b806c972cab04ec6f162cfa146604bbcd17af3a7ab6
e696ce05-f75c-48ec-9633-8bc71e090899,number_format,numeral_or_bit_support,verified_match,310617477.36,310617477.36,numeric candidate comparison,dd4b6ca73b91f7f0d5ecf5420cbdc2ce36c710748c0dd7d55e30ac9345b0f436
299b6391-b4cc-4cce-a00d-f4b78de5fa6f,count_bits,bit_manipulation,verified_match,16,16,binary popcount,8fb2db35661375fece954e0219959c69e21775984fd56ecf577fcbbffeb70a01
deb48624-a59a-4478-8e82-ddd42684a859,circuit_logic,bit_manipulation,unsupported,0,,no local verifier for source,9fa50fe540b6aabeffb09b5932ecdd786e5cee334a162fb0d6e6a7124a8c47f9
9bf7390a-1835-46de-867a-9d35da46e539,base_conversion,numeral_or_bit_support,error,110111001,,ValueError('base conversion pattern not found'),31ed58bbc5b6d90136da764bf8a5a0ec17c1b3019d96857bf17d0bfc8031a297
1d0e9937-c72d-4fe8-89fd-3be20507a73d,polynomial_multiplication,equation_transform,unsupported,2535*y**2 - 2067*y,,no local verifier for source,148602bc889afa29203e6af21c1483818f696e0c44110acdcf9752246d29e8b9
7db2759e-1472-4c9c-9a37-dc0b3ff369f5,binary_alternation,bit_manipulation,verified_match,2,2,binary alternation swaps,b3f9c1dd8151eff9fdf44d2044d979eb8a03200048b1fad1437aa61f856e02e8
bc7d4cac-c68d-41fd-8828-c899548be4c8,simple_equations,equation_transform,verified_match,81,81,linear equation by finite difference,c79e5f005e2eec376fd1374e6e965b78959709901527e3dd9a811fa51e62c253
e52884df-f261-46a6-aeec-3b401499c07c,bitwise_arithmetic,bit_manipulation,verified_match,0x114cc,0x114cc,safe integer AST,bd5877ab69abf5506f6c320bec9a4294f264040635acb6aa0d9701a0b8ea8a7a
770ed375-78c8-477d-9962-c340701b621e,circuit_logic,bit_manipulation,unsupported,1,,no local verifier for source,8ca8382168d0698afdac575a73c5364b412887e7ce547f4bd6b3603fde4772ba
0b9f6605-dd0f-473e-8055-7e60a3806287,binary_alternation,bit_manipulation,verified_match,-1,-1,binary alternation swaps,6eaa263435b56a68019c2d4551b7d2ae7d2be055fcc338a78896341843b533e1
77a08c1e-df9a-41ee-83d6-2a94832d12b5,count_bits,bit_manipulation,verified_match,14,14,binary popcount,039909532db909e44ffd574f3d39e8bbc8a9a213716e695a77c96109bea42dd7
66d9380b-fb66-4804-897f-68de997eb31c,count_bits,bit_manipulation,verified_match,13,13,binary popcount,d82b6dc2a5b5a944a373c9981c3d86edc2ff1033378886ad7f01a4332bd062f4
832a5932-9d41-4e05-9777-f9924fca5fe6,base_conversion,numeral_or_bit_support,verified_match,171,171,base conversion parser,bc37fdf5212a16a1ff63ee772830a08784da80ad66344a39b681eb5990fc8080
2963f8d2-8df6-438e-8dea-b385a8dff1da,number_format,numeral_or_bit_support,verified_match,575634448.9840001,575634448.9840001,numeric candidate comparison,9d7ccf6ad7f849419de6f02ba4bc7d8979275e9771e5ba24fad0ed814d060182
781ecf51-77e8-4b6a-b5a0-e1335d1b16aa,circuit_logic,bit_manipulation,unsupported,1,,no local verifier for source,d5ee4adbf5ca41e7e51bb3293fbea562abd9c95001084f3a69e7c1f1f2aca4a0
1a7a4def-86a8-46e2-a600-eea34d8b1581,base_conversion,numeral_or_bit_support,verified_match,493,493,base conversion parser,0d2c14fad90cb5612ae885243fa76e7aeb4c87131ed70e9892c237bacda04502
dcd7535c-520f-4eb5-939d-d6449f6ba605,polynomial_multiplication,equation_transform,unsupported,-175956*y**7 + 407678*y**6 + 375228*y**5 - 350902*y**4 - 11696*y**3,,no local verifier for source,6e929776f70c7dbc793a7bed0191359261ef29dbc4b3a9aa829328ebaeafe5cc
d8d49fc6-a2e4-47d8-a0a8-1c19b03fbab0,simple_equations,equation_transform,verified_match,97,97,linear equation by finite difference,2e2f222ddd5c22304ea33ce4117ceb54c67620c22fccaf94f17bd40a50c61035
130a1d9f-2734-4cbe-bdad-6a00be7ec306,binary_alternation,bit_manipulation,verified_match,2,2,binary alternation swaps,4d59fd8337cc35ffeb3eff0fbf634c056e555bee89106b6f460775db6504f36d
504d7c62-5a2a-4f94-aed4-e7b6307333c3,circuit_logic,bit_manipulation,unsupported,0,,no local verifier for source,082850d49962ca31cbf15a55249268ec78da6e1da3b268c46b1e35c673e8ea16
3410bb3c-6b65-43a2-b84a-6ceccfc3d471,cryptarithm,equation_transform,verified_match,"C=5,D=2,G=0,H=9,P=4,R=1,X=7","C=5,D=2,G=0,H=9,P=4,R=1,X=7",provided mapping verifier,e2f268e971acbf6e60089d9eccab3c97021c017746bc4a3921d05ebdd4f7568b
bee27db9-45eb-460d-8ac2-d2e945c33e19,base_conversion,numeral_or_bit_support,verified_match,470,470,base conversion parser,075ba451f873a721b6dad700497af08111bdb5d66d3e9e8c8d29ad2e1ddae711
2eb32941-4973-473b-afa8-abdcc05ed789,circuit_logic,bit_manipulation,unsupported,0,,no local verifier for source,406a76121ca55f52dafa2afa33e8154f8727d9d5808366052fb2d357ce2c81e7
da3ae768-ccd3-4bb3-9402-fa1868cd6bbc,polynomial_multiplication,equation_transform,unsupported,-457496*z**9 - 435501*z**7 - 1191216*z**6 - 1133946*z**4,,no local verifier for source,8da6bf0f3827ed7e0e0379e1625510894d11885328152c89146e2861e238878a
afebaf8e-2ce9-4c2f-b8b2-9f1f5b451bff,number_format,numeral_or_bit_support,verified_match,443925384.012,443925384.012,numeric candidate comparison,e90736efe537ac0e23b9b93a7e5585b91527aeb5aa601b313c9005c3cff60214
44213aa0-99ae-4190-8417-51f1e0ad400c,binary_alternation,bit_manipulation,verified_match,-1,-1,binary alternation swaps,c9934df62a49f40860961c7762d5a028be9b82c737bdb6457447523b99b6f01f
50dc6992-7c1a-49db-8f65-8daf78cb47cd,simple_equations,equation_transform,verified_match,25,25,linear equation by finite difference,c872549ddd9ee8fc35749c311134d69cf56f051f26addd38daf5562ff5ce3cbc
996a9946-36d5-4e56-b635-8fef457f1cc6,number_format,numeral_or_bit_support,verified_match,999975214.677,999975214.677,numeric candidate comparison,c4682e3fad6c3de9a52bfbc58dbe5ca55d39b60bbba4c2e1007e9e201718b8ec
758a7bd8-b952-428c-ad49-3edf3a85a26a,simple_equations,equation_transform,verified_match,88,88,linear equation by finite difference,b2749473729b890fb30e277a97ddb47854acf9e1591ea576b30bd3543e707b0b
77b1e5cf-bf59-4f08-96eb-16f7d724449c,polynomial_multiplication,equation_transform,unsupported,-30780*z**6 - 138960*z**5 - 91170*z**4 - 50280*z**3 - 63690*z**2 + 374880*z,,no local verifier for source,72b335e5c00c32773e354ca9186cbd59d8b834e320f5261a6b7bdff721cbee58
1e0b53ad-8d07-4efa-9ac3-bb6cd92808d7,base_conversion,numeral_or_bit_support,verified_match,1054,1054,base conversion parser,5b7393c5c42a20da355e599290424b566c903599cf8f21066493b49d3f352db8
b9d2ccec-40d1-428a-ad8c-6f1bc59fbfe9,bitwise_arithmetic,bit_manipulation,verified_match,0x17526,0x17526,safe integer AST,67f735a599681f9db3382c5fc64e968f1135a76c831754ded7fdd969e01aa8aa
61e4b9bf-238a-4a27-b099-7da94a68296c,simple_equations,equation_transform,verified_match,63,63,linear equation by finite difference,b805504a018698f576c4d3cca6c290068a2b7c05b8b7f5cec2bb82b3d0ed2910
620215d3-49f6-49c4-aa19-e424a5cfdfe7,circuit_logic,bit_manipulation,unsupported,0,,no local verifier for source,5f59f8f838f52cd9e3c521dba2cd17bdff8acc6a24c31f1a31f69e37a63ad58b
7badcbe3-6462-4273-9e99-2d5f5191bc8c,number_format,numeral_or_bit_support,verified_match,397324063.92899996,397324063.929000,numeric candidate comparison,dd3b8c7a628ebd0f2ac6f40cd6818aaa3f0039065a611b18ce9c1723428c7a73
04647706-c92b-46eb-a870-4ff4c6f82e3d,binary_alternation,bit_manipulation,verified_match,4,4,binary alternation swaps,1570138543e48c69f936fcdc2d63b5937240edffc17dbcf22a6a69c0b24fa2b5
1b31ee79-4aab-4bf9-8c96-cc884ed87b44,simple_equations,equation_transform,verified_match,12,12,linear equation by finite difference,96e2773392bc541e2fdcd13a005b7946470d27cff9a7403caa7b0cf4ebc5560b
d7437851-f2c4-44f7-809d-82c021cf319c,polynomial_multiplication,equation_transform,unsupported,3763*x**6 + 9078*x**5 - 52525*x**4 - 136170*x**3 - 58800*x**2,,no local verifier for source,fd74311fc21eb51e7ca807972af4edbd4ccf986c5befe6e24afc968122dd619f
5e98e37f-54bd-4ccd-832e-b2d9e1f66cb4,base_conversion,numeral_or_bit_support,verified_match,1220,1220,base conversion parser,bc2dcec4febc7351646ee979d62f4c19dae8fcdd26bf0ec40686c54ddbbf7779
e238b8d7-a2fd-4c53-b2e6-166bf19e7ef5,binary_alternation,bit_manipulation,verified_match,10,10,binary alternation swaps,5619f3abee8d5b0bbc07a3e9ad211137bf2ec1dec1929d5643243a4dcaf03da5
a4dcfeb5-d312-4199-ab92-6389bf4a262b,bitwise_arithmetic,bit_manipulation,verified_match,0xc8e0,0xc8e0,safe integer AST,c4130d42b260f197635a17fbc5a4df17cd03b6148cb41dcf45eb49563f4b0b27
05d601bf-0504-44e2-b71d-62b806efd720,cryptarithm,equation_transform,verified_match,"F=8,L=2,P=0,Q=3,V=4,X=1","F=8,L=2,P=0,Q=3,V=4,X=1",provided mapping verifier,a39a8eefd08471eb398ecaac50bd53775e1e60360972c236c3a1bf7f60b78efe
b403f6ff-25b1-481f-b720-2fd9afca51c2,binary_alternation,bit_manipulation,verified_match,8,8,binary alternation swaps,daa16d90d902640b03f0842887e750d2a15530434987c2ad179192f9fe2e516a
059b806b-2900-445f-ad55-494c78443428,polynomial_multiplication,equation_transform,unsupported,16200*y**5 + 8262*y**4 - 4400*y**3 + 10878*y**2 - 3564,,no local verifier for source,a56687f7424fa8625e1cc795830236d3ccb98bf549288a127366374ec6343114
a698ec93-b71c-4db5-84ed-5a8808034e31,base_conversion,numeral_or_bit_support,error,6f,,ValueError('base conversion pattern not found'),babe83ed6d11ab2d85faa88f666aff9739d03a18f6bc09172bb99aa8fbb7fcd4
0e61fd10-fce2-448d-9006-da27f741ae02,base_conversion,numeral_or_bit_support,verified_match,338,338,base conversion parser,5e86830ca030b5b1c3a98a5dcff5540793e47f2bac79b88e229377c5be76b24b
241a1893-82d3-4e13-ac5d-8257658472ba,cryptarithm,equation_transform,verified_match,"B=8,E=3,F=6,K=4,S=5,T=7","B=8,E=3,F=6,K=4,S=5,T=7",provided mapping verifier,2fad89b28c6c9272ade7ca7b149d42f8b83c6bc236b9085fa3f096cbb8f6da63
bfa912f4-a1ee-45de-87ef-8f1c55c548aa,polynomial_multiplication,equation_transform,unsupported,-816*y**6 - 1496*y**5 - 1292*y**4 - 4700*y**3 + 110*y**2 + 880*y,,no local verifier for source,9952843a42c0b9e0733a34b1a3629f4d8acb34ad4f120131d126b13e161e9c9f
78ea507a-1d38-4690-95ed-287e0b84032d,binary_alternation,bit_manipulation,verified_match,6,6,binary alternation swaps,dcfcbc639bbe6ccd18f7a39388a4925bb1152253bcdb03d27b9bdccb7336e9c0
ee90211e-d108-4efd-a3cf-7d5c53c10900,count_bits,bit_manipulation,verified_match,21,21,binary popcount,2324f08dc1b5d0686da98bd09ff95c4e3058fa70fc16730d94a9a31093780f49
468a506a-60dd-4f8b-ab9d-ea5df7bea27e,polynomial_multiplication,equation_transform,unsupported,-104390*x**8 - 326975*x**7 + 204154*x**6 + 583126*x**5 + 153886*x**4 - 287291*x**3 - 189210*x**2,,no local verifier for source,6f324a9b40ddd48861152c9cfa8c69ee58f19cd1b9bb6fa9a2c3ac0597cd15b4
69e622f1-b1b6-4778-812f-e873d7aa6908,cryptarithm,equation_transform,verified_match,"C=5,D=0,G=8,J=6,K=9,T=1,W=4,X=3,Z=7","C=5,D=0,G=8,J=6,K=9,T=1,W=4,X=3,Z=7",provided mapping verifier,741e493e1144158981faad08060fb8d2394744b72be0d770c141349528972786
6e16f52a-65b3-4506-bbda-d3fa60fdaeca,count_bits,bit_manipulation,verified_match,14,14,binary popcount,340ebaeeff97b35b0a25789d2e3baa3f6740137a219187b002635bc0c2f1d540
d617ed25-a0c7-49b3-985d-6b67e099d681,number_format,numeral_or_bit_support,verified_match,853790305.6320001,853790305.6320001,numeric candidate comparison,a1b8b26cb6b23b66ebf90b46ccb06415147d400a8d7a03756f05e5b61e1a8dbd
59c5e713-e1f5-4dec-96ba-8c94934f2a04,count_bits,bit_manipulation,verified_match,18,18,binary popcount,e32d20f8dab9b9e9336b9f776b84f2dd2b3635dd865e1eb72d57bc87c9a3e760
41b9a495-5740-4e8c-8b25-d6e41eeeb578,simple_equations,equation_transform,verified_match,41,41,linear equation by finite difference,3b9942dd0d0844be0391a854a6bdc5db6c6c6c30cc487006a9574e884731576e
e31c713d-87b6-4418-bb8e-c494cce2a7b7,circuit_logic,bit_manipulation,unsupported,1,,no local verifier for source,1a8c872ea09c81d984ad9fedab03c7be6e4d6fe47831c3f88f5487b5eee10ee0
395e4f70-ebc3-42ee-90eb-96d6daaacdbd,base_conversion,numeral_or_bit_support,verified_match,32001,32001,base conversion parser,0dc4624931489fb596259843e7ef2b3058aa565048d28705ba4fec7f332776ff
841d0801-6496-49f7-b8aa-1ff251635413,base_conversion,numeral_or_bit_support,error,1011,,ValueError('base conversion pattern not found'),650745ac1eeb228671695ad47dcc41107102911f93886a1fa12518d44162f11c
2be991a7-fd9e-4932-8379-d9b2a500be55,bitwise_arithmetic,bit_manipulation,verified_match,0x85d3e48e,0x85d3e48e,safe integer AST,6fbec2093ccbf28d22a274fd713b72e6872b837c0de3dfcd8438302418e881e9
74181335-55b6-4bd5-8735-99bade050b3c,circuit_logic,bit_manipulation,unsupported,1,,no local verifier for source,3b3f63bd373c7310f2f0da2c5d0b4d18fe09c48f39d5a553f34ea22d65a80f6b
0590e958-2073-4032-a374-61afb94a9e5e,count_bits,bit_manipulation,verified_match,16,16,binary popcount,8f536fb58c2894c5e8baf10ee3f3655fcff793be24dbe5692f321059b7dad724
3d6ecc62-49ba-44c9-9fdc-5dd7778a123e,simple_equations,equation_transform,verified_match,30,30,linear equation by finite difference,7f37fe0772285d1f97ae3bd20e7a474925fc0c7fa1e944c564c04d420c4a3c0e
5af0975f-bfd0-4c88-a50d-e2ef449b5fcd,bitwise_arithmetic,bit_manipulation,verified_match,-0x1b091,-0x1b091,safe integer AST,c2c04445a9f4fa0151197b9f98dc21883e2ac69cb42737ff1fdc0e026aa045d1
806c9f42-7510-483a-b5ac-97b485218bce,simple_equations,equation_transform,verified_match,78,78,linear equation by finite difference,eb4e51a9bc31ad4d63d791a12eee6e02f861d707a460fe15103700ca9ccf38a0
7702373f-38ab-4997-9442-05418c5dbdfe,polynomial_multiplication,equation_transform,unsupported,2275*y**6 - 1875*y**5 + 2730*y**3 - 2250*y**2,,no local verifier for source,b6cd891b1aefa26025505d8f2d7d08d6f6f0488534ab421d32f7d994672c280d
18e03d97-6b6e-48c6-aeb9-8e119e121018,number_format,numeral_or_bit_support,verified_match,269045158.241,269045158.241,numeric candidate comparison,67fc7440557cc7e8916a93278331e7aff8e7efe57ff1696f15ea6a5050975164
aaf997d8-2c36-4205-9d3e-ce6aeb14b045,circuit_logic,bit_manipulation,unsupported,1,,no local verifier for source,9842d24f53211c80b85e4de13dcc5f9f2d1daee8a3c4dfb11a586cf30c0632e2
6ca69040-025a-44f8-af5b-4dccaf58f3ed,binary_alternation,bit_manipulation,verified_match,6,6,binary alternation swaps,47d9595a4f56f75ed45f0bc6df3ff208b90c7388bea58a06d61c0e81abb91981
8bd5bc5d-c8ac-432c-928f-bc8ef7a00271,circuit_logic,bit_manipulation,unsupported,1,,no local verifier for source,2ce0bcad0a10f38937098491d0811a35697cc40f107bf6a35423701788416025
f1020d55-13b8-4857-a71e-2164c33985f0,circuit_logic,bit_manipulation,unsupported,0,,no local verifier for source,b2eb13bd6a8e9f184bf49081f51f9bd17a7f599da0b901d20e7040196d96fa4c
73be1be8-6450-40d4-9d0c-d9f448d65c6b,number_format,numeral_or_bit_support,verified_match,986664539.212,986664539.212,numeric candidate comparison,0fd52c1c989f90f8aa127060c450d9eb66ce2213890b23f63badd1636bed47d5
ba685d32-09e8-41cf-8503-741ffc302539,simple_equations,equation_transform,verified_match,45,45,linear equation by finite difference,8615b5546d579fb9252780b349845cd10ef8bb018d2fef328163db51b35bb757
0c88a003-e737-4a69-bc9e-ec165930e164,circuit_logic,bit_manipulation,unsupported,1,,no local verifier for source,78e6307e488c6c0f4fcf6c33a26c110f9990bb3438264e8e84d400828d0b5e87
323d57b7-8bd0-4f61-a97f-6f8af6c114eb,binary_alternation,bit_manipulation,verified_match,4,4,binary alternation swaps,086e2e3f269502b07fbbb686a60d8f81facab0b3a094b3eb46bcc6ad2b6a560c
dfa00970-ee6b-4b8c-96ac-7519c98ef0c3,circuit_logic,bit_manipulation,unsupported,0,,no local verifier for source,9e682d1bd38925ec20d143d5b523886ff166461b648373520a082b0a09f1aa50
8ff963f5-83c3-4d7c-85d0-dc4dda575496,bitwise_arithmetic,bit_manipulation,verified_match,0x483e90db,0x483e90db,safe integer AST,8950465c2b420f4f907c89e0c02fa5a6111ea4b6565ed6b8fd941d055bbe10a4
ab0f2da5-275e-4618-8718-83db716a0065,number_format,numeral_or_bit_support,verified_match,849901793.931,849901793.931,numeric candidate comparison,7b6a6e18f1031d7be84d9fe061e8ade6e81c99a3c7d8ca8b43df10a14a74ad15
9507bcec-e2da-43cc-a8ad-e938f5a9de94,number_format,numeral_or_bit_support,verified_match,865489172.7470001,865489172.7470001,numeric candidate comparison,8383717930187461822ae21d26bf3ed6913186a6b2efd3c49ddb3212daa0360f
60d3a49a-a12a-45b7-9064-156ddde7715f,count_bits,bit_manipulation,verified_match,19,19,binary popcount,31a8f4a11041db5ff86cab431c09f2c15a078109f264489e3a60a8192e410b31
4f2c79ca-d05e-449d-874d-23c8d3d6d656,binary_alternation,bit_manipulation,verified_match,-1,-1,binary alternation swaps,9d923ca7f6a8b03f1c62052d5943f76fe846bb90743434d8cd3cf1d3d72566e8
513d7d01-88d8-4430-8d1e-185af4c7b5d6,simple_equations,equation_transform,verified_match,15,15,linear equation by finite difference,fa9d3bd8a5e477d55aa838da2940c362df97447de7275b2f42c15b7fd7812db2
9f30d75f-c4f7-47ac-b057-e861af88c9a8,circuit_logic,bit_manipulation,unsupported,1,,no local verifier for source,39c9ab8cde2264e33726fd853b0accf84a63b7c65d0c3d76a8e9a3a6fe9e616a
5a8c86d8-ac01-4caf-a90c-354a8b5be473,simple_equations,equation_transform,verified_match,49,49,linear equation by finite difference,73db6c129285a63627a24e6663dddce95eed2236229487064095de29aaffe92b
3a660b9e-f9f4-4a85-846c-c343ec18931f,count_bits,bit_manipulation,verified_match,20,20,binary popcount,ffa61672c77a0cdbe3b55597aafbbf4b1a3d761c5b3531390a1b4515b8fd64ef
363238a9-abff-4de0-ae6e-ada08dfee1ff,count_bits,bit_manipulation,verified_match,12,12,binary popcount,9fa6d6b349606e3ce6166d86e47408d115c3e703c3207b48bbb96855fa63b565
ce1be24e-ba01-49f5-8d15-c28faed7efdc,bitwise_arithmetic,bit_manipulation,verified_match,0x1f8c0,0x1f8c0,safe integer AST,79b1c27ab7e36f482f617f6c4570a478b53bf9d33c3ce7ff1ce8f150352fb564
9f6edd8e-8eb1-48ad-93bd-188e4403cda9,bitwise_arithmetic,bit_manipulation,verified_match,0x505f4ae5,0x505f4ae5,safe integer AST,07f7966dc05bc6a8845f1845a8d5c471cfac5777a1a1547867f4efc0077caa7c
9f3f09f9-612d-4072-b52e-e84178935fac,number_format,numeral_or_bit_support,verified_match,402618469.35899997,402618469.359000,numeric candidate comparison,958e028fcf411800c7ca294af77905a196409aaf9dfb0addf20630d6fd453d10
43143e8e-a39a-49c8-84fb-32c3bab5f8c7,cryptarithm,equation_transform,verified_match,"A=5,H=3,L=7,M=0,O=2,P=9,U=1,V=4","A=5,H=3,L=7,M=0,O=2,P=9,U=1,V=4",provided mapping verifier,bfd1e95dbdc6ee6938b9c8cd4270ed11fd555e70f3c02eb400cf72a8689e7362
4b47e89a-0178-4722-b076-d6ac58e2fb70,cryptarithm,equation_transform,verified_match,"C=7,G=1,K=4,P=9,R=6,U=3,V=8,X=5","C=7,G=1,K=4,P=9,R=6,U=3,V=8,X=5",provided mapping verifier,3cf163e51a36d8ebf1b7e0d3b4ca209fc81d2704564364d2263b16236719b869
a7a916b5-0872-43d2-9d2f-f8ebdffc265a,count_bits,bit_manipulation,verified_match,13,13,binary popcount,dcaf283d8cb8268650cf6a70d1f7044b4e3ff5935bc6e83daf1e4c97b139b6a0
1ac08a87-2aa3-4d7c-b720-fa8d97627c4c,bitwise_arithmetic,bit_manipulation,verified_match,-0x11646,-0x11646,safe integer AST,8afc6fa623f0fa007148da643b9c66339f6d7119bbaf480e6a114387495f9989
0f26aa7f-9c3e-403a-9226-11b295d99264,base_conversion,numeral_or_bit_support,verified_match,676,676,base conversion parser,2dd8bf04936742b5fe2819930040db371368d21d800eaa175ab04d73b5e272d4
7417cf88-69c8-448d-92ab-1423728a49f3,circuit_logic,bit_manipulation,unsupported,1,,no local verifier for source,a5e5da8ed12a0059cbee3aab8f90fbee02f9c8ea729c5fecf1d13881b1b0c4c9
06579118-1d32-4098-aab5-5815b643dd87,bitwise_arithmetic,bit_manipulation,verified_match,0x13906,0x13906,safe integer AST,04bcf13b15553ef38d94791b4220fa90a437f38c71b5d04a011e3967fe7439f2
81c9067b-0e9e-408f-9077-14e6f3bc2700,cryptarithm,equation_transform,verified_match,"H=6,O=9,R=1,S=0,W=2,X=8,Z=7","H=6,O=9,R=1,S=0,W=2,X=8,Z=7",provided mapping verifier,10f23909b3482b1463398856d370bc7ba41155d00f5b58de5694e942f399685b
18fb21b0-e18a-437c-972b-01dfa7dc169e,count_bits,bit_manipulation,verified_match,21,21,binary popcount,5765c9f7badf9526808f586429558e25c0068f18710dbd9ffac916a880cfd019
d1bf6bb4-2035-4a45-84fc-71d296ef3edb,cryptarithm,equation_transform,verified_match,"A=4,E=7,G=0,J=2,L=3,P=1,U=9,Z=5","A=4,E=7,G=0,J=2,L=3,P=1,U=9,Z=5",provided mapping verifier,75edfb3a3c950af242a648e74701353b6fcf3f0afa13ece8df4a89b9aae66aea
86ab536b-7e84-41d4-8b78-91a0c0ca3078,base_conversion,numeral_or_bit_support,verified_match,a,a,base conversion parser,46cc7aa9308b5321b226639cce2c2baeee35c0a60afcb5caffc549efb982b4db
70f45cd1-4133-4c4e-b628-3fee86aa843c,count_bits,bit_manipulation,verified_match,17,17,binary popcount,3bbc0a9122e1efedf9c13ac63aaaae5ce0befb3ec4ec34e5da32d3b29b124060
2cd5448c-c97a-44c2-9bfa-26d155d0aeca,number_format,numeral_or_bit_support,verified_match,503969648.325,503969648.325000,numeric candidate comparison,72df5a467638452764a9afb54706fd632b498e355848c8f86f42443b2baa866e
b5753388-8ea8-4be2-8988-2415f1880b61,number_format,numeral_or_bit_support,verified_match,15248329.601,15248329.601,numeric candidate comparison,f65151fc351b42f0787a8cb74299b0b7d287b668a3df6d2dd9489965864284d0
d2e67ed5-24f9-445c-a2e4-f1a7a1add494,bitwise_arithmetic,bit_manipulation,verified_match,-0x17794,-0x17794,safe integer AST,a6ff40a9ed71ee22f2028a8348086a19fe8de863769d96fd464d140d28a9fa4a
87b75c3d-c0ec-44c9-99d9-8dad136909ff,base_conversion,numeral_or_bit_support,verified_match,2222,2222,base conversion parser,c9a76af1cc3275cfbd12e5c6787166172b7b5fcbad540e836029fe269aef0124
dfa47dd4-428b-4c40-b53e-17a834488101,circuit_logic,bit_manipulation,unsupported,1,,no local verifier for source,7259feeae17f91a301545e559b23f4af26e00060946628bcd78b22fb72a4b584
e5c2ee95-7c0e-4758-bacc-68ca0e417899,binary_alternation,bit_manipulation,verified_match,4,4,binary alternation swaps,85092cfc22ba7902f44930eb87a67c7a12efe2659d8c8c9149e241c5ce6faa3c
f11966ff-9903-4cd7-8358-33088750e02a,cryptarithm,equation_transform,verified_match,"C=3,E=1,K=6,M=8,Q=4,S=2,V=7,Y=9","C=3,E=1,K=6,M=8,Q=4,S=2,V=7,Y=9",provided mapping verifier,95eb465290610ed170eba67f4e71c75a81b328a41d306da8721d4bf2c6cbfb5f
b455ac45-b209-4ea2-a4e5-fa3381359215,bitwise_arithmetic,bit_manipulation,verified_match,0xd15,0xd15,safe integer AST,873b55df668c6179768f5b98613f12a447bde6fb04b8a2b49548d5ca3e038571
bc67effd-f866-4f2e-904c-1852dec3c86b,simple_equations,equation_transform,verified_match,9,9,linear equation by finite difference,ffd837c15f2a44e707a2222be920c877941053f506c10462804361be5fedb623
ce2bfd54-ac96-4784-adb4-11bec841bf11,polynomial_multiplication,equation_transform,unsupported,260226*z**7 - 109768*z**6 - 187630*z**5 + 235568*z**4 - 187204*z**3 + 58072*z**2,,no local verifier for source,12adfe09881b89c3d75de1e2f16489ec48b2ac606cbe00b996a0e05f726f7b75
26176546-b8ae-47d2-b920-aad54ea26372,count_bits,bit_manipulation,verified_match,13,13,binary popcount,e6fd3b052d23d4c59fce83863649c36d6154275998451e09e9973384e9deb89c
76dec23f-61fd-4f52-bbad-bf2d8cb7e449,base_conversion,numeral_or_bit_support,verified_match,579,579,base conversion parser,7a786c3f6647edcb9d7d802e07994c062c10ff474159c24bf7ba7db82e57dac9
9b629e04-265f-45fb-b837-08e60e002e8e,polynomial_multiplication,equation_transform,unsupported,2160*z**4 + 912*z**3 + 5848*z**2 - 664*z,,no local verifier for source,9e698bb3e6c01bba034cb3a886301da4855cc18261a0998c953e5551f64194d6
b20f2720-8136-41e8-ad3c-0012ea730324,number_format,numeral_or_bit_support,verified_match,596241288.42,596241288.42,numeric candidate comparison,3cfc1e296fded4dc833cc55342ea7e0c0a39c60178574130f6b9b10b4e66da43
5020895e-f216-42bf-b893-ee120aa56571,polynomial_multiplication,equation_transform,unsupported,-800000*z**5 - 26000*z**4 - 331560*z**3 + 532516*z**2 + 1304100*z + 425544,,no local verifier for source,1ffcace5bb8bbd306916dfe2561fbdae2ddd7b289810bae66ee5416f0eaca91a
b0832eb9-3540-4c4b-9f9c-1d37eb187bad,polynomial_multiplication,equation_transform,unsupported,1232*y**6 + 4174*y**5 - 7476*y**4 + 3248*y**3 + 4900*y**2 - 1960*y,,no local verifier for source,f880dde8e3a7527762db67d22e3fd00620f33e16a410a5194c2b001a4c1994c7
127f058f-9d35-47c1-a216-2f937ebc1fb5,base_conversion,numeral_or_bit_support,verified_match,22232,22232,base conversion parser,9884163a1f011804fb11c11e6de175810ccb94cbdc7cfba997cb74cd360ec0cd
dd28734f-3db3-4a83-aee7-6b50e92b339f,base_conversion,numeral_or_bit_support,verified_match,30313,30313,base conversion parser,79665847caf301fd6f64a9e5eee921d2c4d0a138c7ddc0be6dd866974dc1188c
b8285933-ef8c-4dfa-a6c7-9ad7097845c0,cryptarithm,equation_transform,verified_match,"B=7,D=9,F=4,M=0,T=8,X=6,Z=2","B=7,D=9,F=4,M=0,T=8,X=6,Z=2",provided mapping verifier,12440929028747dbfb026627908ba9644d8b87eac0b987021f3cda221894c44c
5b56c8da-e13f-44dc-892a-9d74f9467ba7,base_conversion,numeral_or_bit_support,verified_match,356,356,base conversion parser,7be79989fdaa5a630102291ae02b9940094271ee067a92c2465ddc0d2f264ab8
fb7e091f-7505-4e93-b9d6-7f3bd32624d2,circuit_logic,bit_manipulation,unsupported,1,,no local verifier for source,3318810ff65c1d3ccaee74dcee65b43161b6cc68d56f7f4923e2b53e451cbf94
a185cfea-07b6-4d41-ac36-9377f0dc32e8,bitwise_arithmetic,bit_manipulation,verified_match,0xdff3,0xdff3,safe integer AST,16f8ee1deb65da6a0883658e8ae384077bb68759d542e55ef22a55a80af8b920
7454c54c-8be9-4fef-afb8-e2e6ee63669a,number_format,numeral_or_bit_support,verified_match,812655485.146,812655485.146,numeric candidate comparison,7f88188e4ecce636549eee161fd6a44c19caf8f2036474d28f5e9597ae79f1ea
31ce31f2-5001-4d37-b9c2-8119d2fbe219,cryptarithm,equation_transform,verified_match,"B=0,E=9,H=3,P=4,Q=5,S=8,X=7","B=0,E=9,H=3,P=4,Q=5,S=8,X=7",provided mapping verifier,efce3198e978ab248e84d7200792398186edb9777615bb195fbf86320d89df71
1d9d75c8-05a3-4e34-aa73-2f3dc7db3e9a,binary_alternation,bit_manipulation,verified_match,6,6,binary alternation swaps,84a59b8ec1c189b9eec18aef593e9f1585a909413502d5f4f832f3e8fb049eed
1d905f9d-aa79-4437-b55a-dfa364b66127,simple_equations,equation_transform,verified_match,97,97,linear equation by finite difference,d32e733d6ae7a3f540cc4602e0ec953723bd7dcc6b543e92703b6004ab593070
3db0a447-09de-4805-9014-b2e2e6931de9,count_bits,bit_manipulation,verified_match,14,14,binary popcount,5940927a9c1196a0e5527dff3f36e75d3feb3874b61dae4caeaf57aa449a0208
92722acf-5bc8-4092-a0f0-ccfae6220175,number_format,numeral_or_bit_support,verified_match,672206499.582,672206499.582,numeric candidate comparison,89302d831b83e71823bb0ed1290a4083eeb536e11dd5e8c4c5834efdffdd342d
9c23e9a7-b195-47e2-a0ad-f5ccb93fb571,number_format,numeral_or_bit_support,verified_match,274139002.345,274139002.345000,numeric candidate comparison,5936889083282c5aeb7be50c555455816aa90a29e00f6e02c2732312f2c9390b
e89d0995-eae6-47d0-bdbd-4d66f236084f,simple_equations,equation_transform,verified_match,36,36,linear equation by finite difference,9ec060bd04384b12c51efd4ef209cfe33abc30197a3d5147e18210c0e53f3447
13f3e900-4a49-4c8c-b462-8b4d2165847a,simple_equations,equation_transform,verified_match,31,31,linear equation by finite difference,571285b75ea966a77bd6e6c6a7fa410da9908908a6de71dbd01522331edb3879
01d56369-7e3c-4193-8400-50e3ce7308a3,polynomial_multiplication,equation_transform,unsupported,-75924*x**9 + 39026*x**8 + 229796*x**7 - 401975*x**6 - 11474*x**5 + 545517*x**4 - 242550*x**3 + 52560*x**2,,no local verifier for source,56e8de2f7b38ef6a0a9dbffeeef0eb35bdc519ea3eb0c5a500c48bb0ee60b780
b4cf4bd7-f2b4-42ba-af93-d27b301082ab,polynomial_multiplication,equation_transform,unsupported,-82984*z**7 + 320408*z**6 + 22512*z**5 - 424844*z**4 + 759020*z**3 + 1144*z**2 - 309172*z + 394568,,no local verifier for source,e640a5d389217eea5dbf23c897f83a88a284ba4a3373dbc2cb19c4316c89ba02
97c8bd96-44b2-4ef0-90ce-5ac69eabf4d6,cryptarithm,equation_transform,verified_match,"F=9,G=4,L=1,M=5,N=6,R=0","F=9,G=4,L=1,M=5,N=6,R=0",provided mapping verifier,44f84c9fe9cde04a57f77d13be499dd2e664a33e11ce4716fbcb2befe256d25e
cfb8eac6-ca76-4e47-be19-c426451fa922,base_conversion,numeral_or_bit_support,verified_match,110110,110110,base conversion parser,cdb75ddc95e3616205d17675e5e8cafe8bc19cb41e69be4bfe9147bfbd81fce7
9d9100d2-d030-44a9-a589-3bd9e6fbea58,count_bits,bit_manipulation,verified_match,16,16,binary popcount,ee33c4f13034de4589636395e5e8f99d53bebca7abd0b8fc2df63128094ebc47
01be762a-c878-4c28-9e56-f5f96a6a49e6,number_format,numeral_or_bit_support,verified_match,348905824.388,348905824.388,numeric candidate comparison,3357074c0b858d54f764c28ba0b33fb94ab71283f9da0814cb891e5e5b4a67e0
1241f2d9-f666-4562-8106-addef36ae1a6,circuit_logic,bit_manipulation,unsupported,0,,no local verifier for source,f10cb0e016cad8ff56ac1b229bd0750e9cd901c6dfdd74aa4054077a3047ba5e
36a27a84-1dd4-4f7e-a1ff-bdbbe8ee5959,number_format,numeral_or_bit_support,verified_match,940812235.519,940812235.519000,numeric candidate comparison,38d95014328cd3cdd96cadbd2fd8002c28cea3f7b30f8568deab028996943fb2
ad3372a3-1716-406c-bc1a-5ec41680b782,cryptarithm,equation_transform,verified_match,"B=1,F=5,G=0,I=9,K=4,O=7,R=3,V=8,Y=2,Z=6","B=1,F=5,G=0,I=9,K=4,O=7,R=3,V=8,Y=2,Z=6",provided mapping verifier,98243e1c4715659ebd0d115b8a877a7e9a383b0b070744038500e9eaf1d948fc
704f7bd2-bbe9-48a4-b312-78531ee594e9,cryptarithm,equation_transform,verified_match,"C=1,E=8,F=5,R=9,W=6,Z=7","C=1,E=8,F=5,R=9,W=6,Z=7",provided mapping verifier,8ee2c324633ad03b78a3c050271b7ee38d6e42a474d49487ee0f59f90f7bb878
a2106bc9-0873-4a20-9e6c-ab24ff53a566,bitwise_arithmetic,bit_manipulation,verified_match,0x5a94ef72,0x5a94ef72,safe integer AST,d7c325efd113b7c32e46acd5e4831aa117f9e9803156018cf38c14c6117a947d
19b54c4a-1976-4554-9ba9-8e6475d7156e,base_conversion,numeral_or_bit_support,verified_match,111,111,base conversion parser,f17979c5133a8918e20847fdb0a112d0ff21c290612e07e322c5f2d8d0972359
1b3ea83f-1552-4d2c-b6c0-26b6a7df01ca,cryptarithm,equation_transform,verified_match,"B=0,C=9,D=6,F=7,G=2,I=1,Q=3,R=4","B=0,C=9,D=6,F=7,G=2,I=1,Q=3,R=4",provided mapping verifier,a06781c86b9e0297147bd88623a571d817a1505c2d964d4a224e9274749e128c
3ee46e5d-3113-48e2-8b41-cbe1535df6dd,simple_equations,equation_transform,verified_match,92,92,linear equation by finite difference,80c765338120a25b29b0d465054b3b29677c0e0f9f1b48d734f550dd3d7d77a5
4585616e-d7a6-4aee-a2d8-87d62c39dfbf,simple_equations,equation_transform,verified_match,46,46,linear equation by finite difference,167534b92a55c8079b9e18c203caffa5bdfd16d49d928a27666fb4b4e7b942a3
315a02ac-5676-4456-ae2a-382ef31f3455,binary_alternation,bit_manipulation,verified_match,4,4,binary alternation swaps,fa0a099424e09d2c5c46f238c1a5f07764f203c92b53982c06dacaf3e9b00d4f
4c62ef8d-36d4-40fa-b504-49bdd914cc7f,count_bits,bit_manipulation,verified_match,16,16,binary popcount,1a0fcad8680d081257f4135744b748153e0bb1d2b0e8fbf0664a45a4559e31eb
a59d7f56-0882-47ea-aeda-664cb383f99e,cryptarithm,equation_transform,verified_match,"C=9,I=6,K=8,P=3,U=7,W=5,X=2","C=9,I=6,K=8,P=3,U=7,W=5,X=2",provided mapping verifier,c7af509db581c5b844dc4d88ff9adb09398c3f82260fbde8dd05513691125214
a857af91-b7d1-41ca-a4e9-fa1324f5a382,circuit_logic,bit_manipulation,unsupported,1,,no local verifier for source,20eb2b75773007fd65f29592ed597596a925a651ff51205bc95bf6f49c3d3ec8
107d301e-8c91-47fb-8463-c3e818072243,cryptarithm,equation_transform,verified_match,"D=8,F=1,K=4,M=3,O=6,P=2,V=5,Y=0,Z=7","D=8,F=1,K=4,M=3,O=6,P=2,V=5,Y=0,Z=7",provided mapping verifier,e98853c1d3eb4a091b198ca8bf2f26237850e6a5c33e84306d188ba5cf9e97ef
f0c315a4-7d6d-46ee-bac2-8f61f8938831,simple_equations,equation_transform,verified_match,52,52,linear equation by finite difference,5ab81ab22c7e6003b925bc268b01584b4a93df587342235f4fa60bc903d30fc4
216f7d8b-6cef-42c5-94b2-d35e1f61e8fa,polynomial_multiplication,equation_transform,unsupported,7134*z**5 - 5412*z**4 - 2610*z**3 + 17068*z**2 - 5520,,no local verifier for source,a9fe20cbb1f14204be1f4bae8d07d9f08c78c2cd139d806aef96f9efd59545e8
0a465d7f-2cc7-4714-a76c-0ad9f042f780,binary_alternation,bit_manipulation,verified_match,8,8,binary alternation swaps,040be8612fc2090712702248108a91e64c4e781089a050c7fe790ba447c0e169
4eeb204a-b4eb-489f-a7be-cc015be66f6f,simple_equations,equation_transform,verified_match,34,34,linear equation by finite difference,87bf846d1cee71eda05b1b4c7187c0daf355dd3f4c0729b0d08652dba9935115
87786a3b-e2c4-4b92-abec-7298d46be128,cryptarithm,equation_transform,verified_match,"A=3,F=7,M=5,P=2,S=4,U=1,V=0,W=8","A=3,F=7,M=5,P=2,S=4,U=1,V=0,W=8",provided mapping verifier,734d6882c82ce467d647f375a6c3bb29d89473fbd4ceba4e5d07e7d052bf0103
2dc7795d-1379-411c-a256-ad091dd09813,number_format,numeral_or_bit_support,verified_match,116636848.07100001,116636848.07100001,numeric candidate comparison,ef0af0c04d630d630ed9c4e8e460813a30520541d9746dfbf18e2c685e8bf739
e0375950-f9d3-49c7-b906-1997e2589940,polynomial_multiplication,equation_transform,unsupported,4959*x**6 + 7395*x**5 - 12867*x**3 - 8160*x**2 + 8160,,no local verifier for source,3a3b04e98f17b3ca5ca57c5033a5832ee01dd8d5eabf3d369a986e9ba93c6345
0bf51066-b38e-46de-b6b8-81c982da874d,simple_equations,equation_transform,verified_match,85,85,linear equation by finite difference,fef5965205a5c74ddbe2d77a5b41f537a8d67fa8514f63580e681358e7e2b284
a52fc5ac-1057-4af3-81d7-26e82a8dbb27,circuit_logic,bit_manipulation,unsupported,1,,no local verifier for source,52d22762d468e39d47fa38dc42a8694eb303653187e43749437b70586539e39d
2bac047b-54d9-4175-8371-dbe92730ee12,cryptarithm,equation_transform,verified_match,"N=8,O=4,T=7,U=5,W=6","N=8,O=4,T=7,U=5,W=6",provided mapping verifier,213d6fee190f569f0f56273a40a02b88284b1d2e766ea29ca2498f960bd05fc4
3abbf4d1-6b14-4f07-8e68-287c31370dde,binary_alternation,bit_manipulation,verified_match,7,7,binary alternation swaps,408bd8ac48b9538c44dc1f32764b7b43f133a115743c715fe2790f4e48796c2c
da1eade4-e69f-4d39-a8d9-2fb482a5822c,count_bits,bit_manipulation,verified_match,19,19,binary popcount,72072edf3dddfe9b7dc4b46ef1934b77d4af0e7d3da49614cb8125690ab67881
e55508fc-3e3b-408e-8071-e3374221b6db,bitwise_arithmetic,bit_manipulation,verified_match,-0xdb3,-0xdb3,safe integer AST,2d620476eca101c757abf39b2fdb8188e45bd7c1b3fee76213a257fb7cfa0a42
922a120b-22d7-4955-8fa4-02b41aad4cef,number_format,numeral_or_bit_support,verified_match,363454494.661,363454494.661000,numeric candidate comparison,7a57bc0feac7118cdf149e9139d9853cd73ac9f7b9bbaec61b65fb45fee5a857
1a70bd86-ae70-4fb9-bc78-0a4f7221549f,base_conversion,numeral_or_bit_support,verified_match,10044,10044,base conversion parser,25cb455570fe273f11859e25c94d7a0da60db5ecba14454f43df15353152b831
f438fa89-7040-4ac9-87a8-405b44993340,binary_alternation,bit_manipulation,verified_match,5,5,binary alternation swaps,e778b4de245b70d8449943606867ad996446c4558efdb1bc99e587e017f16d0d
0107f453-a516-4c05-bd41-465b49084522,cryptarithm,equation_transform,verified_match,"F=3,J=6,L=1,R=8,T=5,U=7,V=0,W=2","F=3,J=6,L=1,R=8,T=5,U=7,V=0,W=2",provided mapping verifier,96438049822e3c9df7d035dbef4b83b7b0fb8c893aad7f0516669a11aa798f89
6fe73b3a-c761-4c40-880e-d77e5a468f2c,base_conversion,numeral_or_bit_support,verified_match,1ba,1ba,base conversion parser,cafbf86d6820f6f4e2f8a29792314cbd62f6418a7001d521f8f5a8b7fe1e31fe
6937c220-0000-4d44-bb3c-2e1e1bdad050,cryptarithm,equation_transform,verified_match,"A=5,B=8,C=7,D=6,T=2,V=3,W=9,X=4,Z=1","A=5,B=8,C=7,D=6,T=2,V=3,W=9,X=4,Z=1",provided mapping verifier,fd5613b23701f633fabdf2914265cbaefde7d0d599b6f379b2bd81ef3d2f60bf
1de2c287-f0d7-4480-b42e-77461354f17d,cryptarithm,equation_transform,verified_match,"B=8,F=2,G=6,I=4,L=0,M=1,N=3,U=7,W=9,Y=5","B=8,F=2,G=6,I=4,L=0,M=1,N=3,U=7,W=9,Y=5",provided mapping verifier,a6396323f9957956c1a462c9603168d2c8c170a1a15534dbd443af9850ee7424
c9e0c414-dec1-45f3-aa48-6c5e789ede1e,cryptarithm,equation_transform,verified_match,"F=5,G=3,L=2,M=1,Q=9,S=0,T=6,V=4,Y=8,Z=7","F=5,G=3,L=2,M=1,Q=9,S=0,T=6,V=4,Y=8,Z=7",provided mapping verifier,ef7c66d476ca2a7124fd92aaccae244a1ed95bd078c27649cf4b3c84e5440e22
f484be99-8311-4134-8630-14825382c417,cryptarithm,equation_transform,verified_match,"A=0,K=6,O=4,S=8,U=2","A=0,K=6,O=4,S=8,U=2",provided mapping verifier,7104bc1e40e65dab4e7a10ec7d62c8267630e518ecda40c3958b5375ecdd221c
639e5ede-a96c-47dd-90ca-b44fac67b0d5,circuit_logic,bit_manipulation,unsupported,0,,no local verifier for source,47f5e271358f9b50f2ba4f589d213f4ecc64accaf693b03d967fbe43d4111768
e937ba61-0ec1-4e38-a732-8907b22e9e10,cryptarithm,equation_transform,verified_match,"C=3,D=9,G=8,L=2,S=4,U=5,Y=7,Z=1","C=3,D=9,G=8,L=2,S=4,U=5,Y=7,Z=1",provided mapping verifier,d3e2c6395d2d4a09c8c192f0f2d3ca18a7da0bdfb389dab70e9c9ffaea2b56ca
917b7fca-f22a-4ec3-8ec1-45ee0eb0ffd9,simple_equations,equation_transform,verified_match,48,48,linear equation by finite difference,cd754f2a3a4c2e4f6a8c6cb7b59ea1414a8fd2edbd7b77dadae6cf7872413b51
c5c2e8ad-bd94-4e8e-98a3-a6b8f2c46072,cryptarithm,equation_transform,verified_match,"F=1,H=7,P=4,Q=2,R=8,U=0,Y=3,Z=6","F=1,H=7,P=4,Q=2,R=8,U=0,Y=3,Z=6",provided mapping verifier,54030a067d1d3ee7009b6fe76ac3820e7535cb65907c2bef4da2f3cb6cd854c2
42883a06-de4b-481b-a580-703316e442ac,count_bits,bit_manipulation,verified_match,18,18,binary popcount,74e73bdbfb04378487bf09711f0f3ed677b35c7aeedefd9256ee29ca3d54db62
ffa9739a-11dc-45c6-a547-738695fcd031,number_format,numeral_or_bit_support,verified_match,349798511.631,349798511.631000,numeric candidate comparison,6eccf260a6e3ef070c29ef7f7e4914ae7d1f111b7446c5b79b635bdbf3929ce9
3956f9cc-17e6-4df6-adb3-dfe4650ef22e,number_format,numeral_or_bit_support,verified_match,394509135.658,394509135.658000,numeric candidate comparison,323f36b79a72cd18679322285b20bd9fe7cd2bb3e535be5a86db8f547235dcbe
b76f4523-1ab3-4f38-9e22-6aa755d4788e,base_conversion,numeral_or_bit_support,verified_match,1300,1300,base conversion parser,ceafa62ab2b4114183e70e2368263e1f102b709c0801d7c19ef89a04c14b30b0
08f14844-f645-4397-83f6-cc34dcc5dfdd,circuit_logic,bit_manipulation,unsupported,0,,no local verifier for source,bb17fa1fb9541c9bd8a25dd2150097c4ffc8d8e37cafedcda9f5e874c90d0f99
2d103b9e-2562-49df-85cb-d63c363340ab,binary_alternation,bit_manipulation,verified_match,2,2,binary alternation swaps,90a20a366242e231d1bc895de50793da170b5511436eaab314d49c8b74f72fb3
5f6b89ba-e1d4-4913-adcc-47a56e6dacbb,count_bits,bit_manipulation,verified_match,16,16,binary popcount,f7b839fda01c65d803e225c45d52ba5b81505c50b3ee364910927b33b5c740b4
57be6007-20ed-409b-b645-a85c1b641485,simple_equations,equation_transform,verified_match,17,17,linear equation by finite difference,380129633cb08afd40af9135958405afcf9a973ca0be7cc71ac757ad14a49f06
fdac5620-b499-4e69-82ac-919f44c4513c,circuit_logic,bit_manipulation,unsupported,1,,no local verifier for source,c18f74bdda4161cbd9a058fde7fead165f09bab464918827fe31e94cb16e5f38
905e10cd-4c0a-433d-b794-3fb9b50a06bc,circuit_logic,bit_manipulation,unsupported,0,,no local verifier for source,f07108c5a078ff38660ff4e2601b195c3c1dd781f26feba45e8e69cf517088fb
5c380a3d-2d3f-4145-bd1b-21a4d95d4290,simple_equations,equation_transform,verified_match,69,69,linear equation by finite difference,f82ce4c8ed3eeba5a714740eb41920372f4420c3c78dd9db06979f2c7f15f266
7c56f33d-f65c-4cd5-ae9f-ea8af1eb56dc,circuit_logic,bit_manipulation,unsupported,0,,no local verifier for source,9ea24e0aa8e22469cd159408dff35cbe44111acb8fe1598bc6872183367d981b
0dbe3192-7b27-48fa-836f-f62050c39688,polynomial_multiplication,equation_transform,unsupported,-300468*x**7 + 379162*x**6 - 358092*x**5 + 451878*x**4,,no local verifier for source,7959561bbd1f8406b205d0c78781bc519d92ee2681897c6b32e8c85f29b28d32
eed80a19-1d7b-4d4a-98d3-21a124d1b0e5,circuit_logic,bit_manipulation,unsupported,0,,no local verifier for source,88bc518794a7b023fc5789cd85ea02eb90e1d3512c04abde3d9c1cec3aab56b5
d5ea9df3-e989-41ee-884b-54ed1a2be7af,cryptarithm,equation_transform,verified_match,"A=3,B=4,E=0,K=6,N=2,U=9,V=7,X=5","A=3,B=4,E=0,K=6,N=2,U=9,V=7,X=5",provided mapping verifier,268a3c6ae24258e9e81ecd2ababf1694ebe4bdd4936aa970de72ef3c7cfc4a4a
c72dca1c-db5a-4d1a-b190-eee08d8dd249,base_conversion,numeral_or_bit_support,error,333,,ValueError('base conversion pattern not found'),2d0a097c29c13883e47a8dc98812a11b21007f59a8455d3eaeb9741292b98e0d
e49b5f53-c435-4679-bb96-c7e76a1a700b,simple_equations,equation_transform,verified_match,53,53,linear equation by finite difference,9c792f315a31d358e9fa76af1922e5a6e6eeb6cf645457ee9634c1acd163fa62
2771ab97-8b44-408b-911d-b2862f5171ad,base_conversion,numeral_or_bit_support,verified_match,26,26,base conversion parser,a5ad02cfaa301f8fdb3dc5c724dbdf475c07c28eabc9c5a5cc4e8f717ea5d2f8
330847b1-8d28-43cc-9447-814b6f76dc70,polynomial_multiplication,equation_transform,unsupported,-45696*x**9 - 360976*x**7 + 89760*x**6 - 666400*x**5 + 709060*x**4 + 1309000*x**2,,no local verifier for source,0242a4c2d1ea73bfed92599f62b99ae7ce1594fe64fd20f0582814e03bf9147f
1bc7f807-7dbc-43b5-9695-c5f79a7d7e41,binary_alternation,bit_manipulation,verified_match,9,9,binary alternation swaps,a7e69a4d8ab16e9f9258f35bf8ece7be768661a8fb1093ad6f9ac2a078c67067
2a62263d-68f1-4c70-8772-e47722047ca9,base_conversion,numeral_or_bit_support,verified_match,1040,1040,base conversion parser,891a0552b196ab31d89a5e7c2c77ad68cb4d56760ff43332846484b1a53c9ec6
988731b1-46f2-496f-8c6d-8f2fcbd68961,number_format,numeral_or_bit_support,verified_match,76990952.693,76990952.693,numeric candidate comparison,9391dd5187229a8401d1683b8146098675051d349e3f79a8a5c73f707bc5264a
bb05809f-b928-4c1e-9a38-bf90ea1cbab8,simple_equations,equation_transform,verified_match,67,67,linear equation by finite difference,aa8fa76af32db0746e635778cdbff0a0751742ec478d194332b0e04cf5d1fbba
40c72913-ba8f-4baf-bb12-55ae147edd50,binary_alternation,bit_manipulation,verified_match,-1,-1,binary alternation swaps,d24e0cd0189490dc231b3f46846aac52812f33f0864f0bd2e0bf3083f98b9d86
cb95df6a-5c33-4a62-856e-48e047dfc189,number_format,numeral_or_bit_support,verified_match,906960302.25,906960302.250000,numeric candidate comparison,78716885369a29eabbb961bba164636a41410651ff83ea8a5fff815ff07b413d
2d2469ca-e232-43fd-a540-837598bce52b,count_bits,bit_manipulation,verified_match,10,10,binary popcount,5e0e274a3ae88d161534f4fd74e9047a3dadd99a97368f3815025cc451e61553
836c5622-0d14-456f-aff7-a46a431a946f,number_format,numeral_or_bit_support,verified_match,621251258.363,621251258.363000,numeric candidate comparison,3b8dc990374b2c8f2f621e2e76173375f947d1df9c8c379c1ee6e9cff1474d30
6ee86950-408b-40e4-9638-f15039e80c8d,cryptarithm,equation_transform,verified_match,"B=8,I=2,J=5,K=9,M=0,N=3,O=1,R=7","B=8,I=2,J=5,K=9,M=0,N=3,O=1,R=7",provided mapping verifier,c14b089668ceadcd91f2b40dd00051197b40e39a4736adc9081f801e5e10afe9
2a386dab-ec67-4a11-befb-ede8cbe1d9af,binary_alternation,bit_manipulation,verified_match,3,3,binary alternation swaps,d878ffa1b165c98a265705b3f8e351d58c37556504c74e1f2e570821f57acb3f
aa67f575-8041-4a1c-8eb6-cc132536257a,polynomial_multiplication,equation_transform,unsupported,-9263*x**3,,no local verifier for source,7844af7a5193c1b8ace84fcd82adb2238c35ddfd913fe39056bf963e7b3ec45d
5f2ff440-3a02-4622-be0c-1107760c27aa,simple_equations,equation_transform,verified_match,27,27,linear equation by finite difference,4cfe3e5472d4cff832730c1d3e361d3232eeb461770dfa6e6dc1b6a8c4c3273f
a2f61d54-961e-4f1a-a5e6-3435463e2961,cryptarithm,equation_transform,verified_match,"A=1,B=7,G=5,H=3,Q=9,R=4,Z=2","A=1,B=7,G=5,H=3,Q=9,R=4,Z=2",provided mapping verifier,09ea99ea91c87151203cefea685b4adcaa9cb2123a59860ed61707b4f5cf91d6
a70b8a72-7aca-403a-8865-195f2549e9ca,binary_alternation,bit_manipulation,verified_match,6,6,binary alternation swaps,749853d443ce68e724c195ac729c578118cd14352b3c1a982e1ed4a207788909
6958212c-6f22-4024-a4d8-c1ef204c3948,polynomial_multiplication,equation_transform,unsupported,-238680*x**9 - 121992*x**8 + 121320*x**7 - 378224*x**6 + 41760*x**5 + 245112*x**4 + 77024*x**2,,no local verifier for source,c2ae96f2b4814612485c91f516e2d4c0b3f9a19b303b0bf197192b3ff6ec23d1
2dbe4dca-c254-42b3-b87f-6e86d0f110a8,cryptarithm,equation_transform,verified_match,"B=6,C=3,D=9,H=5,I=2,J=7,K=8,Q=4,S=0","B=6,C=3,D=9,H=5,I=2,J=7,K=8,Q=4,S=0",provided mapping verifier,890788d736c0a759d712f46fa45160268f8dc8eaa05d8111aa7784acb1bfe4ef
be9e17c6-e7ed-4250-8332-e939abcf1e1a,bitwise_arithmetic,bit_manipulation,verified_match,-0x5cc2d989b660,-0x5cc2d989b660,safe integer AST,06beffccebcaf20c2a3b0057b7128e4ffc9087b73e1f80b89e6a50eef9ca0c90
907ba522-b458-4ddf-a3db-d5c13f2279a4,binary_alternation,bit_manipulation,verified_match,-1,-1,binary alternation swaps,d51af715464031de0ec721cdda6887647eea6a941fcf9ace8dcb8a59cf1d210e
fe99dc2d-ff6e-4329-ba94-2bb4441203c5,count_bits,bit_manipulation,verified_match,20,20,binary popcount,6a041c220942616f7dd2e6e4e0db67c35e3fd9dda89bfabedcdbefe419aa6547
ef4a02cb-435e-4ecd-b2b5-fb1e6eaf0bae,cryptarithm,equation_transform,verified_match,"C=1,D=0,E=2,R=8,S=6,W=9,X=3,Y=4","C=1,D=0,E=2,R=8,S=6,W=9,X=3,Y=4",provided mapping verifier,7df528a5412e87e935718c6513dab112a19143b189edb78c8b68f4cb4bfb2ea2
c1c9e9d4-8647-4450-bced-6211c84c655a,polynomial_multiplication,equation_transform,unsupported,1386*x**6 + 1260*x**4 - 6006*x**3 - 5460*x,,no local verifier for source,9c24f95bfde5216aca1a09056ea345967bbc31dd7b6cdf164b4a2e669b781a6d
f034a427-bffd-45f6-bb7c-fac4bd50d08d,count_bits,bit_manipulation,verified_match,17,17,binary popcount,33a5086cc718f6dccc16ff40eb3f43d9e7dc028d4f8b04761e8d2f36985b6c46
328a1a9f-dbe1-4946-ab40-0d12d734a97f,number_format,numeral_or_bit_support,verified_match,160773100.183,160773100.183,numeric candidate comparison,ee8e4f39ed18150aa36f431d2431db0e140bed53513c88ed413cb6bd6eefb110
cc7d6225-f919-4499-a3f9-c60b7f03cf9d,count_bits,bit_manipulation,verified_match,17,17,binary popcount,e88ad481b927eb0fb3e94f8dc4356034515c2702e43becb2204b9aaf967bcae2
87c885a2-9343-4e68-a2b3-3f60f41cf99c,polynomial_multiplication,equation_transform,unsupported,2088*x**5 - 2175*x**4,,no local verifier for source,3f67fc94c2f510a3516377ddefb957bb5d1424f0545ccb778c0b2371e65972df
ee573d22-6669-4b37-aac6-c88ea4b7021b,cryptarithm,equation_transform,verified_match,"I=6,K=9,L=1,M=3,N=5,R=0,T=4,V=8,W=2","I=6,K=9,L=1,M=3,N=5,R=0,T=4,V=8,W=2",provided mapping verifier,97ab60cfae5492ac8a6df2aef77587df5ceef2fd364744bfac0b0fc50b78d6c0
9b7f6654-0ba2-481d-b40a-755e4b5041e2,cryptarithm,equation_transform,verified_match,"A=7,C=6,F=3,J=0,S=8,V=2,X=9,Z=1","A=7,C=6,F=3,J=0,S=8,V=2,X=9,Z=1",provided mapping verifier,0309ca0d0b7e2897f71d9c965d4873508c8664f3c87b9a7aec4fab2e1bfeb312
e8c6e5ee-3ca0-4350-9af7-ae589d6d464a,simple_equations,equation_transform,verified_match,100,100,linear equation by finite difference,1f4bc463ca236d1fb812807ed4d2e182fb51d8cab99b8484d00c4e5021498245
da6aa575-75a4-4fe9-ba7e-14019a6ab5b0,binary_alternation,bit_manipulation,verified_match,4,4,binary alternation swaps,d52d43b2eebb2443f243f9adeafce10a137525024ccbaac484b3e625d81d4368
8477d380-7f70-4470-9f9e-e05e1a312fb7,cryptarithm,equation_transform,verified_match,"A=4,F=8,H=1,I=7,V=0,W=9,Y=6","A=4,F=8,H=1,I=7,V=0,W=9,Y=6",provided mapping verifier,7d4661aa8a0ec03698b3d0a2cc3a0941baeb2464e22eb8ead4d06907ac190d20
3678b5a7-257d-4e2a-ba54-f7f68eff1324,base_conversion,numeral_or_bit_support,verified_match,260,260,base conversion parser,c71f90f4b1d70ee70ab27f3ac03b0181f7e988551d151eb158724a65990e0dee
bc6bf9df-3c9d-4a6b-9a66-0e2d1b814bb0,cryptarithm,equation_transform,verified_match,"A=1,E=2,F=0,G=7,I=3,K=9,M=8,X=6,Z=5","A=1,E=2,F=0,G=7,I=3,K=9,M=8,X=6,Z=5",provided mapping verifier,288ab71d60721f1287428a1219da979960d7d66f618779245f7dfa1ee91fdfc1
113a3a9f-bd8b-4b4a-8709-b3cd4f638364,number_format,numeral_or_bit_support,verified_match,761927520.029,761927520.029000,numeric candidate comparison,8bf87bf3b3147cbcd05ba0f94a06f6c840fa9ec9615f33ae8d8d2698643da077
128687ea-a209-4961-9342-66dc7c222acc,binary_alternation,bit_manipulation,verified_match,2,2,binary alternation swaps,bc1fe476ba21fb0fa89753a780dfce951d9a413b83c933c82e365a043f35a3b8
ca7dc763-a498-4530-b0f3-62d523315504,binary_alternation,bit_manipulation,verified_match,4,4,binary alternation swaps,21053515a14fc42168538948f664f0c5ada0b3e2fd4d918d8c296c2c3db22f73
7e74f495-f47c-484c-9861-6f34b0ca443f,number_format,numeral_or_bit_support,verified_match,738100482.283,738100482.283,numeric candidate comparison,3f7aaf3b8da5b27637270fbe92e19101a169bd4b50f9133c98e4e97cdd739e09
571df223-8b09-41f2-b4cb-a4c4e33c8230,cryptarithm,equation_transform,verified_match,"H=8,L=4,O=6,R=1,S=0,V=7,W=3,X=9","H=8,L=4,O=6,R=1,S=0,V=7,W=3,X=9",provided mapping verifier,e23c1a22705e2f58909f7c8ea5297dae5f513c1c598de7fc222b41652bfa9c6e
684159cc-7ab4-4af1-b5f1-f6739699c7fe,circuit_logic,bit_manipulation,unsupported,1,,no local verifier for source,a15e090e034d69988d8130ba8d2d778b8d6dcad250301dbedf505979172f9128
3f08cac5-286a-44a1-b312-8987495e4d35,polynomial_multiplication,equation_transform,unsupported,-100254*y**7 - 379687*y**6 + 260540*y**5 + 483616*y**4 - 209825*y**3 - 125860*y**2 + 50750*y,,no local verifier for source,6cee8aea6cb3df69c30e45ce40c9ef712278c5c5a6e59f75c76d202d000306cc
ad7fc42c-1f30-4cb6-ae21-687c6d1453c7,bitwise_arithmetic,bit_manipulation,verified_match,-0x1e22239c,-0x1e22239c,safe integer AST,9d2bfe3c569aac15b8529b07346d1d23ca3ab30faf27852d632a0586bf08ba00
f7fbe871-b62c-4668-921d-4e6754233b8e,binary_alternation,bit_manipulation,verified_match,5,5,binary alternation swaps,900286ad650b331dacd53d9c51ab70374bcb67bdb80e5587cf02fcaed2995201
6099964e-beb5-4ab6-a916-44bff10fe235,simple_equations,equation_transform,verified_match,1,1,linear equation by finite difference,e582706443cc365ab11c43583d8dea8ecbb4a4f166698c082ababe14db715b7b
ae3bad02-fc6d-4908-9ed0-9ae13563de7b,number_format,numeral_or_bit_support,verified_match,661835416.467,661835416.467000,numeric candidate comparison,9400ea07afafa25fc0cfb945f9087287d8a1d0bb0785c18ae9fe2510231696b6
587ae402-a9ee-4c16-9c8d-2cb029090c70,simple_equations,equation_transform,verified_match,15,15,linear equation by finite difference,1d4b7a01118f700c3f67bb28baf4cf266ff901bc20c61b6a9792c5f563320a26
19e23c01-79df-4c3e-b2c1-bc1c973461fc,number_format,numeral_or_bit_support,verified_match,509799224.12899995,509799224.129000,numeric candidate comparison,f54981f5b7ffdd2f35dff1d2245019b29da9053afaf49b7d0a64b239f1e5cbd5
b68c9713-0aba-4668-9b65-2b9a0e40b405,cryptarithm,equation_transform,verified_match,"C=8,D=1,H=5,L=9,Y=6,Z=0","C=8,D=1,H=5,L=9,Y=6,Z=0",provided mapping verifier,8dfa6b46b7319a651b26d6c8801c6a7ea2169e868eafa2fc110d2a489f30603d
742729c2-5f43-4b29-b660-c9306e5e43b2,base_conversion,numeral_or_bit_support,verified_match,389,389,base conversion parser,5c0ba485d6e8adab777257a98985d71392fb634b6f7ffcf5cbb60f9e8755fb22
8396f058-25fc-4613-95f2-7eda079a5e64,bitwise_arithmetic,bit_manipulation,verified_match,0x2d79,0x2d79,safe integer AST,69b2bb87280f9f8f5d3b5bf797fb5a15036b0e2ffd64364f3e0fe5418215982b
c684e164-c2eb-416d-ad15-9aa5a7e4bc3e,bitwise_arithmetic,bit_manipulation,verified_match,0x177f,0x177f,safe integer AST,634d0c6c3b11817aae3cb080ffd502a60b3beaead959b5120114456ff23ebbbb
6910f453-f8e2-4710-97e6-226c9921fb83,binary_alternation,bit_manipulation,verified_match,-1,-1,binary alternation swaps,60f9966c39d62407d5b6cb036e53cc67deb7a7e19e2eaf4fb8c59095983e9d84
7e4a6a0a-f005-4e46-850d-df4dcedde702,simple_equations,equation_transform,verified_match,67,67,linear equation by finite difference,85ccd1c117ac222477e09d444e985b562254c482e46dc6e7efd5fbbb19b4e3b0
6df0c18c-ff53-4833-bd09-bd8aa20192aa,base_conversion,numeral_or_bit_support,verified_match,296,296,base conversion parser,fefcf65640fa2df186f63b277c65280c33c83a7ff30a0638e55792053e6502b8
4d578baf-6492-4c4a-8d4c-b35727423d69,polynomial_multiplication,equation_transform,unsupported,1805*z**6 + 1159*z**5 + 6522*z**4 - 3509*z**3 - 319*z**2 - 5482*z + 3024,,no local verifier for source,4f517f9ee456be6a805e0647a836c0d40bf17de528eba7cd96479c6f90db32c2
97fb3aa6-c899-4782-806f-b8367f37cbf9,binary_alternation,bit_manipulation,verified_match,3,3,binary alternation swaps,478e6aca829337e2485c4eb8ff287c47094fdfa10550d561f547a89cb6a472b6
1bf3724d-d162-455a-8272-5635ea6f8365,count_bits,bit_manipulation,verified_match,17,17,binary popcount,3d2e3b0713d2e49fbab497ab04724427624dd1d09924e74811fd6bfdd811afb7
fb7a654b-6c45-4154-a373-78bea46b7241,binary_alternation,bit_manipulation,verified_match,-1,-1,binary alternation swaps,e3e38f168ac301356178324c4f15bd6601d568a2dd8c5d712a12024f7a168764
e0b5e5f4-b684-4128-aeb0-a617ab68fefa,binary_alternation,bit_manipulation,verified_match,3,3,binary alternation swaps,f02896203e67acd7cba1665866f6b230a056190545d966909f98e170886dcc83
d7849507-4caa-45d3-a77f-8d752ac9a5b2,base_conversion,numeral_or_bit_support,verified_match,443,443,base conversion parser,cf3d39948a98d240a0a9e0200bf87ea1fba2cfb92c16f623d6245b3cf0e0493f
1ebd7a0a-fc19-4a4d-b4f6-bbc1184f5ab9,binary_alternation,bit_manipulation,verified_match,2,2,binary alternation swaps,2d609d7ada7512c2321195628ad4aa5d51e27b22d5d79908f782a3578b42375c
a882371e-2208-47c7-815f-76c8b06d57f4,polynomial_multiplication,equation_transform,unsupported,46110*z**6 + 330426*z**5 - 174336*z**4 - 209866*z**3 - 287394*z**2 + 166060*z,,no local verifier for source,574318e4b259363a79d7f445fd9b35683fc88414241e20083bfc045b49896d55
c05b44e3-1bb9-44ce-8ed8-85fcb4a79eb6,binary_alternation,bit_manipulation,verified_match,3,3,binary alternation swaps,77f3805c87b5dc514b4cbdd6268007a9d491b883e7cf213a3692c7a287b3cd85
a2e27a9b-e989-49e4-af06-ea5091d36c9a,bitwise_arithmetic,bit_manipulation,verified_match,0x1d8316a,0x1d8316a,safe integer AST,b89f64ace5975c493584893e00b621b67f126566ec3d63a45cdd55eca863a20c
4294c4e2-5077-4c7f-9050-eb1b0a1aec59,circuit_logic,bit_manipulation,unsupported,0,,no local verifier for source,c3a40d1689971b8aaad5bdbd00ee293329721387085471808f3f5b0808051d27
452b3c16-1e6e-43d4-bdf2-2b93bdee160a,number_format,numeral_or_bit_support,verified_match,325973622.167,325973622.167,numeric candidate comparison,f97e0c51c70174d79e8b2fa882618e63d09ed450185367254115908d3fbae100
b0365010-32e6-487f-9791-e51668cf3c68,binary_alternation,bit_manipulation,verified_match,3,3,binary alternation swaps,5c5401592e73a1184becb4859fcaea4aa7e432c8f931b50fd8d17c7b29f6996a
e1d2f68a-4cc0-48d4-ba88-cb667638facd,binary_alternation,bit_manipulation,verified_match,-1,-1,binary alternation swaps,bc2de075d2140ae58c94f7c1467e72f42b1df7e096dc49400f2d25f82f14f85b
02adeba1-d0ee-420b-a5ef-207d6a577646,simple_equations,equation_transform,verified_match,98,98,linear equation by finite difference,ae4137bb150b49fd001381d08ce90a0f2da641a3ba237522ed17550e5b4499c6
c5b4fa79-540a-4772-b41a-1eab0768fe69,count_bits,bit_manipulation,verified_match,19,19,binary popcount,68f4cb77b9e80e67f32436c73deef258ba43b47b57111a1b0373c9d1e613308c
bd62343c-0847-4390-b19d-d9179097f6d5,binary_alternation,bit_manipulation,verified_match,-1,-1,binary alternation swaps,1db897fc94669fddea842c6ceabfa20465498f913701b6e801614537de1bd4e8
b583de0e-b7cb-4efe-ac68-70ef05b002b1,count_bits,bit_manipulation,verified_match,15,15,binary popcount,47cce09031ab5352450fb5cb1f825883fdaef0718a2998aafac4445ecfe349a1
b218b5ec-8304-426a-85d3-a22f74fb681e,cryptarithm,equation_transform,verified_match,"B=5,E=3,G=6,M=9,Q=1,R=0,T=7,W=8","B=5,E=3,G=6,M=9,Q=1,R=0,T=7,W=8",provided mapping verifier,8759433cc73ce735edc17bb749340003189326dbe45e5177e4f765ba103f8b9a
088db1a5-8837-41ac-9152-8e1624d8e85c,circuit_logic,bit_manipulation,unsupported,1,,no local verifier for source,d09fa1294cad9f76bf0e54ac2f7594352068a82d9c759eb3f272c477badf176a
162737c7-b45f-4276-a146-3e718b99fd45,base_conversion,numeral_or_bit_support,verified_match,3422,3422,base conversion parser,74a36787b39d71aca33e45c78b46274d739912def7f8c4b30983e689c1c23b49
f19bc294-ebef-4640-a4e2-5a9a24d89b1b,polynomial_multiplication,equation_transform,unsupported,-22932*z**5 + 284256*z**4 - 432726*z**3 + 615888*z**2 - 829920*z,,no local verifier for source,834c2c1df4ad9f4241555129d231477269d27c37576c00d52196efa3caffd4df
bcb74d56-d78c-48d1-82a0-0044dd12a289,bitwise_arithmetic,bit_manipulation,verified_match,0x5c999ec9668,0x5c999ec9668,safe integer AST,8b528bb9dc6a5b69bf5bf607393f3e24475e722e83bb06cef1ff5eb323fbffbd
e1ef0707-c711-4fe0-bcdc-fc2ce6a10ba8,number_format,numeral_or_bit_support,verified_match,245458646.688,245458646.688,numeric candidate comparison,0595b35d5d194d6e2106a7ad17bafc0b724099b70f77dac2f609602df5080ab3
e5806436-6870-44ab-b160-6ca1876e883c,base_conversion,numeral_or_bit_support,verified_match,5b1,5b1,base conversion parser,b17ca3b93ccc1109189fe0bb885f64e0beba3d95c35b43e5c85fdf3a27a378d2
75c07362-73d3-4b9c-9787-7b2acf5aa7eb,number_format,numeral_or_bit_support,verified_match,94982330.196,94982330.196000,numeric candidate comparison,507be3332485343494828a42b0798d614f604de34bb300068635793b4d338198
b7d8b00a-12c9-404e-9d0e-19ace3080270,cryptarithm,equation_transform,verified_match,"C=3,E=6,G=9,I=1,J=7,P=2,R=5,S=0,U=8","C=3,E=6,G=9,I=1,J=7,P=2,R=5,S=0,U=8",provided mapping verifier,8d800468cfe912ebbd922469a9c8ed79c3cbcb5000f20a0a787802c1fb6593b2
c4f07901-2863-4c4b-82fb-4abca0944f1d,cryptarithm,equation_transform,verified_match,"B=0,I=6,L=8,M=4,O=2,T=5","B=0,I=6,L=8,M=4,O=2,T=5",provided mapping verifier,81c3710d6aa700debbe03b043f7dad13c5e797f6fa9641a086e22bcc79ecc86d
072d73c1-098d-43d1-86e1-43bdf6ec061b,cryptarithm,equation_transform,verified_match,"J=4,L=1,O=6,R=2,S=8,T=9,V=0,W=3","J=4,L=1,O=6,R=2,S=8,T=9,V=0,W=3",provided mapping verifier,b9d9366a25e8cb4e8fe6b5a94416a19db5d26f1e434a6d3dcb625abe027c16c1
1bd54f47-f565-432c-8df6-e3e2a74b9f3d,simple_equations,equation_transform,verified_match,26,26,linear equation by finite difference,188136be1e6092cf2c5d9325d22ad07e8b3c12d0519ee622683eebb6f87254de
14f81be0-083c-4bff-abd3-4e20dfb3f22f,polynomial_multiplication,equation_transform,unsupported,1950*z**3 + 12450*z**2 + 8250*z - 2850,,no local verifier for source,401ddbca174d2730a0079a38d19e233def27bab3eebf3e7a836b50656ffa592b
a2fdcd96-aa09-4053-ab22-65b3380f3d07,simple_equations,equation_transform,verified_match,17,17,linear equation by finite difference,e3e6ce9d25b00411cf302c6ede8578b787f004bc24a263c9cb2d826b96752fa1
7611dd3a-8390-4370-9921-d0a80433db47,polynomial_multiplication,equation_transform,unsupported,-677376*y**9 + 762048*y**8 - 131328*y**7 + 1423680*y**6 - 398196*y**5 + 126768*y**4 - 177046*y**3 - 277020*y**2 + 70756*y - 335160,,no local verifier for source,9d398e1f90a5f63716a85ba5656059b930bdfbf3a8c45f0bfbeca1ce29f35b45
1f982f2f-6a64-4dcc-9b03-8019aa91d294,count_bits,bit_manipulation,verified_match,15,15,binary popcount,383b1448aee4f89e194dc46448ac9c810bcff930f915a0ee9facb02573d88a29
00e89eaf-1e61-480f-a575-254bcaea982a,count_bits,bit_manipulation,verified_match,14,14,binary popcount,b0bdbf97c7f91a064afef7830ead8637bd0e728d81b92a1a6143a1ff4d9169fa
8c7c8a25-e844-46bd-a0ce-a9f4af941050,polynomial_multiplication,equation_transform,unsupported,-21204*x**2,,no local verifier for source,8b41dc71a52a7e8f0aa215b507550f4394e77a5ade9497de724cc3ef1d5c8971
2b892bee-b1c9-4ffb-9b95-5359b0b0e227,polynomial_multiplication,equation_transform,unsupported,395928*z**7 - 150860*z**6 - 235604*z**5 - 50000*z**4 - 1584*z**3,,no local verifier for source,8fb1566abe51f85e26f3c982fc871065c1bcf9d02a3dafa9cf49dffbf339cb0e
37643bb9-368d-44aa-8d30-9c56c8715474,polynomial_multiplication,equation_transform,unsupported,1470*x**3 + 4410*x**2,,no local verifier for source,0760a8e2162853af48f968e5220e314bc48b5c9eb7ca981ef574514a8fa0e438
7536fb63-ae5e-4568-b8b0-079b5be72d35,base_conversion,numeral_or_bit_support,verified_match,201001,201001,base conversion parser,a8af0e58231e42f12f34cdaef162b595b888718606105ce4b267a44e623034d5
f40df81d-e2f7-4bc1-a145-2576744872cf,polynomial_multiplication,equation_transform,unsupported,1932*x**6 - 175*x**5 - 980*x**4 - 2191*x**3 - 105*x**2,,no local verifier for source,e503f77f35e86800be6607c857763ac66ce43419ac806ce42f71f59562e5225b
6e2fd147-5935-42cf-9b67-5924bfe14fc4,count_bits,bit_manipulation,verified_match,12,12,binary popcount,f31426ba8db29b043f3baaee99d226e6f171a37714fb7e5e7e02af2ecdfab8d4
e38da69f-5d31-4f07-a6af-e17fbfef3399,simple_equations,equation_transform,verified_match,10,10,linear equation by finite difference,e963882a3599bf756c55256d3180ef7cfcb116d0bc1a743a8cd40117b72f4370
0887df97-9d05-4607-b7bc-7d055a979df8,binary_alternation,bit_manipulation,verified_match,-1,-1,binary alternation swaps,bb099d729d1a73716a9d680cedc8764f38a2c9001efcccc0b6a54a5adc53972f
c9291c88-35fb-4b32-b18d-88f67dc26b9d,bitwise_arithmetic,bit_manipulation,verified_match,0x42cb2d4,0x42cb2d4,safe integer AST,31e3ba93f730cd26e420bb3ccc5c3a5059fd58cded3a3097abacbbc9574974b3
c2378604-319b-4ad5-89b1-21a44c987403,cryptarithm,equation_transform,verified_match,"B=9,C=4,E=0,F=2,G=5,J=8,L=7,X=6","B=9,C=4,E=0,F=2,G=5,J=8,L=7,X=6",provided mapping verifier,caaef991d2c3f3dc8ade23c5b348439ae1e7be165e0470180fbfbb2d4bbd3f6f
866a186d-d61a-4397-83dd-f7f66555fd4a,base_conversion,numeral_or_bit_support,verified_match,1b8,1b8,base conversion parser,0eed2609817d3b1d0a74e9cdbbff2b6d7c1a1c55c4e3f3d7fd1533d851889c7c
e333f746-c8d1-4a19-855f-ff1b19d57c0d,cryptarithm,equation_transform,verified_match,"B=6,F=8,H=9,R=3,S=1,W=5,Z=0","B=6,F=8,H=9,R=3,S=1,W=5,Z=0",provided mapping verifier,ae053fb92525d452193c381cd817e5a4b0fd8e41b6ab85a56118e5f8169d3ade
45bd83d6-81af-401e-8eb5-507d0cceb12c,circuit_logic,bit_manipulation,unsupported,1,,no local verifier for source,e655f19b8a3131d55b0d74eb0460bb5dfa9c47d5fb48cabb6fe6838ffe61e9db
ef3ad714-ef39-4f6c-934c-b07b9514f786,simple_equations,equation_transform,verified_match,72,72,linear equation by finite difference,2e25cb5d1c7cda2d0ed459a00f3952ef30014fc5a471e3b8339f5720cd80a9e4
23bacba5-5bc7-40a2-bdec-d19e7f381c1d,circuit_logic,bit_manipulation,unsupported,1,,no local verifier for source,32e97539270491cc2acd0c26c4d780d09e744becfad32588c8c72f580bb84ac4
05351a4b-f24f-45d9-8e3e-a77795e6133c,bitwise_arithmetic,bit_manipulation,verified_match,0x6d5c6b4590,0x6d5c6b4590,safe integer AST,301a60b6f6ee29296c18617f858bd06941c288f6562ea07c3172c3c43034367d
d4595467-cb88-4084-807e-f7bc20b03a56,circuit_logic,bit_manipulation,unsupported,1,,no local verifier for source,9d171082ec217db37c21822f80fa7e56faeeba96dba2d53f23fcb78095e1d140
01d25ca4-700e-4ee0-bcd6-95a3ffbe6cfb,circuit_logic,bit_manipulation,unsupported,1,,no local verifier for source,2102167fa977833c2df8b43dc91387bea1c6f55473a63ef47ffd028334537168
b0b36ad0-a36a-49c6-a1e2-a05598df636a,bitwise_arithmetic,bit_manipulation,verified_match,0x17949,0x17949,safe integer AST,5c53ff56c58fbd3439b4eec5b5ae218869bbffcc331d24c9429aa6ab2f60b82a
befd97b0-8d80-4b83-8a72-522d4a49c8d6,cryptarithm,equation_transform,verified_match,"B=7,E=4,I=9,M=3,O=6,P=1,U=5,V=8","B=7,E=4,I=9,M=3,O=6,P=1,U=5,V=8",provided mapping verifier,4117603f78f65bc6579278ed971870d78f21f8b6c572ccb84da7b2d19becf306
b8f16557-2768-46be-bb01-cf66767e3374,cryptarithm,equation_transform,verified_match,"A=8,D=9,G=3,K=2,N=7,O=1,T=0,W=4,Y=5","A=8,D=9,G=3,K=2,N=7,O=1,T=0,W=4,Y=5",provided mapping verifier,7ec1e45fd199b8c6a658d24fd42832cd21b38bc6aa8fa6ef21a78f53ca1ca627
6d2fd53d-a0c3-459a-90e6-33440eef7937,circuit_logic,bit_manipulation,unsupported,0,,no local verifier for source,8a57576312203d0b817c584b5d6885b95cd545b01d780de3525a2dd66f57b1df
a94c04e7-8aff-4e6c-9780-4bc8f4187d3a,circuit_logic,bit_manipulation,unsupported,0,,no local verifier for source,9c2ba262da477a1da644075445224a7ffb7d40002aef120687e1cf0ed09b7fa2
992b92be-1b18-4f7c-8626-fba17154703d,simple_equations,equation_transform,verified_match,43,43,linear equation by finite difference,91cd6e027fd4b14c21ff546656f29985ba3d77088bfdeb98f3d950752b3a5fa1
d9290c23-9c1f-49a8-9171-8ae63fb8b4d5,number_format,numeral_or_bit_support,verified_match,234911353.822,234911353.822,numeric candidate comparison,986db4151912116f0e627f74cf9c30e6e0fc3cfa0b6990dd477b625096961958
6e86e1ed-6154-4f13-a484-0ded154765f3,circuit_logic,bit_manipulation,unsupported,1,,no local verifier for source,ea55013b780dbbc834b8904c5bc88881e5b2f1184f511db1eac522b6635031b2
02da6dc7-72a6-4c84-b54c-079c098c436e,number_format,numeral_or_bit_support,verified_match,347347681.193,347347681.193,numeric candidate comparison,492a9451e4fd75f7351df1f4b2ec7b7a28185dd665919bec1efb05fc6efece59
379eba72-2a89-43e8-b2bc-4905f9e1f2ff,bitwise_arithmetic,bit_manipulation,verified_match,0xfba4,0xfba4,safe integer AST,7bf89a7c869be485cce925f99e0cb5edd70092064a27bf3959fe2f00de331167
3abc7bec-c5fb-4c70-b55d-ab3faa8b419e,circuit_logic,bit_manipulation,unsupported,0,,no local verifier for source,59fbef08541a44da2625921b45f5a1a15dd177c5a1a2c28a9a940dfffedc6f77
2d1f680d-b70f-495b-aabf-c16f1f9c4703,number_format,numeral_or_bit_support,verified_match,202043427.659,202043427.659,numeric candidate comparison,115d72c6146729082050bf5e8a2e003e0ee5c684fde520f86a23c358be038e6b
37f6eb3e-240d-4097-9d8a-f34c8d8ead39,polynomial_multiplication,equation_transform,unsupported,2464*z**5 + 2784*z**4 + 6942*z**3 + 2968*z**2 - 153*z - 630,,no local verifier for source,9d1871a94ef681023459de6e2214816e5d1cbf105ba349ec7fe7500e405f7b39
cbf6126e-ab19-4241-9a82-ece4e285e751,number_format,numeral_or_bit_support,verified_match,396886776.032,396886776.032000,numeric candidate comparison,62620502cda4e1f5a8294370d30fef0d7e649dbf5fa7160bf5119698af989f97
611dff8b-efae-403f-bb01-492c3a44f706,count_bits,bit_manipulation,verified_match,16,16,binary popcount,38b5fe1c82701c235189648c697221904c7172194e7166464fe3cfeb54fba3a6
7ffb5691-79f1-4c30-b839-dd78d0305be6,binary_alternation,bit_manipulation,verified_match,5,5,binary alternation swaps,19f57c4cf412ec20cd117444f5cb6bbaf0cc0326f1f896f0757068bb1a99d616
e88c1355-fcca-4c8f-9992-71ec73f113ec,circuit_logic,bit_manipulation,unsupported,1,,no local verifier for source,355550f7d4a837190d7809d7d0d1a40dc75f78eaa9df94d2bac294cdcffad62c
9c64332c-fcde-40aa-b686-61b6df1e68d3,binary_alternation,bit_manipulation,verified_match,3,3,binary alternation swaps,65e211a93205c2853bf2a9d2414aed41089e1c38ececafa9952f14448a03007a
6b1d5d53-ba12-41d7-8e5b-6b3609aff773,number_format,numeral_or_bit_support,verified_match,695494226.084,695494226.084,numeric candidate comparison,bf4094795932df686cf882a043e315da39fdd8f929823b8d62bb3483841edd5a
49ac24f4-8486-46e1-a3c7-4d0f2b6227e6,simple_equations,equation_transform,verified_match,98,98,linear equation by finite difference,a525344a809ed61cf5ae1c10d70cc8be3eba236d9812156024d266594abeea0d
2a8beb5b-f5d9-41e1-860d-bb38d3ff8a9b,cryptarithm,equation_transform,verified_match,"D=6,G=8,I=5,Q=1,T=4,U=7,Y=0,Z=3","D=6,G=8,I=5,Q=1,T=4,U=7,Y=0,Z=3",provided mapping verifier,5ae2cede9e578aa2d683ca59faa40f5270b5a3e13efc21bc806aff29cd6459f7
1b7aaede-2932-4351-81cb-a01f81489a3c,count_bits,bit_manipulation,verified_match,19,19,binary popcount,8d1f0934a4a8a6801e61a764a531b3820d321b22eed515b655bc63f748ece767
5e4a0994-3ed4-4076-9cd0-f87bbfc31acc,base_conversion,numeral_or_bit_support,verified_match,46,46,base conversion parser,c197cee60d8f2bd752cc642f6d330e809fb5652ab58bb1d66b2ea37470dd21eb
e2f06f2e-e5df-474f-9ce1-772772258791,base_conversion,numeral_or_bit_support,verified_match,202222,202222,base conversion parser,a74f927c13b92790e9ef8b3c9c4f3f9041bc93720088ea9c1b667d3ed4c80df4
22e8415c-c972-48a9-bea8-b4d9760e5a4a,circuit_logic,bit_manipulation,unsupported,1,,no local verifier for source,4b41dd95404d91b544efc62e3ebc03591326dced429ebad8872a8f2651b64312
aaa593cd-d440-478c-b394-174b597f8a2c,bitwise_arithmetic,bit_manipulation,verified_match,0x16afc,0x16afc,safe integer AST,3e8a526ed5e4a4af7a002bf4895ff1f42cd80c38ed6760cc7c7603abdc4070a0
5e04498c-175a-44b5-b34d-578879642f93,binary_alternation,bit_manipulation,verified_match,-1,-1,binary alternation swaps,ae598ee7a4af928f0ca86d75d25c7041f254606cc12aace88849c048b1ac72f6
6d80ac81-55d3-4937-921d-c1b4333bb28b,bitwise_arithmetic,bit_manipulation,verified_match,0x3c50c,0x3c50c,safe integer AST,7b59f8176b120ed16dc8d4b2d968396a78b7f8ceaf37f2903efd3d598c41828f
36a67810-80af-47e9-99a8-df28869de565,base_conversion,numeral_or_bit_support,verified_match,2214,2214,base conversion parser,c18ad251907cb38bf2e671c4e7c83a82afbfb821053db4f5b663063ab995f0b5
ddd1f4cb-ac4c-46c2-a5e9-62373581da70,base_conversion,numeral_or_bit_support,error,10100001,,ValueError('base conversion pattern not found'),345d1d735872d1d174b9cb5bdb346b7e7c327ef333c8c45d29e84c2558d96bd4
919f4617-5637-4c63-9331-bd60ec457fb8,circuit_logic,bit_manipulation,unsupported,0,,no local verifier for source,078a1a6c095b8e621d22ab37413e4078c54eab48e060c5c74011640fe70cfd0f
26ba941e-e003-4c16-a144-a09be2432750,simple_equations,equation_transform,verified_match,86,86,linear equation by finite difference,aaaaea51c8f1be737dec6131b34f82adf543d934b336f9d729acb9d3495a729f
48dca6e5-71f7-411e-8626-32eb5f440283,base_conversion,numeral_or_bit_support,verified_match,2311,2311,base conversion parser,7dfbd36952861be52ea91f5276f4bc358a7888ee4b0c2d66bd1ee3bebe185a7a
dd9a5b3d-b802-4536-b599-46c39b4531f5,bitwise_arithmetic,bit_manipulation,verified_match,0x73c80ac,0x73c80ac,safe integer AST,7157fa72a3e7e7e9a86cc22e29130bedfdb18fb98b3ad8c62ba4218f2ce7dfb7
dfa4478b-2031-4af8-811b-00e831146a18,bitwise_arithmetic,bit_manipulation,verified_match,0xa3fd76060,0xa3fd76060,safe integer AST,e4c16ddb2c146a6d5a7c928aaa680dc10bc2fdafc753ecf063663b4c05a18324
d3c41a31-931e-45b7-bd38-28db9daf8595,binary_alternation,bit_manipulation,verified_match,5,5,binary alternation swaps,5c4f7d9db29e84d91094a99ea81c05911acb4ac12ac261d2ecd65c05c76e4b28
2981cdcf-57a7-4030-a1f2-2350c6f92182,polynomial_multiplication,equation_transform,unsupported,-27144*x**8 + 13224*x**7 + 84825*x**6 - 135720*x**5 + 53447*x**4 - 47850*x**3 + 61886*x**2,,no local verifier for source,980b0dc9cc7a05b9ea291969c7596e03d203b7d62a9e02c0af33ea5ad4739675
6debbb21-b18e-490f-94b0-7a5ad0129fac,cryptarithm,equation_transform,verified_match,"A=7,B=4,N=1,P=3,V=0","A=7,B=4,N=1,P=3,V=0",provided mapping verifier,1b02dbcf390ace79e6be6bb6036227bd724606211adedde79b2fc4d578cf74fb
b0d8ce2e-484b-4176-ab74-0af215999745,number_format,numeral_or_bit_support,verified_match,405489165.446,405489165.446000,numeric candidate comparison,b15426bfc348db6ac88ee4541d6dbd260580ca7fad5ef529111c9eb47ed8a451
c4f87b25-64cf-46fa-8a84-79e1a8c5fee9,circuit_logic,bit_manipulation,unsupported,0,,no local verifier for source,d10c597af39f24d7d3b0a5f6803d5ea7ad9ed8d19bbba1cdda000897e3454b5d
f253f23f-8e51-4301-91b5-92cfd7732798,circuit_logic,bit_manipulation,unsupported,0,,no local verifier for source,100bcab6dd8079457b69d191be901343130960f85f4ffa23011a74eede9725d8
c049c267-7729-4873-8e95-46034c7f7403,simple_equations,equation_transform,verified_match,25,25,linear equation by finite difference,afbc0bdb65530e87e300ed23bdbd824efc6e5bb27f9cf007409734be1d6d5cfd
a6088051-ffaf-471f-b6c8-ce52302ee66e,count_bits,bit_manipulation,verified_match,18,18,binary popcount,fd39e07e926d5221611e208fb3f14a99d859d609792fab39b73c7fdaaefcb122
0be268cc-0033-4514-aba3-d47512bb155b,base_conversion,numeral_or_bit_support,verified_match,27,27,base conversion parser,861d32bcf5103db5a75c0a01d4f5555d43f1c1dfd65ad6db8b1ba306e21b77ff
faf2bf8f-2a88-4cab-a943-0d462043da55,polynomial_multiplication,equation_transform,unsupported,368*z**5 - 512*z**4 + 4940*z**3 - 5760*z**2 + 9000*z,,no local verifier for source,292cf5a8c3aa10d57bee5a9c0caee69f725e843055a08e3e0e21ba6a065c2eeb
8ca2adba-28b2-42e4-938c-2d22647da4ce,binary_alternation,bit_manipulation,verified_match,-1,-1,binary alternation swaps,e9caa31e1b093b3589174e8d3cb30d2e7662f9ac35186f4603cc3d842cbcc6ff
fa55ef0e-0d85-41b4-9aec-ba9aa2f6f11e,polynomial_multiplication,equation_transform,unsupported,-2052*z - 5016,,no local verifier for source,758e68a9cc0ad1be0d77fd63e1bea51c88d7681053f463e1f4d00e1fe8d9aaa6
cff0619b-5f33-46cb-92ee-db607359212d,cryptarithm,equation_transform,verified_match,"C=9,E=0,F=3,N=6,R=1,Y=5","C=9,E=0,F=3,N=6,R=1,Y=5",provided mapping verifier,cd34d20cb4a3132cc14b88a9d49fc749fc8dff1a3b10871bb2f032c4828fc4a5
c6116b46-a66e-4d22-9a97-efb89fb20ce7,number_format,numeral_or_bit_support,verified_match,711773372.449,711773372.449,numeric candidate comparison,836f09f18bce7f6561aec8fef893937106c8325ff22713efc75f8ddc39d6f59a
5938a8a8-5baa-42f1-b7e8-02b9e2130b3e,bitwise_arithmetic,bit_manipulation,verified_match,0x7056cc2f,0x7056cc2f,safe integer AST,7b4cf00b5df4d98472cc84ffca9cb783265fe3ff2cd7aac5a863f28a4fb98795
329e021a-cfd3-4557-91f2-988176c88545,simple_equations,equation_transform,verified_match,38,38,linear equation by finite difference,bad11746d737e078effaeac839461119057a993fa1a6f620e5ec6fd23f471317
20abbd73-81e0-474c-a3a7-b372db2f1770,number_format,numeral_or_bit_support,verified_match,669548729.289,669548729.289,numeric candidate comparison,2854b094eeec24806c8880549aa0bd4a96e1f495e7bc0859e796bf416a3605f3
92d861ee-b1cf-4332-8271-79aca73238c3,bitwise_arithmetic,bit_manipulation,verified_match,-0xbebd613c,-0xbebd613c,safe integer AST,0b77a27e5951dadd409e2ba7192d71fb28fbbbd99773f8094994fdc2bb7caa1c
4043ec4a-5d61-4840-b1d9-4af2c734406e,polynomial_multiplication,equation_transform,unsupported,7770*x**6 + 14615*x**4,,no local verifier for source,0686c01fff678b813e8f12d20bad5fd0139f1af265955bbeb4b45d62fe0e08a1
776f68af-e102-41d8-8082-2b7e21d4d6c5,number_format,numeral_or_bit_support,verified_match,948289924.021,948289924.021000,numeric candidate comparison,9e9779ed5c770e4c13f725c10c970fe27eb92af41f3d313345fd1f453534c22b
7affd638-8d5b-4dda-8e27-fd5d603e1a39,count_bits,bit_manipulation,verified_match,12,12,binary popcount,65595ef23f370b7d4463df2aa41543a86766a5b7a60fcd0d09874ecff515b4f9
5b5aad2f-c015-499d-80fe-c3b91819e5c3,binary_alternation,bit_manipulation,verified_match,4,4,binary alternation swaps,da4523fa397d6e1373ed6ecef158d61573a79b2a6d0c92092bccd9f011c579e4
90a570f9-48e6-4894-90f0-eaf6c786afda,count_bits,bit_manipulation,verified_match,15,15,binary popcount,050f9107f9e5488a9a8868dff50a9d206150082916e5cb226c17b0b1130b80b9
9d86bec2-ba6f-41bf-96d3-0cf37807ac5e,simple_equations,equation_transform,verified_match,84,84,linear equation by finite difference,742161ade190e256130a813a50a2af2bbad028fd45482761e9b719f500633f78
982b0005-4618-4288-969c-8fcbdbecd1fe,circuit_logic,bit_manipulation,unsupported,1,,no local verifier for source,91859211034166d9d22e5a80a9e78d483bdf2744dc7e3c5c0cd5379dc23e86a1
b389f3e9-6583-4832-8aca-da778392eb2f,count_bits,bit_manipulation,verified_match,14,14,binary popcount,10bda2c8a20843f46f7df7a19d826b9be4350b53cbc2bb425b81bfd061a13758
d2d77d02-1239-475a-a612-2adc8b44a6c8,simple_equations,equation_transform,verified_match,47,47,linear equation by finite difference,eb9c4132b307ce828b142c8ba53ee889441f26f804f67ef05b00889749ef04f1
37a82f28-3e1c-4210-b20a-a0347b99c732,count_bits,bit_manipulation,verified_match,15,15,binary popcount,2efb24eaf65caf359c753b5a452cdf48ce235b475fb905cc7befbbc6d2228ac7
c1202aa8-88aa-4804-8981-e94dec409439,simple_equations,equation_transform,verified_match,47,47,linear equation by finite difference,da371b3a43b64516d2b8e06b20f3032976bf21961f36215839956b2a0fb1b1b5
d25eaef8-23ec-44f7-9420-cac80ca9da7b,bitwise_arithmetic,bit_manipulation,verified_match,0xe13b,0xe13b,safe integer AST,e186d3716f2bf128604d96d9f87819c242b7259e93ddb436bc2a5c6fad31a0ba
6cf51793-f2fa-4c8f-8048-df5396f951aa,number_format,numeral_or_bit_support,verified_match,767048645.728,767048645.728000,numeric candidate comparison,7208e5a12ee243694ddd89dd2a78cf0202ea1ea2d5e092e5a86fa51725cdd52b
52018312-e99e-4bf2-954f-6fe816196557,count_bits,bit_manipulation,verified_match,16,16,binary popcount,93a9ba9aa5dffd1f25cdb152cb8bdde33269da6d0bafa90d5cd6025baf98e0d1
111e0abf-0c23-4a41-b52b-b05357185c49,polynomial_multiplication,equation_transform,unsupported,2242*z**6 + 1090*z**4 + 1770*z**3 - 228*z**2 + 1140*z,,no local verifier for source,c376116b8b630e0347dc817e8b30ad0ee2120b1015a2e2a92d18120bbf65d651
33541b26-661c-4618-85bf-48ed28bbeeaa,circuit_logic,bit_manipulation,unsupported,1,,no local verifier for source,561b383ca286fbba0997f0d6fef8b82793bd3812878842bb3057c4e6bdebde7e
a1147b30-87aa-45aa-a3c7-8598fffb5c92,binary_alternation,bit_manipulation,verified_match,-1,-1,binary alternation swaps,6ed52a4ac28b1bacca0744e25b93999d34f579a26e3bea5d177a084adbfb58f7
f399f536-56fb-42fb-8aa1-546beca76429,binary_alternation,bit_manipulation,verified_match,5,5,binary alternation swaps,0a0b1e2bacc7bf6fb4972b7e9a59a78d0e4e60df602fc4853b372e0508a3ca90
685bb3af-2c3f-48fc-baf0-4ead8821fd33,binary_alternation,bit_manipulation,verified_match,4,4,binary alternation swaps,295ff71883f93680e4b2f7d5a38e1bb97906d096648305c9ba548e7d7571ef89
2a03382c-520d-4e45-a2bb-b35883080c7f,polynomial_multiplication,equation_transform,unsupported,-1746*y**5 - 9254*y**4 - 6640*y**3,,no local verifier for source,be223f1e0ecc61130b3d9c07ec8a887c3ee782d3c440891daf07f9c4d7ef94c6
982fc1d0-2c86-415e-9758-c3618a7d0fb7,base_conversion,numeral_or_bit_support,verified_match,e7,e7,base conversion parser,6be969198c8f05b67b7133a1e21bf27d53155f32a499190e63886be0b7246b2b
2532b9ec-70ae-43ea-b599-abb0943b302a,simple_equations,equation_transform,verified_match,53,53,linear equation by finite difference,e76b09932b4dea09d208edca50c7975742c8c6af8563c97c1f0314b98cb73ee2
4f39eda7-9a97-4e64-b815-f8adb9a333d1,number_format,numeral_or_bit_support,verified_match,860515420.3310001,860515420.331000,numeric candidate comparison,964dece7b8c26050745f4772d815ce2b57f6a048b4075aa634824494701a807a
28df9907-6aca-4222-b838-b956bd627001,circuit_logic,bit_manipulation,unsupported,1,,no local verifier for source,9fa54b2988efc20dc38665209d5078ebc1e721be1f8d25f2a58a93d53a0be0f5
482131e3-7233-4d4e-9cc6-75b6ab448f30,binary_alternation,bit_manipulation,verified_match,5,5,binary alternation swaps,3b91c5db1f2b15e1f88bf355f00385d94208d5a676abfd497217e292cf224c38
aeb42836-3e86-4f9f-9f4b-650d8fd33016,bitwise_arithmetic,bit_manipulation,verified_match,0x23260,0x23260,safe integer AST,d3bb3a9474d0b0c7e4d8b1f84e72c6487e3f6b1980ed05b58d050c198f7a6db7
f1afae0d-b501-4be8-8ede-d13087952940,simple_equations,equation_transform,verified_match,37,37,linear equation by finite difference,646a9f88763891e3f7d31074ba88380bfe6ba6d16de633321fb6168753dd2055
0af69f1f-0344-4a33-a717-8c4b5c0d345d,number_format,numeral_or_bit_support,verified_match,161789518.098,161789518.098000,numeric candidate comparison,1592edb7d4baf1dc15a25486fece335392211f4b8f0cc3ff4c12cedf8e20bd0c
8eb39476-d746-4401-b81b-a8026928d7ec,number_format,numeral_or_bit_support,verified_match,40867539.313,40867539.313000,numeric candidate comparison,26dad805f8958b6fe4ea3ce1f9673cd02d8e2c7c93aa5f125db72e0dec65f999
d56e71b3-a3a7-4c8e-b0ff-ce5cdd9c3fd2,polynomial_multiplication,equation_transform,unsupported,-30*y**6 + 32*y**5 + 2370*y**4 - 6012*y**3 + 3616*y**2 + 7426*y - 10622,,no local verifier for source,fdcb8eb7091b705262fdf9c208eb2909d8d3a823f3aaed3aa6cdcba30618dfec
34f450e3-a115-47a0-9c91-fe8f9960e26c,base_conversion,numeral_or_bit_support,error,111000001,,ValueError('base conversion pattern not found'),92dc463c231fcbb960760e29cecc325333b41fd228258a15eb32548b5a6091e9
ea76f71f-5900-43b8-85a3-1f2c2b092f2e,number_format,numeral_or_bit_support,verified_match,371324135.484,371324135.484,numeric candidate comparison,44f7ea68bf9d526f0a937a6f386a1863fcee79d9335125ad053946a544dc866a
c777af8b-1e17-445f-ab5b-9567e363438c,simple_equations,equation_transform,verified_match,75,75,linear equation by finite difference,369873b4aa566b99d9c268ce40e3ccbe8bdddd0278bc22dd7fd2b1b47aac8ddc
b0563d04-4112-4678-883a-162b95ae1d6f,count_bits,bit_manipulation,verified_match,14,14,binary popcount,d16b9c20b0a1c8473b0847a8005322c1cc263bc5ddc8406601312340cbda43c1
f3c1d3ad-b784-4d2c-bc2c-b4f06c3696b7,circuit_logic,bit_manipulation,unsupported,1,,no local verifier for source,4dbdb73ed6b1a170f63ab060e9ab0ba649066ffc456161353a7fd374a8f1af4f
1e112dd2-6874-4567-99b3-c44f97689212,polynomial_multiplication,equation_transform,unsupported,-676476*x**2 - 818892*x,,no local verifier for source,2ec6df8878dd862a14813af55d34f7e0ba7c124fb33589297c80b2e22937ed38
e40e62d1-767c-4d8b-b537-379a533c59a3,base_conversion,numeral_or_bit_support,verified_match,449,449,base conversion parser,b0086ffb004c5986f0478e14f1cdce623fcf9c961ea46f139063f4685c6d402b
d6ff1081-f51c-4520-a2e5-ce335490c432,binary_alternation,bit_manipulation,verified_match,7,7,binary alternation swaps,9727088b20fd9ce3c87a60ef219c81121936f89977151fa3e9d5cf1181ec5199
96780a17-8be3-4c53-9153-2926cddc2b5e,count_bits,bit_manipulation,verified_match,21,21,binary popcount,1bb0ebc172acdff97dea6f5ef53484f527786837e1bfe21b48a45b4580c63fad
5c1611c4-878c-4e89-9b36-baa16bea6e25,count_bits,bit_manipulation,verified_match,16,16,binary popcount,348eff9bca79f22752166f26d598550cf778c8d3d2540b297514fa4057bacbb9
2f91b30a-17df-488a-b19b-12fab3b15a28,bitwise_arithmetic,bit_manipulation,verified_match,-0x1f967bc8,-0x1f967bc8,safe integer AST,55c76bec967467b1ad6a1e7799ef92ec6d33df6802c2f0d977dc1d2ed19d97b3
ed122a68-9877-4908-999b-717261a57f4e,binary_alternation,bit_manipulation,verified_match,6,6,binary alternation swaps,32782a4bc7d7831b78761f6244505ae13b4a6ab306207e84b3ec2705ad4487c2
5afdadf7-d599-4c09-87a1-cd1f90e7f3e2,simple_equations,equation_transform,verified_match,94,94,linear equation by finite difference,b5a23bd497987cb941f51aabadcd47d686e7760a07be298cfb65b90c72aac939
4ac740e6-a6b5-4e4b-ae2d-38883b6e4335,simple_equations,equation_transform,verified_match,65,65,linear equation by finite difference,d9ba30f8ed21c1c32dd53428f63ec02ac0a604dd798ad41719232322f8580e85
a650e4d1-b8e9-4f69-ab3a-d4065a5878df,cryptarithm,equation_transform,verified_match,"D=1,E=2,F=4,L=7,N=0,Q=8,W=5,Z=6","D=1,E=2,F=4,L=7,N=0,Q=8,W=5,Z=6",provided mapping verifier,166091adc5ad058892cca216760ed251ce0c9a1ca538d28ea10172b33cf9b3b9
58f2f615-9f5f-4c11-947f-5a7e6461c5b0,binary_alternation,bit_manipulation,verified_match,4,4,binary alternation swaps,e60ed587239130ea70126bb3ae3c399b2c9ce148775b3916151683d9341beac0
fccd4a4e-c22e-44ef-91bf-d505a4a9c880,binary_alternation,bit_manipulation,verified_match,7,7,binary alternation swaps,38dbee7465035eadaabec861a60a968f7016afffe4bc406ec515fb61a6e509ca
3bd1309e-ef88-462d-a8cb-93fba6629aa4,base_conversion,numeral_or_bit_support,verified_match,115,115,base conversion parser,06c1577872ab7ae25082bc61ae344f4cba59341e5f067f13858e03db41c05d05
c87eae69-a3bb-40c7-9af4-31a98c3321f7,polynomial_multiplication,equation_transform,unsupported,-1155*z**6 - 1386*z**5 + 665*z**4 + 4123*z**3 + 3990*z**2,,no local verifier for source,80cbc5506f675b71e464b33b1ec75acbb1ea35772f254fe54512f2bbbeee3db6
f4a8f111-77b3-448f-9bca-5357a9629a98,number_format,numeral_or_bit_support,verified_match,321588078.173,321588078.173,numeric candidate comparison,89878e0607baf0e96deb9fcb4a3a60a287dfa4904208a22b66b9165068439665
5592b47f-a85c-4bd6-b3fd-b08f7aacf110,base_conversion,numeral_or_bit_support,error,8b,,ValueError('base conversion pattern not found'),aa3c4497f0f12890a9f8949fb429cbb0a2b46cd2228332aa5ead5d9113b53222
4d7b1596-a683-46c0-92d4-9cd79f79e599,count_bits,bit_manipulation,verified_match,20,20,binary popcount,bdb976bc7142f58f7ef60137650420c8683ed7156c5b23d22fdb56906a75d456
5d4f5bda-f4a6-4de0-a181-90a0f4e88191,base_conversion,numeral_or_bit_support,verified_match,33130,33130,base conversion parser,2068cec8273ee14ec2450243bfd28c4688ac6e8fa1d7b045ebcdc00f9cdd9a99
65cb3fa1-1313-47f5-ab61-97706db96955,number_format,numeral_or_bit_support,verified_match,36618468.444,36618468.444000,numeric candidate comparison,82be27101b249dc1a15d6f3a3496a19a8923d4e282c05823adff89c38b2f3943
548c4e86-0398-4f52-884d-6bccbe55cd70,base_conversion,numeral_or_bit_support,verified_match,220212,220212,base conversion parser,ae0c3f872255fa1734fe405d5ceda98947e62683018bfa7631d9d683a58c9b0c
5b9a7a98-53ef-489d-9ec5-7756696c3556,bitwise_arithmetic,bit_manipulation,verified_match,0x197,0x197,safe integer AST,98335dde9aaa8bcc911f0b75edf5694269827a090bb9a80d688679e8bc8b57e2
ec97d80f-a4aa-4440-8e4c-cecefca25036,base_conversion,numeral_or_bit_support,verified_match,1344,1344,base conversion parser,3108cdbe9611e7e7093db05c39cdfef646e7558a8691981e334bf1b0cacb9c6f
17122ed5-01b3-42c8-aa2a-f6352d3897a8,polynomial_multiplication,equation_transform,unsupported,3*x**4 + 106*x**3 + 132*x**2 + 4664*x,,no local verifier for source,5e83310581bf53bcadf225f84b49560ca518835137616ea8a8f9fc60ade2f46b
d4daf6f5-c81a-4eee-a437-8cf01a95805d,cryptarithm,equation_transform,verified_match,"E=1,F=7,M=2,S=9,X=4,Y=0","E=1,F=7,M=2,S=9,X=4,Y=0",provided mapping verifier,87766bf272d2f6a3a7f22d6f0735dde0b6b04f9167729beffedce71a0886f620
b6798a2b-8826-4716-b4a6-be029f59912d,bitwise_arithmetic,bit_manipulation,verified_match,0xe7b,0xe7b,safe integer AST,25a5e027d25fb09ffdbe7534a0dadd18f4fe1c3d8acced835356d9c8e29543f9
cd80896d-fe4e-4f68-8b86-96bccb225da9,count_bits,bit_manipulation,verified_match,20,20,binary popcount,07c8d507ebd4239ec511933b6747511b805fa1c79e525935fa67fc1a75672b6f
ac08f691-d322-4f40-8816-3ffb8da2fcec,cryptarithm,equation_transform,verified_match,"A=7,B=0,K=6,M=9,O=8,P=3,Q=5,X=1","A=7,B=0,K=6,M=9,O=8,P=3,Q=5,X=1",provided mapping verifier,0f8c48c8960f684b3b4879b5ee1a3b3d638fad800d59e71b476eaa3dd58b400e
b821edfa-2c84-4b4f-bec1-b3b6bd51b8f7,number_format,numeral_or_bit_support,verified_match,557251684.883,557251684.883,numeric candidate comparison,40566bf8e768357ec7a62c77acbd663a9d980d99300e559ac15afb3b9e44b84f
1ea3ef03-09d0-442a-b8c5-e37a86281910,base_conversion,numeral_or_bit_support,verified_match,21132,21132,base conversion parser,d0aaabce238a58629dc58831519defaf52c6829490adf4530c3b5cc3e7be218e
d5e93672-7a9f-4d7c-9d62-a34dee3973bd,circuit_logic,bit_manipulation,unsupported,1,,no local verifier for source,c1ce21a8b915488ab9830a33cda14e0cabacecaeff3d43317da9f739561832e8
123b8b17-b588-40a1-8399-28d3a934c4fa,bitwise_arithmetic,bit_manipulation,verified_match,0x18cf5d88,0x18cf5d88,safe integer AST,51a6821aae9b41ffaddd374c46fe49e8caa393d1d35f6d549da9e26e5c5efc7c
19ca4b37-92d7-458b-af8c-d33759560451,base_conversion,numeral_or_bit_support,verified_match,625,625,base conversion parser,8c3081fdefacc64ba89910d692b6f614588dd5c309f29fa622c4a7dd7ed80da6
744443ed-4c51-4fca-b463-d09bc56a7310,base_conversion,numeral_or_bit_support,verified_match,846,846,base conversion parser,352b093aa2ea520a6f32e23a7be9e7cc62df6f69049bd35511ca4652f24f781a
7404a066-7b96-42cb-a92e-c62418b8a282,circuit_logic,bit_manipulation,unsupported,1,,no local verifier for source,749c8532d621e822a36c919d5bfa903b7331b80ef72c24f4d906926cb4a927b8
35b255a4-4ecd-44fb-901d-09cdcd8bf114,polynomial_multiplication,equation_transform,unsupported,-38400*x**8 + 28160*x**7 - 71040*x**6 - 226880*x**5 + 219200*x**4 + 42480*x**3,,no local verifier for source,592c711dafa86863b10e9093108a7e8665873fa3d0b77b00280c8b9e84a9c90a
8b54edff-4bd1-4426-a367-e75a0b1a7289,circuit_logic,bit_manipulation,unsupported,0,,no local verifier for source,962681c505bf2d208378645104fd256532cff395c46f89a983f68622b31c2ea2
074b9704-d902-4d22-a08b-5c42011aa9ad,simple_equations,equation_transform,verified_match,72,72,linear equation by finite difference,ae15a3636110e0802151eadd58443bb36d0281795e29df466b333dc4f348dbc8
717f80ac-be03-4b6a-85be-50ce4bebd404,simple_equations,equation_transform,verified_match,11,11,linear equation by finite difference,ff6f06487baf7c412207b4d70e295fbcf8bdaebd899f1341f286cf517f7c3bd7
a98448e7-0754-4ab5-816b-375c5737e4c3,circuit_logic,bit_manipulation,unsupported,0,,no local verifier for source,866f1372fe4342119ce58395a6a8e42475302c3c21192de9fb91818f4b313012
09040a61-8a2e-47e9-8b54-380658c886a8,base_conversion,numeral_or_bit_support,verified_match,2dc,2dc,base conversion parser,118ef75b181a1c61cd7ce3f1c60d7c1611dc123817f1b6b1a48fec7eac84349b
ca6f9d9a-afea-4bd1-8a56-8ecd79e4103d,number_format,numeral_or_bit_support,verified_match,84565797.57699999,84565797.57699999,numeric candidate comparison,f888c7b47f27936073dd1bf49222589f1e8db89414b1a74fed145c613bd5df3d
5556b850-2698-4fbe-b25f-46ed6b0f10ec,bitwise_arithmetic,bit_manipulation,verified_match,0x20dd4d8,0x20dd4d8,safe integer AST,39ec8535c3ecc0f6bb46dd3d38e540e88b0beb69ef77ff1ef953c041aebcb40b
122ffee0-5326-4a80-8d8e-d04b9f85d02e,base_conversion,numeral_or_bit_support,verified_match,88,88,base conversion parser,04ed2024e7ac04764ab4ca380d15abbdc0a3e3f56c9d4ab46727293cd06d97f2
e7411db1-dd62-4954-9868-eccfce6c4697,base_conversion,numeral_or_bit_support,verified_match,38d,38d,base conversion parser,907bc8a4fd56122a0c56883020cdd071e4e555975f8afd89db52aa9e90af21d4
ea02f3c7-542d-4fa4-ad58-aa5acac816bb,number_format,numeral_or_bit_support,verified_match,947720467.673,947720467.673000,numeric candidate comparison,2fb7a7cd14ede5ba7cc1705cd7ec0750482390d8f66ae4741c4572dcf4227761
64343091-8107-49a6-bbc6-1d3d7b558dde,simple_equations,equation_transform,verified_match,40,40,linear equation by finite difference,ed85e528a1b2c85f62c28d333f66d805c14cbdbdd703117fb37ad473624dda37
d56e9320-2076-48bf-86dc-32758c249bbc,cryptarithm,equation_transform,verified_match,"B=9,E=2,H=5,K=7,L=8,O=4,V=6,W=3","B=9,E=2,H=5,K=7,L=8,O=4,V=6,W=3",provided mapping verifier,f4c757f284f986c8d04325303644dea0bd386a72e1263396e4ee74802831e176
29909a23-38bf-45af-bb5f-65673d6d28ff,cryptarithm,equation_transform,verified_match,"F=4,I=5,J=8,L=3,R=7,T=1,U=2,Y=9,Z=0","F=4,I=5,J=8,L=3,R=7,T=1,U=2,Y=9,Z=0",provided mapping verifier,7cf92d818803ed9f9c2bb4e6b0f50f103816bec3f14092faa9de116c6972340f
8d554c69-10a8-4f68-b5e2-a4892d8f1a52,base_conversion,numeral_or_bit_support,error,253,,ValueError('base conversion pattern not found'),6c5361217c63915800a229c4ae25683c2935928e9255774bcbcf6e26c76ea870
3457eac5-cb07-49a5-99c9-3b025f85686d,base_conversion,numeral_or_bit_support,verified_match,284,284,base conversion parser,3ac5f89516fa74fd5fd4ef126732483abcbf3960614ae47e94b8656bf38a72bd
30a86fd5-d4d4-4b3b-b1bc-f15b34053453,circuit_logic,bit_manipulation,unsupported,1,,no local verifier for source,40e14a0713d46889a41ea446fc338dbe28ffda955504520cc6c5c5cc8ec0fb3a
c49295b8-6b92-4c49-9a15-0ca248791833,cryptarithm,equation_transform,verified_match,"B=5,H=0,J=7,K=3,O=9,Q=8,Y=1,Z=6","B=5,H=0,J=7,K=3,O=9,Q=8,Y=1,Z=6",provided mapping verifier,e4c72c9f395442f87891b2a235ca9a441f4981223e011508bb9f55d740414ecc
c516216f-8f7e-43c8-aaa2-f605799d46f9,count_bits,bit_manipulation,verified_match,11,11,binary popcount,f69b94c1818d2744fc415cc6a3ea4f9c73d83c5b6fb3867e656390172d0ca47b
922af46f-129c-4ac1-a0cc-0cd355ab9447,binary_alternation,bit_manipulation,verified_match,6,6,binary alternation swaps,e783fb293a936251420698021f30a6c8ed4d5d39506205c448d1f0523550046d
4bd5817c-c506-4137-9c92-20255cd1e73e,count_bits,bit_manipulation,verified_match,13,13,binary popcount,77c2eeedf25a5c7fb85b87de72debf904e56de30401a9a351d6b72807fc9123a
48d07b99-37a7-42d7-bced-cad5f90093c2,count_bits,bit_manipulation,verified_match,15,15,binary popcount,d573b4ac6a6aede0cb8002c653a2c8e93bfd9dbf86e64476f65423c7e28a1654
0d22e6df-0b8a-40c0-b11d-03d0a73ee1aa,circuit_logic,bit_manipulation,unsupported,0,,no local verifier for source,a295d78d2e16fbacc99e6ce0066acf7f176cf9ce7072cddefbeaf4c879571d43
71c66688-7185-4cd2-8e9c-3e15dc519a5b,simple_equations,equation_transform,verified_match,91,91,linear equation by finite difference,2464a074aa13fc7a11062078355b469475db59313e7469b39af8bf4274a1252a
969f59f7-d99a-4de0-a6ea-0992a6c8b1ea,count_bits,bit_manipulation,verified_match,14,14,binary popcount,05dadd917e8b802a4889c4d6ef11172f5a72c43d15e2e04726f92cea977efa8e
bbe39db9-7af8-4d22-b343-5dfc35cb1587,polynomial_multiplication,equation_transform,unsupported,414*x**5 + 495*x**4 + 2852*x**3 + 3410*x**2,,no local verifier for source,a89d3c6d5f39fdde907226422fbd6fc690b9ed560a7fb2345dc09902a02bb6c6
c401926c-fa69-4353-a8c3-020ebd82387d,count_bits,bit_manipulation,verified_match,13,13,binary popcount,cd552f789af419a42fcf351a46c833f709c4a9250466a9b307437ab26c562fac
a54b1d18-2ac8-4856-b78c-c0bdb9efb77a,count_bits,bit_manipulation,verified_match,17,17,binary popcount,6d205e1c9ca2e50fbb59ac114e64e9511a8b9615032242829ae1d2d4a3043dce
a1657e35-26f7-4ac2-b53b-af67b9fd34e0,cryptarithm,equation_transform,verified_match,"G=4,H=0,O=7,P=1,S=2,T=6,U=3,W=5,X=9","G=4,H=0,O=7,P=1,S=2,T=6,U=3,W=5,X=9",provided mapping verifier,43f584f2719a0708289220d1f412dfd69913e7ad388a684ac6ed3390d9dafd3d
43266092-d723-4e0c-8337-58eb248671dd,binary_alternation,bit_manipulation,verified_match,5,5,binary alternation swaps,deda4f989759648ca188781aa5165b3ad011e0106efe44356cb2ba6ac6bd753e
47317629-ab47-4ced-8b87-7526917c4b91,bitwise_arithmetic,bit_manipulation,verified_match,0x4cd6,0x4cd6,safe integer AST,54c0a3b6413831462243c4e21474fcc799649505ddd122037297c9f3356002d7
d71f93bd-b576-4b75-bfcf-708e773c24dc,bitwise_arithmetic,bit_manipulation,verified_match,0x6b1d389,0x6b1d389,safe integer AST,5a1a2d5712a080fc78384e9053ef384e7733b1652a4f5560ae50817c48362103
dbca7715-18bc-484b-84d6-cfe648b68564,polynomial_multiplication,equation_transform,unsupported,52*y**5 - 12*y**3 - 455*y**2 + 105,,no local verifier for source,fa34d50d97bf3b444193e920dc5e97ce5f39cc851340f30bcf5e88b86f9b1142
b665c44b-1997-4b8a-add6-b60834ce3f70,simple_equations,equation_transform,verified_match,48,48,linear equation by finite difference,2de942580f9d6cdf19b14799509bc18a43f4a40fd818311cdec95eb00a1850e6
b9f2b5d3-6834-4e7d-8b62-5d42c98b0081,circuit_logic,bit_manipulation,unsupported,0,,no local verifier for source,451e427099ac9e182169a0afad43ab60779f1ed4a2414074c3632f28f1810822
2ef134af-1844-4aba-9b68-93b6f8507356,base_conversion,numeral_or_bit_support,verified_match,b5,b5,base conversion parser,2d83d210670a805226e818cb16e8d06d6750bfc79b5b755797b789a9579381cb
715551a8-dff3-462b-ba58-37c3de02fefb,polynomial_multiplication,equation_transform,unsupported,880*y**6 - 314*y**5 + 4213*y**4 + 5544*y**3,,no local verifier for source,6500ebf21f47b275dbffd7f6fcf5ba617bf4090fd715fb7525706ffb9cb2f03f
253df136-794d-42b6-a793-e543d1663e2f,bitwise_arithmetic,bit_manipulation,verified_match,-0x602c,-0x602c,safe integer AST,c65d502d0f139bf2787054a3704833543559e23b8f6c13c8c60476c160718740
712aebaa-02d7-452b-8224-53a6c7aa5b5a,binary_alternation,bit_manipulation,verified_match,2,2,binary alternation swaps,b8238c194c4caec364b72d539528b709120bb8ac5be0a2e96d0f9eb7954532c1
f4069b75-9c5c-469e-9274-a08a87d6e7bc,cryptarithm,equation_transform,verified_match,"D=0,F=1,G=9,H=4,I=8,M=6,N=5,S=7","D=0,F=1,G=9,H=4,I=8,M=6,N=5,S=7",provided mapping verifier,69b3af67d8385cf58be72e06a1a5a6e380f1abf3ac08c0def4491481e0370b12
5f7c3157-d127-4fb3-a9ce-787c12fd1941,base_conversion,numeral_or_bit_support,verified_match,517,517,base conversion parser,56a8adcf35abfd857cf27a2e7dc52271c0b7d0354a2740e0d3f4c85a59f2cf91
8627aec8-03d0-4249-a3d8-4d448c2eac21,bitwise_arithmetic,bit_manipulation,verified_match,0x3b8e2243,0x3b8e2243,safe integer AST,f757f0597596c72f19ec9bf0ee0f6544a4bee5a23821f83a2066b47e84fa3e7e
7e9d8450-6c6f-4527-8743-f21e0b037975,number_format,numeral_or_bit_support,verified_match,257935046.063,257935046.063,numeric candidate comparison,1d0230fb2955dfa4e57f9d3e62b9a04563df3a4bed96d0ccfb680f47bbacbae2
ebe82fa1-34a5-49d4-8011-83b59d0a750d,circuit_logic,bit_manipulation,unsupported,0,,no local verifier for source,17f8f56427afb6ea95c292c5b1d33e69a16880e58cbb5c2ebcf7fc04438a9daf
c6c9c02c-1ae2-482c-a793-67a73bdff381,circuit_logic,bit_manipulation,unsupported,1,,no local verifier for source,b41193361e9155cb469d45046713b3091f27c17674aef1181eaf2bdd82e4a015
aaa957ef-aa75-4553-8a23-569ad693808e,cryptarithm,equation_transform,verified_match,"E=0,I=8,J=7,K=1,M=3,N=9,T=5,V=4","E=0,I=8,J=7,K=1,M=3,N=9,T=5,V=4",provided mapping verifier,f1e5029385d6985aaa71b4e9dc78e0b8856092ce48825fa1e58c760c03a62c99
53bbe002-a24d-4ac8-973d-0b9d89dbcd31,cryptarithm,equation_transform,verified_match,"A=4,K=0,S=9,T=5,U=6,V=7,W=1,X=2","A=4,K=0,S=9,T=5,U=6,V=7,W=1,X=2",provided mapping verifier,3e1a503e12733bac25dd4008ae978719f9891becd42a20854de23b2f8a0e7d02
e09c52a0-8241-4221-b914-d38d5fd6383b,base_conversion,numeral_or_bit_support,verified_match,10100,10100,base conversion parser,6dc495a8a95c0500fd57981ee62a959e37d7487c6a69351e2a4905aa83967e11
2306f1a8-8086-40e2-9216-8721f8fbf762,simple_equations,equation_transform,verified_match,67,67,linear equation by finite difference,1975140e51ac66c4da15426700ad7dfcf8f0fba8700f6ff2f9c1620018e641ea
83dd3ed9-d1f7-43c5-b212-08a2e9b1325b,cryptarithm,equation_transform,verified_match,"B=8,C=6,D=4,F=9,I=1,J=3,L=2,S=5","B=8,C=6,D=4,F=9,I=1,J=3,L=2,S=5",provided mapping verifier,dc765382fd80d1dbcb6b101e9ae9a2c9bef22458d9a245573c228fdccf213799
62900dfc-fd8f-4ca6-9cb2-0c3d5fb7f3b0,bitwise_arithmetic,bit_manipulation,verified_match,-0x4ccf,-0x4ccf,safe integer AST,5c0fe6f5e4667ad3a06489a2a569e019ec4f0ee0f6e695e749ad0ded204ecae9
7ff555d2-2a3d-4959-a40e-bd5168a737cf,count_bits,bit_manipulation,verified_match,15,15,binary popcount,9ab45e15eff4c212ba689b28f2f403c4839c5a302ee70ad328a71900afdf66a2
6350acb1-01bf-4b80-9ec8-c66f78374086,count_bits,bit_manipulation,verified_match,11,11,binary popcount,8f75d7b9303abdda0a47726d2097e4982a05a9f0b3c7b5f261b942112c034c9b
6a64fe91-da50-4b10-93d6-ceb64d24e9a0,base_conversion,numeral_or_bit_support,verified_match,202010,202010,base conversion parser,b440b1641f9e27ed0c1a81d8c1174233a03fe2dc6f1cc16ef842c01871931e60
c23fd878-075a-4d82-8a98-dd04e5803c9b,cryptarithm,equation_transform,verified_match,"A=3,B=7,K=2,P=6,S=9,U=4,Y=5","A=3,B=7,K=2,P=6,S=9,U=4,Y=5",provided mapping verifier,ed72bc5430b25d86befc6444722c3a8cf0a05d76dad7a86623231f3a501b6697
9a0d7362-2e75-48dc-bfde-1c56c4c50a73,count_bits,bit_manipulation,verified_match,19,19,binary popcount,dc08fd6eee98e48815417e7308349a7d252097c1a412e89de51265e22a249438
ffe47d56-5d4e-455b-bb7e-fa9e6fcc8331,count_bits,bit_manipulation,verified_match,18,18,binary popcount,bbe3b2b7a458010cddb081f5a56cd5e4dcc676f5554370b6f8bc772fa241e77d
4b5ac044-9d2b-4814-bb23-fc7eefc95222,polynomial_multiplication,equation_transform,unsupported,1196*y**4 - 1638*y**2,,no local verifier for source,4cc83735b2d83a19ce8c9037c19bf81882f54ec8ac5a51f244417d5c77a5208c
a9669b20-fbe7-43b8-a1e8-9cd024d916fc,polynomial_multiplication,equation_transform,unsupported,-23430*z**9 - 693386*z**8 - 1685114*z**7 + 1355635*z**6 + 112309*z**5 + 272941*z**4 - 218960*z**3,,no local verifier for source,c332c83c7d8dc8e85c601c8387e4a280f53b929d3f13d420b0ca189dbda61b02
75b2b795-023c-467b-b028-82c753ac7fc1,simple_equations,equation_transform,verified_match,92,92,linear equation by finite difference,f7a32fd38bec6ceb350342ec021ed35dfb02e90b25290e70da283f66939afc29
18e1222c-93e3-42b0-8841-f7cde86b6693,bitwise_arithmetic,bit_manipulation,verified_match,-0x2b7c13f1,-0x2b7c13f1,safe integer AST,77055c1599c7e8d24af6171d8ac8d3ab51bd58aec12e57c8ec1165f6d92898f7
0d189dd1-2d82-420a-9ce0-cd487a7d9acb,count_bits,bit_manipulation,verified_match,15,15,binary popcount,bd6818605bee6fd6637dc4a90d1b7b63dc0d275fa47bd577290d1b7a7d4edbd5
a95bcb2f-9ce5-4cb2-a0c0-0c680ca13cdc,bitwise_arithmetic,bit_manipulation,verified_match,0xb1340cb75054,0xb1340cb75054,safe integer AST,e38334f55bc85d2fe5f0702b4fa29fbc6138166c925931e5f98aa80804da5e5f
90f79d69-786e-4165-a600-b2042a775e42,number_format,numeral_or_bit_support,verified_match,917785568.174,917785568.174,numeric candidate comparison,1a05739af8ab0a4753b01eab8f648dd65ef676572b46f61d2c1a77d345eb9f47
47f299ff-a51f-4e56-ac62-32d39940e31c,number_format,numeral_or_bit_support,verified_match,551741294.56,551741294.56,numeric candidate comparison,96eaefa7191c25bd256b2df066ebc1de187dada446df298d42f7f92b638677eb
f459a59b-3c43-43b4-822d-5b4a101cb58f,binary_alternation,bit_manipulation,verified_match,-1,-1,binary alternation swaps,b3698211a897ed499dfc6a14ebce6f841eeccc8c98ff0689b79a58ef4e3af766
08d8d7f1-88c9-4a78-b0fd-c8b1b9ec4504,base_conversion,numeral_or_bit_support,verified_match,818,818,base conversion parser,3869f0f2053455ecec2e75f46435870ec0018ecb5a584c719c0603ef246c3122
d9b16bbe-7ebe-4707-b840-a1c810dac19e,binary_alternation,bit_manipulation,verified_match,-1,-1,binary alternation swaps,8d598432736bb292e49ff2232f036376358c93f4af280aa9d685e71fff4f4f48
03f0e042-1379-4ad6-99b0-85a93b2e6c8e,cryptarithm,equation_transform,verified_match,"E=9,M=2,N=1,O=0,T=8","E=9,M=2,N=1,O=0,T=8",provided mapping verifier,25cefc4fe34db9e9ce2cb480d645d3fdf2b7d1bd3c45c18f19b6f60363cc36bd
78128701-9cca-42d6-b810-290e2c8605ac,simple_equations,equation_transform,verified_match,62,62,linear equation by finite difference,ac5e1d4ae86600d0233211255ca4113fc7e5303832d93a27c67ce999afe7d5fe
0a4d8cbc-cdc4-40b3-be6c-7be5eefca52f,polynomial_multiplication,equation_transform,unsupported,-383904*x**6 - 259416*x**5 + 424080*x**4,,no local verifier for source,b5f218b9af17faf87ac6c19394ef04d1ffdaea5f8c9f02fbd458f79fb84e93f7
2aca3655-30c6-4fe3-823f-73e5a02acde5,circuit_logic,bit_manipulation,unsupported,0,,no local verifier for source,fb3ddba24d9ffa65473e10543ab49f42efe9521d62bc8024da6e5ecef0f92f16
f8aecbb7-b9e5-4b3e-b0c2-dc4800a534f5,binary_alternation,bit_manipulation,verified_match,-1,-1,binary alternation swaps,81975e831abb22e94375814fd5ebaa0ead91df1470bcbe425c9420b5c80c57b9
de184c28-62af-4835-991c-6170b1f7ae61,binary_alternation,bit_manipulation,verified_match,2,2,binary alternation swaps,2c818e8f7263024b9919652a9940edff42a7430d47a4c3ef9fc7fe975c3d9d65
b387ce64-4ed9-4dde-9919-74d10c49f825,count_bits,bit_manipulation,verified_match,17,17,binary popcount,b5f854c1c3eaa278de3a69976c4dc956a1f6c9e90938e67316d9e288259bea34
880e13f7-8956-4295-b48f-4c35a30d6476,count_bits,bit_manipulation,verified_match,9,9,binary popcount,e72c9870f1ddea1ee37946e143b36bb7c7ba033af2a1a7b63fbfaea9f2afd7e2
49678366-d5e7-4660-a5a3-a096d4f0ad2d,number_format,numeral_or_bit_support,verified_match,184408198.308,184408198.308000,numeric candidate comparison,366c5fc069ae6f6c8a49516a39ca2ec6da904638d12f3a985f820bf2126432ec
7516dd70-b5e2-4359-a975-f70ab26180e3,count_bits,bit_manipulation,verified_match,18,18,binary popcount,524ad462b14adffe2965451c38022fca469f40a304061e1a107aaadc2dc169f4
e4f77682-6f5b-4fa9-b381-6657fd232e3e,bitwise_arithmetic,bit_manipulation,verified_match,0x1c584,0x1c584,safe integer AST,6a1de4917f70b2001a08147a6728eb3df071430d9ab52ac62df590e4a987ca8b
f2bb404a-28a7-44a8-bba2-64f38944d703,polynomial_multiplication,equation_transform,unsupported,-6750*x**6 - 8400*x**5 - 2745*x**4 - 4541*x**3 - 1400*x**2,,no local verifier for source,a60ef21f249e5e2adc9e7304d000651b4ca5a38f2ec888dfd630d346cece0079
99332bee-ec87-4c55-aa15-b5ff62de6454,number_format,numeral_or_bit_support,verified_match,330980687.93,330980687.930000,numeric candidate comparison,016cc518dda2873b8a13266a036c3cc9278e6ff8434092383a147d1d2e17382f
1e45a4f7-ec1a-4788-b696-b2c9b393774f,base_conversion,numeral_or_bit_support,verified_match,3b8,3b8,base conversion parser,5ff65327d694ba03886c8900298309f209c3a4a7c633eaeb59462938f312c614
be76d22f-25e6-49d0-9d0a-71cb2afd822e,cryptarithm,equation_transform,verified_match,"C=5,G=7,L=4,M=8,Q=0,S=6,T=1,V=2,Y=3","C=5,G=7,L=4,M=8,Q=0,S=6,T=1,V=2,Y=3",provided mapping verifier,e84a9c30392e2550919df2653b39b159b00e680269c4194de08d7a5138f33a28
9a7de0c9-39ee-479a-b1d2-cfaace949851,simple_equations,equation_transform,verified_match,33,33,linear equation by finite difference,3ff6a7f3f74b4b31ff266d2286cc4e453d200cd5ec13c48225133f531ec35254
6df6379e-3d2d-438c-851f-3fafed74f46b,circuit_logic,bit_manipulation,unsupported,1,,no local verifier for source,83cb76a530b6dd6d7eef8aa40aed82431732673cdb9398ecc8c48f79338baf11
201052cd-75ea-41f2-b62a-d87dce49c6af,base_conversion,numeral_or_bit_support,verified_match,566,566,base conversion parser,c7798346920b04302f2890d3ef14618eb6618f7e7cd5efa82b24e93de501fd9a
861330c2-7cea-4e8f-97dd-a5bffbe53dcd,polynomial_multiplication,equation_transform,unsupported,-78890*x**5 + 140714*x**4 + 166370*x**3 - 397670*x**2 + 159900*x,,no local verifier for source,387712c1ecf31d6f59d33aab204121834feeabf9ac6675ba98fd228bba20418d
14dcec4e-6675-451f-9e21-62f4165334cb,circuit_logic,bit_manipulation,unsupported,0,,no local verifier for source,f4d197869da6dc0ee955ba6cf5b2a4e1f6039ad7f374ee2ccd4748ab7c6ca66b
7817e9c5-ead2-456b-9457-59a7abcfa883,polynomial_multiplication,equation_transform,unsupported,2210*y**4 + 3232*y**3 - 4144*y**2 + 990*y,,no local verifier for source,ba407b4d68563b1fc375733730876c430f4ee2cc3f16730cf6409d0b4709929a
7d530b24-1fb9-4e6a-9218-5b143cde0edb,binary_alternation,bit_manipulation,verified_match,4,4,binary alternation swaps,a21c5437e0f6dcdef8abea821f0dc833c14757115c2f9de82052a9204cd7e721
f3937f0d-0276-4aaa-bf45-e4d33e801563,polynomial_multiplication,equation_transform,unsupported,9360*z**6 + 50700*z**5 - 42190*z**4 - 113724*z**3 - 1890*z**2 + 17496*z + 102060,,no local verifier for source,5b4274e6372f21f5518e7f8f802bdb3bc331f8611a63038138e88b3e9904a395
b26294f3-3eb5-4321-b19d-b3ebab752840,base_conversion,numeral_or_bit_support,verified_match,755,755,base conversion parser,1a52ec022f23b914c235a04e41e642a06f2cdd3b8bb345faca1b2c43547e4168
72e7a441-af3f-45d3-b0b9-5e8e265ceeef,cryptarithm,equation_transform,verified_match,"C=4,E=9,G=3,N=2,Q=6,U=5,V=1","C=4,E=9,G=3,N=2,Q=6,U=5,V=1",provided mapping verifier,54bdbd3ff319fc55533f0f936e9cc8ba19439980224487aab06f10f40c133ece
d8de0bd5-7d79-4b12-b21f-4d65647eaf89,polynomial_multiplication,equation_transform,unsupported,271150*z**7 - 104915*z**6 + 70735*z**5 + 243965*z**4 + 1360*z**3 - 16320*z**2,,no local verifier for source,b3d13beb0bb9f2647d7f7ebd2c5f8034a55627d43bf7570a0069d6bddbf92718
883f5fe9-d2c6-497c-ae5e-2f6751216b50,circuit_logic,bit_manipulation,unsupported,1,,no local verifier for source,2c698f73eba91aa753897f04b25444e23a191d98b8c1bf408d37f16a5a60547b
fc9857b8-dc87-4f7a-874b-b469c5fe6a37,number_format,numeral_or_bit_support,verified_match,448988829.042,448988829.042,numeric candidate comparison,71cfb9a5258d9b9dc03cebc95e68fb5dbac94d0a09ea0c0d208c40dd9742052a
0e5c9afc-6608-4cb1-8867-3c722f8bfd7e,circuit_logic,bit_manipulation,unsupported,0,,no local verifier for source,3c143de43c7e33102c8f55dba0e00484fa1df4a06ddaa84e999037f647d72ac8
0c14ebb1-3c4f-42e8-80dc-454f3074a36b,polynomial_multiplication,equation_transform,unsupported,-406*y**5 - 4108*y**4 + 6080*y**3 + 952*y**2 + 10880*y,,no local verifier for source,6f5def4513c9c6027bb8f9f555feca17d90b5042bdb0467823ebad3cdcd78028
64c43ff2-4b7d-46bf-a6aa-19d7903437f5,number_format,numeral_or_bit_support,verified_match,454852018.409,454852018.409,numeric candidate comparison,5f383365acac9baefdd94ebfd31300f19f46c78e2f6811ca47861b451297d66c
af796f13-9451-4f83-886f-783610e5d641,base_conversion,numeral_or_bit_support,verified_match,312,312,base conversion parser,6dfb4c1186b891e459bda50e23bd1d29e4b3993972687a8289b628e1587b4e24
44b0ddfe-adb7-4c21-b177-64122903b7d7,cryptarithm,equation_transform,verified_match,"D=8,E=3,N=4,Q=0,U=7,V=1,W=6,X=5,Y=9","D=8,E=3,N=4,Q=0,U=7,V=1,W=6,X=5,Y=9",provided mapping verifier,00474e9d6f476f5b732e30bf46ca9c34de21f8f75428b594963f853a7d670933
411c2150-0312-4a42-89c5-e96e27b56f94,cryptarithm,equation_transform,verified_match,"B=5,F=6,H=1,I=3,N=7,S=2,V=8","B=5,F=6,H=1,I=3,N=7,S=2,V=8",provided mapping verifier,c76c3f7a2d79d6a023c0daab9e64be7cbfdd73d9aa949e122bc9a6dcd36f97f5
5406c544-210e-4227-85d9-5f50c5ec30e2,cryptarithm,equation_transform,verified_match,"G=2,O=8,R=7,S=5,U=4,W=6,X=0,Z=1","G=2,O=8,R=7,S=5,U=4,W=6,X=0,Z=1",provided mapping verifier,ad561e63671b48fa1eb551b0f8094ae97d59cf79ea3c2b0ffe1226eaf74622e7
affafb81-cc95-4098-90e8-7b714c924a23,circuit_logic,bit_manipulation,unsupported,0,,no local verifier for source,1df91825bc6a9d5bd5bf40fae0f8892210ee6c5b182a2ca32926535c675d5e11
643be4ab-ed7b-42e4-a3d9-fd2f1413f4cf,number_format,numeral_or_bit_support,verified_match,570888485.239,570888485.239,numeric candidate comparison,831908ffd9b2acfce3a124019a2309c821532235bd9284bfc8d5dcd175ecd267
cc26eb0b-cc96-41df-8aef-f20f12e3ec08,polynomial_multiplication,equation_transform,unsupported,1167210*y**7 - 665742*y**6 + 216999*y**5 + 1201924*y**4 - 1213993*y**3 - 667964*y**2 + 280058*y + 104040,,no local verifier for source,8da80339ef897e1405cb63ebbc2f3c3f26d2b6bd83cd90024712e3fd5157ada0
5048bdf3-03b5-462d-a8ca-403b5de962a8,binary_alternation,bit_manipulation,verified_match,3,3,binary alternation swaps,7b72d6ac77c273f11d5841f68d8182cb2423b1c7412c9ca24701acc3e9d4bbfc
ac52282e-4b99-49c1-a28c-610f13ae0b58,circuit_logic,bit_manipulation,unsupported,0,,no local verifier for source,3e9a3f66fa973cb16f1639d62b7592781113ad521b77888fb299ac79352adb81
685c4061-659f-4384-b7eb-cf1899c28939,bitwise_arithmetic,bit_manipulation,verified_match,0x4c5ef958,0x4c5ef958,safe integer AST,7df5f3301a15e76d46a0b7d27d1bf980787513af64f16e8ba5c2664828be0b98
316f3cf1-2923-4c7c-9a72-03f5788302bc,cryptarithm,equation_transform,verified_match,"C=7,G=0,K=2,N=9,Q=4,S=6,V=8,Z=3","C=7,G=0,K=2,N=9,Q=4,S=6,V=8,Z=3",provided mapping verifier,2deb9c3ebba8ce1c52c7a608841236ffc5a4293d42e9f1d8541934ab98aa8c28
63df4f0a-57cf-41e1-9557-bfeeff36c326,number_format,numeral_or_bit_support,verified_match,313859037.091,313859037.091,numeric candidate comparison,66a83fb6c757c53562e0f6dc8d5cb826321bdbcd1b0193ffedf3a90c328739b9
f8209e70-7164-4f11-81b1-8d7a65f670f2,number_format,numeral_or_bit_support,verified_match,365283901.08199996,365283901.082,numeric candidate comparison,b5c86b9f4a710647ce6a79c1ffa1014c9de665678ceb8dc954792ebdb7abcb92
9e0cf397-ee4f-41d3-832c-6d1757c82fdb,binary_alternation,bit_manipulation,verified_match,6,6,binary alternation swaps,a8d89539390997a5e9f0641f94a3460c8df29cd8ae90b35669dd5970ab721811
48219cac-a69b-4077-bbf7-39d00bdabe90,binary_alternation,bit_manipulation,verified_match,7,7,binary alternation swaps,235a05f3cbb56d707cfcc78f22e4ab2c109d956186b3bae3a19df4c183aba77d
e1b488b7-0a40-4d37-ae12-1b4fa2a2d780,cryptarithm,equation_transform,verified_match,"B=5,D=6,F=1,H=0,R=9,X=8,Z=7","B=5,D=6,F=1,H=0,R=9,X=8,Z=7",provided mapping verifier,9090cde67a884681fdbaf2d3708de2ea90d17a06cb003b3762eedf80e8849a38
dab0fbfe-e508-4105-91b2-b67f1ef43732,number_format,numeral_or_bit_support,verified_match,342211781.657,342211781.657,numeric candidate comparison,c7dae6ab250aafa9bcf211d683b74e298f58f1e03d5b9df656ee640cb0768dc1
2ebd1ea6-19fc-4a96-91ed-ad8ac8f01db1,number_format,numeral_or_bit_support,verified_match,232444359.066,232444359.066000,numeric candidate comparison,f505d9dde077305ea1d0c7ebdd2295312921af456577a56a12fc257af51b89b9
5213b8e8-c1b0-4ebb-8a98-4aa03165df8f,circuit_logic,bit_manipulation,unsupported,1,,no local verifier for source,96b84cf571d78d049e3beddc7b17988def12fac42d51ed8dfb5b2f4a599ce010
b2b03165-e2f0-44c5-938a-cffccfba2d2d,number_format,numeral_or_bit_support,verified_match,636148858.768,636148858.768000,numeric candidate comparison,017c9a67ce903066ea87e8b7146e0e6fe85862a97130cd3b50c6ab5ea36ecc56
c0adbf65-13ab-4df0-81fb-fed154393801,simple_equations,equation_transform,verified_match,10,10,linear equation by finite difference,0e57fd826efe8d8c259111fdee76cf759b8f970b45af3ef8e864c925d6fd2baa
3f49e08b-d991-4a71-860c-408f70ff653a,count_bits,bit_manipulation,verified_match,20,20,binary popcount,301081cacbb20d72e11501bc3b2246097b19d52e18a21642dd581c19faab2b00
580ce10f-4fda-49d1-8187-2dca2f9d733d,base_conversion,numeral_or_bit_support,verified_match,684,684,base conversion parser,a778b9acd61808430ed0e2c294a43cd1f6d060e1783036e549ac3182f2903e88
275df710-6bc8-43df-86e3-1988b786519f,number_format,numeral_or_bit_support,verified_match,831433901.337,831433901.337,numeric candidate comparison,13ee902b398428ff0e1fd1b81bb12bd4c1831e1787895821185618efe1b12bdf
62a69e75-e20b-4472-b9c8-eedc7996f826,bitwise_arithmetic,bit_manipulation,verified_match,-0xb474,-0xb474,safe integer AST,ddd9bc2f0f677a5f20327d70bc9081d40b76b59b6579290ac4162651b2f50797
f3889415-7e3c-413e-b5b6-92a7b885e476,base_conversion,numeral_or_bit_support,verified_match,4210,4210,base conversion parser,21a1096bcea90b378628a745fa15e8106905b8094b27843c49757eb15b89f884
ee88d542-ade3-4465-8cd5-1b170a4fd22e,cryptarithm,equation_transform,verified_match,"D=7,H=8,I=4,J=6,O=5,U=9,W=3,Y=1","D=7,H=8,I=4,J=6,O=5,U=9,W=3,Y=1",provided mapping verifier,39055072ca4c9eb6bbc0f7079980e2e4ec473b1d4dc5942258ca2de88ce57416
b00077d2-4a03-45f8-a37e-8e26efa746a7,polynomial_multiplication,equation_transform,unsupported,6422*z**7 + 741*z**6 - 12635*z**5 - 42250*z**4 - 4875*z**3 + 83125*z**2,,no local verifier for source,a7ce33d3b746b7dd4daf6c76e96cc6c0deb892e7d4a6f8883dd4d8ff62631a4b
2703ec36-8473-4f9a-9488-6f2a353f3192,polynomial_multiplication,equation_transform,unsupported,4453*y**4 - 7342*y**2 + 2409,,no local verifier for source,2136986c29db4d146d37b53f5a1e1046f153820d776c9cc56fc446c62446aa85
5dabf49e-3302-4850-bf11-80eb8af44789,binary_alternation,bit_manipulation,verified_match,3,3,binary alternation swaps,aa9e7d8cf4f675a022fc4de89f1a92833dc786344fea73a3504b1495a73be0e3
dac3035e-d01b-4b54-a9fb-0306cd15b5a2,binary_alternation,bit_manipulation,verified_match,4,4,binary alternation swaps,50b05f7b37a3b963775a7ea2baabe46e5c908d889bb9edb05ab9d5684b2f176c
86692027-b3ae-4941-9b4d-28ac99719842,base_conversion,numeral_or_bit_support,verified_match,576,576,base conversion parser,2de5d0c6dbf3842773c2b64b64668249cc26f4e25beb4e8da337bc95260900a2
1d247190-2793-4909-8083-ca6217291377,number_format,numeral_or_bit_support,verified_match,170182209.521,170182209.521,numeric candidate comparison,c7c778d443de037a3be9823824cf15323060d0740ad51538d9a7ed24b774f6b1
f956f6ab-af87-48b9-80e2-e17e378acb8d,base_conversion,numeral_or_bit_support,verified_match,100012,100012,base conversion parser,d066872998646085849ae936bf68e7f92e105f1ecfc9363d3b6a0bbd77bcc1fe
10bb5e9d-4db5-4b37-b729-2e739cdd5258,bitwise_arithmetic,bit_manipulation,verified_match,-0x55f4142b850,-0x55f4142b850,safe integer AST,da87299e1b8bf0f87a685f1f2ca76ba650f5794e46758ea49abf219a86be0db9
c0056e97-3947-40c9-a5c8-0554b65cc84a,bitwise_arithmetic,bit_manipulation,verified_match,-0x1ea2,-0x1ea2,safe integer AST,9447d0d915669c833209243bc46b994c84d81cd51dc4cebdb2e5ace55a10d2a1
d01457dc-2c02-4bee-a4a9-5ce220f06b7f,simple_equations,equation_transform,verified_match,99,99,linear equation by finite difference,556804a5b8cad9dd1420a7022303a35246c4b0afa347dfdfb920626c8b2e0ec9
d895178e-7eef-4b22-b256-2d5d8be22e7a,circuit_logic,bit_manipulation,unsupported,1,,no local verifier for source,b45951d8b1a412e0fb566243964199cd8da8331ef8c156e93c19862f2e82b0a6
76dd7996-19c4-45cf-a166-7e34f0ee2b7b,polynomial_multiplication,equation_transform,unsupported,567*x**3,,no local verifier for source,250e1dab680cfd8b392b5cefa94ac5933b4deef7521e6b4ea5b544bbe2e55e8d
55346878-8074-4388-a292-429c72e5322f,base_conversion,numeral_or_bit_support,verified_match,10303,10303,base conversion parser,fac3aadd5b06092d39da5b4a661c98b176a99dc632f72621d90d1867c257ebd4
4fd180c7-1ee9-4a01-9519-5da8aa3e919d,count_bits,bit_manipulation,verified_match,18,18,binary popcount,2f3fcbb47ad0eb361dfffa0dcf8982b4420d4e26760b58d8a2ef5a589a9030d0
a1a5ed25-fdbb-4f12-9ba2-82d3d97ca4f4,bitwise_arithmetic,bit_manipulation,verified_match,-0x516ae5c6,-0x516ae5c6,safe integer AST,8d5d25598e1322173685844d0c62af93e5d77ac35fa26776c88dc64cc5cecd11
6d1c81a0-9954-4be8-9b58-4120083f2420,binary_alternation,bit_manipulation,verified_match,5,5,binary alternation swaps,16c3de0d243118d5ae2da72478db22bca844a3a719dd026c7fa24cb63a562624
a10e94f8-65d5-477a-8692-87551e81651e,bitwise_arithmetic,bit_manipulation,verified_match,0xebf1,0xebf1,safe integer AST,7a38f5cef075311dd11e0fc95b531cff2c893e5f5de3f720bdd57ac0bb8d2bd4
66f4b191-8660-47c6-99ac-aec4378d5f1c,number_format,numeral_or_bit_support,verified_match,632117065.084,632117065.084000,numeric candidate comparison,ddc1cce2cecbf470986ce912ff15f5eb35815e26b477fb017692f961f2276567
417a0328-31be-4c19-8ca1-3804d6003b58,simple_equations,equation_transform,verified_match,22,22,linear equation by finite difference,4c9b24a78f332528b3e228bfd3ff34f3c6db7ce39ffb2141c530daeb6b3c4c60
73f7f515-c002-4e7e-871e-d4f0d22bb9f4,polynomial_multiplication,equation_transform,unsupported,-10125*x**4 + 6318*x**3 - 9875*x**2 + 6162*x,,no local verifier for source,bdbf0967cc28c18fd9cb673462bc08028d8bd7c26b42569ea50ff616720eaf6e
85ee36ff-cadf-4eef-9afb-e6836fad4808,cryptarithm,equation_transform,verified_match,"A=3,C=1,K=0,L=9,R=8,S=6,W=7,Z=2","A=3,C=1,K=0,L=9,R=8,S=6,W=7,Z=2",provided mapping verifier,9b67d3efabf576c9abf1834adc093c2a683076173ff3aa92c2886f09ab02b748
8fed33dd-582b-4e2e-977c-642bcb548766,simple_equations,equation_transform,verified_match,75,75,linear equation by finite difference,14b5667170bbdedf6ad5051a024572d3ee4af74a892661e7aa3c73233bbbb803
ba7c92bc-de41-4fda-a782-f78dd6ab1b86,circuit_logic,bit_manipulation,unsupported,0,,no local verifier for source,b4059413123b46f3d92aa2393115b2c91c73eddf84570195d1c7297b0ce8eeb8
989854f2-d768-454c-a126-25f7d528bf31,polynomial_multiplication,equation_transform,unsupported,405*y**5 - 2187*y**4 + 1593*y**3,,no local verifier for source,763a4200dc3540f3ffc31b867edff0cec25ffe8d1a29c60ed18a30a107be34ce
3c08c50e-3dcd-475f-b645-d44bd35ab58b,circuit_logic,bit_manipulation,unsupported,1,,no local verifier for source,ba4854297b5771386b21ad5fd163c0f46decd2fb37bfc8b9c51ed67f517d89a8
3139c1a6-6f90-4d2a-a928-3ac62a7ff22e,binary_alternation,bit_manipulation,verified_match,4,4,binary alternation swaps,8724f509eae1a4126ec02b88a88c6f8fc6baf16d3154736ced1a5bfdb2c01810
38780450-eddf-4a66-90f7-b4a55c5d817e,count_bits,bit_manipulation,verified_match,19,19,binary popcount,1df9a882fda87f45de0afcc02cdf17e0257ccc481b188385c54f8db7a202b4b2
187a6438-3ffb-400a-9856-f782d186dae3,number_format,numeral_or_bit_support,verified_match,616844900.006,616844900.006,numeric candidate comparison,cf8c5fbbb95ca03bb7f4c8dcd2304745f51d13536fafffb56543f14c1ba76980
324cdb74-1c1f-457e-a848-721ea78731d5,simple_equations,equation_transform,verified_match,54,54,linear equation by finite difference,d952c61955c5b69c3efe2f3c653d42d79839f0680c53ee70534187bf820f8e51
8dcaee73-1bee-499f-96d8-4d031e35853d,cryptarithm,equation_transform,verified_match,"C=7,G=1,I=3,L=4,R=2,S=9,T=8,V=6,W=5,Z=0","C=7,G=1,I=3,L=4,R=2,S=9,T=8,V=6,W=5,Z=0",provided mapping verifier,d8305dec767575fd78ec6356150a7ac64f73a0c53b2d950818eda9fdbfd11bd0
1f6382f4-d608-4052-bc6d-73a7d851699e,count_bits,bit_manipulation,verified_match,15,15,binary popcount,a3162bc06c87c7b47d20655a44039cd8c58d57df61ebf63103037f0bca5d9244
b4f4d168-3f57-48ed-810e-459c0746b1b7,bitwise_arithmetic,bit_manipulation,verified_match,0x1b140,0x1b140,safe integer AST,710237be7272062e32e4c8cbc90baf509d83ae22cf3108ec79ca52f4d7680d6b
de986bc7-8cf2-46e7-bf6c-e3814b113d37,simple_equations,equation_transform,verified_match,100,100,linear equation by finite difference,7948036e867b962c7d397b06a737bdbc66008b05efdaab1a8cfaad2782870dfa
2bd2082a-bb24-41a0-af75-95f490b4dc65,binary_alternation,bit_manipulation,verified_match,-1,-1,binary alternation swaps,a5741fa3f723c691f908de271cf1e0a318ac840726ddc3eb0382d6798d868bbf
743630ae-7486-402b-9e51-c6aca82ad8b3,circuit_logic,bit_manipulation,unsupported,0,,no local verifier for source,8c4ca68a3898cd13cf37bcf4ad41220e35b045c6f5e050debf599f3c77d3dee8
73a0cabc-05c0-4bc4-a177-f6abaf18a644,count_bits,bit_manipulation,verified_match,11,11,binary popcount,cc94855c425bc57d426774679c88e2d0f0cc07435530ed1fe7b8aa5d5ff3ace0
e3ade07f-7fac-4c3f-813d-bc966c77d3e6,polynomial_multiplication,equation_transform,unsupported,-4125*x**4 + 3685*x**3 + 976*x**2 - 988*x,,no local verifier for source,814224ab50dda5663603b73e86473a5c4e94c434a392e1c650cb2bd8f5eba796
9c325872-95cc-4106-a38d-de259147d015,base_conversion,numeral_or_bit_support,verified_match,9d,9d,base conversion parser,6cfbf99062f2f9970883e2860a6b4e664de34fd9746900401ee62b585efb1885
ae2ebeb9-9417-4467-9814-09a3361f9e00,circuit_logic,bit_manipulation,unsupported,1,,no local verifier for source,70c4b4128512f4130fa7b41aa5e76e0167a2a38a254c32d0db368b84769b67c9
d583b7b5-21b3-4069-949c-13fc729048f3,polynomial_multiplication,equation_transform,unsupported,1020*z**3 - 257*z**2 - 2586*z + 1615,,no local verifier for source,bb059db539fe1abe1d8d8131c37586ffe04b64fa0024ed26a5bc4fca0bc9fd91
952f349a-6d14-4121-9e66-09518c09d46b,polynomial_multiplication,equation_transform,unsupported,-10608*x**6 + 24544*x**5 + 51584*x**4,,no local verifier for source,ce3b8b0727969f8a655084344c1a24b3f812aa477eb970d0fe273fe71477dc74
0f1cd72b-24dd-4d91-97da-42c81de249b0,circuit_logic,bit_manipulation,unsupported,0,,no local verifier for source,f1f7e6ad9fcbe307a4a616ce774f2781bee26eb2c27f4f872ca292f729d8dc95
06330fa7-f440-4008-9c73-71556eabb206,binary_alternation,bit_manipulation,verified_match,-1,-1,binary alternation swaps,1aecccaa6a619144486b4cb124c0338f106fb1519c6a170e3397f313de8d393b
b37423fd-fe56-4a7e-8743-f234a2472124,simple_equations,equation_transform,verified_match,50,50,linear equation by finite difference,c43979e2d23c7e9bcfaac0ca4aeee68f15a352ac17235537be688cb69c789692
86abbc96-91dd-4202-b699-76ee4feafa88,base_conversion,numeral_or_bit_support,verified_match,240,240,base conversion parser,2f8b24125c99d37e7ae6e25b3d8c555cb4d9849ace4938bbe6e5be63567f263b
c157c884-db3c-4faa-9cda-2404fb2d1d7b,polynomial_multiplication,equation_transform,unsupported,-27132*z**6 + 47880*z**4 + 15162*z**3,,no local verifier for source,b492133e1db445c1dcc3335ec0f4936d8f07fef3bfb674cad31365f19dc1af31
d13be45c-41a7-408c-a66e-ca8a4e9ad716,circuit_logic,bit_manipulation,unsupported,1,,no local verifier for source,fa80a2151fd66a84d27e44150edf65c2f19e5ca65515420f8f5854f325ba8a0d
eac889dc-d307-4e21-afee-cda1f561a0a4,count_bits,bit_manipulation,verified_match,16,16,binary popcount,08109916800fea1d3f74511a329b15918f8047a47cef58ab43232ef16d8e199b
5c1ec8ab-b5a9-44a4-ad74-c99415cfd8aa,cryptarithm,equation_transform,verified_match,"A=6,E=2,F=4,I=9,K=7,O=8,Q=1,R=5,S=3,X=0","A=6,E=2,F=4,I=9,K=7,O=8,Q=1,R=5,S=3,X=0",provided mapping verifier,890cf8a01dc16189ca93ecf79187d093dc5c3beba56ea6501245e9ff1690f94e
16a884c7-6252-4841-aa91-572c8129144f,base_conversion,numeral_or_bit_support,verified_match,1020112,1020112,base conversion parser,af4cd26fa9210c8cf8f6459b625cf67c0a2c9f0bd5ec422366ac441fae2f1e07
6ed3342a-1e27-49d4-87f2-8d25177bdf39,bitwise_arithmetic,bit_manipulation,verified_match,0x42b5,0x42b5,safe integer AST,42fa54ecf45b14e084f214d23203db1972b5f065c414971923a7b1a15567b651
0d93c970-07cc-4c84-881d-e56e653ee1ae,number_format,numeral_or_bit_support,verified_match,161541600.081,161541600.081,numeric candidate comparison,a54d27d6227a9ee58fd743b7118120ec0275556695463d3d5b925bef3851155a
b3d32575-87f3-41e3-a68d-8e26f44e3c8e,binary_alternation,bit_manipulation,verified_match,6,6,binary alternation swaps,f40b2df4bea8382ce4cb776cc27abdda4ac3b0c98a4b962f8ead5d7ebe733ae8
c1f6eb04-65ea-4cd0-82e3-1b197635b220,binary_alternation,bit_manipulation,verified_match,3,3,binary alternation swaps,62ad2badd07f4e2f07b9c0012efd3db64242c93d8e5529e6bc558354eff623d9
1002ae58-1193-421d-bbcc-29a5615ecaec,binary_alternation,bit_manipulation,verified_match,2,2,binary alternation swaps,136394779ed6afa8132b181c943017c4e4dac115dffc94d25e62b280602d335e
1a2dec0b-3873-4b71-9b36-565cfd5dec8d,circuit_logic,bit_manipulation,unsupported,1,,no local verifier for source,22d5d529dcc633c1619fb924be580a66a19e5946be04de25b17328b1b709ad08
bb41278b-e4c3-4440-8aff-857b0793fb9c,number_format,numeral_or_bit_support,verified_match,322791286.83599997,322791286.836,numeric candidate comparison,87a3d7e916aa90a1c6594012a13ef2a6b5836d7d270ef6b9bdc010c2bda77426
938a638e-8704-4351-8e2a-bd1d76aabeb6,cryptarithm,equation_transform,verified_match,"C=6,D=1,F=4,K=5,R=7,S=9,W=2,X=0,Y=3","C=6,D=1,F=4,K=5,R=7,S=9,W=2,X=0,Y=3",provided mapping verifier,bc7a3ac728b53e70d8b4464e9d62b1d01276def3db565294f056678b4b11818b
09c21db2-469c-4cb4-8c56-017dd5906738,base_conversion,numeral_or_bit_support,verified_match,302,302,base conversion parser,6737450f4f594b5b667d6cf40403f451f90a9b2cc8e2863f42aadb76daba7086
80f736c2-5f34-4c10-9061-ee105fc56e64,simple_equations,equation_transform,verified_match,1,1,linear equation by finite difference,fe1762af36efb7b302e467b749eb64fa5be55267b7d097a32837ad2814e5e1d7
d740aed2-1395-42ef-b3b5-4dc2d113865f,simple_equations,equation_transform,verified_match,83,83,linear equation by finite difference,bf1d8aad481639ced660eb815fd2b60e34d3caec843f0e80b218a59be3bcb432
f566402a-291d-4173-8347-ab7e0846843d,polynomial_multiplication,equation_transform,unsupported,-306432*x**6 - 58176*x**5 + 20160*x**4,,no local verifier for source,09c7dd6e62126878c02680ef80d26b7fe1b48d32b7e311a14389a6846a3fb5a0
88bf83fd-8a28-422e-8993-150c5afe4e64,count_bits,bit_manipulation,verified_match,14,14,binary popcount,e9dba6add924525b42b9ee3f7f8e0c509fd24c0e45c7581e5b2e48ddbd33d047
61f413cd-45f6-401f-9e9c-4740694cd9be,cryptarithm,equation_transform,verified_match,"C=4,D=5,H=9,L=6,M=0,R=8,W=7,X=1","C=4,D=5,H=9,L=6,M=0,R=8,W=7,X=1",provided mapping verifier,bea4df070fb82718f6b49afaf60dfbd6ab28861e8d52fe62a38400a3d61e6bfa
55d5b213-6238-4810-b231-62e59313c097,simple_equations,equation_transform,verified_match,92,92,linear equation by finite difference,febde7db425af7e3b1ea797e3696b28294e5ad0a08d9ed8c99ed4302a7ce3a10
d82907ee-7ba8-4245-82d0-e935aca79710,bitwise_arithmetic,bit_manipulation,verified_match,0x6f00348,0x6f00348,safe integer AST,123f385460788e4bc9902673357c71dd7f2face3f2b2481c8d095d172b726ba2
419a9416-dccc-4776-bd0b-bbd2d53050b9,base_conversion,numeral_or_bit_support,verified_match,372,372,base conversion parser,7a3c9d4ebe96b509b7c2804de7797237c108176c3136a975df3b93af4c3eb04c
cebab684-e60b-45db-aa57-21fecfb6e942,cryptarithm,equation_transform,verified_match,"A=2,B=9,E=8,K=0,L=6,M=4,O=5,R=7,Y=1,Z=3","A=2,B=9,E=8,K=0,L=6,M=4,O=5,R=7,Y=1,Z=3",provided mapping verifier,8c399da99daed9129868dc9b0b9c98ec96974511393424d51d3f07e29ed9b593
ce5bf7c8-3d28-42cf-8b9a-131b2c1bd08e,simple_equations,equation_transform,verified_match,47,47,linear equation by finite difference,b1bc81658a4a94f3f575aa46c2f0c4a254ef9f12726d1de00f5f00bb9d210b6f
63984322-6308-4148-b8a7-7054781504f2,count_bits,bit_manipulation,verified_match,20,20,binary popcount,185b3e7f3c6722e3b9b8c1b85caa158c5011bd12cc736f64c83bae917fa3d39a
146a9911-1838-44fd-9170-c52805e7b952,count_bits,bit_manipulation,verified_match,8,8,binary popcount,fd40245c6a2b3fb98f0b900011704e6006a59d322fe5d21438448f9196c0dbd8
682622ed-e8e5-49bf-9692-dead26eb5c22,polynomial_multiplication,equation_transform,unsupported,-4410*x**5 - 2772*x**4 - 1155*x**3 - 726*x**2,,no local verifier for source,93c3c9655e1becd6d351db5f7354ebd6bc5b72a5991efacf88a40d1d0023a5d4
2f8447fd-9e74-4942-9eda-4d03f1948c63,number_format,numeral_or_bit_support,verified_match,524700396.044,524700396.044,numeric candidate comparison,b88218b97e663ee28a1532540156d4b5954f891ac00ac4fe21a060f85bf2977b
6c818c4a-b398-40ee-9b36-86b96792cf49,cryptarithm,equation_transform,verified_match,"C=1,G=7,H=4,L=8,O=0,U=2,V=6","C=1,G=7,H=4,L=8,O=0,U=2,V=6",provided mapping verifier,98577b0c6a4ea3a6793b1152c14e1024f39bce86bd8b2e9f66e5adb6f25fa7b1
8d7dbf10-3d0f-4aba-b7f6-d76e08964b8d,circuit_logic,bit_manipulation,unsupported,0,,no local verifier for source,f52b22b71a3732babd6470a719380a51b74d157129cd566f77a91ec038819db6
c9b35563-30c2-47f4-8483-8a3cec737135,polynomial_multiplication,equation_transform,unsupported,874*x**6 + 2850*x**5 + 1400*x**3 + 3450*x**2 + 414,,no local verifier for source,ed30b72a4ef6d146cb6dab3c040abb27283aa13a3cf0fbdb668392733044bc43
ed161ad2-4204-4c4d-bf37-5a38fdcc1be3,polynomial_multiplication,equation_transform,unsupported,4914*y**6 - 648*y**5 - 4023*y**4 - 4772*y**3 + 1455*y**2 + 1624*y,,no local verifier for source,7adeb175a938f016b8d940560078e301d179d6ba51f809467b4ce78234eb4e9d
da871faa-a581-4a67-a910-0c887f777a99,simple_equations,equation_transform,verified_match,72,72,linear equation by finite difference,b6a05d4513d66adbb5a079217437c1c642b5f30261790e10b2ddb0949d3affb7
4dd306d8-3a70-45d1-9401-aeb502281c94,simple_equations,equation_transform,verified_match,34,34,linear equation by finite difference,bcd8fa606dfb8b7fa432f318ac39429f1eae708a3c308ddc7466f4ac09d17bf3
ff9e44ce-f9ba-4aa1-8bf0-af48b9cf3b8b,number_format,numeral_or_bit_support,verified_match,259188791.796,259188791.796,numeric candidate comparison,5014058974ce373ce771e21a5a2854853d2b1ed778ba11d88d4dad13f8e32219
869012d0-b8f4-4248-a559-da209f44d3c6,circuit_logic,bit_manipulation,unsupported,1,,no local verifier for source,8d14dc83431b2b8df40533087c024830a39253652bb42af8fb3a4445738d8ba1
45595276-4cd4-459b-81cb-fb63aa6dc980,count_bits,bit_manipulation,verified_match,17,17,binary popcount,70054a7722528d95d4e86698aefca0daedee4e42d9ad609f176ade85ebf4283c
50b19df3-17fc-499f-b2c2-ac5fa19863bf,simple_equations,equation_transform,verified_match,94,94,linear equation by finite difference,0d8699c12466701e23a97546d2a084c18017cb580b3115647f087d1de54841b8
085cdebd-0b00-44f1-b543-02de9417e7e3,count_bits,bit_manipulation,verified_match,14,14,binary popcount,d8301e3a16c40218e4c883cdc395e04b59b5ac6d5d37da9b9fbd014b64f8a4b6
cef307bc-2cc1-40dc-831a-dea2afd1af52,bitwise_arithmetic,bit_manipulation,verified_match,0x26048460ff0,0x26048460ff0,safe integer AST,c5045a6073206d3a3e05d29124331dc26a0fe8824c828d965b4021e705eb89b6
2cea8be4-83a8-421f-8102-bae0510a6063,polynomial_multiplication,equation_transform,unsupported,-2244*x**5 - 3400*x**4 - 924*x**3 - 1400*x**2,,no local verifier for source,3c1e5425b0f0fdc3bd58926e6ac39ad45b517b49eee78cddb1d98dc436ee7a01
2abce687-daa5-4f76-8934-652a472f80de,count_bits,bit_manipulation,verified_match,19,19,binary popcount,db85b0afb1f4cdd7b26a0af57e4bd415380e797a52c7cab6ffcf43e6232cb7b5
f800f72e-b7f8-4313-8035-b2282d57eb4d,binary_alternation,bit_manipulation,verified_match,6,6,binary alternation swaps,b986b219c839eaba68104b298d35ae6dc3985a4948b1fe39c66eb420fce05d61
86e33573-6b49-48ae-995b-b01f5df88f44,cryptarithm,equation_transform,verified_match,"C=8,F=1,I=2,J=7,Q=5,T=4,V=6,Y=0","C=8,F=1,I=2,J=7,Q=5,T=4,V=6,Y=0",provided mapping verifier,4f0fc1e43f12726622540b35ffe08a3d9e489d0680da5a37a2bd6e30effb6a0a
6a4345a3-aa97-4062-b3a2-94dea34a01a0,circuit_logic,bit_manipulation,unsupported,1,,no local verifier for source,ffe69ecab24d485b443f3b76cb04ef8fb9b6b99f847e320504543b0eaffd30bf
38f46b95-13ea-487f-80b7-80fce862399f,count_bits,bit_manipulation,verified_match,18,18,binary popcount,64845770ebf628db6a8820bd0fd725684fe1bd7cdd8702d9e95a274040e4018c
a42af41b-801f-460f-9e0a-1f6cdfb8be5f,count_bits,bit_manipulation,verified_match,16,16,binary popcount,8a7fd278e188b44bfd81d7e9dc956e35e7d93edb623b65b06b1da9e71dfb6f6d
ecf39e7a-9aee-458b-ba48-8b02528a59cc,number_format,numeral_or_bit_support,verified_match,986423926.3770001,986423926.3770001,numeric candidate comparison,7c8fa5d729d4bbd513f1dee94f36f7bae17d7e763883d526b21ecd0b1bf636ce
52ccb5d3-8a43-4b85-9376-a5c0760fa9e0,binary_alternation,bit_manipulation,verified_match,-1,-1,binary alternation swaps,895f4ddd812980b8ea7e88690b5b527d6c5efdf0208b6fbe7e1ce3ad912bd6c6
b4a48421-d498-4b48-901e-efaa3954b63f,polynomial_multiplication,equation_transform,unsupported,4335*y**5 - 4131*y**4 + 1809*y**3 - 4818*y**2,,no local verifier for source,31f80998136c0d34da2ab378602eb31f7cc7af82df2fa0581913a2da1cb91daf
007c7933-f541-4b92-bae2-f19fa72c57e0,binary_alternation,bit_manipulation,verified_match,-1,-1,binary alternation swaps,592d4c8c273403300866711cdfb5cfdc1257df11f101ff101fd13cc8850496ff
f54564fa-ab16-434a-9bec-d474adcf2a05,bitwise_arithmetic,bit_manipulation,verified_match,0x20e5c2cf,0x20e5c2cf,safe integer AST,e93e928e624c4ff4bdd2b91ceb59dc817eef536d4d0e1ec8f2bce9060cecf004
14f9a401-f3eb-466f-b18d-8ee35ad6bded,circuit_logic,bit_manipulation,unsupported,1,,no local verifier for source,9c8612e60fd1d85caf1d18f01043e6e7bd51969fb735ebd54f88e96a2ad8f934
5155a03d-eb16-488f-9168-b2917f09500a,simple_equations,equation_transform,verified_match,55,55,linear equation by finite difference,7138d5c9bb393877e414bd3c5575ceff1beb30bc45a762d08e46cf3e0b534fe4
787e3af0-44e2-4216-a9ac-fef0d08aa12e,base_conversion,numeral_or_bit_support,verified_match,376,376,base conversion parser,4dc01a5120257f3c145e46e1f076836667743c7781d23f16549011b0d9976282
05830233-608d-4228-bf2d-6613516e587d,number_format,numeral_or_bit_support,verified_match,959240225.619,959240225.619000,numeric candidate comparison,c4047c63274f7e1d8edfbc00c103132ef77c2fd6233a5a2c165fa056ffc5255e
8c5810b9-d79a-4239-bb44-44e27783dec9,simple_equations,equation_transform,verified_match,21,21,linear equation by finite difference,f906aae3c8b6ccd1996ba0a1bfaedb66450ea48f4e4bbc96331b10e2b8635b58
12f44695-e2e1-40e6-82fe-f38a4cd1193a,bitwise_arithmetic,bit_manipulation,verified_match,0x51ae0,0x51ae0,safe integer AST,94a8ebb26581a5a543288d36e341f375512ddef21e0f7160118a478201119230
c579e6ec-539f-459d-b0bd-34f6ba193854,binary_alternation,bit_manipulation,verified_match,7,7,binary alternation swaps,3e2d24c14a43b63010bf3d6053d6a2adf8697b440c343f11679f0fed1d7fe9a5
5c2214eb-0162-4c16-b8f0-e346dba6dfc4,simple_equations,equation_transform,verified_match,79,79,linear equation by finite difference,acbe55e264b8aea2d3d2b903caff9cfef94c40e544883d13d85f621a6612d87f
4dc056b9-65c3-4861-b5ed-06b1f5112f30,polynomial_multiplication,equation_transform,unsupported,4312*y**8 - 18172*y**7 - 12068*y**6 + 22914*y**5 + 10860*y**4 + 385648*y**3 + 295246*y**2 - 92040*y,,no local verifier for source,44d4779016720999662bc8a2186b3d481a9670938e7a03167e910d9d7c17a0c2
d44389b4-45ab-4b7d-af8e-eafb0536c0e2,count_bits,bit_manipulation,verified_match,19,19,binary popcount,322c584d4135e5a8716a920e5f3ee4d9350114c8e925df6e982cc1d2469a5452
b0ce897e-6f42-4aa2-b788-1da826b1cdad,base_conversion,numeral_or_bit_support,verified_match,630,630,base conversion parser,87bdf326688b1ecc6a3ce5a1cf70fc594fc8a82d3e4111eeb0ab38f1259351ce
1586d94a-6f88-424b-8ff9-70f3ffc2ce2b,base_conversion,numeral_or_bit_support,verified_match,100,100,base conversion parser,8b72c91c7c16e2b10a806c03b75bb287bfbda0907781a004354648ac2299e693
0f9eb205-3cbe-401b-a01f-2b094e35bd11,cryptarithm,equation_transform,verified_match,"B=9,D=7,I=4,J=3,V=2,Z=6","B=9,D=7,I=4,J=3,V=2,Z=6",provided mapping verifier,f856ec350337dcb8951051e3f377b84f6fa38ba40fa1e20e4dabe0ad8174f082
254e41aa-981c-4ec6-8e66-865a31857c68,binary_alternation,bit_manipulation,verified_match,7,7,binary alternation swaps,1524a89a82f7df0868519aef608769d16e0caa419e93b3294a619c2bc060cde0
fb7c538e-3047-4b0c-8235-5f8ffa76db48,count_bits,bit_manipulation,verified_match,16,16,binary popcount,6f35530d9830f612135f1ffd4afdff19459f00bd6bc763948425238a5675f598
73a5146a-0d50-4569-8f47-ff24231475d0,bitwise_arithmetic,bit_manipulation,verified_match,0x98ff07cb,0x98ff07cb,safe integer AST,6d4d60fbb496598c15753bd0095fff924fdde3344eb54d548f52d4dc332080cb
dbe96011-793a-4279-9b0f-cd5cf5c46fe8,bitwise_arithmetic,bit_manipulation,verified_match,0x8a2a0,0x8a2a0,safe integer AST,99bb623183568b1d605442610d41b0483813d59705c2a2cc739161c38e07c9e7
c452d69c-4ef0-46fd-a40a-41f518553168,base_conversion,numeral_or_bit_support,verified_match,363,363,base conversion parser,d9c77907dc695164d760121934b12bc1271c3ecf60cf98aee9c1485b332a572a
d68e7d24-3426-4da8-9414-6fda34dce657,circuit_logic,bit_manipulation,unsupported,0,,no local verifier for source,8d3c2fac6bc648581b2ebcd3d77a610bf13838da6f388b857616c527a5f25dc1
d3c63940-c2c8-4318-af22-7dedd6453e98,simple_equations,equation_transform,verified_match,18,18,linear equation by finite difference,bdb9446b5fdd7e82030f4fb8bbdbe132446e60c8e1c5a6a64396ff370fb8b18b
057f2a59-c1f3-424b-a6a3-105c20279ee2,count_bits,bit_manipulation,verified_match,17,17,binary popcount,5929df967e963b29748794ddf1e0e35486139895659784e973e594411f7b26ed
3c311732-cba8-4cdc-9842-525933002b40,polynomial_multiplication,equation_transform,unsupported,1862*z**8 - 54264*z**7 + 402762*z**6 - 231258*z**5 + 117096*z**4 - 869118*z**3 + 490360*z**2,,no local verifier for source,5f9c7b1c089d9b1bca0b5b026c2c2a16f0948a60af7216bd72e0724ae4ac3e37
44c15d28-1a68-4062-9ef0-2fa240610022,circuit_logic,bit_manipulation,unsupported,0,,no local verifier for source,cfb3d2a0fa339d1301f5a7583e0b5b243bf52a6446b808572f1c75a00410811b
eef138db-f5b8-44a3-9d66-50f165da21ee,simple_equations,equation_transform,verified_match,88,88,linear equation by finite difference,d6517d5855d2ba9ddf1f8e5f6a427e371ca9c16009ecfe15511de45c55746839
fe0db5b4-a7aa-4df6-a7f9-5866af1ed0e6,cryptarithm,equation_transform,verified_match,"D=5,H=3,J=7,L=8,M=0,Q=4,T=1,W=6,Y=2","D=5,H=3,J=7,L=8,M=0,Q=4,T=1,W=6,Y=2",provided mapping verifier,87864c88787ba677902ad2eecfe45e94c69c20a9b9de2c5509d9ee844c2f475d
94774d1c-3534-42f8-9c18-8b037d191874,simple_equations,equation_transform,verified_match,81,81,linear equation by finite difference,1eb09f6552b6b9ece84ae704201c58cef257f6eefb5318a3f774f4aa89ea29dd
d4607976-e903-4260-88b7-e4ef0707c33b,bitwise_arithmetic,bit_manipulation,verified_match,0x43647da70,0x43647da70,safe integer AST,246282f8cfbfe5038c22272d912833a3a1527da87972e947d411fc126786d750
102bdebd-babf-4118-993d-e6aa0154bd19,polynomial_multiplication,equation_transform,unsupported,1040*z**7 + 1232*z**6 - 27040*z**5 - 41652*z**4 + 135699*z**3 + 349816*z**2 + 207977*z,,no local verifier for source,158d92e26cb4673218785fbffabd3e9533c1549072e340815927973e30f4fd0e
973935c7-996c-4a1f-98e5-3510c67ea41c,cryptarithm,equation_transform,verified_match,"H=1,L=8,M=6,P=0,Q=7,T=5,W=3","H=1,L=8,M=6,P=0,Q=7,T=5,W=3",provided mapping verifier,13cf7b3530b61cd3041ddbbfd1c6a82c68e75336de578de8003279ee014fdbc7
57e1e59d-39b9-466a-a9f7-3a272aeda9b4,simple_equations,equation_transform,verified_match,72,72,linear equation by finite difference,7afb1a6acc8e3631ffb26cd894ee28c6250af7cd730fba9d44125a5925ab2786
9f5bd6e8-9d59-4812-93c8-2bee3fb0afaf,count_bits,bit_manipulation,verified_match,15,15,binary popcount,8a46fda3d21c0154584537324dbdfbe1594d06efc818bbccdac7d7bf53f5abdb
2906d135-424f-43f1-b67d-fdf2be18be3e,number_format,numeral_or_bit_support,verified_match,570690918.273,570690918.273000,numeric candidate comparison,f4d9da7646b8d51c4d46d5f06357ef7d22965c4952dfd3adf9189a9f6c40b81d
1c499daa-3a25-40cc-ae50-71ff31f957e9,cryptarithm,equation_transform,verified_match,"C=6,J=5,K=7,N=8,P=3,S=2,V=9,Z=1","C=6,J=5,K=7,N=8,P=3,S=2,V=9,Z=1",provided mapping verifier,ff3b956b2c330caec94a23fbba54d7fcc671f0c29dc713a81f325f15fd59ab8e
ffc5e952-4c9f-4ef6-80eb-8177ddd9b5f5,count_bits,bit_manipulation,verified_match,19,19,binary popcount,3e9b980c5b29f31f66356bab9582f5c03dee81098789a95f862111384fa0c9c3
6c8ada91-91dd-4246-8d5a-83e3d942e5b7,polynomial_multiplication,equation_transform,unsupported,-585679*z**7 - 952510*z**6 + 258647*z**5 + 819250*z**4 + 148212*z**3 - 32680*z**2,,no local verifier for source,1f14f7cbde2b67f5e79347deec543e1d5f38c71acc848f48182afbde95ee1fb3
6c74235e-fe74-4f71-8c75-38bb0a2c3b4f,polynomial_multiplication,equation_transform,unsupported,-112056*x**9 + 228844*x**8 - 328132*x**7 + 442538*x**6 - 391885*x**5 + 458571*x**4 - 338140*x**3 + 160399*x**2 - 122960*x,,no local verifier for source,9421fa01c3dbb9a6a72f89285a67532e8e2f9b60439a10912d51d5e411924eb7
43dae0c8-e5bc-4e8b-8db2-80a67e986fa3,cryptarithm,equation_transform,verified_match,"C=8,D=0,E=4,F=6,H=9,T=5,U=2,Y=7","C=8,D=0,E=4,F=6,H=9,T=5,U=2,Y=7",provided mapping verifier,3a77ae2e578a79d1145edfe32a03f765391af01ce177012b7eddb2457e66c9cb
3b1d6d41-0871-42dc-8e15-c2ddd200b1cf,number_format,numeral_or_bit_support,verified_match,310750136.109,310750136.109,numeric candidate comparison,d4c56ea438527f2a508f7b546783d4f0b10f1db99294c3eeeed36c9989626f08
b66e45fe-e4d4-47db-b304-d8ab19d8d6eb,binary_alternation,bit_manipulation,verified_match,4,4,binary alternation swaps,c43be60f3a0a1db7585f3a120cbc3784bd31603a28244b27e6714f9b806e47da
5a519014-0b20-45a8-8781-cb4f80a60c31,count_bits,bit_manipulation,verified_match,16,16,binary popcount,1bf6e033f53389218f92483486492050011ec4a998482f0bef5ccc4a7df6cc31
470233ee-aca5-4347-b2b1-426568bdddab,base_conversion,numeral_or_bit_support,verified_match,2a6,2a6,base conversion parser,6e08c38abadb76c18a5940d570e9eb692ba8f7fdf6a55880b19e80ea792ef9c6
49cec6a0-5352-473b-81b0-d52112ee26d7,base_conversion,numeral_or_bit_support,verified_match,37,37,base conversion parser,37cb10801b3884586b8c4a004f39851be073614a904879d1542e624514c92238
dc3a64c7-c3d9-4fc8-b257-916b6bf911cd,binary_alternation,bit_manipulation,verified_match,-1,-1,binary alternation swaps,8b65ac2979dea31cb62c37148adbd7efe468fad1eef965f03d3cba95e937939d
87cb2c35-a7c1-4650-af41-86b4fb551047,count_bits,bit_manipulation,verified_match,14,14,binary popcount,31622b506ddb5cc3e97b6de0d0e7605e085e3ac6eaf60309cc6263812c239834
e2351bdd-fb48-4827-af28-80355d0bdc0f,circuit_logic,bit_manipulation,unsupported,1,,no local verifier for source,872c1848feeefd6234a60bdd932bac3a285f9beae0c90b9a7fd4df556a7e68a4
adfdd1c0-7fee-4856-880f-849beaf316f5,count_bits,bit_manipulation,verified_match,13,13,binary popcount,3eb728064f4a4c103602f0489989ed6a8755d8cbe073c4a55c303bc4b5497041
7b36cd1b-b052-44a5-bde3-fe9e80782a54,base_conversion,numeral_or_bit_support,error,240,,ValueError('base conversion pattern not found'),e60002db0009e5cc8eeb1d66e9a31ea866e75a26e1b3f13395cfc3e79d8a50c2
35d36e01-1152-4b01-8e50-0e7633d364e9,polynomial_multiplication,equation_transform,unsupported,875976*z**8 - 545156*z**7 + 513244*z**6 - 162502*z**5 + 74360*z**4 + 4488*z**3,,no local verifier for source,474974faeae0ce1feab16c9526ca080828ff5a7814e9c1a33806aa176c4b28a3
ebcf3d61-d5c9-426d-ae58-a5cab8dfd82f,base_conversion,numeral_or_bit_support,verified_match,445,445,base conversion parser,1dfb6a4fc63c4c872dd61c3ecb147597b2e92464db10d5cd5823a24aaf5b1622
d304f28d-787c-4feb-9b9f-87be686782d6,binary_alternation,bit_manipulation,verified_match,-1,-1,binary alternation swaps,c11bcd2f4a01df533c866fe4c95b42910a8d95ba23ac62303293ab76a24a31bd
24db59cc-c61e-4d79-b9cc-ea3bf1464d61,polynomial_multiplication,equation_transform,unsupported,952*x**5 + 5083*x**4 + 4685*x**3 + 4213*x**2 + 1828*x - 2080,,no local verifier for source,0d37cb6d71acf22dab9b61a8542f6d1506fcebf7be9c89695fdeda537f889252
31750003-7d30-4d7a-b460-f17693b0aecf,number_format,numeral_or_bit_support,verified_match,308822090.46099997,308822090.461000,numeric candidate comparison,c4c558d54d36e656158eaba5c06fb2b4ac6ff8fee8fe99503c246ecb8f32e336
1131ec86-1f23-4871-8d53-d95d58072223,number_format,numeral_or_bit_support,verified_match,798039077.819,798039077.819,numeric candidate comparison,c6256aa738357054a0cbb4868c5521ae8bab508327ea78d864d2cac12860e465
8a273203-30f9-485e-a18d-e580f53a14e3,base_conversion,numeral_or_bit_support,verified_match,23302,23302,base conversion parser,ab6d3496a8d6b4bb6f2e4f1fa6ce5c40d8ab996b58250078a738ef8d6e6680eb
1638155e-6d15-414f-8066-8bcf11b3e9b4,polynomial_multiplication,equation_transform,unsupported,7918*z**6 - 1998*z**5 - 15943*z**4 + 4023*z**3,,no local verifier for source,75e50f826fe8faaadcb856c9176de811c89cc708a569db84436c010faa85ef84
99f0df71-803f-42ca-a3bc-c27aeb002e23,bitwise_arithmetic,bit_manipulation,verified_match,-0x9941055c,-0x9941055c,safe integer AST,b9631b8e6a1d4e10d945a67355500728ef1e8ee4b05b23774b2a48b415ddd512
0437ba89-fec2-42f6-8c94-01b007d3cf4c,number_format,numeral_or_bit_support,verified_match,847538883.767,847538883.767000,numeric candidate comparison,8a680dc99bb5d6f405840632a20dec09fc30a44300b5cf0a4583802ee6390046
be8489f0-7bc9-4175-bd22-d9d18de88220,circuit_logic,bit_manipulation,unsupported,0,,no local verifier for source,41c21cb2138acb5f09f52a39e4cacb186bb11654b2fec4d059884ddbd9ee3c48
d8b1f9ec-f36a-4b9b-b238-147d3e61aba0,simple_equations,equation_transform,verified_match,4,4,linear equation by finite difference,5441c2ca5b03e3455810e7f79f4245ec80af7593b103a0d93412ba4ea6714d99
c96b2e98-05c0-441e-9e7e-82f2ec7a41ee,number_format,numeral_or_bit_support,verified_match,704108107.867,704108107.867000,numeric candidate comparison,48a66564eb1b17620f1a3e6b9b14901042cae8ad219038d88fac5ceae320499c
b97850b8-20e2-4ede-9629-0fa7c9d8c62b,number_format,numeral_or_bit_support,verified_match,324951278.801,324951278.801000,numeric candidate comparison,0fa25ee2ba608c4dbab6f22f62d9072b1cf9367949cc0d249c05ecb4fbbfa2de
efe2f8dc-3e79-440e-8ab1-9df7ef2bfabc,base_conversion,numeral_or_bit_support,error,192,,ValueError('base conversion pattern not found'),d1f435cc5826ea7e0bd868f2490fa8a98848c0b9c4ac75726c18f4fa4ee9ca3e
a3d11dca-f5eb-4e02-93bc-17d21390e05c,count_bits,bit_manipulation,verified_match,17,17,binary popcount,fe90dfc70e29012277a550a788f9e53cba3e17d4fb95de2e9713b9a9a1112ad7
6abbbff8-5548-4a9a-8aa1-8458181c0a3a,binary_alternation,bit_manipulation,verified_match,5,5,binary alternation swaps,1c1803a264711b683a15fcee1d617fd070884822be13474f2cedd62681fd6a9d
830cf3fb-fe21-44a6-9d0f-cce8bd9681da,base_conversion,numeral_or_bit_support,verified_match,1201,1201,base conversion parser,e04338e774fc28b84fd8a43a0ddb3b62d845464acc46e4970920c5a0567c3249
1758a0c3-7903-439f-870c-9e7bb30fcb43,cryptarithm,equation_transform,verified_match,"A=5,C=1,M=2,N=7,P=4,R=9,S=3,U=6,Y=0,Z=8","A=5,C=1,M=2,N=7,P=4,R=9,S=3,U=6,Y=0,Z=8",provided mapping verifier,f8fd561ad774fd67529bee016423bb974c25fb4f9ff91282399dfdc2305f9323
b3b6a999-c5c6-469e-ad80-bcd5fd1e2743,circuit_logic,bit_manipulation,unsupported,0,,no local verifier for source,601ba5262e541ef0913011703dbf69224cac7f0a1df3ae05a96f6827ad6e52a3
6a427f28-be33-484d-a43e-dc0b8fe2a846,cryptarithm,equation_transform,verified_match,"F=4,J=5,L=7,M=1,O=2,R=9,U=8,X=0,Y=3","F=4,J=5,L=7,M=1,O=2,R=9,U=8,X=0,Y=3",provided mapping verifier,03840bcbc11620ce93d177b0c9ec76a07d4f854ed7e981e57022fb53f842836d
8de3649e-fc77-4136-a708-eb0b9201eef5,simple_equations,equation_transform,verified_match,70,70,linear equation by finite difference,372f64bdc8b5eb66f665a2f7cb6b9b128d1890cea8732243e151ba46b3c93e96
346cf76b-37b0-467a-9555-992928dd9323,count_bits,bit_manipulation,verified_match,17,17,binary popcount,643ae4b678cb8470644d4bf664a7c47045809105d4295157ce7ae6045cb20714
8689d8e6-ef40-4958-867d-1477e833ab11,cryptarithm,equation_transform,verified_match,"E=0,F=1,G=4,Q=2,S=5,U=9,X=6","E=0,F=1,G=4,Q=2,S=5,U=9,X=6",provided mapping verifier,a68180fe0693bcc6f97a495a8ad83ad7513e222290590018c62d29dc2bc933aa
ea7fe72a-d76c-479a-9819-e49c3e7a075e,circuit_logic,bit_manipulation,unsupported,1,,no local verifier for source,e8a6764a339d9ffb99ca2548518636ec68342db993ab3a962f620d0a6715f413
7fff2ca0-5cc7-47f4-880f-8ba83deca4b2,number_format,numeral_or_bit_support,verified_match,468587704.455,468587704.455,numeric candidate comparison,8dd502b9a5abb4d5d8999e33dd6bb5ec2301b83b1b493fdc91c71cc6ec9b6ceb
0277d791-8d45-47b4-a0c7-d1919c8932cc,simple_equations,equation_transform,verified_match,39,39,linear equation by finite difference,2caf3fc7b59264d703b594d10f87033ca774a97a618a04a5ad2e1c862f54071f
92925b03-591d-4141-9e02-956fdb927a9a,binary_alternation,bit_manipulation,verified_match,-1,-1,binary alternation swaps,d7c6cb5b941213e3ffc5bb80eb3d5b8e1bcb59391934708923e80db0144168a2
3e7aaa67-7d78-4251-99f5-6333f3c8e955,polynomial_multiplication,equation_transform,unsupported,-138116*z**7 + 150672*z**6 + 231264*z**5 - 318508*z**4 + 72240*z**3 + 110880*z**2 - 120960*z,,no local verifier for source,8b2d427e3099f3e9bd7dfb49ea2ca2e7d2283ab8365ca54d8c7660f3aa759314
4ba22eab-a1e3-438a-9312-bcbd4abb8f1c,binary_alternation,bit_manipulation,verified_match,-1,-1,binary alternation swaps,9422c742702ed6a45cac64c846c09f7814b20116eba0a21d2954b6d9f9d664ab
a4920c3e-7035-4818-b62a-9746a8cfd484,simple_equations,equation_transform,verified_match,23,23,linear equation by finite difference,237d427195a2ad6819d07f4597f3ee2b097c833cf75c5aeec768f7f77b06e4e3
fccc83e7-d8b7-4307-8a1e-7194bbe30977,count_bits,bit_manipulation,verified_match,16,16,binary popcount,9db5d15b5fbc7fd350f950596a78152553423dfc9920be37efc902b7d0f9cd32
7c89cd9c-f262-44fd-b04f-7a04fe958c26,bitwise_arithmetic,bit_manipulation,verified_match,0x7411,0x7411,safe integer AST,0d3551ae82dc094ee0c866a341b153448e94d73577ed10b9f34d635292aacbcc
a6caad0c-05a3-48f1-8685-23f452f85306,polynomial_multiplication,equation_transform,unsupported,-96876*x**6 + 6318*x**5 + 656144*x**4 - 42792*x**3 + 558992*x**2 - 36456*x,,no local verifier for source,9ac8ea336a1792ff641a4e3e69bc4d659f320025e162f283112def2e989332d9
b5164acc-13ad-482a-98b9-a79b930ef0cd,polynomial_multiplication,equation_transform,unsupported,115368*x**7 + 218592*x**6 + 258980*x**5 + 231840*x**4 + 144900*x**3,,no local verifier for source,a8a36d27c78a4846dd678218fd2df8a9e7b02722e176f2830b94192dce842dbd
b85aae14-1ab5-4815-b2c8-a15f25593d0e,binary_alternation,bit_manipulation,verified_match,7,7,binary alternation swaps,c90d94fedc77d87c6b12c1745befe073eb6352991144b3577210f26230e8847c
1ab27edd-d740-4be9-8e3c-cd99a7cd4647,count_bits,bit_manipulation,verified_match,17,17,binary popcount,b900a68ad4b51c8225b90891d30c6093e0eaafbc3a332f2831d4c2301b24b157
e1d5ea2a-1bad-4fcd-8811-c37c74f63720,circuit_logic,bit_manipulation,unsupported,0,,no local verifier for source,80af73249d085da896d885029d3685539404c593dfcb39b8b411d985ea61d590
e00eb8bd-5a50-4b1d-9c0d-8e6f2d14673d,cryptarithm,equation_transform,verified_match,"B=5,G=1,J=3,K=0,O=4,P=7,U=8","B=5,G=1,J=3,K=0,O=4,P=7,U=8",provided mapping verifier,788eba1c922039bac7ee056e2b0f46497c4d483cf99527ccaef5b1cd7b964a3d
0a629d04-20dc-4d30-9769-2c93b8b3c3e3,binary_alternation,bit_manipulation,verified_match,7,7,binary alternation swaps,57da2f7b2b78b271a0ea75cb3e6660e4206de2bfaae70c67c2aab5d60fbf0e34
e8f44eed-703b-49e3-92c2-f494b60c0268,number_format,numeral_or_bit_support,verified_match,817901692.863,817901692.863,numeric candidate comparison,15d11ae2929eac16533a2984482069fc6686a1062674216731f337808f422f5c
13dcf838-5243-4983-8f3e-5cf65c27309e,binary_alternation,bit_manipulation,verified_match,3,3,binary alternation swaps,e5734320665cb5f6d327fa4201957225445461a330bb747dc17dfa54b1889e20
bc07e4ab-8a5f-41ba-acca-eaf450cd12cb,number_format,numeral_or_bit_support,verified_match,293375567.06,293375567.060000,numeric candidate comparison,753aeec40249ed209a689e37cdfd3ff9c1a6ff319b2efa83823ca8420ebe2308
32e53733-a028-474a-8d42-763bdf545019,binary_alternation,bit_manipulation,verified_match,6,6,binary alternation swaps,072aac990fa6cb1cb6f43613cd11b72be6c3bf837f3847ec52eb09c02ba51219
a49f94a4-28d1-4a36-93bb-559b38df94fe,cryptarithm,equation_transform,verified_match,"D=1,F=5,G=2,H=0,N=3,P=8,R=4,S=9,W=6,Z=7","D=1,F=5,G=2,H=0,N=3,P=8,R=4,S=9,W=6,Z=7",provided mapping verifier,bff0bb8557911f3151479667b489ccc5b37d2b15b634d58a94f5f4000c8ada14
14e225b7-3944-40d2-a38f-cb5c6bae91ae,cryptarithm,equation_transform,verified_match,"D=3,G=1,L=4,O=0,V=2,X=7,Y=5","D=3,G=1,L=4,O=0,V=2,X=7,Y=5",provided mapping verifier,ac25b09319d42a8b845008cb2617d763614090c5fcabb6c2d776cb98752269b5
a4904ab5-e9da-4dd6-abe2-8961c9e416d6,number_format,numeral_or_bit_support,verified_match,3376823.028,3376823.028,numeric candidate comparison,187becbb1481c5ba743e686b94cf9e516f823482b5e3f094260868863b5b33e6
4ca4a293-a4e7-4ccf-bba1-0c40260d25b2,polynomial_multiplication,equation_transform,unsupported,-950*y**4 + 350*y**3 + 3572*y**2 - 1316*y,,no local verifier for source,12347706e68f3474b1f9c432826e6ae088542f5b1eff63474ae63c23d97cd016
690166b1-9fff-41ac-a1e8-f1020f16a93a,polynomial_multiplication,equation_transform,unsupported,23600*y**5 - 38000*y**4 + 29972*y**2 - 48260*y,,no local verifier for source,a9c57e46348228251cabcdedc3fcabec48719e2f38bcd96b23c390e1b1eda94c
2b9fd8c4-f8c3-48ad-9ca2-3f35f47cd94a,simple_equations,equation_transform,verified_match,52,52,linear equation by finite difference,249ddded8c05c4ad9d4f0067776d082680667432a6d6e97c9366459df1ea977a
2e338b71-b17f-4820-9d91-417de99c0b34,circuit_logic,bit_manipulation,unsupported,0,,no local verifier for source,36ec76c4042554c3998938c0cf5bf6260d3e709afa51f04325fa90355506e0b9
4011ac3e-f761-4583-8543-7da283dd16f6,bitwise_arithmetic,bit_manipulation,verified_match,0x15bcf4b2,0x15bcf4b2,safe integer AST,d8ae37c428fc566af10d401fbcb8c4d6ab0055df6d12b1a39cfb6f198229f5f8
f67d120e-4316-45d0-8206-5ac70145b1f5,polynomial_multiplication,equation_transform,unsupported,-1302*x**3 - 2268*x**2 + 2814,,no local verifier for source,befcef15cbd5feac103a7246780a7d07b9c959b307af758a1a0b9bd82fc5275e
57db2522-f63f-4e9d-af54-462ffc67f944,bitwise_arithmetic,bit_manipulation,verified_match,0x1bcd0,0x1bcd0,safe integer AST,ad82965e683d436e76e85228cc2ee3615b56f9615cab27a1db98c5e494355ae0
b6895601-ea1c-4468-afa7-89a2dbfb7042,simple_equations,equation_transform,verified_match,5,5,linear equation by finite difference,974aee681a2129a1acf1b01e73496f2944c46901f86b266d92429de8b3049133
04d63913-839e-439e-b683-3835991bc8fc,binary_alternation,bit_manipulation,verified_match,2,2,binary alternation swaps,4dc73723e1bc3361958a3111abcc4f54351d0fb46d82d2f0b613d0c7505c658f
28bf2394-97ab-42a5-b79c-0174a430081c,polynomial_multiplication,equation_transform,unsupported,-178*z**6 - 4760*z**4 - 6275*z**3 - 3432*z**2 - 3542*z + 1562,,no local verifier for source,6d163adf1294aa1506393227576506820465265eaff6cb8e9a7f4e0e93f7c35a
3c0e872c-c9fc-4ddd-b586-bd7831508d40,binary_alternation,bit_manipulation,verified_match,3,3,binary alternation swaps,b279c0776155506b0707547b631fd8cfdff33a16e0093606691c5f5d133b25da
f9b8f3b3-680e-439a-b5c7-4f9b10461621,count_bits,bit_manipulation,verified_match,17,17,binary popcount,f68675017d09ca9c4afdfe263267ad08b1e5d0373821daf161e5328ea4a2567d
53d0434d-dcc2-4c6f-8f22-bdd28ae55092,base_conversion,numeral_or_bit_support,error,1001,,ValueError('base conversion pattern not found'),dab72dd381bdd10da8d4280dc11e1ab724622a2086d10e6d48d3c496c3263a15
dddd1708-a1d8-4ea3-846f-2cb71ef9a720,polynomial_multiplication,equation_transform,unsupported,190*y**3 - 1425,,no local verifier for source,2485b965f32d4621b8f39513a7fcea1229b4c0c8f6c6b14d7b20fef1ba0831e2
d18c6f0d-bf98-4f76-86a6-a0523bf1546f,circuit_logic,bit_manipulation,unsupported,1,,no local verifier for source,d7a7c90e8542f45a9b8147a0cc742d308fe3699d7a37fb553baf213eb1b2a0ec
f35a68d1-7588-4db5-b37d-296d7c1a13b2,count_bits,bit_manipulation,verified_match,16,16,binary popcount,7a7f0fec0366a6deec0b546fccb461bfd5426b66c8620dc101cee8fa782311f0
a73152a0-e35f-4af4-8ef7-999e99f5555d,count_bits,bit_manipulation,verified_match,13,13,binary popcount,5cff791da0c403b30f6124b07045bc339da32d82da8f7ceb447fe5b5ceabb33e
3f5c8a17-6129-4cb5-b353-73c08c5ac161,bitwise_arithmetic,bit_manipulation,verified_match,0x3e9e7bb5a24,0x3e9e7bb5a24,safe integer AST,51e4951068f1227a3e9e950552211e4e007257734bae686da0133406ecc8e909
7b71e965-682a-418f-8d79-5a70adf76b2c,polynomial_multiplication,equation_transform,unsupported,5880*x**6 - 2580*x**5 - 11488*x**3 + 2408*x**2 + 5600,,no local verifier for source,0ed95244cd7bd37277aa9cf9572be2bef6a85b431afa6af95ae292499636abfa
a45a88c8-334c-49f4-883c-ebb3c99ff09b,polynomial_multiplication,equation_transform,unsupported,-639*y**5 + 1278*y**4 - 531*y**3 + 1062*y**2,,no local verifier for source,2c3fbcdf1b3c121ffcd032c74d41e8e241a30aa56e1e50e61cfd44c20d60daec
d557ab45-e23d-4cdc-92c6-0a9156069c35,number_format,numeral_or_bit_support,verified_match,120704663.626,120704663.626,numeric candidate comparison,2b7137ac3e8811676fa2c177cc1b8353bcefc2911deba06f1462b2b9f4bb4dff
cf75630b-cd1b-42e8-9521-194bd568a700,simple_equations,equation_transform,verified_match,82,82,linear equation by finite difference,3c682b9a7cbc106471a23127379e5a906582d379476fb1463a6da5d2fa0a5c80
38cf268d-f93a-4e8a-bf24-0e3161bed33c,bitwise_arithmetic,bit_manipulation,verified_match,0x28bb86c5,0x28bb86c5,safe integer AST,371ace5fbe538fc31e39c4a8779573806e95185e3a1d748815e36934b02366d8
9640322e-3e48-4c11-b0eb-12c66685bcc8,bitwise_arithmetic,bit_manipulation,verified_match,-0xbb0c5c5f,-0xbb0c5c5f,safe integer AST,11cc594d293ef072bdd4dd22d82635f8abe9acabc50c20cf6310ef930b816c50
cda80b3e-f4a6-4323-904b-92050c5a4cd8,bitwise_arithmetic,bit_manipulation,verified_match,0x35cc,0x35cc,safe integer AST,76c0f69caaacc2118a107aeb2c95cc20955332d624edf098e4b6ebde40a37cc5
188402e9-8b8b-45d9-bfbc-3a194b8b5ceb,binary_alternation,bit_manipulation,verified_match,-1,-1,binary alternation swaps,c36387166b6b94fca9d985a96eec77f3cc36b22d5e35f901cb6092783e9245f2
17b85c5b-9695-41b7-8430-3c44678f7e73,cryptarithm,equation_transform,verified_match,"A=8,J=7,K=3,M=1,V=9,W=4,X=6","A=8,J=7,K=3,M=1,V=9,W=4,X=6",provided mapping verifier,e287b8e3f6fe3ad7f1b20fb7f19efcdb8403d3058ab0e7cc621cf845dc2d91c4
73e25ff2-50fd-42b2-b447-633c92f6379e,polynomial_multiplication,equation_transform,unsupported,1541*y**6 - 5628*y**4 - 1564*y**3 + 5712*y,,no local verifier for source,ee27df5e725ded147247e16d584a4712ac027bdbccd0e77a2938bd586ee99576
21ad7a19-e105-464b-856e-434c462927bf,base_conversion,numeral_or_bit_support,verified_match,620,620,base conversion parser,33a35d7d8e955ae4f339f7f7e3d182a2d4da6dc1752a34442df4f6c0b1c40a0d
7e196a99-fed4-4c59-a074-ccb5c3f9e920,count_bits,bit_manipulation,verified_match,21,21,binary popcount,b81072926bcec67465fdfa6c603b93d6ca45c340c8ac95e6e4b6523331390fe4
2adc2d58-c105-4e5c-8b7b-c800378d4970,count_bits,bit_manipulation,verified_match,16,16,binary popcount,d20f67c3161f7c0f46ff5fb6e070ea859606cc995e9e4935910e950237950b80
4d0dd794-39fc-40f0-bcf3-df95e78ede2b,simple_equations,equation_transform,verified_match,7,7,linear equation by finite difference,7c535590308e1ede8562130ca7512e11e53d55d82e88d99f2d4bd3f8f470a9e3
97f902d9-8369-4203-814b-93dfe06f75e6,binary_alternation,bit_manipulation,verified_match,4,4,binary alternation swaps,adfea273473c9111cf9bc0f20d2f6e039bbd55113e96b693d9b7b20e7b11d345
f932223c-5a12-41ec-b635-7b862a51f5e9,base_conversion,numeral_or_bit_support,verified_match,3211,3211,base conversion parser,ce1dacbcc23d6e72f901a6fd2f24ec84c07868b0ca9606d2c63782e4b1813ab9
9d3d61fb-2cd0-417f-852e-80ed017c298a,polynomial_multiplication,equation_transform,unsupported,-736*z**4 + 2593*z**3 + 2475*z**2,,no local verifier for source,48858dd342f3896482ee586222d131ea57b479edceba1af43ac49b4b6c31ba76
09edf348-40e8-46f3-b223-03e78eb0bd9f,number_format,numeral_or_bit_support,verified_match,354550247.388,354550247.388,numeric candidate comparison,8bfe0b0a60c7ea4c48a2deeaaa960659559d822ecafbea7a53ecafe99c60ec54
b13506e6-6c66-4b06-92f7-a325ce91ed6d,polynomial_multiplication,equation_transform,unsupported,2040*z**5 - 1858*z**4 - 7029*z**3 - 1972*z**2 - 2871*z,,no local verifier for source,a22489cf54875eec09c96eff5d79be5bd3516e84cb825a549ce0de7a101aaeee
395f014b-cf5e-4553-be6a-214a0d3d24eb,binary_alternation,bit_manipulation,verified_match,-1,-1,binary alternation swaps,986fa6440f7df1fd1b793170f3ed0544fcf2f16ea83be778ac01402ced5f77f6
d30b75bc-ce3c-4816-bbc1-54ec792bbe08,circuit_logic,bit_manipulation,unsupported,0,,no local verifier for source,113cf92a321266fe68d207bbdb0d82ffe13a7c07b1698f87c2504e9477cc3e68
7c1abd16-8823-4e7b-9c16-5c652dc4d475,base_conversion,numeral_or_bit_support,verified_match,14b,14b,base conversion parser,c3218fd8eb63720fdf3a658e4d4433df81dd22c8c3460fc26049105f270ae8b2
84540268-c1b9-4711-bda3-8a8d8c7aea86,count_bits,bit_manipulation,verified_match,14,14,binary popcount,91ccca0374e6df10d304cb5a80455ff7ba0133eb47b3e0bd5354afdfbda1a549
6a7120c7-6ce7-4095-acee-bf2f3faf14c7,base_conversion,numeral_or_bit_support,verified_match,2201,2201,base conversion parser,50c556aea7481c0d1c31dcfc4f6aafc12ab1f1b2324feb7815d2b5f0930ea0cc
10984a2a-34d4-474d-92ff-e40682859429,base_conversion,numeral_or_bit_support,verified_match,4c6,4c6,base conversion parser,8968d30f32fa2bca91c4fdb811b42c2e2368bc63c4875297a56a46285c2709af
697c273c-753f-48fd-b76a-65766112086e,binary_alternation,bit_manipulation,verified_match,2,2,binary alternation swaps,052a5a5beeea3452d6167f7e27bf038bd5da2b20704fdbe3f75a3ed9bd6d56f8
f8d5a760-f74c-4ddb-b6e7-55bd53da2245,bitwise_arithmetic,bit_manipulation,verified_match,0x4af3,0x4af3,safe integer AST,d13f9180c413124da1da7bee12a51acbc9564feafb4045ca40b4247cbd5e783d
52b923ef-4974-4fb1-84c3-c9f4c2c916fa,number_format,numeral_or_bit_support,verified_match,996425235.752,996425235.752000,numeric candidate comparison,cf5eb44212762167529eab4e0b55ddf33e8737664a5a061bea4ca089be85ca25
0705e4b2-01c4-4822-8066-f114469d8ebc,circuit_logic,bit_manipulation,unsupported,0,,no local verifier for source,d9b96a0d05f7cbc403656820f25a4add1f38c04e5e5cbedad2e852cac201c5d3
04524f3e-0e69-4db3-a4bb-dd2c03a7d8f7,bitwise_arithmetic,bit_manipulation,verified_match,-0x4271747,-0x4271747,safe integer AST,170eab1ab6c6ed1e81b997ed7addf4ff86a0748df15bbfff255044b33f7c9ee5
bc8f1a99-a16c-45f0-a890-8445883c16e5,binary_alternation,bit_manipulation,verified_match,-1,-1,binary alternation swaps,287dbf2c77a4e31c543fa08543ba0eb2f15de4d81a002e17a293bb51ec7445ef
29d3eb44-8b40-4e15-8d8d-7332c807808c,count_bits,bit_manipulation,verified_match,20,20,binary popcount,90106022c7c531d7ab64abbd6b96ff180dbf8ebd299458091db50c8e0f71674d
535f7226-0551-40e6-ae29-e25b931dc3e0,polynomial_multiplication,equation_transform,unsupported,297*y**4 + 2242*y**3 - 674*y**2 - 1100*y,,no local verifier for source,545c2773d7d290d10201f32c73f86c3470649ca38ddff253235e7c792a2cb1f2
811ab3ee-d387-4fe6-a9e1-fcfb123fb244,bitwise_arithmetic,bit_manipulation,verified_match,0xff82,0xff82,safe integer AST,75d237f27cfadf3caf9300e782b00497ee6028c75fe892e65f89a40f8340f18b
089abe90-a527-4799-aa53-6584806e5b77,simple_equations,equation_transform,verified_match,95,95,linear equation by finite difference,c4ea3606e0c44c86e75c7e468a2d11643b7cd895c460b6f63311e2f83fef1efa
904325b5-24c0-4a9c-9b9c-2a0056b23800,number_format,numeral_or_bit_support,verified_match,361911704.109,361911704.109,numeric candidate comparison,e10e1a8a9cf6db56938d0925d5e9412a1af104c1ec58296deea9cad244ab4cef
f99ba75c-526f-4ff2-865e-7ac38b5151c6,polynomial_multiplication,equation_transform,unsupported,-166464*z**7 + 81498*z**6 + 479298*z**5 - 194106*z**4 - 338430*z**3 + 53580*z**2 + 32736*z + 53568,,no local verifier for source,2b5a6f19fb281b1fb11c1769bd710110e624c5c5053f29ff63ebaeb40ba8d9cd
b0228fe7-8f58-4671-99e5-b51f5e69426d,bitwise_arithmetic,bit_manipulation,verified_match,0x1bfc7,0x1bfc7,safe integer AST,ac1017709cd8bef47d464139f2674c15bfd933b208eb434419308cf0577c5cd3
b7bb2645-881f-43cb-8834-4f01a6bf4961,binary_alternation,bit_manipulation,verified_match,8,8,binary alternation swaps,0395281e860ec326a1cab542f5e8b528aea338e377e2bcf5f1a92066648a7b0e
9a46230a-ba91-4227-b475-f1579ac86c6b,number_format,numeral_or_bit_support,verified_match,781219347.067,781219347.067,numeric candidate comparison,e6e930b04c5e48ec11c51e97e6306c3c2583a6f4434f0c5f3d9b7d48ba2a3f83
88317d38-201c-4029-83f0-646475c2c23f,circuit_logic,bit_manipulation,unsupported,1,,no local verifier for source,7a52e70c7eda47afba7de1c43ec302f8b8ea07c9bea52ab300070fb50a7a033b
10c2f03d-fc6a-4e59-8f2e-b770f832e719,simple_equations,equation_transform,verified_match,76,76,linear equation by finite difference,ff85b4d55f09308a160679259406427c9e876ea50cdb6ab917c8f649e08814d2
7c30b20b-a66b-417f-85fa-7b132c3489df,number_format,numeral_or_bit_support,verified_match,229900081.593,229900081.593000,numeric candidate comparison,c582c1ce2310479d04a4fcf64dce41aeec8438d0b4dd9fbde1cf535c6342dc64
8b2e1c64-9a1a-41df-8f4d-8d87dd9c5ba9,binary_alternation,bit_manipulation,verified_match,-1,-1,binary alternation swaps,ebce434617af61f2ce3e3fe8dca0c28ea2f133273e5b37993b4070c137608acd
b2aaed9a-7450-4e39-9813-d775136e78aa,cryptarithm,equation_transform,verified_match,"F=6,H=9,L=0,N=1,Q=3,U=5,W=2","F=6,H=9,L=0,N=1,Q=3,U=5,W=2",provided mapping verifier,1110b659416349e5a3b942e209b037178c1bfa387d7204d0f06d2c9f5afd7f92
5a96c712-a3a8-4d3c-b8ab-4d431d40c752,number_format,numeral_or_bit_support,verified_match,904010195.987,904010195.987,numeric candidate comparison,fd94a2e3e3f79f7b0aebac87fa5d682171cf013677ba693813c35e184a58474b
b6697260-0d84-40c3-9ecc-bb324f7f4896,cryptarithm,equation_transform,verified_match,"I=4,O=3,P=2,Q=1,R=8,X=9","I=4,O=3,P=2,Q=1,R=8,X=9",provided mapping verifier,8f92f85dce3268102bb3b8b997011c969d8bab349adfde2ba819378da9d956cb
ee25bee5-d83d-4950-a935-4dfd83447336,count_bits,bit_manipulation,verified_match,11,11,binary popcount,7f8c1bfd602bf562ff88c034ae71e4d3378b37f0fdb88effabff848c94542f87
06e52c0b-a562-4885-867f-d594f347032b,binary_alternation,bit_manipulation,verified_match,5,5,binary alternation swaps,3d9728145f1b078024cd1a77b4f7fd7f8df033179db0f8325ab3f0f3f295f7a6
0f110a50-b3c4-4d79-8a29-f32cd7be44db,bitwise_arithmetic,bit_manipulation,verified_match,0x4744,0x4744,safe integer AST,f489418ebe4ed123528799faf8d175f5c8dbb3b2cce21df93d6e920a48736cb3
aa8b6f0e-1426-41a0-8876-afd1f1b14704,simple_equations,equation_transform,verified_match,9,9,linear equation by finite difference,44941abdd2a6d6c1fe6037781bcf41fb0eb07b11814963d755e4bd06e8ebde85
90ab9536-105b-4188-afe2-571fcc83e5c1,base_conversion,numeral_or_bit_support,verified_match,35b,35b,base conversion parser,5a38309d02e71badfaec203437477c23ebac095d1603b1f9f2f2b66a507c0d11
827e8ffe-3b09-4dee-90a3-269a76d7c2c2,number_format,numeral_or_bit_support,verified_match,666963718.413,666963718.413,numeric candidate comparison,063dc7dec37a129b57c8589340cd262c14e38940fc9a65ced630a5a8fbcadbe8
0abd08b7-4f90-43c7-934c-5d86dba1bed6,polynomial_multiplication,equation_transform,unsupported,76626*x**8 + 62694*x**7 - 177858*x**6 - 303639*x**5 - 609242*x**4 + 223821*x**3 + 81373*x**2 + 508209,,no local verifier for source,d82f2d20ff377d880433a8dd4b59f0a6a74180c4c105fcd4f9e634925887d698
98a2a6c2-dc3e-4c7a-992e-47d78699d904,polynomial_multiplication,equation_transform,unsupported,-874575*z**3 + 1341015*z**2 - 1127230,,no local verifier for source,2d2753c0a94973953088a26f04dabb794783f2a66fbd29d0bc8d3a346976079d
dc6bfe5e-16da-4d81-804e-b3ced4fdfce2,cryptarithm,equation_transform,verified_match,"B=0,E=2,F=6,G=7,M=9,Q=8,W=4,X=1","B=0,E=2,F=6,G=7,M=9,Q=8,W=4,X=1",provided mapping verifier,89af553b9334985602573045ea03fae554d32c98e23285867715204f1b133c1e
cb028449-0dd9-4011-9fdb-a53d677fc3ef,bitwise_arithmetic,bit_manipulation,verified_match,0x1da9,0x1da9,safe integer AST,7abbffe2c74dc0b70e8dfa5f182aeedd3a190fa8012514469e84366fe4c3809b
9711defe-f07a-494b-bc0b-524883343cc3,count_bits,bit_manipulation,verified_match,14,14,binary popcount,a22df10d0809002dff0a2cca766ed3db839eb8df72ab58f8e95b835bbb22417a
0a45a6a4-84d6-4080-94f9-f5a0734175bb,cryptarithm,equation_transform,verified_match,"C=8,F=2,I=5,L=9,N=3,O=7,Y=6","C=8,F=2,I=5,L=9,N=3,O=7,Y=6",provided mapping verifier,42af84e0f358ee853bcda5844aba4b04b8d27377fa68b719be9896f7e21f6d70
a966e220-2b78-4bfd-a749-aad4ff276b04,polynomial_multiplication,equation_transform,unsupported,-426020*z**9 + 1491070*z**8 + 1091930*z**7 - 3076220*z**6 - 760760*z**5 + 1124550*z**4 + 160650*z**3,,no local verifier for source,cde4867bc6d709899aabbde5ff23cc408508795cf95f9b22016ebc8f300d3a72
6518bda2-da90-4b39-a009-5e1fae978c94,number_format,numeral_or_bit_support,verified_match,514167912.735,514167912.735,numeric candidate comparison,92c0f380b77aef087c23b0e8cec8724183a9bdd37f4d9410029858aa3dc761a3
8908753c-3926-492e-8ab3-ca20c11126f5,base_conversion,numeral_or_bit_support,verified_match,274,274,base conversion parser,2524d7ef6319b3cc2316729a85768b6077cc9a0d2054efdad8113e8a326554b7
6c1d87fe-6af6-4247-8ada-b744bc42ebc9,cryptarithm,equation_transform,verified_match,"A=6,B=0,D=7,E=2,H=3,J=8,M=1,P=9,U=4,X=5","A=6,B=0,D=7,E=2,H=3,J=8,M=1,P=9,U=4,X=5",provided mapping verifier,94f7a51274c748050812ab7a2b025b1cc3bc6e68e490ca4fc606f320d5ccdde8
0e5464d5-c66f-4cf6-8f73-3ce8d391498c,polynomial_multiplication,equation_transform,unsupported,-128466*y**8 - 238680*y**7 + 148824*y**6 + 107928*y**5 - 333126*y**4 + 483120*y**3 + 736560*y**2,,no local verifier for source,4b263b97ca8074dd88f2be97cb10a6fcf94099878ed5437ba260c504ac62792c
eae8a68e-60c7-494f-9ec8-933dd4f1ed66,cryptarithm,equation_transform,verified_match,"D=4,I=5,J=6,N=3,U=8,V=2","D=4,I=5,J=6,N=3,U=8,V=2",provided mapping verifier,e4ad63affaed2eb31069c0f14b3a01a07cc34778e91d9f32d8ee306e2c068d8b
4fc18410-449b-45e8-86a0-b0d5fe13a4eb,cryptarithm,equation_transform,verified_match,"F=3,G=7,J=1,K=4,L=6,T=8,X=9,Y=5","F=3,G=7,J=1,K=4,L=6,T=8,X=9,Y=5",provided mapping verifier,4259e0e8a61dec41809284101a8b27c07e460a1af603a664057b7ed95656d3c8
c1698c31-ca91-4fb5-973c-bb78043f810b,polynomial_multiplication,equation_transform,unsupported,920*y**6 + 1520*y**5 - 1610*y**4 - 2660*y**3,,no local verifier for source,1d50a832542001a51ea27d14a72be9442b118d45e94f1f09b621a7cec509942e
dd968647-463f-4fba-815f-440cd6e80a32,count_bits,bit_manipulation,verified_match,12,12,binary popcount,e115060218d5b9410051849c39ce0fcf36e5ce3703d19abbd99549779d5d0113
c948a721-348f-4135-a7c9-ab6e37fc3dbb,count_bits,bit_manipulation,verified_match,16,16,binary popcount,a7b608f58fecf386e8e2f3c54f5832d8e4ad20c92ae645f635016ed7e2bc5cda
ae6a0307-3d83-4fdb-8fd9-ccea9aa8a47e,base_conversion,numeral_or_bit_support,verified_match,174,174,base conversion parser,a0a67aaf5ec06393e337d615b47da3617c96b9601bd829b4176fd54aa5b6bd88
2316b321-b32b-44c0-9012-b9139b7a6edc,binary_alternation,bit_manipulation,verified_match,6,6,binary alternation swaps,ef17f3726e3dc28abeb67a62462d5e0e2516d9b3834757174cccf87392ea9742
f48b0dfd-e52e-4317-b56d-5a76e24436c2,count_bits,bit_manipulation,verified_match,19,19,binary popcount,6585e5f2c162a88f2fb8e4dd0001c6f3b87cd43a533388e9f8cc7e8087f9b2b7
e480aa6e-6317-4029-a726-9dc6d40674fe,count_bits,bit_manipulation,verified_match,16,16,binary popcount,7468eaf45e44290e03a301ae116f5659fad1f0e657cdf4ad5fb9884099544854
d65b9330-ffe0-499d-9f97-dd69dbcf4a7b,circuit_logic,bit_manipulation,unsupported,0,,no local verifier for source,108f82df515818a8ba6ad254bea8a8f622d61dbd71f358a516823cfa0244a7a3
fb67c337-7342-43af-8bd4-40d7d95bb4fd,binary_alternation,bit_manipulation,verified_match,9,9,binary alternation swaps,edd2274f1061f8540f18a807461d140f429768bd81d7c6070ebc91f1532cd46e
deda05af-69a8-4aa8-a1c8-af2286443e63,bitwise_arithmetic,bit_manipulation,verified_match,0x1d8bf362,0x1d8bf362,safe integer AST,538e17f8e6c04f6a8b2b83b49f11c1a99610f3db9119920891f6d14a578fa1f1
9ee15470-b1df-45a9-9c7f-d88db6da529b,binary_alternation,bit_manipulation,verified_match,-1,-1,binary alternation swaps,86685caa8aa42d5efa6c6aa7d2badfc45f4f106dffec528a471424263e013556
374be28b-75e2-448d-8053-d1a0d9d98a4a,cryptarithm,equation_transform,verified_match,"A=2,B=5,H=7,L=9,N=1,Q=0,S=3,T=6","A=2,B=5,H=7,L=9,N=1,Q=0,S=3,T=6",provided mapping verifier,4647cbda7cd1a6eaeb3c679b742b344559cd59f187a68a5895a2f561c9384f3c
02b8287e-217c-4a37-acc0-a2ba6525ab09,polynomial_multiplication,equation_transform,unsupported,-3885*x**4 + 3663*x**3 - 2450*x**2 + 2310*x,,no local verifier for source,ab3a1c250e8d896a38c2d8553d759eb587a152d9eafd85864d6dd7511a894ed2
fec08940-966a-42a8-adff-d70e04e28558,count_bits,bit_manipulation,verified_match,20,20,binary popcount,e2360ca095bff29b53a68880870f0af2c876a6e84bff2957abba677378690221
a806d059-ca77-4a22-9736-bfd61c7d1bcb,circuit_logic,bit_manipulation,unsupported,0,,no local verifier for source,e9de11299e337b9ece21095ac77b19793dfe7e259942dee7646dcf1f8343c2e8
37ed5efb-b051-4614-b05e-b7ab8e87ce8d,bitwise_arithmetic,bit_manipulation,verified_match,-0x1a604a28,-0x1a604a28,safe integer AST,41bac2fa6db5da73072a889aebc7432ee0244567a8ee037d295e9d32e9eba431
c10546c6-8fb0-4067-8dd9-8043f31245da,polynomial_multiplication,equation_transform,unsupported,-940*y**6 - 1974*y**5 + 3564*y**4 + 1808*y**3 + 2355*y**2 - 5148*y,,no local verifier for source,39ea2badd564c6dbc284462032c272e1fa4b8b13571df6d9acf72b9524cd64dc
f1bad105-8982-4a4c-b784-1545a82cf4f6,simple_equations,equation_transform,verified_match,93,93,linear equation by finite difference,e36dff69fdbd335f4638ddfd9951b83292bfdb6b3805ca78c79b35440d377112
94b36c5d-9ac8-4798-9fd3-920053a9d6e3,circuit_logic,bit_manipulation,unsupported,0,,no local verifier for source,1f90b74de2d45162de66f52b9f8409ce73fd6618bcf0e23e3c7fda0bdc3ce26b
eda58ce4-47d8-4e6c-8c99-1ddd6e9a83c9,simple_equations,equation_transform,verified_match,97,97,linear equation by finite difference,b770e292283767d373181285219441329c8f876f58003b017e46c15a7b01d167
5dc67279-dd03-4a7f-a2db-59d7500b25fd,cryptarithm,equation_transform,verified_match,"B=4,J=8,K=9,L=1,R=3,U=0,Y=6","B=4,J=8,K=9,L=1,R=3,U=0,Y=6",provided mapping verifier,4d8bddf66f535df450147f0b6193da86a9f522a566792d159d9daa8256f04abf
8d96dfad-bda9-466f-bf13-bd58a150e833,cryptarithm,equation_transform,verified_match,"D=1,G=4,M=8,R=0,S=7,T=2,Z=5","D=1,G=4,M=8,R=0,S=7,T=2,Z=5",provided mapping verifier,49dbc7d3dc88ec6d6ca8cda91044c9715d1f63e6960477baa4b5875fdddea7a4
fd1673e4-6086-4c55-a4f2-31f9458a04b8,cryptarithm,equation_transform,verified_match,"A=0,G=5,H=6,J=8,P=2,R=7,T=1","A=0,G=5,H=6,J=8,P=2,R=7,T=1",provided mapping verifier,2cb960a95da869c9c6d0989f02c04ec66db38fff179856cc3de254198532621d
87872cff-ceeb-47e3-ad07-f44f7d64635d,simple_equations,equation_transform,verified_match,93,93,linear equation by finite difference,8530e2470d64d733ca2955085f8470b2b59506acc8bca6a89c782d83ce3dcdf2
c4de5a7b-aceb-4e05-aca3-9c1e9acd7edc,number_format,numeral_or_bit_support,verified_match,884096317.02,884096317.02,numeric candidate comparison,6f5a3d87771de55d8120eb3eeedd78873df3dd2194b210012396c393f0721f2d
83e63eee-2757-4fdb-b051-f5ad3552935d,number_format,numeral_or_bit_support,verified_match,683316931.9519999,683316931.952000,numeric candidate comparison,967d93f98f05648b687e3c406f29fd4906fc466206059b07b79c05bf4d7ab91f
72c2493b-f5d1-4489-a684-63ee5eaa17fe,polynomial_multiplication,equation_transform,unsupported,8954*y**5 - 6052*y**3 + 1008*y,,no local verifier for source,8b644c7ad0c3562ba78f8b6ebff99531b68a1522fceba92302c52175c2dc66b6
59be6603-46ab-400f-a863-b88098b1aea2,count_bits,bit_manipulation,verified_match,13,13,binary popcount,c26150f02372977207194f49cce46b03a9a675e686620d2001fd6a0e1511558e
69c2dc45-4ac0-43a3-857b-758fc7da9f61,cryptarithm,equation_transform,verified_match,"B=6,F=9,K=1,M=2,O=8,Q=3,S=5,T=7","B=6,F=9,K=1,M=2,O=8,Q=3,S=5,T=7",provided mapping verifier,630cadcb111d5846dbe59d88b25301d720ac54cbf3cc7342acdacb907b959d3e
de9d3e7f-4287-4e34-b211-56230fa2012e,simple_equations,equation_transform,verified_match,20,20,linear equation by finite difference,5a6f7ac95e3dfb1c3a838c4ba5217e0aca66a900f6fddceeb70af8703eb22d76
a76a1650-cb28-4616-aab5-5391758a9389,number_format,numeral_or_bit_support,verified_match,257147828.29500002,257147828.295,numeric candidate comparison,310559f7e1715ad079cdf8316d062b2971ab450d3bb091713df0502c754c8e07
76f0e207-3277-430d-846f-9f1836f77891,number_format,numeral_or_bit_support,verified_match,332800956.946,332800956.946,numeric candidate comparison,5fba6f656c46e81d0ecfe852fa82d134947578660f330488369f55d3d191707a
1662b923-b808-4e47-98ab-02c5d8208799,bitwise_arithmetic,bit_manipulation,verified_match,0x954e0,0x954e0,safe integer AST,bde5c05a40e52393cf04a389b2cc5c86ea1b74d9814ab06cb58df22cdd4eddc5
a95fe47a-a341-44b1-a79e-d0fbb387216d,count_bits,bit_manipulation,verified_match,11,11,binary popcount,c3adbe6324c1fe9b1198bccf1aaccd0a14ae6413d321aefcf1b32d7d3625f836
8fc4a7d8-641e-49c1-8ac4-9be1c5534a47,binary_alternation,bit_manipulation,verified_match,3,3,binary alternation swaps,ff13b94dd114948b7afe77124ddd0b660740d0dda47ea085191e27a15579206c
41811331-9652-4f1d-96fc-533077fdce9d,number_format,numeral_or_bit_support,verified_match,551064327.189,551064327.189000,numeric candidate comparison,f496f6fddf2493686921f5776ea9377b9c885f5171703a4b9c824e2756695e99
c0abce0a-444e-4085-ad88-c88338d7f06f,base_conversion,numeral_or_bit_support,verified_match,1178,1178,base conversion parser,bff4cd4558e4f99f4cd6c39eba5d84a2ea6626be232e70afc79ad68d9df68deb
3e581384-3189-4220-9d41-15b2ac024845,polynomial_multiplication,equation_transform,unsupported,14100*z**8 + 60*z**7 - 47280*z**6 - 121308*z**5 + 222300*z**4 + 97008*z**3 - 154800*z**2,,no local verifier for source,60740bee54f670bc975786b3d934b5b159eecf46e060f81ea27a59e715764db0
4cba512e-9f7c-45ac-aea3-85eee0dbceab,simple_equations,equation_transform,verified_match,52,52,linear equation by finite difference,41fc235b587ca8324b1aca3b41ad1cb9e18eae34a9725b4b00ff80590cf718c4
fe179dca-60fa-41ce-99dc-bb53434e5220,circuit_logic,bit_manipulation,unsupported,0,,no local verifier for source,52a994fd29cd898f4e038295cd754a912e0eecfc3750e7fc07817f379fc0fd35
49a53097-62c7-4a48-be67-95a98dadd018,binary_alternation,bit_manipulation,verified_match,6,6,binary alternation swaps,3d660fd415a78517856a948282b211123b21dd77ed5f2c751133f00ebd7e03f7
dfb3b259-b9ff-434f-af5a-e891c5913f62,circuit_logic,bit_manipulation,unsupported,0,,no local verifier for source,1353a16865bc1347552235daefc5a1daec639de9eb13c63ed7b411647ae7ad9d
7fc2d290-f3e8-44f6-b361-0d8bc10523f5,simple_equations,equation_transform,verified_match,25,25,linear equation by finite difference,e8cae683cf43427a7b400f2521b91e2236be281c9ba3766cab2ddf6a36ce4023
3720eb96-5493-430f-93c2-71de84dad6ca,polynomial_multiplication,equation_transform,unsupported,2610*y**5 + 8380*y**4 - 5990*y**3 - 14270*y**2 + 1500*y + 4650,,no local verifier for source,22cb61cc8c0adae2d9d4a3a6a9dabfd3b2b6d68a4df1e21f771eb39f1b9b4679
424347d0-c922-4112-821e-32c1eb17528a,binary_alternation,bit_manipulation,verified_match,6,6,binary alternation swaps,8693d944aae94e681a1143dd95b0f8d220334e5ea9938c1abf41dfad2b2d102d
7ef73e60-23ec-4f65-852d-2ab46506d4c4,polynomial_multiplication,equation_transform,unsupported,-112800*x**7 + 317344*x**6 + 361620*x**5 + 958372*x**4 + 1445340*x**3 + 515788*x**2,,no local verifier for source,8fd96077beef639d23fe8357da1b5587857e3667c8a0ca3ba9054c5ed86162d5
5b622d8d-1090-4f7b-8f1e-a135c7447133,bitwise_arithmetic,bit_manipulation,verified_match,-0x31fe,-0x31fe,safe integer AST,97195ce63b27c1c2582171ea271f570a40e4fc7ce21aa5ccfc184d3d8e7324c1
e3c31931-b76b-4d25-8701-6b72237d0767,base_conversion,numeral_or_bit_support,error,16f,,ValueError('base conversion pattern not found'),d6b3cbb72439427b25b8517acd841add21a6b3a00b755c2b0fdc300159890b83
0577edb7-9c58-4c15-8470-4b3dcce5fbdb,bitwise_arithmetic,bit_manipulation,verified_match,0x38b,0x38b,safe integer AST,fda74a7a3d13b801eb76f239e2468053f27508a4a79d735777ef1c4b4b2c9364
100d361b-a517-41ea-95fb-50064d3228f2,number_format,numeral_or_bit_support,verified_match,587860705.746,587860705.746000,numeric candidate comparison,c81347582d023c19189da5213f09f51cf507ab881996ad6416f9ee19f988c145
62313f29-abc3-4649-b5e3-e6d281f830e7,circuit_logic,bit_manipulation,unsupported,0,,no local verifier for source,53e4345299ed8a57b0d68510dad928d04922f6b9cbb29e56d4d5ddbdcaea3ec0
215a8fed-4167-41d8-936a-05362f9edf04,simple_equations,equation_transform,verified_match,72,72,linear equation by finite difference,f4047e050bb8d54dec77c2c84595a24f0f8898a47008629d3ab3adfd55d81c3a
0e4a3e81-ed4b-47ca-8d67-b3402b22f9c4,number_format,numeral_or_bit_support,verified_match,719824693.706,719824693.706000,numeric candidate comparison,7192a5d00692f18ca20f69da71cc954386768551f5c8602f32e07b1660f2f6a9
6ce854e2-00d0-4b3f-8c70-701facde76da,bitwise_arithmetic,bit_manipulation,verified_match,-0x2093,-0x2093,safe integer AST,a7bde2422647ab334fd77619b9564cc283f836131fa805886ff82c8450b1ba00
5902c131-a3e7-4dc9-9b4f-f487e13de816,polynomial_multiplication,equation_transform,unsupported,-438000*z**5 - 28950*z**4 + 444600*z**3,,no local verifier for source,7390d4fca853df22a052580b06f0c61116cf9e021d92f742cf02cb2f6d80f452
2f838460-f16f-4378-aeae-2f1903f89fe2,binary_alternation,bit_manipulation,verified_match,-1,-1,binary alternation swaps,325b34aa0e6052687836084517ad394009040235d8d3ebde8b4016408b140b89
23501915-60e5-4c93-b721-bbae30c0fa58,number_format,numeral_or_bit_support,verified_match,478936589.72999996,478936589.72999996,numeric candidate comparison,1806529a1dbdbc6a79f9fe831a9d47adac92c56c64cbb04848baa6acf4b215c1
c75c207f-71bc-4921-a874-925ddda88f7b,polynomial_multiplication,equation_transform,unsupported,-302400*x**8 - 443520*x**7 + 221760*x**6 + 315000*x**5 + 462000*x**4 - 231000*x**3,,no local verifier for source,99c7a30dfb9c10e2945034d868718098e23fb86a40717b6828ac1161c6c56266
cada03e1-3533-45a0-a39a-d005b33011e3,bitwise_arithmetic,bit_manipulation,verified_match,0x2099b,0x2099b,safe integer AST,846191a24279be64502913b1d33c75ac99441c0974ed64b444680f2966f989ec
dd0a8a72-4b11-4300-91bd-c98a647f7336,binary_alternation,bit_manipulation,verified_match,3,3,binary alternation swaps,87dd82e6fd2ba3f6096fc7969f4f0e75c117875e5e3d668a9ad2111869fd1d76
93837d5e-c4ad-4b29-b80f-8fe59be66e21,bitwise_arithmetic,bit_manipulation,verified_match,0x24c,0x24c,safe integer AST,6f200ed723ead2bcc1d014c96295191b93da3098bb48dfb9ed8ba672fee364e5
998273db-ba30-4ce8-8d29-02729f92058a,number_format,numeral_or_bit_support,verified_match,482151405.08,482151405.08,numeric candidate comparison,54f8100f1e8bf1991cdc65c71c21420e79cccfaac5a7d228ec24cc4de475ecab
e4f4c0cd-bbc8-4039-89b0-bf2585014e51,number_format,numeral_or_bit_support,verified_match,248161883.35300002,248161883.353,numeric candidate comparison,e9ad10f8efa9588f17e62d4adfd1414188352fb5237e8cc5f18cacdf4e63ad13
e3c4b28a-8fd9-4cd4-ae55-bfe0dfd57bc7,number_format,numeral_or_bit_support,verified_match,970730736.8219999,970730736.8219999,numeric candidate comparison,9aa8e345fb0ea973228bc0756402c01c007c448f29b60a07f614a46f6d3c0ae6
bde37062-dde1-4929-88cc-dabc3cebd31f,number_format,numeral_or_bit_support,verified_match,556445377.201,556445377.201,numeric candidate comparison,85a0117f253ac0f9ee120be47eec5a38921a9122abbc4430b65767eb8a1e73ba
780c8b12-df8b-415e-90e1-b67989ce3d3b,simple_equations,equation_transform,verified_match,97,97,linear equation by finite difference,5e31e43b1feca1f4915098b49542e60669ad49a5bc623ffe687d6f9867f35828
54e769e2-e39d-4122-8dec-ae7d710b2884,count_bits,bit_manipulation,verified_match,13,13,binary popcount,d3ae4eecaccb522a8fdc2a06030e546e7aba21af1efbac5ec76df61f47b3a10f
e0624db0-771d-42e7-936f-6bde542623fb,base_conversion,numeral_or_bit_support,verified_match,32a,32a,base conversion parser,7e5167a37fa49c10ce58b5ac60eac8f76a5921c6f69e1aa1549f3299b8e83593
278352ec-24e1-4039-8357-eca208319418,circuit_logic,bit_manipulation,unsupported,1,,no local verifier for source,acb9a2e475dc791a63fbb185fe23425a5b181afd77bc45750722a438229677e4
c6ae6949-5d3a-4d2f-a92b-5f385d9544b9,circuit_logic,bit_manipulation,unsupported,1,,no local verifier for source,cb5e9314a16650cdd75872167b895c739e4fa0ab53420fedb54d032c0726d70b
eefa3226-2845-4ed3-ac13-a3cf85f5cfae,simple_equations,equation_transform,verified_match,67,67,linear equation by finite difference,352f92db2ff04d7acafe0adbb7ae3cb67b34ec84c3d5795ba77d7248c6f7015d
0f9a183d-37e0-4143-9a8c-fed4bd8ddf38,number_format,numeral_or_bit_support,verified_match,778466263.976,778466263.976000,numeric candidate comparison,c1baa16184fee23a13660bc539c7aca289533238de6bcc9701eea5685adfbacf
d327db20-6584-4f09-89d1-595f5ebc7a11,binary_alternation,bit_manipulation,verified_match,5,5,binary alternation swaps,4e5ade2c4f28d5dd64eed2605fe8646cb3175c3d4a386a43029101723035e005
9b3224e9-9a6d-4cc3-98ec-47dcd60f1cbf,polynomial_multiplication,equation_transform,unsupported,-901*x**5 - 4187*x**4 + 1885*x**3 - 3555*x**2 + 2250*x,,no local verifier for source,8b7d107c859ec47322a216aa371b798f2306935093cae5f996c19721aea65d65
ae08f424-0a67-40c7-8d9a-64a4c71776ef,count_bits,bit_manipulation,verified_match,16,16,binary popcount,ff26ab3e14a2101522d03e64b0da4cb71b1053191199cad439f5816d7d1e9f2d
5a2c3302-e432-449e-b61d-c35005717f15,bitwise_arithmetic,bit_manipulation,verified_match,0x39e9a,0x39e9a,safe integer AST,133ac7db11d26084a8aeaa220715f208cb4ef9a9aaf579ed1a1020c3dbc0481f
e2ba84b1-11cf-4881-8fe9-2f995043971a,number_format,numeral_or_bit_support,verified_match,245073467.308,245073467.308,numeric candidate comparison,e7f4fd4d008d44db357f13d16fc616734f78960c58b7c4bc776a66a417226f24
5343e37c-1d7d-48ee-aaa0-69bf61ba6c7e,cryptarithm,equation_transform,verified_match,"A=0,D=8,H=4,M=1,N=3,O=7,S=2,V=9","A=0,D=8,H=4,M=1,N=3,O=7,S=2,V=9",provided mapping verifier,b4da4b6b6232df1b226429198c2a6248659e4194fc39e7a269d6587d034411b4
eb3ce5af-5164-42fc-bbc4-143c9eeb9de0,number_format,numeral_or_bit_support,verified_match,921845979.2759999,921845979.2759999,numeric candidate comparison,0ecb82beef9411a16e7aac88e56f6efab01e28c1e645ff977069ccb6d8749a2a
a02f3e59-023e-4f5b-a9cc-c82f9582a9ec,polynomial_multiplication,equation_transform,unsupported,-64680*y**7 + 314270*y**6 - 171892*y**5 + 4403*y**4 - 23218*y**3 - 83692*y**2 + 64904*y,,no local verifier for source,12b2c66ff50d0679c01dd1203836d5005ed60adf95b15a51f544eb8218d5bed4
6a8bd362-436c-4a18-8a50-7e04c6e0e7c3,count_bits,bit_manipulation,verified_match,19,19,binary popcount,7e44726316ad19f089566b6c50a385cfc99f2f82ba9216e70ee4724e036e74c7
ac293f5a-c214-484c-80e9-0e5cd0b752d3,simple_equations,equation_transform,verified_match,47,47,linear equation by finite difference,479690b337fdc40b6cf011cb34b88dd35872c6d7deacde5d88b0afdccc437c09
f0370145-b1e7-407e-bab6-b9832c20bebd,count_bits,bit_manipulation,verified_match,14,14,binary popcount,1e2d93a9422bc8071e74e2b9d837987f1c4aa574d185b0f36b454ac473769056
31615866-b6f2-4eee-8804-056fe407cfc5,circuit_logic,bit_manipulation,unsupported,0,,no local verifier for source,f9f881c3369381bbd707096bd59684d537924c7030a162656666bca86f255ccb
7b9f3046-b35a-4f81-9ee0-89818aab87f4,simple_equations,equation_transform,verified_match,34,34,linear equation by finite difference,975e849e48b6ce479ec089e8e81c5b3f235228588eac52322585e368cdf83c36
52e331c7-938e-4aa7-bb45-f21a196da1d1,polynomial_multiplication,equation_transform,unsupported,-160834*z**6 + 709888*z**5 + 149930*z**3 - 661760*z**2,,no local verifier for source,f3c8231797502426bc7e0ff039f6e198d5a40a1d13a39d6ec6188ae1948939f1
8b90cc06-d9b5-477e-96d5-d315aa9f0775,number_format,numeral_or_bit_support,verified_match,405532176.87600005,405532176.87600005,numeric candidate comparison,722270f9131a4fbdda64797309ee33bfc683635636bcea8ca56802686e7637e7
5fdfa3b5-82d8-49ef-9e7d-e28d7af962c5,polynomial_multiplication,equation_transform,unsupported,-67340*x**6 + 31080*x**5,,no local verifier for source,f46742109ca3f498f315d49dd6a1fbde756b36e3eed02efe52e7df27c448761a
cdd96eb8-675e-4e7f-83d0-0195e9110ddc,binary_alternation,bit_manipulation,verified_match,4,4,binary alternation swaps,6d2c0e361dc695297037fbfcff22d7c5f1837b535b859d6c09ef266a1901ab93
f50b792b-f9f0-432e-bd86-97a601df8291,base_conversion,numeral_or_bit_support,verified_match,3a7,3a7,base conversion parser,901c124549a2fa69a3b79a08ff3b6ca5030556ce84027012211faebcee948808
568a9775-4d8b-493c-927f-79f0aacdbd2d,number_format,numeral_or_bit_support,verified_match,536566204.65999997,536566204.660000,numeric candidate comparison,e69d0c0476437a0ad0200e96cdbb8ee95b53c47329ae944fdb007346f51c6ed2
643a37aa-5d58-4747-b227-d61b384f29c0,binary_alternation,bit_manipulation,verified_match,3,3,binary alternation swaps,e045f206946b05df7a29efc2bb6349b0823b733c55cecd0a674c22965485d404
7b14931c-a13b-4422-8b69-f63b549ee569,bitwise_arithmetic,bit_manipulation,verified_match,-0x707b,-0x707b,safe integer AST,11d16af50712325b0d9f56013496f3edbf73c02114f3e9136a493cdfad3d4f9d
1277e735-6fc9-48d6-a627-01f7184f6593,binary_alternation,bit_manipulation,verified_match,-1,-1,binary alternation swaps,ba5dc19bc65519323f2d71d0182bb3ce7185240bd5a1bd610fc2256a5d0f9eb0
ccee3f8b-6f94-4285-8fdb-a457204d1272,binary_alternation,bit_manipulation,verified_match,3,3,binary alternation swaps,a01d2ab47e857ee7f76d64710ca3da915fa151b576ef0b50e562559b6ded3634
bdc7feb4-ea52-430d-9a7f-d55382995104,binary_alternation,bit_manipulation,verified_match,6,6,binary alternation swaps,8ea989f1f18488f64e7784230368aa48f98ef588b747bd7425dbd8d3c0122c95
a5bd2835-265e-4165-b629-997647d1108e,base_conversion,numeral_or_bit_support,verified_match,2b1,2b1,base conversion parser,bd18a891ad452ed78b62a2b92cc9527539dc52e193b52103c6bcec7f2bdd683a
4ca52266-1371-4bb0-bebd-961ee2e13eb6,base_conversion,numeral_or_bit_support,verified_match,20101,20101,base conversion parser,a579897359c30ac6ac67e0337725ebdf996f1521dc31cae39de4f55ca8589928
c5ded986-811f-462b-b213-bab9b930b63b,count_bits,bit_manipulation,verified_match,22,22,binary popcount,f02a0bcd9c4fa5f2c08d17b2146ec06ef15710281d30cfcbe319ec4338129735
