split,path,line,id,family,subcategory,answer,assistant_words,assistant_chars,first_box_word_idx,boxed_count,starts_boxed,target_suffix_ok,exact_box_present,label_free_prediction,label_free_correct,expected_aware_prediction,expected_aware_correct,assistant_non_ascii,prompt_non_ascii,assistant_controls,prompt_controls,loss_weight,issue_codes
train,C:\Users\davis\Workspace\KG1 -NVIDIA\artifacts\v284_official_gate_worktree\artifacts\v673_guarded_equation_bit_transfer_dataset\20260519T190246Z\v673_guarded_equation_bit_transfer_train.jsonl,1,v673_train_eq_00439_919a9d6a6e,equation_transform,equation_numeric_minus_signed,37,54,262,53,1,False,True,True,37,True,37,True,0,0,0,0,1.0,
train,C:\Users\davis\Workspace\KG1 -NVIDIA\artifacts\v284_official_gate_worktree\artifacts\v673_guarded_equation_bit_transfer_dataset\20260519T190246Z\v673_guarded_equation_bit_transfer_train.jsonl,2,v673_train_eq_00219_b7b661f65d,equation_transform,equation_numeric_colon_trailing_zero,10,51,260,50,1,False,True,True,10,True,10,True,0,0,0,0,1.0,
train,C:\Users\davis\Workspace\KG1 -NVIDIA\artifacts\v284_official_gate_worktree\artifacts\v673_guarded_equation_bit_transfer_dataset\20260519T190246Z\v673_guarded_equation_bit_transfer_train.jsonl,3,v673_train_bit_00191_25f7476770,bit_manipulation,bit_exact_global_ternary_replay,10111011,26,233,25,1,False,True,True,10111011,True,10111011,True,0,0,0,0,0.35,
train,C:\Users\davis\Workspace\KG1 -NVIDIA\artifacts\v284_official_gate_worktree\artifacts\v673_guarded_equation_bit_transfer_dataset\20260519T190246Z\v673_guarded_equation_bit_transfer_train.jsonl,4,v673_train_eq_00308_d857c0db41,equation_transform,equation_numeric_minus_signed,-5,54,266,53,1,False,True,True,-5,True,-5,True,0,0,0,0,1.0,
train,C:\Users\davis\Workspace\KG1 -NVIDIA\artifacts\v284_official_gate_worktree\artifacts\v673_guarded_equation_bit_transfer_dataset\20260519T190246Z\v673_guarded_equation_bit_transfer_train.jsonl,5,v673_train_bit_00230_7d58372d81,bit_manipulation,bit_exact_global_ternary_replay,00000111,26,228,25,1,False,True,True,00000111,True,00000111,True,0,0,0,0,0.35,
train,C:\Users\davis\Workspace\KG1 -NVIDIA\artifacts\v284_official_gate_worktree\artifacts\v673_guarded_equation_bit_transfer_dataset\20260519T190246Z\v673_guarded_equation_bit_transfer_train.jsonl,6,v673_train_eq_00326_be2addb861,equation_transform,equation_numeric_minus_signed,-45,54,269,53,1,False,True,True,-45,True,-45,True,0,0,0,0,1.0,
train,C:\Users\davis\Workspace\KG1 -NVIDIA\artifacts\v284_official_gate_worktree\artifacts\v673_guarded_equation_bit_transfer_dataset\20260519T190246Z\v673_guarded_equation_bit_transfer_train.jsonl,7,v673_train_eq_00392_f538958be3,equation_transform,equation_numeric_minus_signed,-10,54,267,53,1,False,True,True,-10,True,-10,True,0,0,0,0,1.0,
train,C:\Users\davis\Workspace\KG1 -NVIDIA\artifacts\v284_official_gate_worktree\artifacts\v673_guarded_equation_bit_transfer_dataset\20260519T190246Z\v673_guarded_equation_bit_transfer_train.jsonl,8,v673_train_eq_00444_301d1d6c11,equation_transform,equation_numeric_minus_signed,-6,54,266,53,1,False,True,True,-6,True,-6,True,0,0,0,0,1.0,
train,C:\Users\davis\Workspace\KG1 -NVIDIA\artifacts\v284_official_gate_worktree\artifacts\v673_guarded_equation_bit_transfer_dataset\20260519T190246Z\v673_guarded_equation_bit_transfer_train.jsonl,9,v673_train_bit_00016_8f366afd6b,bit_manipulation,bit_exact_global_binary_replay,10100001,26,201,25,1,False,True,True,10100001,True,10100001,True,0,0,0,0,0.35,
train,C:\Users\davis\Workspace\KG1 -NVIDIA\artifacts\v284_official_gate_worktree\artifacts\v673_guarded_equation_bit_transfer_dataset\20260519T190246Z\v673_guarded_equation_bit_transfer_train.jsonl,10,v673_train_eq_00070_42e0a23002,equation_transform,equation_numeric_add_direct,147,46,238,45,1,False,True,True,147,True,147,True,0,0,0,0,1.0,
train,C:\Users\davis\Workspace\KG1 -NVIDIA\artifacts\v284_official_gate_worktree\artifacts\v673_guarded_equation_bit_transfer_dataset\20260519T190246Z\v673_guarded_equation_bit_transfer_train.jsonl,11,v673_train_eq_00348_14206f3ed1,equation_transform,equation_numeric_minus_signed,-55,54,267,53,1,False,True,True,-55,True,-55,True,0,0,0,0,1.0,
train,C:\Users\davis\Workspace\KG1 -NVIDIA\artifacts\v284_official_gate_worktree\artifacts\v673_guarded_equation_bit_transfer_dataset\20260519T190246Z\v673_guarded_equation_bit_transfer_train.jsonl,12,v673_train_bit_00149_73095f9abd,bit_manipulation,bit_exact_global_ternary_replay,00011101,26,231,25,1,False,True,True,00011101,True,00011101,True,0,0,0,0,0.35,
train,C:\Users\davis\Workspace\KG1 -NVIDIA\artifacts\v284_official_gate_worktree\artifacts\v673_guarded_equation_bit_transfer_dataset\20260519T190246Z\v673_guarded_equation_bit_transfer_train.jsonl,13,v673_train_bit_00116_501c07f5f7,bit_manipulation,bit_exact_global_ternary_replay,01111001,26,228,25,1,False,True,True,01111001,True,01111001,True,0,0,0,0,0.35,
train,C:\Users\davis\Workspace\KG1 -NVIDIA\artifacts\v284_official_gate_worktree\artifacts\v673_guarded_equation_bit_transfer_dataset\20260519T190246Z\v673_guarded_equation_bit_transfer_train.jsonl,14,v673_train_eq_00067_0073f56827,equation_transform,equation_numeric_add_direct,85,46,235,45,1,False,True,True,85,True,85,True,0,0,0,0,1.0,
train,C:\Users\davis\Workspace\KG1 -NVIDIA\artifacts\v284_official_gate_worktree\artifacts\v673_guarded_equation_bit_transfer_dataset\20260519T190246Z\v673_guarded_equation_bit_transfer_train.jsonl,15,v673_train_eq_00186_9d9cc94929,equation_transform,equation_numeric_colon_trailing_zero,30,51,259,50,1,False,True,True,30,True,30,True,0,0,0,0,1.0,
train,C:\Users\davis\Workspace\KG1 -NVIDIA\artifacts\v284_official_gate_worktree\artifacts\v673_guarded_equation_bit_transfer_dataset\20260519T190246Z\v673_guarded_equation_bit_transfer_train.jsonl,16,v673_train_bit_00039_97f7ad2448,bit_manipulation,bit_exact_global_binary_replay,11010011,26,201,25,1,False,True,True,11010011,True,11010011,True,0,0,0,0,0.35,
train,C:\Users\davis\Workspace\KG1 -NVIDIA\artifacts\v284_official_gate_worktree\artifacts\v673_guarded_equation_bit_transfer_dataset\20260519T190246Z\v673_guarded_equation_bit_transfer_train.jsonl,17,v673_train_eq_00436_5199970ec2,equation_transform,equation_numeric_minus_signed,-8,54,265,53,1,False,True,True,-8,True,-8,True,0,0,0,0,1.0,
train,C:\Users\davis\Workspace\KG1 -NVIDIA\artifacts\v284_official_gate_worktree\artifacts\v673_guarded_equation_bit_transfer_dataset\20260519T190246Z\v673_guarded_equation_bit_transfer_train.jsonl,18,v673_train_eq_00395_7c0be33663,equation_transform,equation_numeric_minus_signed,3,54,258,53,1,False,True,True,3,True,3,True,0,0,0,0,1.0,
train,C:\Users\davis\Workspace\KG1 -NVIDIA\artifacts\v284_official_gate_worktree\artifacts\v673_guarded_equation_bit_transfer_dataset\20260519T190246Z\v673_guarded_equation_bit_transfer_train.jsonl,19,v673_train_eq_00151_8f28e58a2f,equation_transform,equation_numeric_colon_trailing_zero,70,51,259,50,1,False,True,True,70,True,70,True,0,0,0,0,1.0,
train,C:\Users\davis\Workspace\KG1 -NVIDIA\artifacts\v284_official_gate_worktree\artifacts\v673_guarded_equation_bit_transfer_dataset\20260519T190246Z\v673_guarded_equation_bit_transfer_train.jsonl,20,v673_train_eq_00422_8b4a824c2f,equation_transform,equation_numeric_minus_signed,-28,54,268,53,1,False,True,True,-28,True,-28,True,0,0,0,0,1.0,
train,C:\Users\davis\Workspace\KG1 -NVIDIA\artifacts\v284_official_gate_worktree\artifacts\v673_guarded_equation_bit_transfer_dataset\20260519T190246Z\v673_guarded_equation_bit_transfer_train.jsonl,21,v673_train_bit_00231_1a10eeda48,bit_manipulation,bit_exact_global_ternary_replay,00010101,26,231,25,1,False,True,True,00010101,True,00010101,True,0,0,0,0,0.35,
train,C:\Users\davis\Workspace\KG1 -NVIDIA\artifacts\v284_official_gate_worktree\artifacts\v673_guarded_equation_bit_transfer_dataset\20260519T190246Z\v673_guarded_equation_bit_transfer_train.jsonl,22,v673_train_eq_00409_d83e94dd88,equation_transform,equation_numeric_minus_signed,52,54,262,53,1,False,True,True,52,True,52,True,0,0,0,0,1.0,
train,C:\Users\davis\Workspace\KG1 -NVIDIA\artifacts\v284_official_gate_worktree\artifacts\v673_guarded_equation_bit_transfer_dataset\20260519T190246Z\v673_guarded_equation_bit_transfer_train.jsonl,23,v673_train_eq_00354_5191e81f74,equation_transform,equation_numeric_minus_signed,-8,54,267,53,1,False,True,True,-8,True,-8,True,0,0,0,0,1.0,
train,C:\Users\davis\Workspace\KG1 -NVIDIA\artifacts\v284_official_gate_worktree\artifacts\v673_guarded_equation_bit_transfer_dataset\20260519T190246Z\v673_guarded_equation_bit_transfer_train.jsonl,24,v673_train_eq_00092_e87fb2b74c,equation_transform,equation_numeric_add_direct,166,46,239,45,1,False,True,True,166,True,166,True,0,0,0,0,1.0,
train,C:\Users\davis\Workspace\KG1 -NVIDIA\artifacts\v284_official_gate_worktree\artifacts\v673_guarded_equation_bit_transfer_dataset\20260519T190246Z\v673_guarded_equation_bit_transfer_train.jsonl,25,v673_train_bit_00083_6a7fc5c780,bit_manipulation,bit_exact_global_binary_replay,11111110,26,201,25,1,False,True,True,11111110,True,11111110,True,0,0,0,0,0.35,
train,C:\Users\davis\Workspace\KG1 -NVIDIA\artifacts\v284_official_gate_worktree\artifacts\v673_guarded_equation_bit_transfer_dataset\20260519T190246Z\v673_guarded_equation_bit_transfer_train.jsonl,26,v673_train_eq_00327_9d889a5b83,equation_transform,equation_numeric_minus_signed,14,54,262,53,1,False,True,True,14,True,14,True,0,0,0,0,1.0,
train,C:\Users\davis\Workspace\KG1 -NVIDIA\artifacts\v284_official_gate_worktree\artifacts\v673_guarded_equation_bit_transfer_dataset\20260519T190246Z\v673_guarded_equation_bit_transfer_train.jsonl,27,v673_train_eq_00285_0ccf2e75ae,equation_transform,equation_numeric_minus_signed,49,54,261,53,1,False,True,True,49,True,49,True,0,0,0,0,1.0,
train,C:\Users\davis\Workspace\KG1 -NVIDIA\artifacts\v284_official_gate_worktree\artifacts\v673_guarded_equation_bit_transfer_dataset\20260519T190246Z\v673_guarded_equation_bit_transfer_train.jsonl,28,v673_train_bit_00228_1b8dc31923,bit_manipulation,bit_fullbyte_ternary_v366_new,10001111,26,210,25,1,False,True,True,10001111,True,10001111,True,0,0,0,0,0.35,
train,C:\Users\davis\Workspace\KG1 -NVIDIA\artifacts\v284_official_gate_worktree\artifacts\v673_guarded_equation_bit_transfer_dataset\20260519T190246Z\v673_guarded_equation_bit_transfer_train.jsonl,29,v673_train_bit_00108_0634427ef6,bit_manipulation,bit_exact_global_ternary_replay,10111000,26,233,25,1,False,True,True,10111000,True,10111000,True,0,0,0,0,0.35,
train,C:\Users\davis\Workspace\KG1 -NVIDIA\artifacts\v284_official_gate_worktree\artifacts\v673_guarded_equation_bit_transfer_dataset\20260519T190246Z\v673_guarded_equation_bit_transfer_train.jsonl,30,v673_train_eq_00384_b86b4cc1f0,equation_transform,equation_numeric_minus_signed,-19,54,269,53,1,False,True,True,-19,True,-19,True,0,0,0,0,1.0,
train,C:\Users\davis\Workspace\KG1 -NVIDIA\artifacts\v284_official_gate_worktree\artifacts\v673_guarded_equation_bit_transfer_dataset\20260519T190246Z\v673_guarded_equation_bit_transfer_train.jsonl,31,v673_train_eq_00222_4ba3f4def7,equation_transform,equation_numeric_colon_trailing_zero,90,51,260,50,1,False,True,True,90,True,90,True,0,0,0,0,1.0,
train,C:\Users\davis\Workspace\KG1 -NVIDIA\artifacts\v284_official_gate_worktree\artifacts\v673_guarded_equation_bit_transfer_dataset\20260519T190246Z\v673_guarded_equation_bit_transfer_train.jsonl,32,v673_train_eq_00343_48c7a9c6b6,equation_transform,equation_numeric_minus_signed,64,54,259,53,1,False,True,True,64,True,64,True,0,0,0,0,1.0,
train,C:\Users\davis\Workspace\KG1 -NVIDIA\artifacts\v284_official_gate_worktree\artifacts\v673_guarded_equation_bit_transfer_dataset\20260519T190246Z\v673_guarded_equation_bit_transfer_train.jsonl,33,v673_train_bit_00207_ad9ebcb4f6,bit_manipulation,bit_exact_global_binary_replay,10011100,26,203,25,1,False,True,True,10011100,True,10011100,True,0,0,0,0,0.35,
train,C:\Users\davis\Workspace\KG1 -NVIDIA\artifacts\v284_official_gate_worktree\artifacts\v673_guarded_equation_bit_transfer_dataset\20260519T190246Z\v673_guarded_equation_bit_transfer_train.jsonl,34,v673_train_eq_00377_4a38acab17,equation_transform,equation_numeric_minus_signed,41,54,261,53,1,False,True,True,41,True,41,True,0,0,0,0,1.0,
train,C:\Users\davis\Workspace\KG1 -NVIDIA\artifacts\v284_official_gate_worktree\artifacts\v673_guarded_equation_bit_transfer_dataset\20260519T190246Z\v673_guarded_equation_bit_transfer_train.jsonl,35,v673_train_bit_00225_b89d8dbc12,bit_manipulation,bit_exact_global_ternary_replay,00111111,26,228,25,1,False,True,True,00111111,True,00111111,True,0,0,0,0,0.35,
train,C:\Users\davis\Workspace\KG1 -NVIDIA\artifacts\v284_official_gate_worktree\artifacts\v673_guarded_equation_bit_transfer_dataset\20260519T190246Z\v673_guarded_equation_bit_transfer_train.jsonl,36,v673_train_bit_00072_84191ca5c7,bit_manipulation,bit_exact_global_ternary_replay,11111111,26,231,25,1,False,True,True,11111111,True,11111111,True,0,0,0,0,0.35,
train,C:\Users\davis\Workspace\KG1 -NVIDIA\artifacts\v284_official_gate_worktree\artifacts\v673_guarded_equation_bit_transfer_dataset\20260519T190246Z\v673_guarded_equation_bit_transfer_train.jsonl,37,v673_train_eq_00203_3dfaca89c3,equation_transform,equation_numeric_colon_trailing_zero,30,51,259,50,1,False,True,True,30,True,30,True,0,0,0,0,1.0,
train,C:\Users\davis\Workspace\KG1 -NVIDIA\artifacts\v284_official_gate_worktree\artifacts\v673_guarded_equation_bit_transfer_dataset\20260519T190246Z\v673_guarded_equation_bit_transfer_train.jsonl,38,v673_train_eq_00269_ded9ab280d,equation_transform,equation_numeric_minus_signed,59,54,261,53,1,False,True,True,59,True,59,True,0,0,0,0,1.0,
train,C:\Users\davis\Workspace\KG1 -NVIDIA\artifacts\v284_official_gate_worktree\artifacts\v673_guarded_equation_bit_transfer_dataset\20260519T190246Z\v673_guarded_equation_bit_transfer_train.jsonl,39,v673_train_bit_00081_6541efd2a2,bit_manipulation,bit_fullbyte_ternary_v366_new,10000011,26,210,25,1,False,True,True,10000011,True,10000011,True,0,0,0,0,0.35,
train,C:\Users\davis\Workspace\KG1 -NVIDIA\artifacts\v284_official_gate_worktree\artifacts\v673_guarded_equation_bit_transfer_dataset\20260519T190246Z\v673_guarded_equation_bit_transfer_train.jsonl,40,v673_train_eq_00412_8fe09b91a7,equation_transform,equation_numeric_minus_signed,-54,54,269,53,1,False,True,True,-54,True,-54,True,0,0,0,0,1.0,
train,C:\Users\davis\Workspace\KG1 -NVIDIA\artifacts\v284_official_gate_worktree\artifacts\v673_guarded_equation_bit_transfer_dataset\20260519T190246Z\v673_guarded_equation_bit_transfer_train.jsonl,41,v673_train_eq_00272_3bf220f8f7,equation_transform,equation_numeric_minus_signed,-27,54,268,53,1,False,True,True,-27,True,-27,True,0,0,0,0,1.0,
train,C:\Users\davis\Workspace\KG1 -NVIDIA\artifacts\v284_official_gate_worktree\artifacts\v673_guarded_equation_bit_transfer_dataset\20260519T190246Z\v673_guarded_equation_bit_transfer_train.jsonl,42,v673_train_eq_00168_e6ac5e0c29,equation_transform,equation_numeric_colon_trailing_zero,10,51,259,50,1,False,True,True,10,True,10,True,0,0,0,0,1.0,
train,C:\Users\davis\Workspace\KG1 -NVIDIA\artifacts\v284_official_gate_worktree\artifacts\v673_guarded_equation_bit_transfer_dataset\20260519T190246Z\v673_guarded_equation_bit_transfer_train.jsonl,43,v673_train_bit_00202_6dec32f060,bit_manipulation,bit_exact_global_ternary_replay,00000010,26,227,25,1,False,True,True,00000010,True,00000010,True,0,0,0,0,0.35,
train,C:\Users\davis\Workspace\KG1 -NVIDIA\artifacts\v284_official_gate_worktree\artifacts\v673_guarded_equation_bit_transfer_dataset\20260519T190246Z\v673_guarded_equation_bit_transfer_train.jsonl,44,v673_train_bit_00019_61ea12097b,bit_manipulation,bit_exact_global_ternary_replay,10111011,26,228,25,1,False,True,True,10111011,True,10111011,True,0,0,0,0,0.35,
train,C:\Users\davis\Workspace\KG1 -NVIDIA\artifacts\v284_official_gate_worktree\artifacts\v673_guarded_equation_bit_transfer_dataset\20260519T190246Z\v673_guarded_equation_bit_transfer_train.jsonl,45,v673_train_eq_00056_2756b03c92,equation_transform,equation_numeric_add_direct,172,46,236,45,1,False,True,True,172,True,172,True,0,0,0,0,1.0,
train,C:\Users\davis\Workspace\KG1 -NVIDIA\artifacts\v284_official_gate_worktree\artifacts\v673_guarded_equation_bit_transfer_dataset\20260519T190246Z\v673_guarded_equation_bit_transfer_train.jsonl,46,v673_train_eq_00101_dcb2fea1d9,equation_transform,equation_numeric_add_direct,154,46,239,45,1,False,True,True,154,True,154,True,0,0,0,0,1.0,
train,C:\Users\davis\Workspace\KG1 -NVIDIA\artifacts\v284_official_gate_worktree\artifacts\v673_guarded_equation_bit_transfer_dataset\20260519T190246Z\v673_guarded_equation_bit_transfer_train.jsonl,47,v673_train_eq_00303_f123e478f0,equation_transform,equation_numeric_minus_signed,28,54,262,53,1,False,True,True,28,True,28,True,0,0,0,0,1.0,
train,C:\Users\davis\Workspace\KG1 -NVIDIA\artifacts\v284_official_gate_worktree\artifacts\v673_guarded_equation_bit_transfer_dataset\20260519T190246Z\v673_guarded_equation_bit_transfer_train.jsonl,48,v673_train_bit_00217_485965a1a4,bit_manipulation,bit_exact_global_ternary_replay,11110101,26,231,25,1,False,True,True,11110101,True,11110101,True,0,0,0,0,0.35,
train,C:\Users\davis\Workspace\KG1 -NVIDIA\artifacts\v284_official_gate_worktree\artifacts\v673_guarded_equation_bit_transfer_dataset\20260519T190246Z\v673_guarded_equation_bit_transfer_train.jsonl,49,v673_train_eq_00177_5d15486852,equation_transform,equation_numeric_colon_trailing_zero,10,51,260,50,1,False,True,True,10,True,10,True,0,0,0,0,1.0,
train,C:\Users\davis\Workspace\KG1 -NVIDIA\artifacts\v284_official_gate_worktree\artifacts\v673_guarded_equation_bit_transfer_dataset\20260519T190246Z\v673_guarded_equation_bit_transfer_train.jsonl,50,v673_train_eq_00373_061ff7f192,equation_transform,equation_numeric_minus_signed,5,54,259,53,1,False,True,True,5,True,5,True,0,0,0,0,1.0,
train,C:\Users\davis\Workspace\KG1 -NVIDIA\artifacts\v284_official_gate_worktree\artifacts\v673_guarded_equation_bit_transfer_dataset\20260519T190246Z\v673_guarded_equation_bit_transfer_train.jsonl,51,v673_train_eq_00232_c516426f94,equation_transform,equation_numeric_colon_trailing_zero,50,51,260,50,1,False,True,True,50,True,50,True,0,0,0,0,1.0,
train,C:\Users\davis\Workspace\KG1 -NVIDIA\artifacts\v284_official_gate_worktree\artifacts\v673_guarded_equation_bit_transfer_dataset\20260519T190246Z\v673_guarded_equation_bit_transfer_train.jsonl,52,v673_train_bit_00152_ef696b6d00,bit_manipulation,bit_exact_global_binary_replay,11011000,26,203,25,1,False,True,True,11011000,True,11011000,True,0,0,0,0,0.35,
train,C:\Users\davis\Workspace\KG1 -NVIDIA\artifacts\v284_official_gate_worktree\artifacts\v673_guarded_equation_bit_transfer_dataset\20260519T190246Z\v673_guarded_equation_bit_transfer_train.jsonl,53,v673_train_eq_00137_97cdd092a0,equation_transform,equation_numeric_colon_trailing_zero,10,51,259,50,1,False,True,True,10,True,10,True,0,0,0,0,1.0,
train,C:\Users\davis\Workspace\KG1 -NVIDIA\artifacts\v284_official_gate_worktree\artifacts\v673_guarded_equation_bit_transfer_dataset\20260519T190246Z\v673_guarded_equation_bit_transfer_train.jsonl,54,v673_train_eq_00102_0377fd7402,equation_transform,equation_numeric_add_direct,89,46,235,45,1,False,True,True,89,True,89,True,0,0,0,0,1.0,
train,C:\Users\davis\Workspace\KG1 -NVIDIA\artifacts\v284_official_gate_worktree\artifacts\v673_guarded_equation_bit_transfer_dataset\20260519T190246Z\v673_guarded_equation_bit_transfer_train.jsonl,55,v673_train_bit_00006_6b9f737846,bit_manipulation,bit_exact_global_binary_replay,10100001,26,201,25,1,False,True,True,10100001,True,10100001,True,0,0,0,0,0.35,
train,C:\Users\davis\Workspace\KG1 -NVIDIA\artifacts\v284_official_gate_worktree\artifacts\v673_guarded_equation_bit_transfer_dataset\20260519T190246Z\v673_guarded_equation_bit_transfer_train.jsonl,56,v673_train_bit_00215_b573ac93aa,bit_manipulation,bit_exact_global_binary_replay,10100011,26,203,25,1,False,True,True,10100011,True,10100011,True,0,0,0,0,0.35,
train,C:\Users\davis\Workspace\KG1 -NVIDIA\artifacts\v284_official_gate_worktree\artifacts\v673_guarded_equation_bit_transfer_dataset\20260519T190246Z\v673_guarded_equation_bit_transfer_train.jsonl,57,v673_train_bit_00051_9815591cac,bit_manipulation,bit_exact_global_binary_replay,10000000,26,201,25,1,False,True,True,10000000,True,10000000,True,0,0,0,0,0.35,
train,C:\Users\davis\Workspace\KG1 -NVIDIA\artifacts\v284_official_gate_worktree\artifacts\v673_guarded_equation_bit_transfer_dataset\20260519T190246Z\v673_guarded_equation_bit_transfer_train.jsonl,58,v673_train_eq_00249_a810873112,equation_transform,equation_numeric_minus_signed,39,54,262,53,1,False,True,True,39,True,39,True,0,0,0,0,1.0,
train,C:\Users\davis\Workspace\KG1 -NVIDIA\artifacts\v284_official_gate_worktree\artifacts\v673_guarded_equation_bit_transfer_dataset\20260519T190246Z\v673_guarded_equation_bit_transfer_train.jsonl,59,v673_train_eq_00397_23ee7b454d,equation_transform,equation_numeric_minus_signed,13,54,262,53,1,False,True,True,13,True,13,True,0,0,0,0,1.0,
train,C:\Users\davis\Workspace\KG1 -NVIDIA\artifacts\v284_official_gate_worktree\artifacts\v673_guarded_equation_bit_transfer_dataset\20260519T190246Z\v673_guarded_equation_bit_transfer_train.jsonl,60,v673_train_eq_00127_bd617cb8de,equation_transform,equation_numeric_colon_trailing_zero,40,51,259,50,1,False,True,True,40,True,40,True,0,0,0,0,1.0,
train,C:\Users\davis\Workspace\KG1 -NVIDIA\artifacts\v284_official_gate_worktree\artifacts\v673_guarded_equation_bit_transfer_dataset\20260519T190246Z\v673_guarded_equation_bit_transfer_train.jsonl,61,v673_train_bit_00183_ffa05dfa5f,bit_manipulation,bit_fullbyte_ternary_v366_new,00001010,26,208,25,1,False,True,True,00001010,True,00001010,True,0,0,0,0,0.35,
train,C:\Users\davis\Workspace\KG1 -NVIDIA\artifacts\v284_official_gate_worktree\artifacts\v673_guarded_equation_bit_transfer_dataset\20260519T190246Z\v673_guarded_equation_bit_transfer_train.jsonl,62,v673_train_eq_00062_48725e3cd6,equation_transform,equation_numeric_add_direct,110,46,238,45,1,False,True,True,110,True,110,True,0,0,0,0,1.0,
train,C:\Users\davis\Workspace\KG1 -NVIDIA\artifacts\v284_official_gate_worktree\artifacts\v673_guarded_equation_bit_transfer_dataset\20260519T190246Z\v673_guarded_equation_bit_transfer_train.jsonl,63,v673_train_bit_00075_189b1d6d77,bit_manipulation,bit_exact_global_ternary_replay,10011001,26,233,25,1,False,True,True,10011001,True,10011001,True,0,0,0,0,0.35,
train,C:\Users\davis\Workspace\KG1 -NVIDIA\artifacts\v284_official_gate_worktree\artifacts\v673_guarded_equation_bit_transfer_dataset\20260519T190246Z\v673_guarded_equation_bit_transfer_train.jsonl,64,v673_train_bit_00122_0b319cc531,bit_manipulation,bit_fullbyte_ternary_v366_new,10101100,26,208,25,1,False,True,True,10101100,True,10101100,True,0,0,0,0,0.35,
train,C:\Users\davis\Workspace\KG1 -NVIDIA\artifacts\v284_official_gate_worktree\artifacts\v673_guarded_equation_bit_transfer_dataset\20260519T190246Z\v673_guarded_equation_bit_transfer_train.jsonl,65,v673_train_bit_00025_6523b81adb,bit_manipulation,bit_fullbyte_ternary_v366_new,00001110,26,210,25,1,False,True,True,00001110,True,00001110,True,0,0,0,0,0.35,
train,C:\Users\davis\Workspace\KG1 -NVIDIA\artifacts\v284_official_gate_worktree\artifacts\v673_guarded_equation_bit_transfer_dataset\20260519T190246Z\v673_guarded_equation_bit_transfer_train.jsonl,66,v673_train_eq_00044_ab12c4689f,equation_transform,equation_numeric_add_direct,96,46,235,45,1,False,True,True,96,True,96,True,0,0,0,0,1.0,
train,C:\Users\davis\Workspace\KG1 -NVIDIA\artifacts\v284_official_gate_worktree\artifacts\v673_guarded_equation_bit_transfer_dataset\20260519T190246Z\v673_guarded_equation_bit_transfer_train.jsonl,67,v673_train_bit_00100_a8ed16d3f3,bit_manipulation,bit_exact_global_ternary_replay,11100111,26,231,25,1,False,True,True,11100111,True,11100111,True,0,0,0,0,0.35,
train,C:\Users\davis\Workspace\KG1 -NVIDIA\artifacts\v284_official_gate_worktree\artifacts\v673_guarded_equation_bit_transfer_dataset\20260519T190246Z\v673_guarded_equation_bit_transfer_train.jsonl,68,v673_train_eq_00415_a4ccbb5c1a,equation_transform,equation_numeric_minus_signed,19,54,262,53,1,False,True,True,19,True,19,True,0,0,0,0,1.0,
train,C:\Users\davis\Workspace\KG1 -NVIDIA\artifacts\v284_official_gate_worktree\artifacts\v673_guarded_equation_bit_transfer_dataset\20260519T190246Z\v673_guarded_equation_bit_transfer_train.jsonl,69,v673_train_eq_00090_61dcadcf97,equation_transform,equation_numeric_add_direct,98,46,236,45,1,False,True,True,98,True,98,True,0,0,0,0,1.0,
train,C:\Users\davis\Workspace\KG1 -NVIDIA\artifacts\v284_official_gate_worktree\artifacts\v673_guarded_equation_bit_transfer_dataset\20260519T190246Z\v673_guarded_equation_bit_transfer_train.jsonl,70,v673_train_eq_00103_60e582e6b1,equation_transform,equation_numeric_add_direct,107,46,237,45,1,False,True,True,107,True,107,True,0,0,0,0,1.0,
train,C:\Users\davis\Workspace\KG1 -NVIDIA\artifacts\v284_official_gate_worktree\artifacts\v673_guarded_equation_bit_transfer_dataset\20260519T190246Z\v673_guarded_equation_bit_transfer_train.jsonl,71,v673_train_bit_00010_e426b2d052,bit_manipulation,bit_exact_global_ternary_replay,00111011,26,231,25,1,False,True,True,00111011,True,00111011,True,0,0,0,0,0.35,
train,C:\Users\davis\Workspace\KG1 -NVIDIA\artifacts\v284_official_gate_worktree\artifacts\v673_guarded_equation_bit_transfer_dataset\20260519T190246Z\v673_guarded_equation_bit_transfer_train.jsonl,72,v673_train_eq_00086_a55cb42a9b,equation_transform,equation_numeric_add_direct,119,46,236,45,1,False,True,True,119,True,119,True,0,0,0,0,1.0,
train,C:\Users\davis\Workspace\KG1 -NVIDIA\artifacts\v284_official_gate_worktree\artifacts\v673_guarded_equation_bit_transfer_dataset\20260519T190246Z\v673_guarded_equation_bit_transfer_train.jsonl,73,v673_train_eq_00374_1abaecfdeb,equation_transform,equation_numeric_minus_signed,-4,54,265,53,1,False,True,True,-4,True,-4,True,0,0,0,0,1.0,
train,C:\Users\davis\Workspace\KG1 -NVIDIA\artifacts\v284_official_gate_worktree\artifacts\v673_guarded_equation_bit_transfer_dataset\20260519T190246Z\v673_guarded_equation_bit_transfer_train.jsonl,74,v673_train_eq_00129_d3d702cfdd,equation_transform,equation_numeric_colon_trailing_zero,20,51,260,50,1,False,True,True,20,True,20,True,0,0,0,0,1.0,
train,C:\Users\davis\Workspace\KG1 -NVIDIA\artifacts\v284_official_gate_worktree\artifacts\v673_guarded_equation_bit_transfer_dataset\20260519T190246Z\v673_guarded_equation_bit_transfer_train.jsonl,75,v673_train_eq_00466_be6e882bbf,equation_transform,equation_numeric_minus_signed,-17,54,268,53,1,False,True,True,-17,True,-17,True,0,0,0,0,1.0,
train,C:\Users\davis\Workspace\KG1 -NVIDIA\artifacts\v284_official_gate_worktree\artifacts\v673_guarded_equation_bit_transfer_dataset\20260519T190246Z\v673_guarded_equation_bit_transfer_train.jsonl,76,v673_train_eq_00275_4113fd76b3,equation_transform,equation_numeric_minus_signed,68,54,260,53,1,False,True,True,68,True,68,True,0,0,0,0,1.0,
train,C:\Users\davis\Workspace\KG1 -NVIDIA\artifacts\v284_official_gate_worktree\artifacts\v673_guarded_equation_bit_transfer_dataset\20260519T190246Z\v673_guarded_equation_bit_transfer_train.jsonl,77,v673_train_bit_00093_31c7277ca9,bit_manipulation,bit_fullbyte_ternary_v366_new,01110110,26,208,25,1,False,True,True,01110110,True,01110110,True,0,0,0,0,0.35,
train,C:\Users\davis\Workspace\KG1 -NVIDIA\artifacts\v284_official_gate_worktree\artifacts\v673_guarded_equation_bit_transfer_dataset\20260519T190246Z\v673_guarded_equation_bit_transfer_train.jsonl,78,v673_train_eq_00209_e8397efbde,equation_transform,equation_numeric_colon_trailing_zero,50,51,259,50,1,False,True,True,50,True,50,True,0,0,0,0,1.0,
train,C:\Users\davis\Workspace\KG1 -NVIDIA\artifacts\v284_official_gate_worktree\artifacts\v673_guarded_equation_bit_transfer_dataset\20260519T190246Z\v673_guarded_equation_bit_transfer_train.jsonl,79,v673_train_eq_00403_7fd4f22380,equation_transform,equation_numeric_minus_signed,38,54,262,53,1,False,True,True,38,True,38,True,0,0,0,0,1.0,
train,C:\Users\davis\Workspace\KG1 -NVIDIA\artifacts\v284_official_gate_worktree\artifacts\v673_guarded_equation_bit_transfer_dataset\20260519T190246Z\v673_guarded_equation_bit_transfer_train.jsonl,80,v673_train_eq_00398_6e1cfa3c2d,equation_transform,equation_numeric_minus_signed,-8,54,266,53,1,False,True,True,-8,True,-8,True,0,0,0,0,1.0,
train,C:\Users\davis\Workspace\KG1 -NVIDIA\artifacts\v284_official_gate_worktree\artifacts\v673_guarded_equation_bit_transfer_dataset\20260519T190246Z\v673_guarded_equation_bit_transfer_train.jsonl,81,v673_train_eq_00125_8bba82f200,equation_transform,equation_numeric_colon_trailing_zero,40,51,260,50,1,False,True,True,40,True,40,True,0,0,0,0,1.0,
train,C:\Users\davis\Workspace\KG1 -NVIDIA\artifacts\v284_official_gate_worktree\artifacts\v673_guarded_equation_bit_transfer_dataset\20260519T190246Z\v673_guarded_equation_bit_transfer_train.jsonl,82,v673_train_bit_00074_57eca429ae,bit_manipulation,bit_exact_global_ternary_replay,11111111,26,231,25,1,False,True,True,11111111,True,11111111,True,0,0,0,0,0.35,
train,C:\Users\davis\Workspace\KG1 -NVIDIA\artifacts\v284_official_gate_worktree\artifacts\v673_guarded_equation_bit_transfer_dataset\20260519T190246Z\v673_guarded_equation_bit_transfer_train.jsonl,83,v673_train_eq_00229_8026d905f6,equation_transform,equation_numeric_colon_trailing_zero,30,51,260,50,1,False,True,True,30,True,30,True,0,0,0,0,1.0,
train,C:\Users\davis\Workspace\KG1 -NVIDIA\artifacts\v284_official_gate_worktree\artifacts\v673_guarded_equation_bit_transfer_dataset\20260519T190246Z\v673_guarded_equation_bit_transfer_train.jsonl,84,v673_train_eq_00245_160aa97eb8,equation_transform,equation_numeric_minus_signed,27,54,261,53,1,False,True,True,27,True,27,True,0,0,0,0,1.0,
train,C:\Users\davis\Workspace\KG1 -NVIDIA\artifacts\v284_official_gate_worktree\artifacts\v673_guarded_equation_bit_transfer_dataset\20260519T190246Z\v673_guarded_equation_bit_transfer_train.jsonl,85,v673_train_bit_00106_a308cdaf49,bit_manipulation,bit_fullbyte_ternary_v366_new,11001010,26,208,25,1,False,True,True,11001010,True,11001010,True,0,0,0,0,0.35,
train,C:\Users\davis\Workspace\KG1 -NVIDIA\artifacts\v284_official_gate_worktree\artifacts\v673_guarded_equation_bit_transfer_dataset\20260519T190246Z\v673_guarded_equation_bit_transfer_train.jsonl,86,v673_train_bit_00153_0a66659631,bit_manipulation,bit_exact_global_ternary_replay,00011001,26,228,25,1,False,True,True,00011001,True,00011001,True,0,0,0,0,0.35,
train,C:\Users\davis\Workspace\KG1 -NVIDIA\artifacts\v284_official_gate_worktree\artifacts\v673_guarded_equation_bit_transfer_dataset\20260519T190246Z\v673_guarded_equation_bit_transfer_train.jsonl,87,v673_train_eq_00396_31268dbb2c,equation_transform,equation_numeric_minus_signed,-36,54,269,53,1,False,True,True,-36,True,-36,True,0,0,0,0,1.0,
train,C:\Users\davis\Workspace\KG1 -NVIDIA\artifacts\v284_official_gate_worktree\artifacts\v673_guarded_equation_bit_transfer_dataset\20260519T190246Z\v673_guarded_equation_bit_transfer_train.jsonl,88,v673_train_eq_00468_5cf6893e8c,equation_transform,equation_numeric_minus_signed,-15,54,268,53,1,False,True,True,-15,True,-15,True,0,0,0,0,1.0,
train,C:\Users\davis\Workspace\KG1 -NVIDIA\artifacts\v284_official_gate_worktree\artifacts\v673_guarded_equation_bit_transfer_dataset\20260519T190246Z\v673_guarded_equation_bit_transfer_train.jsonl,89,v673_train_eq_00324_d650482f6d,equation_transform,equation_numeric_minus_signed,-74,54,269,53,1,False,True,True,-74,True,-74,True,0,0,0,0,1.0,
train,C:\Users\davis\Workspace\KG1 -NVIDIA\artifacts\v284_official_gate_worktree\artifacts\v673_guarded_equation_bit_transfer_dataset\20260519T190246Z\v673_guarded_equation_bit_transfer_train.jsonl,90,v673_train_eq_00286_07c16c2af0,equation_transform,equation_numeric_minus_signed,-72,54,268,53,1,False,True,True,-72,True,-72,True,0,0,0,0,1.0,
train,C:\Users\davis\Workspace\KG1 -NVIDIA\artifacts\v284_official_gate_worktree\artifacts\v673_guarded_equation_bit_transfer_dataset\20260519T190246Z\v673_guarded_equation_bit_transfer_train.jsonl,91,v673_train_bit_00141_072367f0bb,bit_manipulation,bit_fullbyte_ternary_v366_new,00010000,26,210,25,1,False,True,True,00010000,True,00010000,True,0,0,0,0,0.35,
train,C:\Users\davis\Workspace\KG1 -NVIDIA\artifacts\v284_official_gate_worktree\artifacts\v673_guarded_equation_bit_transfer_dataset\20260519T190246Z\v673_guarded_equation_bit_transfer_train.jsonl,92,v673_train_bit_00040_73afe98e95,bit_manipulation,bit_fullbyte_ternary_v366_new,00010001,26,208,25,1,False,True,True,00010001,True,00010001,True,0,0,0,0,0.35,
train,C:\Users\davis\Workspace\KG1 -NVIDIA\artifacts\v284_official_gate_worktree\artifacts\v673_guarded_equation_bit_transfer_dataset\20260519T190246Z\v673_guarded_equation_bit_transfer_train.jsonl,93,v673_train_eq_00085_b7de220a2d,equation_transform,equation_numeric_add_direct,56,46,235,45,1,False,True,True,56,True,56,True,0,0,0,0,1.0,
train,C:\Users\davis\Workspace\KG1 -NVIDIA\artifacts\v284_official_gate_worktree\artifacts\v673_guarded_equation_bit_transfer_dataset\20260519T190246Z\v673_guarded_equation_bit_transfer_train.jsonl,94,v673_train_bit_00017_91b443fd90,bit_manipulation,bit_exact_global_ternary_replay,00100100,26,228,25,1,False,True,True,00100100,True,00100100,True,0,0,0,0,0.35,
train,C:\Users\davis\Workspace\KG1 -NVIDIA\artifacts\v284_official_gate_worktree\artifacts\v673_guarded_equation_bit_transfer_dataset\20260519T190246Z\v673_guarded_equation_bit_transfer_train.jsonl,95,v673_train_bit_00078_3ccf8095f6,bit_manipulation,bit_fullbyte_ternary_v366_new,00110100,26,208,25,1,False,True,True,00110100,True,00110100,True,0,0,0,0,0.35,
train,C:\Users\davis\Workspace\KG1 -NVIDIA\artifacts\v284_official_gate_worktree\artifacts\v673_guarded_equation_bit_transfer_dataset\20260519T190246Z\v673_guarded_equation_bit_transfer_train.jsonl,96,v673_train_eq_00146_2d19678e6a,equation_transform,equation_numeric_colon_trailing_zero,70,51,260,50,1,False,True,True,70,True,70,True,0,0,0,0,1.0,
train,C:\Users\davis\Workspace\KG1 -NVIDIA\artifacts\v284_official_gate_worktree\artifacts\v673_guarded_equation_bit_transfer_dataset\20260519T190246Z\v673_guarded_equation_bit_transfer_train.jsonl,97,v673_train_eq_00123_c8983924aa,equation_transform,equation_numeric_colon_trailing_zero,10,51,259,50,1,False,True,True,10,True,10,True,0,0,0,0,1.0,
train,C:\Users\davis\Workspace\KG1 -NVIDIA\artifacts\v284_official_gate_worktree\artifacts\v673_guarded_equation_bit_transfer_dataset\20260519T190246Z\v673_guarded_equation_bit_transfer_train.jsonl,98,v673_train_eq_00470_77cf19e26e,equation_transform,equation_numeric_minus_signed,-60,54,267,53,1,False,True,True,-60,True,-60,True,0,0,0,0,1.0,
train,C:\Users\davis\Workspace\KG1 -NVIDIA\artifacts\v284_official_gate_worktree\artifacts\v673_guarded_equation_bit_transfer_dataset\20260519T190246Z\v673_guarded_equation_bit_transfer_train.jsonl,99,v673_train_eq_00078_b352e94ecc,equation_transform,equation_numeric_add_direct,114,46,237,45,1,False,True,True,114,True,114,True,0,0,0,0,1.0,
train,C:\Users\davis\Workspace\KG1 -NVIDIA\artifacts\v284_official_gate_worktree\artifacts\v673_guarded_equation_bit_transfer_dataset\20260519T190246Z\v673_guarded_equation_bit_transfer_train.jsonl,100,v673_train_eq_00365_04c55400ce,equation_transform,equation_numeric_minus_signed,21,54,261,53,1,False,True,True,21,True,21,True,0,0,0,0,1.0,
train,C:\Users\davis\Workspace\KG1 -NVIDIA\artifacts\v284_official_gate_worktree\artifacts\v673_guarded_equation_bit_transfer_dataset\20260519T190246Z\v673_guarded_equation_bit_transfer_train.jsonl,101,v673_train_eq_00479_1dd24990d5,equation_transform,equation_numeric_minus_signed,4,54,259,53,1,False,True,True,4,True,4,True,0,0,0,0,1.0,
train,C:\Users\davis\Workspace\KG1 -NVIDIA\artifacts\v284_official_gate_worktree\artifacts\v673_guarded_equation_bit_transfer_dataset\20260519T190246Z\v673_guarded_equation_bit_transfer_train.jsonl,102,v673_train_eq_00271_2a843686d7,equation_transform,equation_numeric_minus_signed,37,54,261,53,1,False,True,True,37,True,37,True,0,0,0,0,1.0,
train,C:\Users\davis\Workspace\KG1 -NVIDIA\artifacts\v284_official_gate_worktree\artifacts\v673_guarded_equation_bit_transfer_dataset\20260519T190246Z\v673_guarded_equation_bit_transfer_train.jsonl,103,v673_train_eq_00051_60316c2d97,equation_transform,equation_numeric_add_direct,190,46,239,45,1,False,True,True,190,True,190,True,0,0,0,0,1.0,
train,C:\Users\davis\Workspace\KG1 -NVIDIA\artifacts\v284_official_gate_worktree\artifacts\v673_guarded_equation_bit_transfer_dataset\20260519T190246Z\v673_guarded_equation_bit_transfer_train.jsonl,104,v673_train_bit_00236_efb94eefd0,bit_manipulation,bit_exact_global_ternary_replay,00110011,26,231,25,1,False,True,True,00110011,True,00110011,True,0,0,0,0,0.35,
train,C:\Users\davis\Workspace\KG1 -NVIDIA\artifacts\v284_official_gate_worktree\artifacts\v673_guarded_equation_bit_transfer_dataset\20260519T190246Z\v673_guarded_equation_bit_transfer_train.jsonl,105,v673_train_bit_00050_f3ba48ea87,bit_manipulation,bit_fullbyte_ternary_v366_new,00011001,26,208,25,1,False,True,True,00011001,True,00011001,True,0,0,0,0,0.35,
train,C:\Users\davis\Workspace\KG1 -NVIDIA\artifacts\v284_official_gate_worktree\artifacts\v673_guarded_equation_bit_transfer_dataset\20260519T190246Z\v673_guarded_equation_bit_transfer_train.jsonl,106,v673_train_eq_00005_f114be363a,equation_transform,equation_numeric_add_direct,118,46,237,45,1,False,True,True,118,True,118,True,0,0,0,0,1.0,
train,C:\Users\davis\Workspace\KG1 -NVIDIA\artifacts\v284_official_gate_worktree\artifacts\v673_guarded_equation_bit_transfer_dataset\20260519T190246Z\v673_guarded_equation_bit_transfer_train.jsonl,107,v673_train_bit_00170_54bf7aa641,bit_manipulation,bit_fullbyte_ternary_v366_new,00100111,26,208,25,1,False,True,True,00100111,True,00100111,True,0,0,0,0,0.35,
train,C:\Users\davis\Workspace\KG1 -NVIDIA\artifacts\v284_official_gate_worktree\artifacts\v673_guarded_equation_bit_transfer_dataset\20260519T190246Z\v673_guarded_equation_bit_transfer_train.jsonl,108,v673_train_bit_00162_effc095404,bit_manipulation,bit_exact_global_binary_replay,10000100,26,203,25,1,False,True,True,10000100,True,10000100,True,0,0,0,0,0.35,
train,C:\Users\davis\Workspace\KG1 -NVIDIA\artifacts\v284_official_gate_worktree\artifacts\v673_guarded_equation_bit_transfer_dataset\20260519T190246Z\v673_guarded_equation_bit_transfer_train.jsonl,109,v673_train_eq_00451_2d150ef0d2,equation_transform,equation_numeric_minus_signed,75,54,262,53,1,False,True,True,75,True,75,True,0,0,0,0,1.0,
train,C:\Users\davis\Workspace\KG1 -NVIDIA\artifacts\v284_official_gate_worktree\artifacts\v673_guarded_equation_bit_transfer_dataset\20260519T190246Z\v673_guarded_equation_bit_transfer_train.jsonl,110,v673_train_eq_00124_29c06e4779,equation_transform,equation_numeric_colon_trailing_zero,60,51,259,50,1,False,True,True,60,True,60,True,0,0,0,0,1.0,
train,C:\Users\davis\Workspace\KG1 -NVIDIA\artifacts\v284_official_gate_worktree\artifacts\v673_guarded_equation_bit_transfer_dataset\20260519T190246Z\v673_guarded_equation_bit_transfer_train.jsonl,111,v673_train_eq_00405_e1081ecc08,equation_transform,equation_numeric_minus_signed,29,54,262,53,1,False,True,True,29,True,29,True,0,0,0,0,1.0,
train,C:\Users\davis\Workspace\KG1 -NVIDIA\artifacts\v284_official_gate_worktree\artifacts\v673_guarded_equation_bit_transfer_dataset\20260519T190246Z\v673_guarded_equation_bit_transfer_train.jsonl,112,v673_train_eq_00065_02fd365bc8,equation_transform,equation_numeric_add_direct,171,46,237,45,1,False,True,True,171,True,171,True,0,0,0,0,1.0,
train,C:\Users\davis\Workspace\KG1 -NVIDIA\artifacts\v284_official_gate_worktree\artifacts\v673_guarded_equation_bit_transfer_dataset\20260519T190246Z\v673_guarded_equation_bit_transfer_train.jsonl,113,v673_train_eq_00427_c38f8a3f5c,equation_transform,equation_numeric_minus_signed,51,54,260,53,1,False,True,True,51,True,51,True,0,0,0,0,1.0,
train,C:\Users\davis\Workspace\KG1 -NVIDIA\artifacts\v284_official_gate_worktree\artifacts\v673_guarded_equation_bit_transfer_dataset\20260519T190246Z\v673_guarded_equation_bit_transfer_train.jsonl,114,v673_train_eq_00247_ea6309c354,equation_transform,equation_numeric_minus_signed,1,54,258,53,1,False,True,True,1,True,1,True,0,0,0,0,1.0,
train,C:\Users\davis\Workspace\KG1 -NVIDIA\artifacts\v284_official_gate_worktree\artifacts\v673_guarded_equation_bit_transfer_dataset\20260519T190246Z\v673_guarded_equation_bit_transfer_train.jsonl,115,v673_train_eq_00251_7c9ad5ab7b,equation_transform,equation_numeric_minus_signed,32,54,260,53,1,False,True,True,32,True,32,True,0,0,0,0,1.0,
train,C:\Users\davis\Workspace\KG1 -NVIDIA\artifacts\v284_official_gate_worktree\artifacts\v673_guarded_equation_bit_transfer_dataset\20260519T190246Z\v673_guarded_equation_bit_transfer_train.jsonl,116,v673_train_eq_00239_15b5ed20bf,equation_transform,equation_numeric_colon_trailing_zero,20,51,259,50,1,False,True,True,20,True,20,True,0,0,0,0,1.0,
train,C:\Users\davis\Workspace\KG1 -NVIDIA\artifacts\v284_official_gate_worktree\artifacts\v673_guarded_equation_bit_transfer_dataset\20260519T190246Z\v673_guarded_equation_bit_transfer_train.jsonl,117,v673_train_eq_00449_9775ffe27a,equation_transform,equation_numeric_minus_signed,14,54,262,53,1,False,True,True,14,True,14,True,0,0,0,0,1.0,
train,C:\Users\davis\Workspace\KG1 -NVIDIA\artifacts\v284_official_gate_worktree\artifacts\v673_guarded_equation_bit_transfer_dataset\20260519T190246Z\v673_guarded_equation_bit_transfer_train.jsonl,118,v673_train_bit_00138_a016a101ac,bit_manipulation,bit_exact_global_binary_replay,11101101,26,203,25,1,False,True,True,11101101,True,11101101,True,0,0,0,0,0.35,
train,C:\Users\davis\Workspace\KG1 -NVIDIA\artifacts\v284_official_gate_worktree\artifacts\v673_guarded_equation_bit_transfer_dataset\20260519T190246Z\v673_guarded_equation_bit_transfer_train.jsonl,119,v673_train_eq_00181_7477695cf7,equation_transform,equation_numeric_colon_trailing_zero,70,51,260,50,1,False,True,True,70,True,70,True,0,0,0,0,1.0,
train,C:\Users\davis\Workspace\KG1 -NVIDIA\artifacts\v284_official_gate_worktree\artifacts\v673_guarded_equation_bit_transfer_dataset\20260519T190246Z\v673_guarded_equation_bit_transfer_train.jsonl,120,v673_train_bit_00047_2f5a0747fc,bit_manipulation,bit_fullbyte_ternary_v366_new,00010000,26,210,25,1,False,True,True,00010000,True,00010000,True,0,0,0,0,0.35,
train,C:\Users\davis\Workspace\KG1 -NVIDIA\artifacts\v284_official_gate_worktree\artifacts\v673_guarded_equation_bit_transfer_dataset\20260519T190246Z\v673_guarded_equation_bit_transfer_train.jsonl,121,v673_train_eq_00273_0ab6f8bc43,equation_transform,equation_numeric_minus_signed,54,54,261,53,1,False,True,True,54,True,54,True,0,0,0,0,1.0,
train,C:\Users\davis\Workspace\KG1 -NVIDIA\artifacts\v284_official_gate_worktree\artifacts\v673_guarded_equation_bit_transfer_dataset\20260519T190246Z\v673_guarded_equation_bit_transfer_train.jsonl,122,v673_train_bit_00154_1112cd48d9,bit_manipulation,bit_exact_global_ternary_replay,01110110,26,228,25,1,False,True,True,01110110,True,01110110,True,0,0,0,0,0.35,
train,C:\Users\davis\Workspace\KG1 -NVIDIA\artifacts\v284_official_gate_worktree\artifacts\v673_guarded_equation_bit_transfer_dataset\20260519T190246Z\v673_guarded_equation_bit_transfer_train.jsonl,123,v673_train_eq_00364_0a803a2a48,equation_transform,equation_numeric_minus_signed,-24,54,268,53,1,False,True,True,-24,True,-24,True,0,0,0,0,1.0,
train,C:\Users\davis\Workspace\KG1 -NVIDIA\artifacts\v284_official_gate_worktree\artifacts\v673_guarded_equation_bit_transfer_dataset\20260519T190246Z\v673_guarded_equation_bit_transfer_train.jsonl,124,v673_train_eq_00098_aef696916a,equation_transform,equation_numeric_add_direct,150,46,238,45,1,False,True,True,150,True,150,True,0,0,0,0,1.0,
train,C:\Users\davis\Workspace\KG1 -NVIDIA\artifacts\v284_official_gate_worktree\artifacts\v673_guarded_equation_bit_transfer_dataset\20260519T190246Z\v673_guarded_equation_bit_transfer_train.jsonl,125,v673_train_bit_00117_7e1b3cfcd0,bit_manipulation,bit_fullbyte_ternary_v366_new,01111110,26,210,25,1,False,True,True,01111110,True,01111110,True,0,0,0,0,0.35,
train,C:\Users\davis\Workspace\KG1 -NVIDIA\artifacts\v284_official_gate_worktree\artifacts\v673_guarded_equation_bit_transfer_dataset\20260519T190246Z\v673_guarded_equation_bit_transfer_train.jsonl,126,v673_train_bit_00060_15b6d67f86,bit_manipulation,bit_fullbyte_ternary_v366_new,00110000,26,208,25,1,False,True,True,00110000,True,00110000,True,0,0,0,0,0.35,
train,C:\Users\davis\Workspace\KG1 -NVIDIA\artifacts\v284_official_gate_worktree\artifacts\v673_guarded_equation_bit_transfer_dataset\20260519T190246Z\v673_guarded_equation_bit_transfer_train.jsonl,127,v673_train_eq_00296_3e7f4176da,equation_transform,equation_numeric_minus_signed,-13,54,269,53,1,False,True,True,-13,True,-13,True,0,0,0,0,1.0,
train,C:\Users\davis\Workspace\KG1 -NVIDIA\artifacts\v284_official_gate_worktree\artifacts\v673_guarded_equation_bit_transfer_dataset\20260519T190246Z\v673_guarded_equation_bit_transfer_train.jsonl,128,v673_train_eq_00358_08e6e8ac2b,equation_transform,equation_numeric_minus_signed,-27,54,268,53,1,False,True,True,-27,True,-27,True,0,0,0,0,1.0,
train,C:\Users\davis\Workspace\KG1 -NVIDIA\artifacts\v284_official_gate_worktree\artifacts\v673_guarded_equation_bit_transfer_dataset\20260519T190246Z\v673_guarded_equation_bit_transfer_train.jsonl,129,v673_train_eq_00337_980e23e238,equation_transform,equation_numeric_minus_signed,2,54,259,53,1,False,True,True,2,True,2,True,0,0,0,0,1.0,
train,C:\Users\davis\Workspace\KG1 -NVIDIA\artifacts\v284_official_gate_worktree\artifacts\v673_guarded_equation_bit_transfer_dataset\20260519T190246Z\v673_guarded_equation_bit_transfer_train.jsonl,130,v673_train_eq_00147_98f462f408,equation_transform,equation_numeric_colon_trailing_zero,60,51,260,50,1,False,True,True,60,True,60,True,0,0,0,0,1.0,
train,C:\Users\davis\Workspace\KG1 -NVIDIA\artifacts\v284_official_gate_worktree\artifacts\v673_guarded_equation_bit_transfer_dataset\20260519T190246Z\v673_guarded_equation_bit_transfer_train.jsonl,131,v673_train_eq_00163_ef3eccecea,equation_transform,equation_numeric_colon_trailing_zero,10,51,260,50,1,False,True,True,10,True,10,True,0,0,0,0,1.0,
train,C:\Users\davis\Workspace\KG1 -NVIDIA\artifacts\v284_official_gate_worktree\artifacts\v673_guarded_equation_bit_transfer_dataset\20260519T190246Z\v673_guarded_equation_bit_transfer_train.jsonl,132,v673_train_bit_00200_49efbf4c9c,bit_manipulation,bit_exact_global_ternary_replay,11000111,26,228,25,1,False,True,True,11000111,True,11000111,True,0,0,0,0,0.35,
train,C:\Users\davis\Workspace\KG1 -NVIDIA\artifacts\v284_official_gate_worktree\artifacts\v673_guarded_equation_bit_transfer_dataset\20260519T190246Z\v673_guarded_equation_bit_transfer_train.jsonl,133,v673_train_eq_00282_6f64d1b714,equation_transform,equation_numeric_minus_signed,-73,54,269,53,1,False,True,True,-73,True,-73,True,0,0,0,0,1.0,
train,C:\Users\davis\Workspace\KG1 -NVIDIA\artifacts\v284_official_gate_worktree\artifacts\v673_guarded_equation_bit_transfer_dataset\20260519T190246Z\v673_guarded_equation_bit_transfer_train.jsonl,134,v673_train_eq_00340_94ec10acfc,equation_transform,equation_numeric_minus_signed,-43,54,267,53,1,False,True,True,-43,True,-43,True,0,0,0,0,1.0,
train,C:\Users\davis\Workspace\KG1 -NVIDIA\artifacts\v284_official_gate_worktree\artifacts\v673_guarded_equation_bit_transfer_dataset\20260519T190246Z\v673_guarded_equation_bit_transfer_train.jsonl,135,v673_train_eq_00274_a1545e90ee,equation_transform,equation_numeric_minus_signed,-70,54,269,53,1,False,True,True,-70,True,-70,True,0,0,0,0,1.0,
train,C:\Users\davis\Workspace\KG1 -NVIDIA\artifacts\v284_official_gate_worktree\artifacts\v673_guarded_equation_bit_transfer_dataset\20260519T190246Z\v673_guarded_equation_bit_transfer_train.jsonl,136,v673_train_bit_00009_a2807125a4,bit_manipulation,bit_fullbyte_ternary_v366_new,00111110,26,210,25,1,False,True,True,00111110,True,00111110,True,0,0,0,0,0.35,
train,C:\Users\davis\Workspace\KG1 -NVIDIA\artifacts\v284_official_gate_worktree\artifacts\v673_guarded_equation_bit_transfer_dataset\20260519T190246Z\v673_guarded_equation_bit_transfer_train.jsonl,137,v673_train_bit_00145_ab55f17a08,bit_manipulation,bit_exact_global_ternary_replay,10111011,26,228,25,1,False,True,True,10111011,True,10111011,True,0,0,0,0,0.35,
train,C:\Users\davis\Workspace\KG1 -NVIDIA\artifacts\v284_official_gate_worktree\artifacts\v673_guarded_equation_bit_transfer_dataset\20260519T190246Z\v673_guarded_equation_bit_transfer_train.jsonl,138,v673_train_bit_00073_557e376773,bit_manipulation,bit_exact_global_ternary_replay,10100000,26,227,25,1,False,True,True,10100000,True,10100000,True,0,0,0,0,0.35,
train,C:\Users\davis\Workspace\KG1 -NVIDIA\artifacts\v284_official_gate_worktree\artifacts\v673_guarded_equation_bit_transfer_dataset\20260519T190246Z\v673_guarded_equation_bit_transfer_train.jsonl,139,v673_train_eq_00319_5e26a3d041,equation_transform,equation_numeric_minus_signed,8,54,260,53,1,False,True,True,8,True,8,True,0,0,0,0,1.0,
train,C:\Users\davis\Workspace\KG1 -NVIDIA\artifacts\v284_official_gate_worktree\artifacts\v673_guarded_equation_bit_transfer_dataset\20260519T190246Z\v673_guarded_equation_bit_transfer_train.jsonl,140,v673_train_eq_00211_2fdd6319dd,equation_transform,equation_numeric_colon_trailing_zero,10,51,260,50,1,False,True,True,10,True,10,True,0,0,0,0,1.0,
train,C:\Users\davis\Workspace\KG1 -NVIDIA\artifacts\v284_official_gate_worktree\artifacts\v673_guarded_equation_bit_transfer_dataset\20260519T190246Z\v673_guarded_equation_bit_transfer_train.jsonl,141,v673_train_eq_00199_8ffc13bcd1,equation_transform,equation_numeric_colon_trailing_zero,30,51,259,50,1,False,True,True,30,True,30,True,0,0,0,0,1.0,
train,C:\Users\davis\Workspace\KG1 -NVIDIA\artifacts\v284_official_gate_worktree\artifacts\v673_guarded_equation_bit_transfer_dataset\20260519T190246Z\v673_guarded_equation_bit_transfer_train.jsonl,142,v673_train_eq_00366_170c504dcf,equation_transform,equation_numeric_minus_signed,-51,54,269,53,1,False,True,True,-51,True,-51,True,0,0,0,0,1.0,
train,C:\Users\davis\Workspace\KG1 -NVIDIA\artifacts\v284_official_gate_worktree\artifacts\v673_guarded_equation_bit_transfer_dataset\20260519T190246Z\v673_guarded_equation_bit_transfer_train.jsonl,143,v673_train_eq_00250_be61fe42e2,equation_transform,equation_numeric_minus_signed,-37,54,267,53,1,False,True,True,-37,True,-37,True,0,0,0,0,1.0,
train,C:\Users\davis\Workspace\KG1 -NVIDIA\artifacts\v284_official_gate_worktree\artifacts\v673_guarded_equation_bit_transfer_dataset\20260519T190246Z\v673_guarded_equation_bit_transfer_train.jsonl,144,v673_train_eq_00372_f538c82691,equation_transform,equation_numeric_minus_signed,-42,54,268,53,1,False,True,True,-42,True,-42,True,0,0,0,0,1.0,
train,C:\Users\davis\Workspace\KG1 -NVIDIA\artifacts\v284_official_gate_worktree\artifacts\v673_guarded_equation_bit_transfer_dataset\20260519T190246Z\v673_guarded_equation_bit_transfer_train.jsonl,145,v673_train_bit_00210_271be9eab2,bit_manipulation,bit_fullbyte_ternary_v366_new,00000000,26,210,25,1,False,True,True,00000000,True,00000000,True,0,0,0,0,0.35,
train,C:\Users\davis\Workspace\KG1 -NVIDIA\artifacts\v284_official_gate_worktree\artifacts\v673_guarded_equation_bit_transfer_dataset\20260519T190246Z\v673_guarded_equation_bit_transfer_train.jsonl,146,v673_train_bit_00229_bb0e8979b9,bit_manipulation,bit_fullbyte_ternary_v366_new,00010000,26,210,25,1,False,True,True,00010000,True,00010000,True,0,0,0,0,0.35,
train,C:\Users\davis\Workspace\KG1 -NVIDIA\artifacts\v284_official_gate_worktree\artifacts\v673_guarded_equation_bit_transfer_dataset\20260519T190246Z\v673_guarded_equation_bit_transfer_train.jsonl,147,v673_train_eq_00472_57e1f311cb,equation_transform,equation_numeric_minus_signed,-31,54,269,53,1,False,True,True,-31,True,-31,True,0,0,0,0,1.0,
train,C:\Users\davis\Workspace\KG1 -NVIDIA\artifacts\v284_official_gate_worktree\artifacts\v673_guarded_equation_bit_transfer_dataset\20260519T190246Z\v673_guarded_equation_bit_transfer_train.jsonl,148,v673_train_bit_00012_859647c833,bit_manipulation,bit_exact_global_ternary_replay,10000001,26,228,25,1,False,True,True,10000001,True,10000001,True,0,0,0,0,0.35,
train,C:\Users\davis\Workspace\KG1 -NVIDIA\artifacts\v284_official_gate_worktree\artifacts\v673_guarded_equation_bit_transfer_dataset\20260519T190246Z\v673_guarded_equation_bit_transfer_train.jsonl,149,v673_train_eq_00280_d9eab3865b,equation_transform,equation_numeric_minus_signed,-11,54,266,53,1,False,True,True,-11,True,-11,True,0,0,0,0,1.0,
train,C:\Users\davis\Workspace\KG1 -NVIDIA\artifacts\v284_official_gate_worktree\artifacts\v673_guarded_equation_bit_transfer_dataset\20260519T190246Z\v673_guarded_equation_bit_transfer_train.jsonl,150,v673_train_eq_00283_c558097933,equation_transform,equation_numeric_minus_signed,27,54,261,53,1,False,True,True,27,True,27,True,0,0,0,0,1.0,
train,C:\Users\davis\Workspace\KG1 -NVIDIA\artifacts\v284_official_gate_worktree\artifacts\v673_guarded_equation_bit_transfer_dataset\20260519T190246Z\v673_guarded_equation_bit_transfer_train.jsonl,151,v673_train_bit_00034_652e2f080e,bit_manipulation,bit_exact_global_ternary_replay,00000000,26,227,25,1,False,True,True,00000000,True,00000000,True,0,0,0,0,0.35,
train,C:\Users\davis\Workspace\KG1 -NVIDIA\artifacts\v284_official_gate_worktree\artifacts\v673_guarded_equation_bit_transfer_dataset\20260519T190246Z\v673_guarded_equation_bit_transfer_train.jsonl,152,v673_train_bit_00055_2b10a046bd,bit_manipulation,bit_fullbyte_ternary_v366_new,11001110,26,210,25,1,False,True,True,11001110,True,11001110,True,0,0,0,0,0.35,
train,C:\Users\davis\Workspace\KG1 -NVIDIA\artifacts\v284_official_gate_worktree\artifacts\v673_guarded_equation_bit_transfer_dataset\20260519T190246Z\v673_guarded_equation_bit_transfer_train.jsonl,153,v673_train_eq_00094_50938c9c5d,equation_transform,equation_numeric_add_direct,129,46,236,45,1,False,True,True,129,True,129,True,0,0,0,0,1.0,
train,C:\Users\davis\Workspace\KG1 -NVIDIA\artifacts\v284_official_gate_worktree\artifacts\v673_guarded_equation_bit_transfer_dataset\20260519T190246Z\v673_guarded_equation_bit_transfer_train.jsonl,154,v673_train_eq_00307_29331fcbd3,equation_transform,equation_numeric_minus_signed,42,54,261,53,1,False,True,True,42,True,42,True,0,0,0,0,1.0,
train,C:\Users\davis\Workspace\KG1 -NVIDIA\artifacts\v284_official_gate_worktree\artifacts\v673_guarded_equation_bit_transfer_dataset\20260519T190246Z\v673_guarded_equation_bit_transfer_train.jsonl,155,v673_train_eq_00320_168d40771a,equation_transform,equation_numeric_minus_signed,-90,54,268,53,1,False,True,True,-90,True,-90,True,0,0,0,0,1.0,
train,C:\Users\davis\Workspace\KG1 -NVIDIA\artifacts\v284_official_gate_worktree\artifacts\v673_guarded_equation_bit_transfer_dataset\20260519T190246Z\v673_guarded_equation_bit_transfer_train.jsonl,156,v673_train_eq_00441_b01806692a,equation_transform,equation_numeric_minus_signed,22,54,262,53,1,False,True,True,22,True,22,True,0,0,0,0,1.0,
train,C:\Users\davis\Workspace\KG1 -NVIDIA\artifacts\v284_official_gate_worktree\artifacts\v673_guarded_equation_bit_transfer_dataset\20260519T190246Z\v673_guarded_equation_bit_transfer_train.jsonl,157,v673_train_eq_00174_84fd37bafd,equation_transform,equation_numeric_colon_trailing_zero,60,51,259,50,1,False,True,True,60,True,60,True,0,0,0,0,1.0,
train,C:\Users\davis\Workspace\KG1 -NVIDIA\artifacts\v284_official_gate_worktree\artifacts\v673_guarded_equation_bit_transfer_dataset\20260519T190246Z\v673_guarded_equation_bit_transfer_train.jsonl,158,v673_train_eq_00333_5d337fce52,equation_transform,equation_numeric_minus_signed,80,54,261,53,1,False,True,True,80,True,80,True,0,0,0,0,1.0,
train,C:\Users\davis\Workspace\KG1 -NVIDIA\artifacts\v284_official_gate_worktree\artifacts\v673_guarded_equation_bit_transfer_dataset\20260519T190246Z\v673_guarded_equation_bit_transfer_train.jsonl,159,v673_train_eq_00213_1bacd0bb89,equation_transform,equation_numeric_colon_trailing_zero,10,51,259,50,1,False,True,True,10,True,10,True,0,0,0,0,1.0,
train,C:\Users\davis\Workspace\KG1 -NVIDIA\artifacts\v284_official_gate_worktree\artifacts\v673_guarded_equation_bit_transfer_dataset\20260519T190246Z\v673_guarded_equation_bit_transfer_train.jsonl,160,v673_train_eq_00156_2112c3583e,equation_transform,equation_numeric_colon_trailing_zero,20,51,260,50,1,False,True,True,20,True,20,True,0,0,0,0,1.0,
train,C:\Users\davis\Workspace\KG1 -NVIDIA\artifacts\v284_official_gate_worktree\artifacts\v673_guarded_equation_bit_transfer_dataset\20260519T190246Z\v673_guarded_equation_bit_transfer_train.jsonl,161,v673_train_eq_00329_d6ce0058b2,equation_transform,equation_numeric_minus_signed,31,54,261,53,1,False,True,True,31,True,31,True,0,0,0,0,1.0,
train,C:\Users\davis\Workspace\KG1 -NVIDIA\artifacts\v284_official_gate_worktree\artifacts\v673_guarded_equation_bit_transfer_dataset\20260519T190246Z\v673_guarded_equation_bit_transfer_train.jsonl,162,v673_train_eq_00304_44694a4bc8,equation_transform,equation_numeric_minus_signed,-55,54,268,53,1,False,True,True,-55,True,-55,True,0,0,0,0,1.0,
train,C:\Users\davis\Workspace\KG1 -NVIDIA\artifacts\v284_official_gate_worktree\artifacts\v673_guarded_equation_bit_transfer_dataset\20260519T190246Z\v673_guarded_equation_bit_transfer_train.jsonl,163,v673_train_eq_00331_f2fd5f2951,equation_transform,equation_numeric_minus_signed,37,54,262,53,1,False,True,True,37,True,37,True,0,0,0,0,1.0,
train,C:\Users\davis\Workspace\KG1 -NVIDIA\artifacts\v284_official_gate_worktree\artifacts\v673_guarded_equation_bit_transfer_dataset\20260519T190246Z\v673_guarded_equation_bit_transfer_train.jsonl,164,v673_train_bit_00089_3d579ba106,bit_manipulation,bit_fullbyte_ternary_v366_new,11011011,26,208,25,1,False,True,True,11011011,True,11011011,True,0,0,0,0,0.35,
train,C:\Users\davis\Workspace\KG1 -NVIDIA\artifacts\v284_official_gate_worktree\artifacts\v673_guarded_equation_bit_transfer_dataset\20260519T190246Z\v673_guarded_equation_bit_transfer_train.jsonl,165,v673_train_eq_00344_0315d751b0,equation_transform,equation_numeric_minus_signed,-19,54,268,53,1,False,True,True,-19,True,-19,True,0,0,0,0,1.0,
train,C:\Users\davis\Workspace\KG1 -NVIDIA\artifacts\v284_official_gate_worktree\artifacts\v673_guarded_equation_bit_transfer_dataset\20260519T190246Z\v673_guarded_equation_bit_transfer_train.jsonl,166,v673_train_eq_00007_b19f86e7e3,equation_transform,equation_numeric_add_direct,161,46,237,45,1,False,True,True,161,True,161,True,0,0,0,0,1.0,
train,C:\Users\davis\Workspace\KG1 -NVIDIA\artifacts\v284_official_gate_worktree\artifacts\v673_guarded_equation_bit_transfer_dataset\20260519T190246Z\v673_guarded_equation_bit_transfer_train.jsonl,167,v673_train_bit_00028_c4bd276ec8,bit_manipulation,bit_exact_global_ternary_replay,11111111,26,231,25,1,False,True,True,11111111,True,11111111,True,0,0,0,0,0.35,
train,C:\Users\davis\Workspace\KG1 -NVIDIA\artifacts\v284_official_gate_worktree\artifacts\v673_guarded_equation_bit_transfer_dataset\20260519T190246Z\v673_guarded_equation_bit_transfer_train.jsonl,168,v673_train_eq_00171_8c0f412b16,equation_transform,equation_numeric_colon_trailing_zero,10,51,260,50,1,False,True,True,10,True,10,True,0,0,0,0,1.0,
train,C:\Users\davis\Workspace\KG1 -NVIDIA\artifacts\v284_official_gate_worktree\artifacts\v673_guarded_equation_bit_transfer_dataset\20260519T190246Z\v673_guarded_equation_bit_transfer_train.jsonl,169,v673_train_eq_00207_f98c37ab72,equation_transform,equation_numeric_colon_trailing_zero,10,51,259,50,1,False,True,True,10,True,10,True,0,0,0,0,1.0,
train,C:\Users\davis\Workspace\KG1 -NVIDIA\artifacts\v284_official_gate_worktree\artifacts\v673_guarded_equation_bit_transfer_dataset\20260519T190246Z\v673_guarded_equation_bit_transfer_train.jsonl,170,v673_train_eq_00428_91588395c4,equation_transform,equation_numeric_minus_signed,-48,54,269,53,1,False,True,True,-48,True,-48,True,0,0,0,0,1.0,
train,C:\Users\davis\Workspace\KG1 -NVIDIA\artifacts\v284_official_gate_worktree\artifacts\v673_guarded_equation_bit_transfer_dataset\20260519T190246Z\v673_guarded_equation_bit_transfer_train.jsonl,171,v673_train_eq_00335_ba500690e3,equation_transform,equation_numeric_minus_signed,12,54,262,53,1,False,True,True,12,True,12,True,0,0,0,0,1.0,
train,C:\Users\davis\Workspace\KG1 -NVIDIA\artifacts\v284_official_gate_worktree\artifacts\v673_guarded_equation_bit_transfer_dataset\20260519T190246Z\v673_guarded_equation_bit_transfer_train.jsonl,172,v673_train_bit_00161_b94c562098,bit_manipulation,bit_fullbyte_ternary_v366_new,00001100,26,210,25,1,False,True,True,00001100,True,00001100,True,0,0,0,0,0.35,
train,C:\Users\davis\Workspace\KG1 -NVIDIA\artifacts\v284_official_gate_worktree\artifacts\v673_guarded_equation_bit_transfer_dataset\20260519T190246Z\v673_guarded_equation_bit_transfer_train.jsonl,173,v673_train_eq_00359_122f1c122d,equation_transform,equation_numeric_minus_signed,40,54,261,53,1,False,True,True,40,True,40,True,0,0,0,0,1.0,
train,C:\Users\davis\Workspace\KG1 -NVIDIA\artifacts\v284_official_gate_worktree\artifacts\v673_guarded_equation_bit_transfer_dataset\20260519T190246Z\v673_guarded_equation_bit_transfer_train.jsonl,174,v673_train_bit_00219_9e3f52f059,bit_manipulation,bit_fullbyte_ternary_v366_new,01001011,26,210,25,1,False,True,True,01001011,True,01001011,True,0,0,0,0,0.35,
train,C:\Users\davis\Workspace\KG1 -NVIDIA\artifacts\v284_official_gate_worktree\artifacts\v673_guarded_equation_bit_transfer_dataset\20260519T190246Z\v673_guarded_equation_bit_transfer_train.jsonl,175,v673_train_eq_00417_539436ee01,equation_transform,equation_numeric_minus_signed,4,54,259,53,1,False,True,True,4,True,4,True,0,0,0,0,1.0,
train,C:\Users\davis\Workspace\KG1 -NVIDIA\artifacts\v284_official_gate_worktree\artifacts\v673_guarded_equation_bit_transfer_dataset\20260519T190246Z\v673_guarded_equation_bit_transfer_train.jsonl,176,v673_train_bit_00127_9c35eb264d,bit_manipulation,bit_fullbyte_ternary_v366_new,00110000,26,210,25,1,False,True,True,00110000,True,00110000,True,0,0,0,0,0.35,
train,C:\Users\davis\Workspace\KG1 -NVIDIA\artifacts\v284_official_gate_worktree\artifacts\v673_guarded_equation_bit_transfer_dataset\20260519T190246Z\v673_guarded_equation_bit_transfer_train.jsonl,177,v673_train_bit_00195_3d58485cc3,bit_manipulation,bit_fullbyte_ternary_v366_new,10101110,26,208,25,1,False,True,True,10101110,True,10101110,True,0,0,0,0,0.35,
train,C:\Users\davis\Workspace\KG1 -NVIDIA\artifacts\v284_official_gate_worktree\artifacts\v673_guarded_equation_bit_transfer_dataset\20260519T190246Z\v673_guarded_equation_bit_transfer_train.jsonl,178,v673_train_eq_00433_5d536cf660,equation_transform,equation_numeric_minus_signed,85,54,261,53,1,False,True,True,85,True,85,True,0,0,0,0,1.0,
train,C:\Users\davis\Workspace\KG1 -NVIDIA\artifacts\v284_official_gate_worktree\artifacts\v673_guarded_equation_bit_transfer_dataset\20260519T190246Z\v673_guarded_equation_bit_transfer_train.jsonl,179,v673_train_eq_00278_9a3febe449,equation_transform,equation_numeric_minus_signed,-31,54,268,53,1,False,True,True,-31,True,-31,True,0,0,0,0,1.0,
train,C:\Users\davis\Workspace\KG1 -NVIDIA\artifacts\v284_official_gate_worktree\artifacts\v673_guarded_equation_bit_transfer_dataset\20260519T190246Z\v673_guarded_equation_bit_transfer_train.jsonl,180,v673_train_bit_00212_69c71dce07,bit_manipulation,bit_exact_global_binary_replay,00111011,26,203,25,1,False,True,True,00111011,True,00111011,True,0,0,0,0,0.35,
train,C:\Users\davis\Workspace\KG1 -NVIDIA\artifacts\v284_official_gate_worktree\artifacts\v673_guarded_equation_bit_transfer_dataset\20260519T190246Z\v673_guarded_equation_bit_transfer_train.jsonl,181,v673_train_bit_00038_3b49d24bee,bit_manipulation,bit_fullbyte_ternary_v366_new,10001000,26,208,25,1,False,True,True,10001000,True,10001000,True,0,0,0,0,0.35,
train,C:\Users\davis\Workspace\KG1 -NVIDIA\artifacts\v284_official_gate_worktree\artifacts\v673_guarded_equation_bit_transfer_dataset\20260519T190246Z\v673_guarded_equation_bit_transfer_train.jsonl,182,v673_train_eq_00411_e08c85ca78,equation_transform,equation_numeric_minus_signed,58,54,262,53,1,False,True,True,58,True,58,True,0,0,0,0,1.0,
train,C:\Users\davis\Workspace\KG1 -NVIDIA\artifacts\v284_official_gate_worktree\artifacts\v673_guarded_equation_bit_transfer_dataset\20260519T190246Z\v673_guarded_equation_bit_transfer_train.jsonl,183,v673_train_eq_00047_791ae9be00,equation_transform,equation_numeric_add_direct,30,46,236,45,1,False,True,True,30,True,30,True,0,0,0,0,1.0,
train,C:\Users\davis\Workspace\KG1 -NVIDIA\artifacts\v284_official_gate_worktree\artifacts\v673_guarded_equation_bit_transfer_dataset\20260519T190246Z\v673_guarded_equation_bit_transfer_train.jsonl,184,v673_train_eq_00150_8c9caf3211,equation_transform,equation_numeric_colon_trailing_zero,50,51,260,50,1,False,True,True,50,True,50,True,0,0,0,0,1.0,
train,C:\Users\davis\Workspace\KG1 -NVIDIA\artifacts\v284_official_gate_worktree\artifacts\v673_guarded_equation_bit_transfer_dataset\20260519T190246Z\v673_guarded_equation_bit_transfer_train.jsonl,185,v673_train_eq_00220_748f2ee285,equation_transform,equation_numeric_colon_trailing_zero,10,51,260,50,1,False,True,True,10,True,10,True,0,0,0,0,1.0,
train,C:\Users\davis\Workspace\KG1 -NVIDIA\artifacts\v284_official_gate_worktree\artifacts\v673_guarded_equation_bit_transfer_dataset\20260519T190246Z\v673_guarded_equation_bit_transfer_train.jsonl,186,v673_train_eq_00437_93407e504b,equation_transform,equation_numeric_minus_signed,15,54,262,53,1,False,True,True,15,True,15,True,0,0,0,0,1.0,
train,C:\Users\davis\Workspace\KG1 -NVIDIA\artifacts\v284_official_gate_worktree\artifacts\v673_guarded_equation_bit_transfer_dataset\20260519T190246Z\v673_guarded_equation_bit_transfer_train.jsonl,187,v673_train_eq_00452_0605802675,equation_transform,equation_numeric_minus_signed,-14,54,268,53,1,False,True,True,-14,True,-14,True,0,0,0,0,1.0,
train,C:\Users\davis\Workspace\KG1 -NVIDIA\artifacts\v284_official_gate_worktree\artifacts\v673_guarded_equation_bit_transfer_dataset\20260519T190246Z\v673_guarded_equation_bit_transfer_train.jsonl,188,v673_train_eq_00091_44fce24997,equation_transform,equation_numeric_add_direct,122,46,237,45,1,False,True,True,122,True,122,True,0,0,0,0,1.0,
train,C:\Users\davis\Workspace\KG1 -NVIDIA\artifacts\v284_official_gate_worktree\artifacts\v673_guarded_equation_bit_transfer_dataset\20260519T190246Z\v673_guarded_equation_bit_transfer_train.jsonl,189,v673_train_eq_00420_5d53d83628,equation_transform,equation_numeric_minus_signed,-52,54,268,53,1,False,True,True,-52,True,-52,True,0,0,0,0,1.0,
train,C:\Users\davis\Workspace\KG1 -NVIDIA\artifacts\v284_official_gate_worktree\artifacts\v673_guarded_equation_bit_transfer_dataset\20260519T190246Z\v673_guarded_equation_bit_transfer_train.jsonl,190,v673_train_eq_00152_b61a22909e,equation_transform,equation_numeric_colon_trailing_zero,40,51,258,50,1,False,True,True,40,True,40,True,0,0,0,0,1.0,
train,C:\Users\davis\Workspace\KG1 -NVIDIA\artifacts\v284_official_gate_worktree\artifacts\v673_guarded_equation_bit_transfer_dataset\20260519T190246Z\v673_guarded_equation_bit_transfer_train.jsonl,191,v673_train_eq_00423_c3b5843dff,equation_transform,equation_numeric_minus_signed,52,54,262,53,1,False,True,True,52,True,52,True,0,0,0,0,1.0,
train,C:\Users\davis\Workspace\KG1 -NVIDIA\artifacts\v284_official_gate_worktree\artifacts\v673_guarded_equation_bit_transfer_dataset\20260519T190246Z\v673_guarded_equation_bit_transfer_train.jsonl,192,v673_train_bit_00146_d1885b01dd,bit_manipulation,bit_fullbyte_ternary_v366_new,00000000,26,210,25,1,False,True,True,00000000,True,00000000,True,0,0,0,0,0.35,
train,C:\Users\davis\Workspace\KG1 -NVIDIA\artifacts\v284_official_gate_worktree\artifacts\v673_guarded_equation_bit_transfer_dataset\20260519T190246Z\v673_guarded_equation_bit_transfer_train.jsonl,193,v673_train_bit_00022_aa3d8603fe,bit_manipulation,bit_exact_global_ternary_replay,00111101,26,231,25,1,False,True,True,00111101,True,00111101,True,0,0,0,0,0.35,
train,C:\Users\davis\Workspace\KG1 -NVIDIA\artifacts\v284_official_gate_worktree\artifacts\v673_guarded_equation_bit_transfer_dataset\20260519T190246Z\v673_guarded_equation_bit_transfer_train.jsonl,194,v673_train_eq_00258_5a1bac1329,equation_transform,equation_numeric_minus_signed,-14,54,269,53,1,False,True,True,-14,True,-14,True,0,0,0,0,1.0,
train,C:\Users\davis\Workspace\KG1 -NVIDIA\artifacts\v284_official_gate_worktree\artifacts\v673_guarded_equation_bit_transfer_dataset\20260519T190246Z\v673_guarded_equation_bit_transfer_train.jsonl,195,v673_train_eq_00234_7cedc52dcb,equation_transform,equation_numeric_colon_trailing_zero,30,51,259,50,1,False,True,True,30,True,30,True,0,0,0,0,1.0,
train,C:\Users\davis\Workspace\KG1 -NVIDIA\artifacts\v284_official_gate_worktree\artifacts\v673_guarded_equation_bit_transfer_dataset\20260519T190246Z\v673_guarded_equation_bit_transfer_train.jsonl,196,v673_train_bit_00043_29fc71e770,bit_manipulation,bit_exact_global_ternary_replay,01101110,26,228,25,1,False,True,True,01101110,True,01101110,True,0,0,0,0,0.35,
train,C:\Users\davis\Workspace\KG1 -NVIDIA\artifacts\v284_official_gate_worktree\artifacts\v673_guarded_equation_bit_transfer_dataset\20260519T190246Z\v673_guarded_equation_bit_transfer_train.jsonl,197,v673_train_bit_00137_6cd1054d76,bit_manipulation,bit_fullbyte_ternary_v366_new,00101010,26,208,25,1,False,True,True,00101010,True,00101010,True,0,0,0,0,0.35,
train,C:\Users\davis\Workspace\KG1 -NVIDIA\artifacts\v284_official_gate_worktree\artifacts\v673_guarded_equation_bit_transfer_dataset\20260519T190246Z\v673_guarded_equation_bit_transfer_train.jsonl,198,v673_train_eq_00182_22c530f2b9,equation_transform,equation_numeric_colon_trailing_zero,40,51,260,50,1,False,True,True,40,True,40,True,0,0,0,0,1.0,
train,C:\Users\davis\Workspace\KG1 -NVIDIA\artifacts\v284_official_gate_worktree\artifacts\v673_guarded_equation_bit_transfer_dataset\20260519T190246Z\v673_guarded_equation_bit_transfer_train.jsonl,199,v673_train_eq_00089_7a97d51558,equation_transform,equation_numeric_add_direct,126,46,237,45,1,False,True,True,126,True,126,True,0,0,0,0,1.0,
train,C:\Users\davis\Workspace\KG1 -NVIDIA\artifacts\v284_official_gate_worktree\artifacts\v673_guarded_equation_bit_transfer_dataset\20260519T190246Z\v673_guarded_equation_bit_transfer_train.jsonl,200,v673_train_bit_00239_f9c7aecebb,bit_manipulation,bit_exact_global_ternary_replay,10101010,26,228,25,1,False,True,True,10101010,True,10101010,True,0,0,0,0,0.35,
train,C:\Users\davis\Workspace\KG1 -NVIDIA\artifacts\v284_official_gate_worktree\artifacts\v673_guarded_equation_bit_transfer_dataset\20260519T190246Z\v673_guarded_equation_bit_transfer_train.jsonl,201,v673_train_bit_00111_742d727282,bit_manipulation,bit_fullbyte_ternary_v366_new,01010000,26,210,25,1,False,True,True,01010000,True,01010000,True,0,0,0,0,0.35,
train,C:\Users\davis\Workspace\KG1 -NVIDIA\artifacts\v284_official_gate_worktree\artifacts\v673_guarded_equation_bit_transfer_dataset\20260519T190246Z\v673_guarded_equation_bit_transfer_train.jsonl,202,v673_train_eq_00214_0cbeee8828,equation_transform,equation_numeric_colon_trailing_zero,20,51,258,50,1,False,True,True,20,True,20,True,0,0,0,0,1.0,
train,C:\Users\davis\Workspace\KG1 -NVIDIA\artifacts\v284_official_gate_worktree\artifacts\v673_guarded_equation_bit_transfer_dataset\20260519T190246Z\v673_guarded_equation_bit_transfer_train.jsonl,203,v673_train_eq_00122_9f81d3e2bc,equation_transform,equation_numeric_colon_trailing_zero,30,51,260,50,1,False,True,True,30,True,30,True,0,0,0,0,1.0,
train,C:\Users\davis\Workspace\KG1 -NVIDIA\artifacts\v284_official_gate_worktree\artifacts\v673_guarded_equation_bit_transfer_dataset\20260519T190246Z\v673_guarded_equation_bit_transfer_train.jsonl,204,v673_train_bit_00142_413bd4f853,bit_manipulation,bit_exact_global_binary_replay,10110111,26,203,25,1,False,True,True,10110111,True,10110111,True,0,0,0,0,0.35,
train,C:\Users\davis\Workspace\KG1 -NVIDIA\artifacts\v284_official_gate_worktree\artifacts\v673_guarded_equation_bit_transfer_dataset\20260519T190246Z\v673_guarded_equation_bit_transfer_train.jsonl,205,v673_train_eq_00153_0b8a39df27,equation_transform,equation_numeric_colon_trailing_zero,20,51,258,50,1,False,True,True,20,True,20,True,0,0,0,0,1.0,
train,C:\Users\davis\Workspace\KG1 -NVIDIA\artifacts\v284_official_gate_worktree\artifacts\v673_guarded_equation_bit_transfer_dataset\20260519T190246Z\v673_guarded_equation_bit_transfer_train.jsonl,206,v673_train_eq_00024_2c19331d5d,equation_transform,equation_numeric_add_direct,84,46,236,45,1,False,True,True,84,True,84,True,0,0,0,0,1.0,
train,C:\Users\davis\Workspace\KG1 -NVIDIA\artifacts\v284_official_gate_worktree\artifacts\v673_guarded_equation_bit_transfer_dataset\20260519T190246Z\v673_guarded_equation_bit_transfer_train.jsonl,207,v673_train_eq_00426_c805be353f,equation_transform,equation_numeric_minus_signed,-81,54,267,53,1,False,True,True,-81,True,-81,True,0,0,0,0,1.0,
train,C:\Users\davis\Workspace\KG1 -NVIDIA\artifacts\v284_official_gate_worktree\artifacts\v673_guarded_equation_bit_transfer_dataset\20260519T190246Z\v673_guarded_equation_bit_transfer_train.jsonl,208,v673_train_eq_00461_5476eb500a,equation_transform,equation_numeric_minus_signed,37,54,262,53,1,False,True,True,37,True,37,True,0,0,0,0,1.0,
train,C:\Users\davis\Workspace\KG1 -NVIDIA\artifacts\v284_official_gate_worktree\artifacts\v673_guarded_equation_bit_transfer_dataset\20260519T190246Z\v673_guarded_equation_bit_transfer_train.jsonl,209,v673_train_eq_00248_d45df195cc,equation_transform,equation_numeric_minus_signed,-44,54,268,53,1,False,True,True,-44,True,-44,True,0,0,0,0,1.0,
train,C:\Users\davis\Workspace\KG1 -NVIDIA\artifacts\v284_official_gate_worktree\artifacts\v673_guarded_equation_bit_transfer_dataset\20260519T190246Z\v673_guarded_equation_bit_transfer_train.jsonl,210,v673_train_eq_00371_1c5ed32657,equation_transform,equation_numeric_minus_signed,3,54,260,53,1,False,True,True,3,True,3,True,0,0,0,0,1.0,
train,C:\Users\davis\Workspace\KG1 -NVIDIA\artifacts\v284_official_gate_worktree\artifacts\v673_guarded_equation_bit_transfer_dataset\20260519T190246Z\v673_guarded_equation_bit_transfer_train.jsonl,211,v673_train_eq_00469_18019aee85,equation_transform,equation_numeric_minus_signed,30,54,262,53,1,False,True,True,30,True,30,True,0,0,0,0,1.0,
train,C:\Users\davis\Workspace\KG1 -NVIDIA\artifacts\v284_official_gate_worktree\artifacts\v673_guarded_equation_bit_transfer_dataset\20260519T190246Z\v673_guarded_equation_bit_transfer_train.jsonl,212,v673_train_bit_00011_b59e71b88f,bit_manipulation,bit_fullbyte_ternary_v366_new,11101110,26,208,25,1,False,True,True,11101110,True,11101110,True,0,0,0,0,0.35,
train,C:\Users\davis\Workspace\KG1 -NVIDIA\artifacts\v284_official_gate_worktree\artifacts\v673_guarded_equation_bit_transfer_dataset\20260519T190246Z\v673_guarded_equation_bit_transfer_train.jsonl,213,v673_train_bit_00175_3bcbc0b26f,bit_manipulation,bit_exact_global_ternary_replay,10100000,26,227,25,1,False,True,True,10100000,True,10100000,True,0,0,0,0,0.35,
train,C:\Users\davis\Workspace\KG1 -NVIDIA\artifacts\v284_official_gate_worktree\artifacts\v673_guarded_equation_bit_transfer_dataset\20260519T190246Z\v673_guarded_equation_bit_transfer_train.jsonl,214,v673_train_eq_00306_2b62d6ee82,equation_transform,equation_numeric_minus_signed,-16,54,269,53,1,False,True,True,-16,True,-16,True,0,0,0,0,1.0,
train,C:\Users\davis\Workspace\KG1 -NVIDIA\artifacts\v284_official_gate_worktree\artifacts\v673_guarded_equation_bit_transfer_dataset\20260519T190246Z\v673_guarded_equation_bit_transfer_train.jsonl,215,v673_train_eq_00325_b82f244ee2,equation_transform,equation_numeric_minus_signed,18,54,261,53,1,False,True,True,18,True,18,True,0,0,0,0,1.0,
train,C:\Users\davis\Workspace\KG1 -NVIDIA\artifacts\v284_official_gate_worktree\artifacts\v673_guarded_equation_bit_transfer_dataset\20260519T190246Z\v673_guarded_equation_bit_transfer_train.jsonl,216,v673_train_eq_00399_bd783ceca1,equation_transform,equation_numeric_minus_signed,5,54,259,53,1,False,True,True,5,True,5,True,0,0,0,0,1.0,
train,C:\Users\davis\Workspace\KG1 -NVIDIA\artifacts\v284_official_gate_worktree\artifacts\v673_guarded_equation_bit_transfer_dataset\20260519T190246Z\v673_guarded_equation_bit_transfer_train.jsonl,217,v673_train_bit_00148_ce76158545,bit_manipulation,bit_exact_global_binary_replay,01111010,26,201,25,1,False,True,True,01111010,True,01111010,True,0,0,0,0,0.35,
train,C:\Users\davis\Workspace\KG1 -NVIDIA\artifacts\v284_official_gate_worktree\artifacts\v673_guarded_equation_bit_transfer_dataset\20260519T190246Z\v673_guarded_equation_bit_transfer_train.jsonl,218,v673_train_eq_00263_079b2ca174,equation_transform,equation_numeric_minus_signed,29,54,262,53,1,False,True,True,29,True,29,True,0,0,0,0,1.0,
train,C:\Users\davis\Workspace\KG1 -NVIDIA\artifacts\v284_official_gate_worktree\artifacts\v673_guarded_equation_bit_transfer_dataset\20260519T190246Z\v673_guarded_equation_bit_transfer_train.jsonl,219,v673_train_eq_00011_99983fdec4,equation_transform,equation_numeric_add_direct,98,46,235,45,1,False,True,True,98,True,98,True,0,0,0,0,1.0,
train,C:\Users\davis\Workspace\KG1 -NVIDIA\artifacts\v284_official_gate_worktree\artifacts\v673_guarded_equation_bit_transfer_dataset\20260519T190246Z\v673_guarded_equation_bit_transfer_train.jsonl,220,v673_train_eq_00453_1f72f9fa0e,equation_transform,equation_numeric_minus_signed,46,54,261,53,1,False,True,True,46,True,46,True,0,0,0,0,1.0,
train,C:\Users\davis\Workspace\KG1 -NVIDIA\artifacts\v284_official_gate_worktree\artifacts\v673_guarded_equation_bit_transfer_dataset\20260519T190246Z\v673_guarded_equation_bit_transfer_train.jsonl,221,v673_train_eq_00031_e556d8f465,equation_transform,equation_numeric_add_direct,104,46,236,45,1,False,True,True,104,True,104,True,0,0,0,0,1.0,
train,C:\Users\davis\Workspace\KG1 -NVIDIA\artifacts\v284_official_gate_worktree\artifacts\v673_guarded_equation_bit_transfer_dataset\20260519T190246Z\v673_guarded_equation_bit_transfer_train.jsonl,222,v673_train_bit_00098_a255b7a4ad,bit_manipulation,bit_exact_global_binary_replay,11101111,26,203,25,1,False,True,True,11101111,True,11101111,True,0,0,0,0,0.35,
train,C:\Users\davis\Workspace\KG1 -NVIDIA\artifacts\v284_official_gate_worktree\artifacts\v673_guarded_equation_bit_transfer_dataset\20260519T190246Z\v673_guarded_equation_bit_transfer_train.jsonl,223,v673_train_eq_00143_3d3e43fb65,equation_transform,equation_numeric_colon_trailing_zero,40,51,259,50,1,False,True,True,40,True,40,True,0,0,0,0,1.0,
train,C:\Users\davis\Workspace\KG1 -NVIDIA\artifacts\v284_official_gate_worktree\artifacts\v673_guarded_equation_bit_transfer_dataset\20260519T190246Z\v673_guarded_equation_bit_transfer_train.jsonl,224,v673_train_bit_00139_39e2965648,bit_manipulation,bit_fullbyte_ternary_v366_new,00111001,26,208,25,1,False,True,True,00111001,True,00111001,True,0,0,0,0,0.35,
train,C:\Users\davis\Workspace\KG1 -NVIDIA\artifacts\v284_official_gate_worktree\artifacts\v673_guarded_equation_bit_transfer_dataset\20260519T190246Z\v673_guarded_equation_bit_transfer_train.jsonl,225,v673_train_eq_00099_bc2db1dc8b,equation_transform,equation_numeric_add_direct,85,46,236,45,1,False,True,True,85,True,85,True,0,0,0,0,1.0,
train,C:\Users\davis\Workspace\KG1 -NVIDIA\artifacts\v284_official_gate_worktree\artifacts\v673_guarded_equation_bit_transfer_dataset\20260519T190246Z\v673_guarded_equation_bit_transfer_train.jsonl,226,v673_train_eq_00017_9b00848972,equation_transform,equation_numeric_add_direct,91,46,237,45,1,False,True,True,91,True,91,True,0,0,0,0,1.0,
train,C:\Users\davis\Workspace\KG1 -NVIDIA\artifacts\v284_official_gate_worktree\artifacts\v673_guarded_equation_bit_transfer_dataset\20260519T190246Z\v673_guarded_equation_bit_transfer_train.jsonl,227,v673_train_eq_00401_f76c523996,equation_transform,equation_numeric_minus_signed,30,54,261,53,1,False,True,True,30,True,30,True,0,0,0,0,1.0,
train,C:\Users\davis\Workspace\KG1 -NVIDIA\artifacts\v284_official_gate_worktree\artifacts\v673_guarded_equation_bit_transfer_dataset\20260519T190246Z\v673_guarded_equation_bit_transfer_train.jsonl,228,v673_train_eq_00118_fadcd15c8e,equation_transform,equation_numeric_add_direct,140,46,237,45,1,False,True,True,140,True,140,True,0,0,0,0,1.0,
train,C:\Users\davis\Workspace\KG1 -NVIDIA\artifacts\v284_official_gate_worktree\artifacts\v673_guarded_equation_bit_transfer_dataset\20260519T190246Z\v673_guarded_equation_bit_transfer_train.jsonl,229,v673_train_bit_00216_33c2373ed3,bit_manipulation,bit_exact_global_ternary_replay,01101011,26,233,25,1,False,True,True,01101011,True,01101011,True,0,0,0,0,0.35,
train,C:\Users\davis\Workspace\KG1 -NVIDIA\artifacts\v284_official_gate_worktree\artifacts\v673_guarded_equation_bit_transfer_dataset\20260519T190246Z\v673_guarded_equation_bit_transfer_train.jsonl,230,v673_train_bit_00061_742796a83e,bit_manipulation,bit_exact_global_ternary_replay,00111101,26,228,25,1,False,True,True,00111101,True,00111101,True,0,0,0,0,0.35,
train,C:\Users\davis\Workspace\KG1 -NVIDIA\artifacts\v284_official_gate_worktree\artifacts\v673_guarded_equation_bit_transfer_dataset\20260519T190246Z\v673_guarded_equation_bit_transfer_train.jsonl,231,v673_train_bit_00114_87b98d4040,bit_manipulation,bit_fullbyte_ternary_v366_new,01000100,26,208,25,1,False,True,True,01000100,True,01000100,True,0,0,0,0,0.35,
train,C:\Users\davis\Workspace\KG1 -NVIDIA\artifacts\v284_official_gate_worktree\artifacts\v673_guarded_equation_bit_transfer_dataset\20260519T190246Z\v673_guarded_equation_bit_transfer_train.jsonl,232,v673_train_bit_00186_187ab887af,bit_manipulation,bit_fullbyte_ternary_v366_new,00100000,26,208,25,1,False,True,True,00100000,True,00100000,True,0,0,0,0,0.35,
train,C:\Users\davis\Workspace\KG1 -NVIDIA\artifacts\v284_official_gate_worktree\artifacts\v673_guarded_equation_bit_transfer_dataset\20260519T190246Z\v673_guarded_equation_bit_transfer_train.jsonl,233,v673_train_bit_00163_a146de1ac0,bit_manipulation,bit_fullbyte_ternary_v366_new,00000000,26,210,25,1,False,True,True,00000000,True,00000000,True,0,0,0,0,0.35,
train,C:\Users\davis\Workspace\KG1 -NVIDIA\artifacts\v284_official_gate_worktree\artifacts\v673_guarded_equation_bit_transfer_dataset\20260519T190246Z\v673_guarded_equation_bit_transfer_train.jsonl,234,v673_train_eq_00363_da8502858a,equation_transform,equation_numeric_minus_signed,39,54,262,53,1,False,True,True,39,True,39,True,0,0,0,0,1.0,
train,C:\Users\davis\Workspace\KG1 -NVIDIA\artifacts\v284_official_gate_worktree\artifacts\v673_guarded_equation_bit_transfer_dataset\20260519T190246Z\v673_guarded_equation_bit_transfer_train.jsonl,235,v673_train_bit_00104_50c809e0c3,bit_manipulation,bit_exact_global_binary_replay,11010010,26,203,25,1,False,True,True,11010010,True,11010010,True,0,0,0,0,0.35,
train,C:\Users\davis\Workspace\KG1 -NVIDIA\artifacts\v284_official_gate_worktree\artifacts\v673_guarded_equation_bit_transfer_dataset\20260519T190246Z\v673_guarded_equation_bit_transfer_train.jsonl,236,v673_train_bit_00067_14603e1111,bit_manipulation,bit_fullbyte_ternary_v366_new,01100011,26,208,25,1,False,True,True,01100011,True,01100011,True,0,0,0,0,0.35,
train,C:\Users\davis\Workspace\KG1 -NVIDIA\artifacts\v284_official_gate_worktree\artifacts\v673_guarded_equation_bit_transfer_dataset\20260519T190246Z\v673_guarded_equation_bit_transfer_train.jsonl,237,v673_train_eq_00009_65b0f81fdd,equation_transform,equation_numeric_add_direct,101,46,238,45,1,False,True,True,101,True,101,True,0,0,0,0,1.0,
train,C:\Users\davis\Workspace\KG1 -NVIDIA\artifacts\v284_official_gate_worktree\artifacts\v673_guarded_equation_bit_transfer_dataset\20260519T190246Z\v673_guarded_equation_bit_transfer_train.jsonl,238,v673_train_eq_00110_b8176caf79,equation_transform,equation_numeric_add_direct,107,46,237,45,1,False,True,True,107,True,107,True,0,0,0,0,1.0,
train,C:\Users\davis\Workspace\KG1 -NVIDIA\artifacts\v284_official_gate_worktree\artifacts\v673_guarded_equation_bit_transfer_dataset\20260519T190246Z\v673_guarded_equation_bit_transfer_train.jsonl,239,v673_train_eq_00448_13f9ba22e6,equation_transform,equation_numeric_minus_signed,-61,54,269,53,1,False,True,True,-61,True,-61,True,0,0,0,0,1.0,
train,C:\Users\davis\Workspace\KG1 -NVIDIA\artifacts\v284_official_gate_worktree\artifacts\v673_guarded_equation_bit_transfer_dataset\20260519T190246Z\v673_guarded_equation_bit_transfer_train.jsonl,240,v673_train_eq_00212_999d999a8a,equation_transform,equation_numeric_colon_trailing_zero,40,51,259,50,1,False,True,True,40,True,40,True,0,0,0,0,1.0,
train,C:\Users\davis\Workspace\KG1 -NVIDIA\artifacts\v284_official_gate_worktree\artifacts\v673_guarded_equation_bit_transfer_dataset\20260519T190246Z\v673_guarded_equation_bit_transfer_train.jsonl,241,v673_train_eq_00108_5891d44d9a,equation_transform,equation_numeric_add_direct,109,46,238,45,1,False,True,True,109,True,109,True,0,0,0,0,1.0,
train,C:\Users\davis\Workspace\KG1 -NVIDIA\artifacts\v284_official_gate_worktree\artifacts\v673_guarded_equation_bit_transfer_dataset\20260519T190246Z\v673_guarded_equation_bit_transfer_train.jsonl,242,v673_train_bit_00174_a634a5fc56,bit_manipulation,bit_fullbyte_ternary_v366_new,00101010,26,208,25,1,False,True,True,00101010,True,00101010,True,0,0,0,0,0.35,
train,C:\Users\davis\Workspace\KG1 -NVIDIA\artifacts\v284_official_gate_worktree\artifacts\v673_guarded_equation_bit_transfer_dataset\20260519T190246Z\v673_guarded_equation_bit_transfer_train.jsonl,243,v673_train_eq_00288_1622a0c308,equation_transform,equation_numeric_minus_signed,-18,54,267,53,1,False,True,True,-18,True,-18,True,0,0,0,0,1.0,
train,C:\Users\davis\Workspace\KG1 -NVIDIA\artifacts\v284_official_gate_worktree\artifacts\v673_guarded_equation_bit_transfer_dataset\20260519T190246Z\v673_guarded_equation_bit_transfer_train.jsonl,244,v673_train_eq_00410_49b88cf306,equation_transform,equation_numeric_minus_signed,-32,54,268,53,1,False,True,True,-32,True,-32,True,0,0,0,0,1.0,
train,C:\Users\davis\Workspace\KG1 -NVIDIA\artifacts\v284_official_gate_worktree\artifacts\v673_guarded_equation_bit_transfer_dataset\20260519T190246Z\v673_guarded_equation_bit_transfer_train.jsonl,245,v673_train_eq_00309_cf70aa0d5b,equation_transform,equation_numeric_minus_signed,28,54,261,53,1,False,True,True,28,True,28,True,0,0,0,0,1.0,
train,C:\Users\davis\Workspace\KG1 -NVIDIA\artifacts\v284_official_gate_worktree\artifacts\v673_guarded_equation_bit_transfer_dataset\20260519T190246Z\v673_guarded_equation_bit_transfer_train.jsonl,246,v673_train_eq_00217_75af0d47d5,equation_transform,equation_numeric_colon_trailing_zero,20,51,260,50,1,False,True,True,20,True,20,True,0,0,0,0,1.0,
train,C:\Users\davis\Workspace\KG1 -NVIDIA\artifacts\v284_official_gate_worktree\artifacts\v673_guarded_equation_bit_transfer_dataset\20260519T190246Z\v673_guarded_equation_bit_transfer_train.jsonl,247,v673_train_bit_00041_2d17462804,bit_manipulation,bit_exact_global_binary_replay,00111110,26,201,25,1,False,True,True,00111110,True,00111110,True,0,0,0,0,0.35,
train,C:\Users\davis\Workspace\KG1 -NVIDIA\artifacts\v284_official_gate_worktree\artifacts\v673_guarded_equation_bit_transfer_dataset\20260519T190246Z\v673_guarded_equation_bit_transfer_train.jsonl,248,v673_train_eq_00233_7499723fe5,equation_transform,equation_numeric_colon_trailing_zero,30,51,260,50,1,False,True,True,30,True,30,True,0,0,0,0,1.0,
train,C:\Users\davis\Workspace\KG1 -NVIDIA\artifacts\v284_official_gate_worktree\artifacts\v673_guarded_equation_bit_transfer_dataset\20260519T190246Z\v673_guarded_equation_bit_transfer_train.jsonl,249,v673_train_bit_00013_cda6a52454,bit_manipulation,bit_fullbyte_ternary_v366_new,11110111,26,210,25,1,False,True,True,11110111,True,11110111,True,0,0,0,0,0.35,
train,C:\Users\davis\Workspace\KG1 -NVIDIA\artifacts\v284_official_gate_worktree\artifacts\v673_guarded_equation_bit_transfer_dataset\20260519T190246Z\v673_guarded_equation_bit_transfer_train.jsonl,250,v673_train_eq_00033_84db30969e,equation_transform,equation_numeric_add_direct,102,46,237,45,1,False,True,True,102,True,102,True,0,0,0,0,1.0,
train,C:\Users\davis\Workspace\KG1 -NVIDIA\artifacts\v284_official_gate_worktree\artifacts\v673_guarded_equation_bit_transfer_dataset\20260519T190246Z\v673_guarded_equation_bit_transfer_train.jsonl,251,v673_train_eq_00035_bebe9b8dbb,equation_transform,equation_numeric_add_direct,57,46,235,45,1,False,True,True,57,True,57,True,0,0,0,0,1.0,
train,C:\Users\davis\Workspace\KG1 -NVIDIA\artifacts\v284_official_gate_worktree\artifacts\v673_guarded_equation_bit_transfer_dataset\20260519T190246Z\v673_guarded_equation_bit_transfer_train.jsonl,252,v673_train_bit_00173_3ca438e02a,bit_manipulation,bit_exact_global_ternary_replay,00111111,26,233,25,1,False,True,True,00111111,True,00111111,True,0,0,0,0,0.35,
train,C:\Users\davis\Workspace\KG1 -NVIDIA\artifacts\v284_official_gate_worktree\artifacts\v673_guarded_equation_bit_transfer_dataset\20260519T190246Z\v673_guarded_equation_bit_transfer_train.jsonl,253,v673_train_eq_00188_d07ad6e1df,equation_transform,equation_numeric_colon_trailing_zero,40,51,259,50,1,False,True,True,40,True,40,True,0,0,0,0,1.0,
train,C:\Users\davis\Workspace\KG1 -NVIDIA\artifacts\v284_official_gate_worktree\artifacts\v673_guarded_equation_bit_transfer_dataset\20260519T190246Z\v673_guarded_equation_bit_transfer_train.jsonl,254,v673_train_bit_00206_043910b1b9,bit_manipulation,bit_exact_global_ternary_replay,10111101,26,233,25,1,False,True,True,10111101,True,10111101,True,0,0,0,0,0.35,
train,C:\Users\davis\Workspace\KG1 -NVIDIA\artifacts\v284_official_gate_worktree\artifacts\v673_guarded_equation_bit_transfer_dataset\20260519T190246Z\v673_guarded_equation_bit_transfer_train.jsonl,255,v673_train_eq_00357_a580819ab5,equation_transform,equation_numeric_minus_signed,4,54,259,53,1,False,True,True,4,True,4,True,0,0,0,0,1.0,
train,C:\Users\davis\Workspace\KG1 -NVIDIA\artifacts\v284_official_gate_worktree\artifacts\v673_guarded_equation_bit_transfer_dataset\20260519T190246Z\v673_guarded_equation_bit_transfer_train.jsonl,256,v673_train_bit_00125_bd21759fdd,bit_manipulation,bit_exact_global_binary_replay,00001000,26,203,25,1,False,True,True,00001000,True,00001000,True,0,0,0,0,0.35,
train,C:\Users\davis\Workspace\KG1 -NVIDIA\artifacts\v284_official_gate_worktree\artifacts\v673_guarded_equation_bit_transfer_dataset\20260519T190246Z\v673_guarded_equation_bit_transfer_train.jsonl,257,v673_train_eq_00176_55c95ebf68,equation_transform,equation_numeric_colon_trailing_zero,60,51,258,50,1,False,True,True,60,True,60,True,0,0,0,0,1.0,
train,C:\Users\davis\Workspace\KG1 -NVIDIA\artifacts\v284_official_gate_worktree\artifacts\v673_guarded_equation_bit_transfer_dataset\20260519T190246Z\v673_guarded_equation_bit_transfer_train.jsonl,258,v673_train_eq_00261_b931ef431e,equation_transform,equation_numeric_minus_signed,47,54,261,53,1,False,True,True,47,True,47,True,0,0,0,0,1.0,
train,C:\Users\davis\Workspace\KG1 -NVIDIA\artifacts\v284_official_gate_worktree\artifacts\v673_guarded_equation_bit_transfer_dataset\20260519T190246Z\v673_guarded_equation_bit_transfer_train.jsonl,259,v673_train_eq_00015_56f0034d69,equation_transform,equation_numeric_add_direct,132,46,237,45,1,False,True,True,132,True,132,True,0,0,0,0,1.0,
train,C:\Users\davis\Workspace\KG1 -NVIDIA\artifacts\v284_official_gate_worktree\artifacts\v673_guarded_equation_bit_transfer_dataset\20260519T190246Z\v673_guarded_equation_bit_transfer_train.jsonl,260,v673_train_eq_00467_edff78b32c,equation_transform,equation_numeric_minus_signed,11,54,261,53,1,False,True,True,11,True,11,True,0,0,0,0,1.0,
train,C:\Users\davis\Workspace\KG1 -NVIDIA\artifacts\v284_official_gate_worktree\artifacts\v673_guarded_equation_bit_transfer_dataset\20260519T190246Z\v673_guarded_equation_bit_transfer_train.jsonl,261,v673_train_eq_00013_51e064f3a4,equation_transform,equation_numeric_add_direct,169,46,237,45,1,False,True,True,169,True,169,True,0,0,0,0,1.0,
train,C:\Users\davis\Workspace\KG1 -NVIDIA\artifacts\v284_official_gate_worktree\artifacts\v673_guarded_equation_bit_transfer_dataset\20260519T190246Z\v673_guarded_equation_bit_transfer_train.jsonl,262,v673_train_bit_00008_f1653c8936,bit_manipulation,bit_exact_global_ternary_replay,11110010,26,231,25,1,False,True,True,11110010,True,11110010,True,0,0,0,0,0.35,
train,C:\Users\davis\Workspace\KG1 -NVIDIA\artifacts\v284_official_gate_worktree\artifacts\v673_guarded_equation_bit_transfer_dataset\20260519T190246Z\v673_guarded_equation_bit_transfer_train.jsonl,263,v673_train_eq_00260_e4eda6987d,equation_transform,equation_numeric_minus_signed,-14,54,268,53,1,False,True,True,-14,True,-14,True,0,0,0,0,1.0,
train,C:\Users\davis\Workspace\KG1 -NVIDIA\artifacts\v284_official_gate_worktree\artifacts\v673_guarded_equation_bit_transfer_dataset\20260519T190246Z\v673_guarded_equation_bit_transfer_train.jsonl,264,v673_train_bit_00133_545cd31cfc,bit_manipulation,bit_exact_global_binary_replay,11100111,26,203,25,1,False,True,True,11100111,True,11100111,True,0,0,0,0,0.35,
train,C:\Users\davis\Workspace\KG1 -NVIDIA\artifacts\v284_official_gate_worktree\artifacts\v673_guarded_equation_bit_transfer_dataset\20260519T190246Z\v673_guarded_equation_bit_transfer_train.jsonl,265,v673_train_eq_00202_283bd98ed4,equation_transform,equation_numeric_colon_trailing_zero,40,51,260,50,1,False,True,True,40,True,40,True,0,0,0,0,1.0,
train,C:\Users\davis\Workspace\KG1 -NVIDIA\artifacts\v284_official_gate_worktree\artifacts\v673_guarded_equation_bit_transfer_dataset\20260519T190246Z\v673_guarded_equation_bit_transfer_train.jsonl,266,v673_train_eq_00291_986415591e,equation_transform,equation_numeric_minus_signed,33,54,260,53,1,False,True,True,33,True,33,True,0,0,0,0,1.0,
train,C:\Users\davis\Workspace\KG1 -NVIDIA\artifacts\v284_official_gate_worktree\artifacts\v673_guarded_equation_bit_transfer_dataset\20260519T190246Z\v673_guarded_equation_bit_transfer_train.jsonl,267,v673_train_eq_00159_41dcf6b912,equation_transform,equation_numeric_colon_trailing_zero,70,51,259,50,1,False,True,True,70,True,70,True,0,0,0,0,1.0,
train,C:\Users\davis\Workspace\KG1 -NVIDIA\artifacts\v284_official_gate_worktree\artifacts\v673_guarded_equation_bit_transfer_dataset\20260519T190246Z\v673_guarded_equation_bit_transfer_train.jsonl,268,v673_train_eq_00106_cb79066e71,equation_transform,equation_numeric_add_direct,118,46,237,45,1,False,True,True,118,True,118,True,0,0,0,0,1.0,
train,C:\Users\davis\Workspace\KG1 -NVIDIA\artifacts\v284_official_gate_worktree\artifacts\v673_guarded_equation_bit_transfer_dataset\20260519T190246Z\v673_guarded_equation_bit_transfer_train.jsonl,269,v673_train_eq_00208_60a5388c6f,equation_transform,equation_numeric_colon_trailing_zero,40,51,260,50,1,False,True,True,40,True,40,True,0,0,0,0,1.0,
train,C:\Users\davis\Workspace\KG1 -NVIDIA\artifacts\v284_official_gate_worktree\artifacts\v673_guarded_equation_bit_transfer_dataset\20260519T190246Z\v673_guarded_equation_bit_transfer_train.jsonl,270,v673_train_eq_00140_6451980ead,equation_transform,equation_numeric_colon_trailing_zero,40,51,259,50,1,False,True,True,40,True,40,True,0,0,0,0,1.0,
train,C:\Users\davis\Workspace\KG1 -NVIDIA\artifacts\v284_official_gate_worktree\artifacts\v673_guarded_equation_bit_transfer_dataset\20260519T190246Z\v673_guarded_equation_bit_transfer_train.jsonl,271,v673_train_bit_00235_4ed9dd2cd3,bit_manipulation,bit_exact_global_ternary_replay,11000000,26,228,25,1,False,True,True,11000000,True,11000000,True,0,0,0,0,0.35,
train,C:\Users\davis\Workspace\KG1 -NVIDIA\artifacts\v284_official_gate_worktree\artifacts\v673_guarded_equation_bit_transfer_dataset\20260519T190246Z\v673_guarded_equation_bit_transfer_train.jsonl,272,v673_train_bit_00158_bf50c2ab4a,bit_manipulation,bit_exact_global_binary_replay,11101000,26,201,25,1,False,True,True,11101000,True,11101000,True,0,0,0,0,0.35,
train,C:\Users\davis\Workspace\KG1 -NVIDIA\artifacts\v284_official_gate_worktree\artifacts\v673_guarded_equation_bit_transfer_dataset\20260519T190246Z\v673_guarded_equation_bit_transfer_train.jsonl,273,v673_train_bit_00130_3f60930038,bit_manipulation,bit_fullbyte_ternary_v366_new,00001100,26,208,25,1,False,True,True,00001100,True,00001100,True,0,0,0,0,0.35,
train,C:\Users\davis\Workspace\KG1 -NVIDIA\artifacts\v284_official_gate_worktree\artifacts\v673_guarded_equation_bit_transfer_dataset\20260519T190246Z\v673_guarded_equation_bit_transfer_train.jsonl,274,v673_train_eq_00157_f16aec4025,equation_transform,equation_numeric_colon_trailing_zero,20,51,259,50,1,False,True,True,20,True,20,True,0,0,0,0,1.0,
train,C:\Users\davis\Workspace\KG1 -NVIDIA\artifacts\v284_official_gate_worktree\artifacts\v673_guarded_equation_bit_transfer_dataset\20260519T190246Z\v673_guarded_equation_bit_transfer_train.jsonl,275,v673_train_eq_00225_5d1bb1ade4,equation_transform,equation_numeric_colon_trailing_zero,20,51,259,50,1,False,True,True,20,True,20,True,0,0,0,0,1.0,
train,C:\Users\davis\Workspace\KG1 -NVIDIA\artifacts\v284_official_gate_worktree\artifacts\v673_guarded_equation_bit_transfer_dataset\20260519T190246Z\v673_guarded_equation_bit_transfer_train.jsonl,276,v673_train_eq_00012_3cdf8e9be9,equation_transform,equation_numeric_add_direct,83,46,237,45,1,False,True,True,83,True,83,True,0,0,0,0,1.0,
train,C:\Users\davis\Workspace\KG1 -NVIDIA\artifacts\v284_official_gate_worktree\artifacts\v673_guarded_equation_bit_transfer_dataset\20260519T190246Z\v673_guarded_equation_bit_transfer_train.jsonl,277,v673_train_bit_00088_422d6da2a6,bit_manipulation,bit_fullbyte_ternary_v366_new,01110010,26,210,25,1,False,True,True,01110010,True,01110010,True,0,0,0,0,0.35,
train,C:\Users\davis\Workspace\KG1 -NVIDIA\artifacts\v284_official_gate_worktree\artifacts\v673_guarded_equation_bit_transfer_dataset\20260519T190246Z\v673_guarded_equation_bit_transfer_train.jsonl,278,v673_train_eq_00197_f97154b2d8,equation_transform,equation_numeric_colon_trailing_zero,10,51,259,50,1,False,True,True,10,True,10,True,0,0,0,0,1.0,
train,C:\Users\davis\Workspace\KG1 -NVIDIA\artifacts\v284_official_gate_worktree\artifacts\v673_guarded_equation_bit_transfer_dataset\20260519T190246Z\v673_guarded_equation_bit_transfer_train.jsonl,279,v673_train_eq_00020_48cbf7a85e,equation_transform,equation_numeric_add_direct,159,46,238,45,1,False,True,True,159,True,159,True,0,0,0,0,1.0,
train,C:\Users\davis\Workspace\KG1 -NVIDIA\artifacts\v284_official_gate_worktree\artifacts\v673_guarded_equation_bit_transfer_dataset\20260519T190246Z\v673_guarded_equation_bit_transfer_train.jsonl,280,v673_train_eq_00134_e8847e2e63,equation_transform,equation_numeric_colon_trailing_zero,40,51,260,50,1,False,True,True,40,True,40,True,0,0,0,0,1.0,
train,C:\Users\davis\Workspace\KG1 -NVIDIA\artifacts\v284_official_gate_worktree\artifacts\v673_guarded_equation_bit_transfer_dataset\20260519T190246Z\v673_guarded_equation_bit_transfer_train.jsonl,281,v673_train_bit_00086_0d4b5ca516,bit_manipulation,bit_exact_global_ternary_replay,10111111,26,228,25,1,False,True,True,10111111,True,10111111,True,0,0,0,0,0.35,
train,C:\Users\davis\Workspace\KG1 -NVIDIA\artifacts\v284_official_gate_worktree\artifacts\v673_guarded_equation_bit_transfer_dataset\20260519T190246Z\v673_guarded_equation_bit_transfer_train.jsonl,282,v673_train_eq_00435_35a58b2482,equation_transform,equation_numeric_minus_signed,2,54,258,53,1,False,True,True,2,True,2,True,0,0,0,0,1.0,
train,C:\Users\davis\Workspace\KG1 -NVIDIA\artifacts\v284_official_gate_worktree\artifacts\v673_guarded_equation_bit_transfer_dataset\20260519T190246Z\v673_guarded_equation_bit_transfer_train.jsonl,283,v673_train_bit_00165_8cdd4e048c,bit_manipulation,bit_fullbyte_ternary_v366_new,00001000,26,210,25,1,False,True,True,00001000,True,00001000,True,0,0,0,0,0.35,
train,C:\Users\davis\Workspace\KG1 -NVIDIA\artifacts\v284_official_gate_worktree\artifacts\v673_guarded_equation_bit_transfer_dataset\20260519T190246Z\v673_guarded_equation_bit_transfer_train.jsonl,284,v673_train_bit_00169_63acb3dd55,bit_manipulation,bit_exact_global_ternary_replay,01101011,26,231,25,1,False,True,True,01101011,True,01101011,True,0,0,0,0,0.35,
train,C:\Users\davis\Workspace\KG1 -NVIDIA\artifacts\v284_official_gate_worktree\artifacts\v673_guarded_equation_bit_transfer_dataset\20260519T190246Z\v673_guarded_equation_bit_transfer_train.jsonl,285,v673_train_eq_00104_18eb236f3b,equation_transform,equation_numeric_add_direct,95,46,236,45,1,False,True,True,95,True,95,True,0,0,0,0,1.0,
train,C:\Users\davis\Workspace\KG1 -NVIDIA\artifacts\v284_official_gate_worktree\artifacts\v673_guarded_equation_bit_transfer_dataset\20260519T190246Z\v673_guarded_equation_bit_transfer_train.jsonl,286,v673_train_eq_00141_c46822abe5,equation_transform,equation_numeric_colon_trailing_zero,10,51,259,50,1,False,True,True,10,True,10,True,0,0,0,0,1.0,
train,C:\Users\davis\Workspace\KG1 -NVIDIA\artifacts\v284_official_gate_worktree\artifacts\v673_guarded_equation_bit_transfer_dataset\20260519T190246Z\v673_guarded_equation_bit_transfer_train.jsonl,287,v673_train_eq_00148_d848f76148,equation_transform,equation_numeric_colon_trailing_zero,10,51,260,50,1,False,True,True,10,True,10,True,0,0,0,0,1.0,
train,C:\Users\davis\Workspace\KG1 -NVIDIA\artifacts\v284_official_gate_worktree\artifacts\v673_guarded_equation_bit_transfer_dataset\20260519T190246Z\v673_guarded_equation_bit_transfer_train.jsonl,288,v673_train_eq_00018_f8b4da313f,equation_transform,equation_numeric_add_direct,131,46,237,45,1,False,True,True,131,True,131,True,0,0,0,0,1.0,
train,C:\Users\davis\Workspace\KG1 -NVIDIA\artifacts\v284_official_gate_worktree\artifacts\v673_guarded_equation_bit_transfer_dataset\20260519T190246Z\v673_guarded_equation_bit_transfer_train.jsonl,289,v673_train_eq_00052_dd883d7d76,equation_transform,equation_numeric_add_direct,150,46,239,45,1,False,True,True,150,True,150,True,0,0,0,0,1.0,
train,C:\Users\davis\Workspace\KG1 -NVIDIA\artifacts\v284_official_gate_worktree\artifacts\v673_guarded_equation_bit_transfer_dataset\20260519T190246Z\v673_guarded_equation_bit_transfer_train.jsonl,290,v673_train_eq_00317_0889f4f1d8,equation_transform,equation_numeric_minus_signed,8,54,259,53,1,False,True,True,8,True,8,True,0,0,0,0,1.0,
train,C:\Users\davis\Workspace\KG1 -NVIDIA\artifacts\v284_official_gate_worktree\artifacts\v673_guarded_equation_bit_transfer_dataset\20260519T190246Z\v673_guarded_equation_bit_transfer_train.jsonl,291,v673_train_bit_00077_947eeb3940,bit_manipulation,bit_exact_global_ternary_replay,00110101,26,233,25,1,False,True,True,00110101,True,00110101,True,0,0,0,0,0.35,
train,C:\Users\davis\Workspace\KG1 -NVIDIA\artifacts\v284_official_gate_worktree\artifacts\v673_guarded_equation_bit_transfer_dataset\20260519T190246Z\v673_guarded_equation_bit_transfer_train.jsonl,292,v673_train_eq_00362_94a3be7f6d,equation_transform,equation_numeric_minus_signed,-24,54,268,53,1,False,True,True,-24,True,-24,True,0,0,0,0,1.0,
train,C:\Users\davis\Workspace\KG1 -NVIDIA\artifacts\v284_official_gate_worktree\artifacts\v673_guarded_equation_bit_transfer_dataset\20260519T190246Z\v673_guarded_equation_bit_transfer_train.jsonl,293,v673_train_bit_00065_e4c1d82d36,bit_manipulation,bit_exact_global_binary_replay,00010000,26,203,25,1,False,True,True,00010000,True,00010000,True,0,0,0,0,0.35,
train,C:\Users\davis\Workspace\KG1 -NVIDIA\artifacts\v284_official_gate_worktree\artifacts\v673_guarded_equation_bit_transfer_dataset\20260519T190246Z\v673_guarded_equation_bit_transfer_train.jsonl,294,v673_train_eq_00120_1bf422dbe8,equation_transform,equation_numeric_colon_trailing_zero,20,51,260,50,1,False,True,True,20,True,20,True,0,0,0,0,1.0,
train,C:\Users\davis\Workspace\KG1 -NVIDIA\artifacts\v284_official_gate_worktree\artifacts\v673_guarded_equation_bit_transfer_dataset\20260519T190246Z\v673_guarded_equation_bit_transfer_train.jsonl,295,v673_train_eq_00266_8bb4fa9509,equation_transform,equation_numeric_minus_signed,-33,54,269,53,1,False,True,True,-33,True,-33,True,0,0,0,0,1.0,
train,C:\Users\davis\Workspace\KG1 -NVIDIA\artifacts\v284_official_gate_worktree\artifacts\v673_guarded_equation_bit_transfer_dataset\20260519T190246Z\v673_guarded_equation_bit_transfer_train.jsonl,296,v673_train_eq_00014_483d037e53,equation_transform,equation_numeric_add_direct,87,46,236,45,1,False,True,True,87,True,87,True,0,0,0,0,1.0,
train,C:\Users\davis\Workspace\KG1 -NVIDIA\artifacts\v284_official_gate_worktree\artifacts\v673_guarded_equation_bit_transfer_dataset\20260519T190246Z\v673_guarded_equation_bit_transfer_train.jsonl,297,v673_train_eq_00356_84e60a97f3,equation_transform,equation_numeric_minus_signed,-38,54,269,53,1,False,True,True,-38,True,-38,True,0,0,0,0,1.0,
train,C:\Users\davis\Workspace\KG1 -NVIDIA\artifacts\v284_official_gate_worktree\artifacts\v673_guarded_equation_bit_transfer_dataset\20260519T190246Z\v673_guarded_equation_bit_transfer_train.jsonl,298,v673_train_eq_00068_f99534c7aa,equation_transform,equation_numeric_add_direct,85,46,237,45,1,False,True,True,85,True,85,True,0,0,0,0,1.0,
train,C:\Users\davis\Workspace\KG1 -NVIDIA\artifacts\v284_official_gate_worktree\artifacts\v673_guarded_equation_bit_transfer_dataset\20260519T190246Z\v673_guarded_equation_bit_transfer_train.jsonl,299,v673_train_eq_00264_4b0c72d30b,equation_transform,equation_numeric_minus_signed,-34,54,268,53,1,False,True,True,-34,True,-34,True,0,0,0,0,1.0,
train,C:\Users\davis\Workspace\KG1 -NVIDIA\artifacts\v284_official_gate_worktree\artifacts\v673_guarded_equation_bit_transfer_dataset\20260519T190246Z\v673_guarded_equation_bit_transfer_train.jsonl,300,v673_train_eq_00111_6f6e3f606d,equation_transform,equation_numeric_add_direct,176,46,238,45,1,False,True,True,176,True,176,True,0,0,0,0,1.0,
train,C:\Users\davis\Workspace\KG1 -NVIDIA\artifacts\v284_official_gate_worktree\artifacts\v673_guarded_equation_bit_transfer_dataset\20260519T190246Z\v673_guarded_equation_bit_transfer_train.jsonl,301,v673_train_eq_00464_cd3aabecb2,equation_transform,equation_numeric_minus_signed,-1,54,267,53,1,False,True,True,-1,True,-1,True,0,0,0,0,1.0,
train,C:\Users\davis\Workspace\KG1 -NVIDIA\artifacts\v284_official_gate_worktree\artifacts\v673_guarded_equation_bit_transfer_dataset\20260519T190246Z\v673_guarded_equation_bit_transfer_train.jsonl,302,v673_train_eq_00455_ef9416013c,equation_transform,equation_numeric_minus_signed,11,54,261,53,1,False,True,True,11,True,11,True,0,0,0,0,1.0,
train,C:\Users\davis\Workspace\KG1 -NVIDIA\artifacts\v284_official_gate_worktree\artifacts\v673_guarded_equation_bit_transfer_dataset\20260519T190246Z\v673_guarded_equation_bit_transfer_train.jsonl,303,v673_train_eq_00244_ddf92a01c9,equation_transform,equation_numeric_minus_signed,-61,54,269,53,1,False,True,True,-61,True,-61,True,0,0,0,0,1.0,
train,C:\Users\davis\Workspace\KG1 -NVIDIA\artifacts\v284_official_gate_worktree\artifacts\v673_guarded_equation_bit_transfer_dataset\20260519T190246Z\v673_guarded_equation_bit_transfer_train.jsonl,304,v673_train_bit_00099_45c82c2929,bit_manipulation,bit_fullbyte_ternary_v366_new,10001110,26,210,25,1,False,True,True,10001110,True,10001110,True,0,0,0,0,0.35,
train,C:\Users\davis\Workspace\KG1 -NVIDIA\artifacts\v284_official_gate_worktree\artifacts\v673_guarded_equation_bit_transfer_dataset\20260519T190246Z\v673_guarded_equation_bit_transfer_train.jsonl,305,v673_train_bit_00121_530925bd26,bit_manipulation,bit_exact_global_binary_replay,11111000,26,201,25,1,False,True,True,11111000,True,11111000,True,0,0,0,0,0.35,
train,C:\Users\davis\Workspace\KG1 -NVIDIA\artifacts\v284_official_gate_worktree\artifacts\v673_guarded_equation_bit_transfer_dataset\20260519T190246Z\v673_guarded_equation_bit_transfer_train.jsonl,306,v673_train_eq_00389_8edfcd963d,equation_transform,equation_numeric_minus_signed,8,54,260,53,1,False,True,True,8,True,8,True,0,0,0,0,1.0,
train,C:\Users\davis\Workspace\KG1 -NVIDIA\artifacts\v284_official_gate_worktree\artifacts\v673_guarded_equation_bit_transfer_dataset\20260519T190246Z\v673_guarded_equation_bit_transfer_train.jsonl,307,v673_train_eq_00431_edac63d3f9,equation_transform,equation_numeric_minus_signed,83,54,262,53,1,False,True,True,83,True,83,True,0,0,0,0,1.0,
train,C:\Users\davis\Workspace\KG1 -NVIDIA\artifacts\v284_official_gate_worktree\artifacts\v673_guarded_equation_bit_transfer_dataset\20260519T190246Z\v673_guarded_equation_bit_transfer_train.jsonl,308,v673_train_eq_00355_9e53298199,equation_transform,equation_numeric_minus_signed,4,54,259,53,1,False,True,True,4,True,4,True,0,0,0,0,1.0,
train,C:\Users\davis\Workspace\KG1 -NVIDIA\artifacts\v284_official_gate_worktree\artifacts\v673_guarded_equation_bit_transfer_dataset\20260519T190246Z\v673_guarded_equation_bit_transfer_train.jsonl,309,v673_train_eq_00170_f227adb25e,equation_transform,equation_numeric_colon_trailing_zero,20,51,260,50,1,False,True,True,20,True,20,True,0,0,0,0,1.0,
train,C:\Users\davis\Workspace\KG1 -NVIDIA\artifacts\v284_official_gate_worktree\artifacts\v673_guarded_equation_bit_transfer_dataset\20260519T190246Z\v673_guarded_equation_bit_transfer_train.jsonl,310,v673_train_eq_00006_07adb69e6a,equation_transform,equation_numeric_add_direct,82,46,235,45,1,False,True,True,82,True,82,True,0,0,0,0,1.0,
train,C:\Users\davis\Workspace\KG1 -NVIDIA\artifacts\v284_official_gate_worktree\artifacts\v673_guarded_equation_bit_transfer_dataset\20260519T190246Z\v673_guarded_equation_bit_transfer_train.jsonl,311,v673_train_eq_00087_7989f3eada,equation_transform,equation_numeric_add_direct,148,46,235,45,1,False,True,True,148,True,148,True,0,0,0,0,1.0,
train,C:\Users\davis\Workspace\KG1 -NVIDIA\artifacts\v284_official_gate_worktree\artifacts\v673_guarded_equation_bit_transfer_dataset\20260519T190246Z\v673_guarded_equation_bit_transfer_train.jsonl,312,v673_train_eq_00350_95c04449c9,equation_transform,equation_numeric_minus_signed,-34,54,268,53,1,False,True,True,-34,True,-34,True,0,0,0,0,1.0,
train,C:\Users\davis\Workspace\KG1 -NVIDIA\artifacts\v284_official_gate_worktree\artifacts\v673_guarded_equation_bit_transfer_dataset\20260519T190246Z\v673_guarded_equation_bit_transfer_train.jsonl,313,v673_train_bit_00151_8196d10c5a,bit_manipulation,bit_fullbyte_ternary_v366_new,01110111,26,210,25,1,False,True,True,01110111,True,01110111,True,0,0,0,0,0.35,
train,C:\Users\davis\Workspace\KG1 -NVIDIA\artifacts\v284_official_gate_worktree\artifacts\v673_guarded_equation_bit_transfer_dataset\20260519T190246Z\v673_guarded_equation_bit_transfer_train.jsonl,314,v673_train_eq_00139_fd9e30b535,equation_transform,equation_numeric_colon_trailing_zero,10,51,260,50,1,False,True,True,10,True,10,True,0,0,0,0,1.0,
train,C:\Users\davis\Workspace\KG1 -NVIDIA\artifacts\v284_official_gate_worktree\artifacts\v673_guarded_equation_bit_transfer_dataset\20260519T190246Z\v673_guarded_equation_bit_transfer_train.jsonl,315,v673_train_eq_00008_dee98cd5f5,equation_transform,equation_numeric_add_direct,95,46,236,45,1,False,True,True,95,True,95,True,0,0,0,0,1.0,
train,C:\Users\davis\Workspace\KG1 -NVIDIA\artifacts\v284_official_gate_worktree\artifacts\v673_guarded_equation_bit_transfer_dataset\20260519T190246Z\v673_guarded_equation_bit_transfer_train.jsonl,316,v673_train_bit_00227_1e03ca7299,bit_manipulation,bit_exact_global_binary_replay,11110111,26,201,25,1,False,True,True,11110111,True,11110111,True,0,0,0,0,0.35,
train,C:\Users\davis\Workspace\KG1 -NVIDIA\artifacts\v284_official_gate_worktree\artifacts\v673_guarded_equation_bit_transfer_dataset\20260519T190246Z\v673_guarded_equation_bit_transfer_train.jsonl,317,v673_train_bit_00189_bdc2d99b55,bit_manipulation,bit_fullbyte_ternary_v366_new,01001010,26,208,25,1,False,True,True,01001010,True,01001010,True,0,0,0,0,0.35,
train,C:\Users\davis\Workspace\KG1 -NVIDIA\artifacts\v284_official_gate_worktree\artifacts\v673_guarded_equation_bit_transfer_dataset\20260519T190246Z\v673_guarded_equation_bit_transfer_train.jsonl,318,v673_train_eq_00205_8785b6650a,equation_transform,equation_numeric_colon_trailing_zero,40,51,260,50,1,False,True,True,40,True,40,True,0,0,0,0,1.0,
train,C:\Users\davis\Workspace\KG1 -NVIDIA\artifacts\v284_official_gate_worktree\artifacts\v673_guarded_equation_bit_transfer_dataset\20260519T190246Z\v673_guarded_equation_bit_transfer_train.jsonl,319,v673_train_eq_00442_9b90be2b31,equation_transform,equation_numeric_minus_signed,-38,54,269,53,1,False,True,True,-38,True,-38,True,0,0,0,0,1.0,
train,C:\Users\davis\Workspace\KG1 -NVIDIA\artifacts\v284_official_gate_worktree\artifacts\v673_guarded_equation_bit_transfer_dataset\20260519T190246Z\v673_guarded_equation_bit_transfer_train.jsonl,320,v673_train_eq_00230_48cc5ff311,equation_transform,equation_numeric_colon_trailing_zero,30,51,260,50,1,False,True,True,30,True,30,True,0,0,0,0,1.0,
train,C:\Users\davis\Workspace\KG1 -NVIDIA\artifacts\v284_official_gate_worktree\artifacts\v673_guarded_equation_bit_transfer_dataset\20260519T190246Z\v673_guarded_equation_bit_transfer_train.jsonl,321,v673_train_eq_00097_987b606963,equation_transform,equation_numeric_add_direct,46,46,235,45,1,False,True,True,46,True,46,True,0,0,0,0,1.0,
train,C:\Users\davis\Workspace\KG1 -NVIDIA\artifacts\v284_official_gate_worktree\artifacts\v673_guarded_equation_bit_transfer_dataset\20260519T190246Z\v673_guarded_equation_bit_transfer_train.jsonl,322,v673_train_eq_00376_2bccf08b8f,equation_transform,equation_numeric_minus_signed,-64,54,266,53,1,False,True,True,-64,True,-64,True,0,0,0,0,1.0,
train,C:\Users\davis\Workspace\KG1 -NVIDIA\artifacts\v284_official_gate_worktree\artifacts\v673_guarded_equation_bit_transfer_dataset\20260519T190246Z\v673_guarded_equation_bit_transfer_train.jsonl,323,v673_train_eq_00339_26a1d5fd05,equation_transform,equation_numeric_minus_signed,23,54,262,53,1,False,True,True,23,True,23,True,0,0,0,0,1.0,
train,C:\Users\davis\Workspace\KG1 -NVIDIA\artifacts\v284_official_gate_worktree\artifacts\v673_guarded_equation_bit_transfer_dataset\20260519T190246Z\v673_guarded_equation_bit_transfer_train.jsonl,324,v673_train_bit_00102_a079d757d5,bit_manipulation,bit_exact_global_binary_replay,11111111,26,201,25,1,False,True,True,11111111,True,11111111,True,0,0,0,0,0.35,
train,C:\Users\davis\Workspace\KG1 -NVIDIA\artifacts\v284_official_gate_worktree\artifacts\v673_guarded_equation_bit_transfer_dataset\20260519T190246Z\v673_guarded_equation_bit_transfer_train.jsonl,325,v673_train_bit_00179_6b2277c7e1,bit_manipulation,bit_exact_global_ternary_replay,10110001,26,227,25,1,False,True,True,10110001,True,10110001,True,0,0,0,0,0.35,
train,C:\Users\davis\Workspace\KG1 -NVIDIA\artifacts\v284_official_gate_worktree\artifacts\v673_guarded_equation_bit_transfer_dataset\20260519T190246Z\v673_guarded_equation_bit_transfer_train.jsonl,326,v673_train_bit_00171_98fc29d9d5,bit_manipulation,bit_exact_global_ternary_replay,01110111,26,228,25,1,False,True,True,01110111,True,01110111,True,0,0,0,0,0.35,
train,C:\Users\davis\Workspace\KG1 -NVIDIA\artifacts\v284_official_gate_worktree\artifacts\v673_guarded_equation_bit_transfer_dataset\20260519T190246Z\v673_guarded_equation_bit_transfer_train.jsonl,327,v673_train_eq_00458_b31c9cf7f4,equation_transform,equation_numeric_minus_signed,-26,54,269,53,1,False,True,True,-26,True,-26,True,0,0,0,0,1.0,
train,C:\Users\davis\Workspace\KG1 -NVIDIA\artifacts\v284_official_gate_worktree\artifacts\v673_guarded_equation_bit_transfer_dataset\20260519T190246Z\v673_guarded_equation_bit_transfer_train.jsonl,328,v673_train_eq_00349_a3e605e8ed,equation_transform,equation_numeric_minus_signed,25,54,262,53,1,False,True,True,25,True,25,True,0,0,0,0,1.0,
train,C:\Users\davis\Workspace\KG1 -NVIDIA\artifacts\v284_official_gate_worktree\artifacts\v673_guarded_equation_bit_transfer_dataset\20260519T190246Z\v673_guarded_equation_bit_transfer_train.jsonl,329,v673_train_bit_00119_15d95d7bfa,bit_manipulation,bit_fullbyte_ternary_v366_new,10000000,26,208,25,1,False,True,True,10000000,True,10000000,True,0,0,0,0,0.35,
train,C:\Users\davis\Workspace\KG1 -NVIDIA\artifacts\v284_official_gate_worktree\artifacts\v673_guarded_equation_bit_transfer_dataset\20260519T190246Z\v673_guarded_equation_bit_transfer_train.jsonl,330,v673_train_eq_00465_747bb3ce6a,equation_transform,equation_numeric_minus_signed,68,54,262,53,1,False,True,True,68,True,68,True,0,0,0,0,1.0,
train,C:\Users\davis\Workspace\KG1 -NVIDIA\artifacts\v284_official_gate_worktree\artifacts\v673_guarded_equation_bit_transfer_dataset\20260519T190246Z\v673_guarded_equation_bit_transfer_train.jsonl,331,v673_train_bit_00029_1364aee3dc,bit_manipulation,bit_exact_global_ternary_replay,11111111,26,231,25,1,False,True,True,11111111,True,11111111,True,0,0,0,0,0.35,
train,C:\Users\davis\Workspace\KG1 -NVIDIA\artifacts\v284_official_gate_worktree\artifacts\v673_guarded_equation_bit_transfer_dataset\20260519T190246Z\v673_guarded_equation_bit_transfer_train.jsonl,332,v673_train_eq_00262_9d7199574f,equation_transform,equation_numeric_minus_signed,-28,54,269,53,1,False,True,True,-28,True,-28,True,0,0,0,0,1.0,
train,C:\Users\davis\Workspace\KG1 -NVIDIA\artifacts\v284_official_gate_worktree\artifacts\v673_guarded_equation_bit_transfer_dataset\20260519T190246Z\v673_guarded_equation_bit_transfer_train.jsonl,333,v673_train_eq_00346_920aef1722,equation_transform,equation_numeric_minus_signed,-52,54,269,53,1,False,True,True,-52,True,-52,True,0,0,0,0,1.0,
train,C:\Users\davis\Workspace\KG1 -NVIDIA\artifacts\v284_official_gate_worktree\artifacts\v673_guarded_equation_bit_transfer_dataset\20260519T190246Z\v673_guarded_equation_bit_transfer_train.jsonl,334,v673_train_bit_00184_bcac50a91d,bit_manipulation,bit_fullbyte_ternary_v366_new,00101101,26,208,25,1,False,True,True,00101101,True,00101101,True,0,0,0,0,0.35,
train,C:\Users\davis\Workspace\KG1 -NVIDIA\artifacts\v284_official_gate_worktree\artifacts\v673_guarded_equation_bit_transfer_dataset\20260519T190246Z\v673_guarded_equation_bit_transfer_train.jsonl,335,v673_train_eq_00194_eedcc5a8b6,equation_transform,equation_numeric_colon_trailing_zero,40,51,260,50,1,False,True,True,40,True,40,True,0,0,0,0,1.0,
train,C:\Users\davis\Workspace\KG1 -NVIDIA\artifacts\v284_official_gate_worktree\artifacts\v673_guarded_equation_bit_transfer_dataset\20260519T190246Z\v673_guarded_equation_bit_transfer_train.jsonl,336,v673_train_eq_00038_1b0bd0bf27,equation_transform,equation_numeric_add_direct,84,46,237,45,1,False,True,True,84,True,84,True,0,0,0,0,1.0,
train,C:\Users\davis\Workspace\KG1 -NVIDIA\artifacts\v284_official_gate_worktree\artifacts\v673_guarded_equation_bit_transfer_dataset\20260519T190246Z\v673_guarded_equation_bit_transfer_train.jsonl,337,v673_train_eq_00297_faa6d97fdc,equation_transform,equation_numeric_minus_signed,1,54,260,53,1,False,True,True,1,True,1,True,0,0,0,0,1.0,
train,C:\Users\davis\Workspace\KG1 -NVIDIA\artifacts\v284_official_gate_worktree\artifacts\v673_guarded_equation_bit_transfer_dataset\20260519T190246Z\v673_guarded_equation_bit_transfer_train.jsonl,338,v673_train_bit_00201_a74b0c47ff,bit_manipulation,bit_exact_global_ternary_replay,01100111,26,228,25,1,False,True,True,01100111,True,01100111,True,0,0,0,0,0.35,
train,C:\Users\davis\Workspace\KG1 -NVIDIA\artifacts\v284_official_gate_worktree\artifacts\v673_guarded_equation_bit_transfer_dataset\20260519T190246Z\v673_guarded_equation_bit_transfer_train.jsonl,339,v673_train_bit_00036_f6b1ef7b14,bit_manipulation,bit_fullbyte_ternary_v366_new,00001000,26,210,25,1,False,True,True,00001000,True,00001000,True,0,0,0,0,0.35,
train,C:\Users\davis\Workspace\KG1 -NVIDIA\artifacts\v284_official_gate_worktree\artifacts\v673_guarded_equation_bit_transfer_dataset\20260519T190246Z\v673_guarded_equation_bit_transfer_train.jsonl,340,v673_train_bit_00129_77d9780a26,bit_manipulation,bit_exact_global_binary_replay,11111000,26,201,25,1,False,True,True,11111000,True,11111000,True,0,0,0,0,0.35,
train,C:\Users\davis\Workspace\KG1 -NVIDIA\artifacts\v284_official_gate_worktree\artifacts\v673_guarded_equation_bit_transfer_dataset\20260519T190246Z\v673_guarded_equation_bit_transfer_train.jsonl,341,v673_train_eq_00001_7417d38816,equation_transform,equation_numeric_add_direct,87,46,234,45,1,False,True,True,87,True,87,True,0,0,0,0,1.0,
train,C:\Users\davis\Workspace\KG1 -NVIDIA\artifacts\v284_official_gate_worktree\artifacts\v673_guarded_equation_bit_transfer_dataset\20260519T190246Z\v673_guarded_equation_bit_transfer_train.jsonl,342,v673_train_eq_00191_f273f71a42,equation_transform,equation_numeric_colon_trailing_zero,70,51,260,50,1,False,True,True,70,True,70,True,0,0,0,0,1.0,
train,C:\Users\davis\Workspace\KG1 -NVIDIA\artifacts\v284_official_gate_worktree\artifacts\v673_guarded_equation_bit_transfer_dataset\20260519T190246Z\v673_guarded_equation_bit_transfer_train.jsonl,343,v673_train_eq_00060_a4591b79d6,equation_transform,equation_numeric_add_direct,171,46,237,45,1,False,True,True,171,True,171,True,0,0,0,0,1.0,
train,C:\Users\davis\Workspace\KG1 -NVIDIA\artifacts\v284_official_gate_worktree\artifacts\v673_guarded_equation_bit_transfer_dataset\20260519T190246Z\v673_guarded_equation_bit_transfer_train.jsonl,344,v673_train_eq_00281_46534e5f6b,equation_transform,equation_numeric_minus_signed,7,54,259,53,1,False,True,True,7,True,7,True,0,0,0,0,1.0,
train,C:\Users\davis\Workspace\KG1 -NVIDIA\artifacts\v284_official_gate_worktree\artifacts\v673_guarded_equation_bit_transfer_dataset\20260519T190246Z\v673_guarded_equation_bit_transfer_train.jsonl,345,v673_train_eq_00119_fb3be9e670,equation_transform,equation_numeric_add_direct,98,46,236,45,1,False,True,True,98,True,98,True,0,0,0,0,1.0,
train,C:\Users\davis\Workspace\KG1 -NVIDIA\artifacts\v284_official_gate_worktree\artifacts\v673_guarded_equation_bit_transfer_dataset\20260519T190246Z\v673_guarded_equation_bit_transfer_train.jsonl,346,v673_train_eq_00381_73e1bfa3e2,equation_transform,equation_numeric_minus_signed,12,54,262,53,1,False,True,True,12,True,12,True,0,0,0,0,1.0,
train,C:\Users\davis\Workspace\KG1 -NVIDIA\artifacts\v284_official_gate_worktree\artifacts\v673_guarded_equation_bit_transfer_dataset\20260519T190246Z\v673_guarded_equation_bit_transfer_train.jsonl,347,v673_train_eq_00069_bd3c83e33c,equation_transform,equation_numeric_add_direct,58,46,236,45,1,False,True,True,58,True,58,True,0,0,0,0,1.0,
train,C:\Users\davis\Workspace\KG1 -NVIDIA\artifacts\v284_official_gate_worktree\artifacts\v673_guarded_equation_bit_transfer_dataset\20260519T190246Z\v673_guarded_equation_bit_transfer_train.jsonl,348,v673_train_bit_00021_ee786b39fc,bit_manipulation,bit_exact_global_ternary_replay,10100101,26,228,25,1,False,True,True,10100101,True,10100101,True,0,0,0,0,0.35,
train,C:\Users\davis\Workspace\KG1 -NVIDIA\artifacts\v284_official_gate_worktree\artifacts\v673_guarded_equation_bit_transfer_dataset\20260519T190246Z\v673_guarded_equation_bit_transfer_train.jsonl,349,v673_train_eq_00336_6b948dbf65,equation_transform,equation_numeric_minus_signed,-29,54,267,53,1,False,True,True,-29,True,-29,True,0,0,0,0,1.0,
train,C:\Users\davis\Workspace\KG1 -NVIDIA\artifacts\v284_official_gate_worktree\artifacts\v673_guarded_equation_bit_transfer_dataset\20260519T190246Z\v673_guarded_equation_bit_transfer_train.jsonl,350,v673_train_bit_00128_30d2d1cf4d,bit_manipulation,bit_exact_global_ternary_replay,01011111,26,231,25,1,False,True,True,01011111,True,01011111,True,0,0,0,0,0.35,
train,C:\Users\davis\Workspace\KG1 -NVIDIA\artifacts\v284_official_gate_worktree\artifacts\v673_guarded_equation_bit_transfer_dataset\20260519T190246Z\v673_guarded_equation_bit_transfer_train.jsonl,351,v673_train_eq_00036_d0f13eb459,equation_transform,equation_numeric_add_direct,168,46,239,45,1,False,True,True,168,True,168,True,0,0,0,0,1.0,
train,C:\Users\davis\Workspace\KG1 -NVIDIA\artifacts\v284_official_gate_worktree\artifacts\v673_guarded_equation_bit_transfer_dataset\20260519T190246Z\v673_guarded_equation_bit_transfer_train.jsonl,352,v673_train_eq_00386_c60ea9391a,equation_transform,equation_numeric_minus_signed,-36,54,267,53,1,False,True,True,-36,True,-36,True,0,0,0,0,1.0,
train,C:\Users\davis\Workspace\KG1 -NVIDIA\artifacts\v284_official_gate_worktree\artifacts\v673_guarded_equation_bit_transfer_dataset\20260519T190246Z\v673_guarded_equation_bit_transfer_train.jsonl,353,v673_train_bit_00095_9e351949d4,bit_manipulation,bit_exact_global_ternary_replay,00101010,26,233,25,1,False,True,True,00101010,True,00101010,True,0,0,0,0,0.35,
train,C:\Users\davis\Workspace\KG1 -NVIDIA\artifacts\v284_official_gate_worktree\artifacts\v673_guarded_equation_bit_transfer_dataset\20260519T190246Z\v673_guarded_equation_bit_transfer_train.jsonl,354,v673_train_eq_00117_63207c4808,equation_transform,equation_numeric_add_direct,43,46,236,45,1,False,True,True,43,True,43,True,0,0,0,0,1.0,
train,C:\Users\davis\Workspace\KG1 -NVIDIA\artifacts\v284_official_gate_worktree\artifacts\v673_guarded_equation_bit_transfer_dataset\20260519T190246Z\v673_guarded_equation_bit_transfer_train.jsonl,355,v673_train_eq_00084_b968bad067,equation_transform,equation_numeric_add_direct,59,46,235,45,1,False,True,True,59,True,59,True,0,0,0,0,1.0,
train,C:\Users\davis\Workspace\KG1 -NVIDIA\artifacts\v284_official_gate_worktree\artifacts\v673_guarded_equation_bit_transfer_dataset\20260519T190246Z\v673_guarded_equation_bit_transfer_train.jsonl,356,v673_train_bit_00044_279d5e82de,bit_manipulation,bit_exact_global_ternary_replay,11111010,26,231,25,1,False,True,True,11111010,True,11111010,True,0,0,0,0,0.35,
train,C:\Users\davis\Workspace\KG1 -NVIDIA\artifacts\v284_official_gate_worktree\artifacts\v673_guarded_equation_bit_transfer_dataset\20260519T190246Z\v673_guarded_equation_bit_transfer_train.jsonl,357,v673_train_eq_00116_ea63a4a815,equation_transform,equation_numeric_add_direct,142,46,238,45,1,False,True,True,142,True,142,True,0,0,0,0,1.0,
train,C:\Users\davis\Workspace\KG1 -NVIDIA\artifacts\v284_official_gate_worktree\artifacts\v673_guarded_equation_bit_transfer_dataset\20260519T190246Z\v673_guarded_equation_bit_transfer_train.jsonl,358,v673_train_eq_00029_dca4a2055b,equation_transform,equation_numeric_add_direct,67,46,234,45,1,False,True,True,67,True,67,True,0,0,0,0,1.0,
train,C:\Users\davis\Workspace\KG1 -NVIDIA\artifacts\v284_official_gate_worktree\artifacts\v673_guarded_equation_bit_transfer_dataset\20260519T190246Z\v673_guarded_equation_bit_transfer_train.jsonl,359,v673_train_eq_00360_3fe53629e1,equation_transform,equation_numeric_minus_signed,-45,54,267,53,1,False,True,True,-45,True,-45,True,0,0,0,0,1.0,
train,C:\Users\davis\Workspace\KG1 -NVIDIA\artifacts\v284_official_gate_worktree\artifacts\v673_guarded_equation_bit_transfer_dataset\20260519T190246Z\v673_guarded_equation_bit_transfer_train.jsonl,360,v673_train_bit_00056_6ec4b2101c,bit_manipulation,bit_exact_global_ternary_replay,10111101,26,233,25,1,False,True,True,10111101,True,10111101,True,0,0,0,0,0.35,
train,C:\Users\davis\Workspace\KG1 -NVIDIA\artifacts\v284_official_gate_worktree\artifacts\v673_guarded_equation_bit_transfer_dataset\20260519T190246Z\v673_guarded_equation_bit_transfer_train.jsonl,361,v673_train_bit_00132_89789e56b2,bit_manipulation,bit_exact_global_ternary_replay,11011111,26,231,25,1,False,True,True,11011111,True,11011111,True,0,0,0,0,0.35,
train,C:\Users\davis\Workspace\KG1 -NVIDIA\artifacts\v284_official_gate_worktree\artifacts\v673_guarded_equation_bit_transfer_dataset\20260519T190246Z\v673_guarded_equation_bit_transfer_train.jsonl,362,v673_train_eq_00254_e4df143ff7,equation_transform,equation_numeric_minus_signed,-25,54,268,53,1,False,True,True,-25,True,-25,True,0,0,0,0,1.0,
train,C:\Users\davis\Workspace\KG1 -NVIDIA\artifacts\v284_official_gate_worktree\artifacts\v673_guarded_equation_bit_transfer_dataset\20260519T190246Z\v673_guarded_equation_bit_transfer_train.jsonl,363,v673_train_bit_00157_b23825683c,bit_manipulation,bit_fullbyte_ternary_v366_new,00101101,26,208,25,1,False,True,True,00101101,True,00101101,True,0,0,0,0,0.35,
train,C:\Users\davis\Workspace\KG1 -NVIDIA\artifacts\v284_official_gate_worktree\artifacts\v673_guarded_equation_bit_transfer_dataset\20260519T190246Z\v673_guarded_equation_bit_transfer_train.jsonl,364,v673_train_eq_00227_3a7e17010b,equation_transform,equation_numeric_colon_trailing_zero,70,51,260,50,1,False,True,True,70,True,70,True,0,0,0,0,1.0,
train,C:\Users\davis\Workspace\KG1 -NVIDIA\artifacts\v284_official_gate_worktree\artifacts\v673_guarded_equation_bit_transfer_dataset\20260519T190246Z\v673_guarded_equation_bit_transfer_train.jsonl,365,v673_train_bit_00087_5cc6aa9639,bit_manipulation,bit_exact_global_binary_replay,11110101,26,201,25,1,False,True,True,11110101,True,11110101,True,0,0,0,0,0.35,
train,C:\Users\davis\Workspace\KG1 -NVIDIA\artifacts\v284_official_gate_worktree\artifacts\v673_guarded_equation_bit_transfer_dataset\20260519T190246Z\v673_guarded_equation_bit_transfer_train.jsonl,366,v673_train_eq_00301_f583c727ba,equation_transform,equation_numeric_minus_signed,58,54,260,53,1,False,True,True,58,True,58,True,0,0,0,0,1.0,
train,C:\Users\davis\Workspace\KG1 -NVIDIA\artifacts\v284_official_gate_worktree\artifacts\v673_guarded_equation_bit_transfer_dataset\20260519T190246Z\v673_guarded_equation_bit_transfer_train.jsonl,367,v673_train_eq_00418_e754f4c553,equation_transform,equation_numeric_minus_signed,-25,54,268,53,1,False,True,True,-25,True,-25,True,0,0,0,0,1.0,
train,C:\Users\davis\Workspace\KG1 -NVIDIA\artifacts\v284_official_gate_worktree\artifacts\v673_guarded_equation_bit_transfer_dataset\20260519T190246Z\v673_guarded_equation_bit_transfer_train.jsonl,368,v673_train_eq_00189_5d2ac928b0,equation_transform,equation_numeric_colon_trailing_zero,20,51,259,50,1,False,True,True,20,True,20,True,0,0,0,0,1.0,
train,C:\Users\davis\Workspace\KG1 -NVIDIA\artifacts\v284_official_gate_worktree\artifacts\v673_guarded_equation_bit_transfer_dataset\20260519T190246Z\v673_guarded_equation_bit_transfer_train.jsonl,369,v673_train_eq_00406_bb4414d764,equation_transform,equation_numeric_minus_signed,-12,54,268,53,1,False,True,True,-12,True,-12,True,0,0,0,0,1.0,
train,C:\Users\davis\Workspace\KG1 -NVIDIA\artifacts\v284_official_gate_worktree\artifacts\v673_guarded_equation_bit_transfer_dataset\20260519T190246Z\v673_guarded_equation_bit_transfer_train.jsonl,370,v673_train_eq_00154_eb1e9780fb,equation_transform,equation_numeric_colon_trailing_zero,40,51,260,50,1,False,True,True,40,True,40,True,0,0,0,0,1.0,
train,C:\Users\davis\Workspace\KG1 -NVIDIA\artifacts\v284_official_gate_worktree\artifacts\v673_guarded_equation_bit_transfer_dataset\20260519T190246Z\v673_guarded_equation_bit_transfer_train.jsonl,371,v673_train_eq_00184_7ac6040cb9,equation_transform,equation_numeric_colon_trailing_zero,10,51,258,50,1,False,True,True,10,True,10,True,0,0,0,0,1.0,
train,C:\Users\davis\Workspace\KG1 -NVIDIA\artifacts\v284_official_gate_worktree\artifacts\v673_guarded_equation_bit_transfer_dataset\20260519T190246Z\v673_guarded_equation_bit_transfer_train.jsonl,372,v673_train_eq_00294_01184f47b3,equation_transform,equation_numeric_minus_signed,-27,54,267,53,1,False,True,True,-27,True,-27,True,0,0,0,0,1.0,
train,C:\Users\davis\Workspace\KG1 -NVIDIA\artifacts\v284_official_gate_worktree\artifacts\v673_guarded_equation_bit_transfer_dataset\20260519T190246Z\v673_guarded_equation_bit_transfer_train.jsonl,373,v673_train_bit_00136_9359162d78,bit_manipulation,bit_fullbyte_ternary_v366_new,11111111,26,210,25,1,False,True,True,11111111,True,11111111,True,0,0,0,0,0.35,
train,C:\Users\davis\Workspace\KG1 -NVIDIA\artifacts\v284_official_gate_worktree\artifacts\v673_guarded_equation_bit_transfer_dataset\20260519T190246Z\v673_guarded_equation_bit_transfer_train.jsonl,374,v673_train_eq_00242_ff4d293700,equation_transform,equation_numeric_minus_signed,-57,54,268,53,1,False,True,True,-57,True,-57,True,0,0,0,0,1.0,
train,C:\Users\davis\Workspace\KG1 -NVIDIA\artifacts\v284_official_gate_worktree\artifacts\v673_guarded_equation_bit_transfer_dataset\20260519T190246Z\v673_guarded_equation_bit_transfer_train.jsonl,375,v673_train_eq_00235_74a7aa9faf,equation_transform,equation_numeric_colon_trailing_zero,20,51,259,50,1,False,True,True,20,True,20,True,0,0,0,0,1.0,
train,C:\Users\davis\Workspace\KG1 -NVIDIA\artifacts\v284_official_gate_worktree\artifacts\v673_guarded_equation_bit_transfer_dataset\20260519T190246Z\v673_guarded_equation_bit_transfer_train.jsonl,376,v673_train_eq_00299_a0c9c808a1,equation_transform,equation_numeric_minus_signed,45,54,261,53,1,False,True,True,45,True,45,True,0,0,0,0,1.0,
train,C:\Users\davis\Workspace\KG1 -NVIDIA\artifacts\v284_official_gate_worktree\artifacts\v673_guarded_equation_bit_transfer_dataset\20260519T190246Z\v673_guarded_equation_bit_transfer_train.jsonl,377,v673_train_eq_00345_12271728fe,equation_transform,equation_numeric_minus_signed,19,54,262,53,1,False,True,True,19,True,19,True,0,0,0,0,1.0,
train,C:\Users\davis\Workspace\KG1 -NVIDIA\artifacts\v284_official_gate_worktree\artifacts\v673_guarded_equation_bit_transfer_dataset\20260519T190246Z\v673_guarded_equation_bit_transfer_train.jsonl,378,v673_train_eq_00290_74d3c1f216,equation_transform,equation_numeric_minus_signed,-4,54,266,53,1,False,True,True,-4,True,-4,True,0,0,0,0,1.0,
train,C:\Users\davis\Workspace\KG1 -NVIDIA\artifacts\v284_official_gate_worktree\artifacts\v673_guarded_equation_bit_transfer_dataset\20260519T190246Z\v673_guarded_equation_bit_transfer_train.jsonl,379,v673_train_eq_00109_d2cf4bc1af,equation_transform,equation_numeric_add_direct,132,46,239,45,1,False,True,True,132,True,132,True,0,0,0,0,1.0,
train,C:\Users\davis\Workspace\KG1 -NVIDIA\artifacts\v284_official_gate_worktree\artifacts\v673_guarded_equation_bit_transfer_dataset\20260519T190246Z\v673_guarded_equation_bit_transfer_train.jsonl,380,v673_train_bit_00204_81d67ce574,bit_manipulation,bit_exact_global_binary_replay,11101011,26,201,25,1,False,True,True,11101011,True,11101011,True,0,0,0,0,0.35,
train,C:\Users\davis\Workspace\KG1 -NVIDIA\artifacts\v284_official_gate_worktree\artifacts\v673_guarded_equation_bit_transfer_dataset\20260519T190246Z\v673_guarded_equation_bit_transfer_train.jsonl,381,v673_train_eq_00328_27ef085193,equation_transform,equation_numeric_minus_signed,-57,54,268,53,1,False,True,True,-57,True,-57,True,0,0,0,0,1.0,
train,C:\Users\davis\Workspace\KG1 -NVIDIA\artifacts\v284_official_gate_worktree\artifacts\v673_guarded_equation_bit_transfer_dataset\20260519T190246Z\v673_guarded_equation_bit_transfer_train.jsonl,382,v673_train_eq_00375_f99b107dbf,equation_transform,equation_numeric_minus_signed,20,54,260,53,1,False,True,True,20,True,20,True,0,0,0,0,1.0,
train,C:\Users\davis\Workspace\KG1 -NVIDIA\artifacts\v284_official_gate_worktree\artifacts\v673_guarded_equation_bit_transfer_dataset\20260519T190246Z\v673_guarded_equation_bit_transfer_train.jsonl,383,v673_train_eq_00040_b66baa2273,equation_transform,equation_numeric_add_direct,114,46,237,45,1,False,True,True,114,True,114,True,0,0,0,0,1.0,
train,C:\Users\davis\Workspace\KG1 -NVIDIA\artifacts\v284_official_gate_worktree\artifacts\v673_guarded_equation_bit_transfer_dataset\20260519T190246Z\v673_guarded_equation_bit_transfer_train.jsonl,384,v673_train_eq_00049_d02c1a0b67,equation_transform,equation_numeric_add_direct,104,46,238,45,1,False,True,True,104,True,104,True,0,0,0,0,1.0,
train,C:\Users\davis\Workspace\KG1 -NVIDIA\artifacts\v284_official_gate_worktree\artifacts\v673_guarded_equation_bit_transfer_dataset\20260519T190246Z\v673_guarded_equation_bit_transfer_train.jsonl,385,v673_train_bit_00143_86f71b0b2c,bit_manipulation,bit_exact_global_ternary_replay,01111101,26,231,25,1,False,True,True,01111101,True,01111101,True,0,0,0,0,0.35,
train,C:\Users\davis\Workspace\KG1 -NVIDIA\artifacts\v284_official_gate_worktree\artifacts\v673_guarded_equation_bit_transfer_dataset\20260519T190246Z\v673_guarded_equation_bit_transfer_train.jsonl,386,v673_train_eq_00165_8b44f417c4,equation_transform,equation_numeric_colon_trailing_zero,10,51,259,50,1,False,True,True,10,True,10,True,0,0,0,0,1.0,
train,C:\Users\davis\Workspace\KG1 -NVIDIA\artifacts\v284_official_gate_worktree\artifacts\v673_guarded_equation_bit_transfer_dataset\20260519T190246Z\v673_guarded_equation_bit_transfer_train.jsonl,387,v673_train_eq_00341_1bf5ac9ec1,equation_transform,equation_numeric_minus_signed,9,54,259,53,1,False,True,True,9,True,9,True,0,0,0,0,1.0,
train,C:\Users\davis\Workspace\KG1 -NVIDIA\artifacts\v284_official_gate_worktree\artifacts\v673_guarded_equation_bit_transfer_dataset\20260519T190246Z\v673_guarded_equation_bit_transfer_train.jsonl,388,v673_train_eq_00216_8177f9750a,equation_transform,equation_numeric_colon_trailing_zero,30,51,259,50,1,False,True,True,30,True,30,True,0,0,0,0,1.0,
train,C:\Users\davis\Workspace\KG1 -NVIDIA\artifacts\v284_official_gate_worktree\artifacts\v673_guarded_equation_bit_transfer_dataset\20260519T190246Z\v673_guarded_equation_bit_transfer_train.jsonl,389,v673_train_eq_00387_6b80937d6d,equation_transform,equation_numeric_minus_signed,40,54,262,53,1,False,True,True,40,True,40,True,0,0,0,0,1.0,
train,C:\Users\davis\Workspace\KG1 -NVIDIA\artifacts\v284_official_gate_worktree\artifacts\v673_guarded_equation_bit_transfer_dataset\20260519T190246Z\v673_guarded_equation_bit_transfer_train.jsonl,390,v673_train_eq_00030_ae0f8aa918,equation_transform,equation_numeric_add_direct,64,46,235,45,1,False,True,True,64,True,64,True,0,0,0,0,1.0,
train,C:\Users\davis\Workspace\KG1 -NVIDIA\artifacts\v284_official_gate_worktree\artifacts\v673_guarded_equation_bit_transfer_dataset\20260519T190246Z\v673_guarded_equation_bit_transfer_train.jsonl,391,v673_train_eq_00204_9a4c30cfe6,equation_transform,equation_numeric_colon_trailing_zero,40,51,259,50,1,False,True,True,40,True,40,True,0,0,0,0,1.0,
train,C:\Users\davis\Workspace\KG1 -NVIDIA\artifacts\v284_official_gate_worktree\artifacts\v673_guarded_equation_bit_transfer_dataset\20260519T190246Z\v673_guarded_equation_bit_transfer_train.jsonl,392,v673_train_eq_00318_270b955446,equation_transform,equation_numeric_minus_signed,-39,54,267,53,1,False,True,True,-39,True,-39,True,0,0,0,0,1.0,
train,C:\Users\davis\Workspace\KG1 -NVIDIA\artifacts\v284_official_gate_worktree\artifacts\v673_guarded_equation_bit_transfer_dataset\20260519T190246Z\v673_guarded_equation_bit_transfer_train.jsonl,393,v673_train_eq_00440_babfa4d49b,equation_transform,equation_numeric_minus_signed,-27,54,269,53,1,False,True,True,-27,True,-27,True,0,0,0,0,1.0,
train,C:\Users\davis\Workspace\KG1 -NVIDIA\artifacts\v284_official_gate_worktree\artifacts\v673_guarded_equation_bit_transfer_dataset\20260519T190246Z\v673_guarded_equation_bit_transfer_train.jsonl,394,v673_train_eq_00218_b7a5dd2c13,equation_transform,equation_numeric_colon_trailing_zero,60,51,259,50,1,False,True,True,60,True,60,True,0,0,0,0,1.0,
train,C:\Users\davis\Workspace\KG1 -NVIDIA\artifacts\v284_official_gate_worktree\artifacts\v673_guarded_equation_bit_transfer_dataset\20260519T190246Z\v673_guarded_equation_bit_transfer_train.jsonl,395,v673_train_bit_00070_b7c1231f8d,bit_manipulation,bit_exact_global_ternary_replay,00010111,26,227,25,1,False,True,True,00010111,True,00010111,True,0,0,0,0,0.35,
train,C:\Users\davis\Workspace\KG1 -NVIDIA\artifacts\v284_official_gate_worktree\artifacts\v673_guarded_equation_bit_transfer_dataset\20260519T190246Z\v673_guarded_equation_bit_transfer_train.jsonl,396,v673_train_eq_00195_abd4636b0e,equation_transform,equation_numeric_colon_trailing_zero,10,51,260,50,1,False,True,True,10,True,10,True,0,0,0,0,1.0,
train,C:\Users\davis\Workspace\KG1 -NVIDIA\artifacts\v284_official_gate_worktree\artifacts\v673_guarded_equation_bit_transfer_dataset\20260519T190246Z\v673_guarded_equation_bit_transfer_train.jsonl,397,v673_train_eq_00169_7fc5aa56d9,equation_transform,equation_numeric_colon_trailing_zero,10,51,259,50,1,False,True,True,10,True,10,True,0,0,0,0,1.0,
train,C:\Users\davis\Workspace\KG1 -NVIDIA\artifacts\v284_official_gate_worktree\artifacts\v673_guarded_equation_bit_transfer_dataset\20260519T190246Z\v673_guarded_equation_bit_transfer_train.jsonl,398,v673_train_bit_00046_75dfd86771,bit_manipulation,bit_fullbyte_ternary_v366_new,00000110,26,210,25,1,False,True,True,00000110,True,00000110,True,0,0,0,0,0.35,
train,C:\Users\davis\Workspace\KG1 -NVIDIA\artifacts\v284_official_gate_worktree\artifacts\v673_guarded_equation_bit_transfer_dataset\20260519T190246Z\v673_guarded_equation_bit_transfer_train.jsonl,399,v673_train_eq_00054_09a777e26e,equation_transform,equation_numeric_add_direct,64,46,234,45,1,False,True,True,64,True,64,True,0,0,0,0,1.0,
train,C:\Users\davis\Workspace\KG1 -NVIDIA\artifacts\v284_official_gate_worktree\artifacts\v673_guarded_equation_bit_transfer_dataset\20260519T190246Z\v673_guarded_equation_bit_transfer_train.jsonl,400,v673_train_eq_00061_18641f4c2e,equation_transform,equation_numeric_add_direct,108,46,237,45,1,False,True,True,108,True,108,True,0,0,0,0,1.0,
train,C:\Users\davis\Workspace\KG1 -NVIDIA\artifacts\v284_official_gate_worktree\artifacts\v673_guarded_equation_bit_transfer_dataset\20260519T190246Z\v673_guarded_equation_bit_transfer_train.jsonl,401,v673_train_eq_00034_6c9da96325,equation_transform,equation_numeric_add_direct,79,46,237,45,1,False,True,True,79,True,79,True,0,0,0,0,1.0,
train,C:\Users\davis\Workspace\KG1 -NVIDIA\artifacts\v284_official_gate_worktree\artifacts\v673_guarded_equation_bit_transfer_dataset\20260519T190246Z\v673_guarded_equation_bit_transfer_train.jsonl,402,v673_train_eq_00463_d94122cc0f,equation_transform,equation_numeric_minus_signed,72,54,262,53,1,False,True,True,72,True,72,True,0,0,0,0,1.0,
train,C:\Users\davis\Workspace\KG1 -NVIDIA\artifacts\v284_official_gate_worktree\artifacts\v673_guarded_equation_bit_transfer_dataset\20260519T190246Z\v673_guarded_equation_bit_transfer_train.jsonl,403,v673_train_eq_00162_912eb1b136,equation_transform,equation_numeric_colon_trailing_zero,20,51,259,50,1,False,True,True,20,True,20,True,0,0,0,0,1.0,
train,C:\Users\davis\Workspace\KG1 -NVIDIA\artifacts\v284_official_gate_worktree\artifacts\v673_guarded_equation_bit_transfer_dataset\20260519T190246Z\v673_guarded_equation_bit_transfer_train.jsonl,404,v673_train_bit_00103_f2292710cd,bit_manipulation,bit_exact_global_binary_replay,11111100,26,201,25,1,False,True,True,11111100,True,11111100,True,0,0,0,0,0.35,
train,C:\Users\davis\Workspace\KG1 -NVIDIA\artifacts\v284_official_gate_worktree\artifacts\v673_guarded_equation_bit_transfer_dataset\20260519T190246Z\v673_guarded_equation_bit_transfer_train.jsonl,405,v673_train_eq_00256_6d66e17b82,equation_transform,equation_numeric_minus_signed,-5,54,267,53,1,False,True,True,-5,True,-5,True,0,0,0,0,1.0,
train,C:\Users\davis\Workspace\KG1 -NVIDIA\artifacts\v284_official_gate_worktree\artifacts\v673_guarded_equation_bit_transfer_dataset\20260519T190246Z\v673_guarded_equation_bit_transfer_train.jsonl,406,v673_train_bit_00097_88119feab6,bit_manipulation,bit_exact_global_binary_replay,01100101,26,203,25,1,False,True,True,01100101,True,01100101,True,0,0,0,0,0.35,
train,C:\Users\davis\Workspace\KG1 -NVIDIA\artifacts\v284_official_gate_worktree\artifacts\v673_guarded_equation_bit_transfer_dataset\20260519T190246Z\v673_guarded_equation_bit_transfer_train.jsonl,407,v673_train_eq_00187_7406359e3b,equation_transform,equation_numeric_colon_trailing_zero,10,51,260,50,1,False,True,True,10,True,10,True,0,0,0,0,1.0,
train,C:\Users\davis\Workspace\KG1 -NVIDIA\artifacts\v284_official_gate_worktree\artifacts\v673_guarded_equation_bit_transfer_dataset\20260519T190246Z\v673_guarded_equation_bit_transfer_train.jsonl,408,v673_train_eq_00276_d10d374f03,equation_transform,equation_numeric_minus_signed,-26,54,268,53,1,False,True,True,-26,True,-26,True,0,0,0,0,1.0,
train,C:\Users\davis\Workspace\KG1 -NVIDIA\artifacts\v284_official_gate_worktree\artifacts\v673_guarded_equation_bit_transfer_dataset\20260519T190246Z\v673_guarded_equation_bit_transfer_train.jsonl,409,v673_train_bit_00166_db47fc3b4b,bit_manipulation,bit_exact_global_binary_replay,01000010,26,201,25,1,False,True,True,01000010,True,01000010,True,0,0,0,0,0.35,
train,C:\Users\davis\Workspace\KG1 -NVIDIA\artifacts\v284_official_gate_worktree\artifacts\v673_guarded_equation_bit_transfer_dataset\20260519T190246Z\v673_guarded_equation_bit_transfer_train.jsonl,410,v673_train_eq_00010_de3037e2af,equation_transform,equation_numeric_add_direct,136,46,238,45,1,False,True,True,136,True,136,True,0,0,0,0,1.0,
train,C:\Users\davis\Workspace\KG1 -NVIDIA\artifacts\v284_official_gate_worktree\artifacts\v673_guarded_equation_bit_transfer_dataset\20260519T190246Z\v673_guarded_equation_bit_transfer_train.jsonl,411,v673_train_bit_00182_bb8ec0e7a3,bit_manipulation,bit_exact_global_ternary_replay,01111110,26,231,25,1,False,True,True,01111110,True,01111110,True,0,0,0,0,0.35,
train,C:\Users\davis\Workspace\KG1 -NVIDIA\artifacts\v284_official_gate_worktree\artifacts\v673_guarded_equation_bit_transfer_dataset\20260519T190246Z\v673_guarded_equation_bit_transfer_train.jsonl,412,v673_train_eq_00161_a5ecdc978d,equation_transform,equation_numeric_colon_trailing_zero,10,51,259,50,1,False,True,True,10,True,10,True,0,0,0,0,1.0,
train,C:\Users\davis\Workspace\KG1 -NVIDIA\artifacts\v284_official_gate_worktree\artifacts\v673_guarded_equation_bit_transfer_dataset\20260519T190246Z\v673_guarded_equation_bit_transfer_train.jsonl,413,v673_train_eq_00432_cd94f6919b,equation_transform,equation_numeric_minus_signed,-55,54,269,53,1,False,True,True,-55,True,-55,True,0,0,0,0,1.0,
train,C:\Users\davis\Workspace\KG1 -NVIDIA\artifacts\v284_official_gate_worktree\artifacts\v673_guarded_equation_bit_transfer_dataset\20260519T190246Z\v673_guarded_equation_bit_transfer_train.jsonl,414,v673_train_eq_00241_ff75b050ea,equation_transform,equation_numeric_minus_signed,44,54,262,53,1,False,True,True,44,True,44,True,0,0,0,0,1.0,
train,C:\Users\davis\Workspace\KG1 -NVIDIA\artifacts\v284_official_gate_worktree\artifacts\v673_guarded_equation_bit_transfer_dataset\20260519T190246Z\v673_guarded_equation_bit_transfer_train.jsonl,415,v673_train_eq_00322_9f03e69508,equation_transform,equation_numeric_minus_signed,-19,54,269,53,1,False,True,True,-19,True,-19,True,0,0,0,0,1.0,
train,C:\Users\davis\Workspace\KG1 -NVIDIA\artifacts\v284_official_gate_worktree\artifacts\v673_guarded_equation_bit_transfer_dataset\20260519T190246Z\v673_guarded_equation_bit_transfer_train.jsonl,416,v673_train_eq_00167_6895b1ef55,equation_transform,equation_numeric_colon_trailing_zero,50,51,259,50,1,False,True,True,50,True,50,True,0,0,0,0,1.0,
train,C:\Users\davis\Workspace\KG1 -NVIDIA\artifacts\v284_official_gate_worktree\artifacts\v673_guarded_equation_bit_transfer_dataset\20260519T190246Z\v673_guarded_equation_bit_transfer_train.jsonl,417,v673_train_eq_00456_236ab1b211,equation_transform,equation_numeric_minus_signed,-21,54,269,53,1,False,True,True,-21,True,-21,True,0,0,0,0,1.0,
train,C:\Users\davis\Workspace\KG1 -NVIDIA\artifacts\v284_official_gate_worktree\artifacts\v673_guarded_equation_bit_transfer_dataset\20260519T190246Z\v673_guarded_equation_bit_transfer_train.jsonl,418,v673_train_bit_00113_f106dc6269,bit_manipulation,bit_fullbyte_ternary_v366_new,01000110,26,208,25,1,False,True,True,01000110,True,01000110,True,0,0,0,0,0.35,
train,C:\Users\davis\Workspace\KG1 -NVIDIA\artifacts\v284_official_gate_worktree\artifacts\v673_guarded_equation_bit_transfer_dataset\20260519T190246Z\v673_guarded_equation_bit_transfer_train.jsonl,419,v673_train_eq_00385_f58d543720,equation_transform,equation_numeric_minus_signed,28,54,261,53,1,False,True,True,28,True,28,True,0,0,0,0,1.0,
train,C:\Users\davis\Workspace\KG1 -NVIDIA\artifacts\v284_official_gate_worktree\artifacts\v673_guarded_equation_bit_transfer_dataset\20260519T190246Z\v673_guarded_equation_bit_transfer_train.jsonl,420,v673_train_eq_00330_e07ef4318a,equation_transform,equation_numeric_minus_signed,-33,54,268,53,1,False,True,True,-33,True,-33,True,0,0,0,0,1.0,
train,C:\Users\davis\Workspace\KG1 -NVIDIA\artifacts\v284_official_gate_worktree\artifacts\v673_guarded_equation_bit_transfer_dataset\20260519T190246Z\v673_guarded_equation_bit_transfer_train.jsonl,421,v673_train_eq_00142_b7ffbbe2d4,equation_transform,equation_numeric_colon_trailing_zero,80,51,259,50,1,False,True,True,80,True,80,True,0,0,0,0,1.0,
train,C:\Users\davis\Workspace\KG1 -NVIDIA\artifacts\v284_official_gate_worktree\artifacts\v673_guarded_equation_bit_transfer_dataset\20260519T190246Z\v673_guarded_equation_bit_transfer_train.jsonl,422,v673_train_bit_00193_8a8db0dc8b,bit_manipulation,bit_fullbyte_ternary_v366_new,10101010,26,208,25,1,False,True,True,10101010,True,10101010,True,0,0,0,0,0.35,
train,C:\Users\davis\Workspace\KG1 -NVIDIA\artifacts\v284_official_gate_worktree\artifacts\v673_guarded_equation_bit_transfer_dataset\20260519T190246Z\v673_guarded_equation_bit_transfer_train.jsonl,423,v673_train_eq_00231_dbdfc59098,equation_transform,equation_numeric_colon_trailing_zero,20,51,259,50,1,False,True,True,20,True,20,True,0,0,0,0,1.0,
train,C:\Users\davis\Workspace\KG1 -NVIDIA\artifacts\v284_official_gate_worktree\artifacts\v673_guarded_equation_bit_transfer_dataset\20260519T190246Z\v673_guarded_equation_bit_transfer_train.jsonl,424,v673_train_bit_00084_1e7361b1f8,bit_manipulation,bit_exact_global_ternary_replay,11110001,26,227,25,1,False,True,True,11110001,True,11110001,True,0,0,0,0,0.35,
train,C:\Users\davis\Workspace\KG1 -NVIDIA\artifacts\v284_official_gate_worktree\artifacts\v673_guarded_equation_bit_transfer_dataset\20260519T190246Z\v673_guarded_equation_bit_transfer_train.jsonl,425,v673_train_bit_00000_fcf99880a6,bit_manipulation,bit_exact_global_ternary_replay,01001000,26,228,25,1,False,True,True,01001000,True,01001000,True,0,0,0,0,0.35,
train,C:\Users\davis\Workspace\KG1 -NVIDIA\artifacts\v284_official_gate_worktree\artifacts\v673_guarded_equation_bit_transfer_dataset\20260519T190246Z\v673_guarded_equation_bit_transfer_train.jsonl,426,v673_train_eq_00180_21442d0253,equation_transform,equation_numeric_colon_trailing_zero,20,51,258,50,1,False,True,True,20,True,20,True,0,0,0,0,1.0,
train,C:\Users\davis\Workspace\KG1 -NVIDIA\artifacts\v284_official_gate_worktree\artifacts\v673_guarded_equation_bit_transfer_dataset\20260519T190246Z\v673_guarded_equation_bit_transfer_train.jsonl,427,v673_train_bit_00140_87acea1ad3,bit_manipulation,bit_exact_global_ternary_replay,11110010,26,231,25,1,False,True,True,11110010,True,11110010,True,0,0,0,0,0.35,
train,C:\Users\davis\Workspace\KG1 -NVIDIA\artifacts\v284_official_gate_worktree\artifacts\v673_guarded_equation_bit_transfer_dataset\20260519T190246Z\v673_guarded_equation_bit_transfer_train.jsonl,428,v673_train_eq_00342_f78c434580,equation_transform,equation_numeric_minus_signed,-25,54,268,53,1,False,True,True,-25,True,-25,True,0,0,0,0,1.0,
train,C:\Users\davis\Workspace\KG1 -NVIDIA\artifacts\v284_official_gate_worktree\artifacts\v673_guarded_equation_bit_transfer_dataset\20260519T190246Z\v673_guarded_equation_bit_transfer_train.jsonl,429,v673_train_bit_00178_6d1b1b6831,bit_manipulation,bit_exact_global_binary_replay,00111001,26,203,25,1,False,True,True,00111001,True,00111001,True,0,0,0,0,0.35,
train,C:\Users\davis\Workspace\KG1 -NVIDIA\artifacts\v284_official_gate_worktree\artifacts\v673_guarded_equation_bit_transfer_dataset\20260519T190246Z\v673_guarded_equation_bit_transfer_train.jsonl,430,v673_train_bit_00033_767f5474e0,bit_manipulation,bit_exact_global_ternary_replay,10000000,26,228,25,1,False,True,True,10000000,True,10000000,True,0,0,0,0,0.35,
train,C:\Users\davis\Workspace\KG1 -NVIDIA\artifacts\v284_official_gate_worktree\artifacts\v673_guarded_equation_bit_transfer_dataset\20260519T190246Z\v673_guarded_equation_bit_transfer_train.jsonl,431,v673_train_bit_00222_110c51a10a,bit_manipulation,bit_exact_global_binary_replay,11011110,26,203,25,1,False,True,True,11011110,True,11011110,True,0,0,0,0,0.35,
train,C:\Users\davis\Workspace\KG1 -NVIDIA\artifacts\v284_official_gate_worktree\artifacts\v673_guarded_equation_bit_transfer_dataset\20260519T190246Z\v673_guarded_equation_bit_transfer_train.jsonl,432,v673_train_bit_00198_e92f857e3f,bit_manipulation,bit_exact_global_ternary_replay,11011100,26,231,25,1,False,True,True,11011100,True,11011100,True,0,0,0,0,0.35,
train,C:\Users\davis\Workspace\KG1 -NVIDIA\artifacts\v284_official_gate_worktree\artifacts\v673_guarded_equation_bit_transfer_dataset\20260519T190246Z\v673_guarded_equation_bit_transfer_train.jsonl,433,v673_train_eq_00353_0e3b209402,equation_transform,equation_numeric_minus_signed,78,54,261,53,1,False,True,True,78,True,78,True,0,0,0,0,1.0,
train,C:\Users\davis\Workspace\KG1 -NVIDIA\artifacts\v284_official_gate_worktree\artifacts\v673_guarded_equation_bit_transfer_dataset\20260519T190246Z\v673_guarded_equation_bit_transfer_train.jsonl,434,v673_train_eq_00082_3a2f05188f,equation_transform,equation_numeric_add_direct,68,46,235,45,1,False,True,True,68,True,68,True,0,0,0,0,1.0,
train,C:\Users\davis\Workspace\KG1 -NVIDIA\artifacts\v284_official_gate_worktree\artifacts\v673_guarded_equation_bit_transfer_dataset\20260519T190246Z\v673_guarded_equation_bit_transfer_train.jsonl,435,v673_train_eq_00383_3250b22e97,equation_transform,equation_numeric_minus_signed,80,54,262,53,1,False,True,True,80,True,80,True,0,0,0,0,1.0,
train,C:\Users\davis\Workspace\KG1 -NVIDIA\artifacts\v284_official_gate_worktree\artifacts\v673_guarded_equation_bit_transfer_dataset\20260519T190246Z\v673_guarded_equation_bit_transfer_train.jsonl,436,v673_train_bit_00221_554a48fd41,bit_manipulation,bit_fullbyte_ternary_v366_new,01000110,26,208,25,1,False,True,True,01000110,True,01000110,True,0,0,0,0,0.35,
train,C:\Users\davis\Workspace\KG1 -NVIDIA\artifacts\v284_official_gate_worktree\artifacts\v673_guarded_equation_bit_transfer_dataset\20260519T190246Z\v673_guarded_equation_bit_transfer_train.jsonl,437,v673_train_bit_00134_aedc7b670d,bit_manipulation,bit_fullbyte_ternary_v366_new,00001000,26,210,25,1,False,True,True,00001000,True,00001000,True,0,0,0,0,0.35,
train,C:\Users\davis\Workspace\KG1 -NVIDIA\artifacts\v284_official_gate_worktree\artifacts\v673_guarded_equation_bit_transfer_dataset\20260519T190246Z\v673_guarded_equation_bit_transfer_train.jsonl,438,v673_train_bit_00181_4762c84de2,bit_manipulation,bit_fullbyte_ternary_v366_new,01110100,26,208,25,1,False,True,True,01110100,True,01110100,True,0,0,0,0,0.35,
train,C:\Users\davis\Workspace\KG1 -NVIDIA\artifacts\v284_official_gate_worktree\artifacts\v673_guarded_equation_bit_transfer_dataset\20260519T190246Z\v673_guarded_equation_bit_transfer_train.jsonl,439,v673_train_eq_00173_abf6380b8a,equation_transform,equation_numeric_colon_trailing_zero,70,51,260,50,1,False,True,True,70,True,70,True,0,0,0,0,1.0,
train,C:\Users\davis\Workspace\KG1 -NVIDIA\artifacts\v284_official_gate_worktree\artifacts\v673_guarded_equation_bit_transfer_dataset\20260519T190246Z\v673_guarded_equation_bit_transfer_train.jsonl,440,v673_train_eq_00293_95d166cd5f,equation_transform,equation_numeric_minus_signed,33,54,261,53,1,False,True,True,33,True,33,True,0,0,0,0,1.0,
train,C:\Users\davis\Workspace\KG1 -NVIDIA\artifacts\v284_official_gate_worktree\artifacts\v673_guarded_equation_bit_transfer_dataset\20260519T190246Z\v673_guarded_equation_bit_transfer_train.jsonl,441,v673_train_eq_00172_92c1f61cd0,equation_transform,equation_numeric_colon_trailing_zero,50,51,260,50,1,False,True,True,50,True,50,True,0,0,0,0,1.0,
train,C:\Users\davis\Workspace\KG1 -NVIDIA\artifacts\v284_official_gate_worktree\artifacts\v673_guarded_equation_bit_transfer_dataset\20260519T190246Z\v673_guarded_equation_bit_transfer_train.jsonl,442,v673_train_eq_00193_e42161ddec,equation_transform,equation_numeric_colon_trailing_zero,30,51,260,50,1,False,True,True,30,True,30,True,0,0,0,0,1.0,
train,C:\Users\davis\Workspace\KG1 -NVIDIA\artifacts\v284_official_gate_worktree\artifacts\v673_guarded_equation_bit_transfer_dataset\20260519T190246Z\v673_guarded_equation_bit_transfer_train.jsonl,443,v673_train_eq_00002_96be93007a,equation_transform,equation_numeric_add_direct,161,46,237,45,1,False,True,True,161,True,161,True,0,0,0,0,1.0,
train,C:\Users\davis\Workspace\KG1 -NVIDIA\artifacts\v284_official_gate_worktree\artifacts\v673_guarded_equation_bit_transfer_dataset\20260519T190246Z\v673_guarded_equation_bit_transfer_train.jsonl,444,v673_train_eq_00073_3a63d2b40d,equation_transform,equation_numeric_add_direct,67,46,236,45,1,False,True,True,67,True,67,True,0,0,0,0,1.0,
train,C:\Users\davis\Workspace\KG1 -NVIDIA\artifacts\v284_official_gate_worktree\artifacts\v673_guarded_equation_bit_transfer_dataset\20260519T190246Z\v673_guarded_equation_bit_transfer_train.jsonl,445,v673_train_eq_00183_b705073ed0,equation_transform,equation_numeric_colon_trailing_zero,20,51,259,50,1,False,True,True,20,True,20,True,0,0,0,0,1.0,
train,C:\Users\davis\Workspace\KG1 -NVIDIA\artifacts\v284_official_gate_worktree\artifacts\v673_guarded_equation_bit_transfer_dataset\20260519T190246Z\v673_guarded_equation_bit_transfer_train.jsonl,446,v673_train_eq_00425_d1f0533fae,equation_transform,equation_numeric_minus_signed,30,54,262,53,1,False,True,True,30,True,30,True,0,0,0,0,1.0,
train,C:\Users\davis\Workspace\KG1 -NVIDIA\artifacts\v284_official_gate_worktree\artifacts\v673_guarded_equation_bit_transfer_dataset\20260519T190246Z\v673_guarded_equation_bit_transfer_train.jsonl,447,v673_train_bit_00062_297e2ba57e,bit_manipulation,bit_exact_global_ternary_replay,00001001,26,233,25,1,False,True,True,00001001,True,00001001,True,0,0,0,0,0.35,
train,C:\Users\davis\Workspace\KG1 -NVIDIA\artifacts\v284_official_gate_worktree\artifacts\v673_guarded_equation_bit_transfer_dataset\20260519T190246Z\v673_guarded_equation_bit_transfer_train.jsonl,448,v673_train_eq_00046_d878b9b60d,equation_transform,equation_numeric_add_direct,61,46,236,45,1,False,True,True,61,True,61,True,0,0,0,0,1.0,
train,C:\Users\davis\Workspace\KG1 -NVIDIA\artifacts\v284_official_gate_worktree\artifacts\v673_guarded_equation_bit_transfer_dataset\20260519T190246Z\v673_guarded_equation_bit_transfer_train.jsonl,449,v673_train_eq_00164_2de4317cb8,equation_transform,equation_numeric_colon_trailing_zero,10,51,258,50,1,False,True,True,10,True,10,True,0,0,0,0,1.0,
train,C:\Users\davis\Workspace\KG1 -NVIDIA\artifacts\v284_official_gate_worktree\artifacts\v673_guarded_equation_bit_transfer_dataset\20260519T190246Z\v673_guarded_equation_bit_transfer_train.jsonl,450,v673_train_eq_00105_cbd9382e8a,equation_transform,equation_numeric_add_direct,101,46,239,45,1,False,True,True,101,True,101,True,0,0,0,0,1.0,
train,C:\Users\davis\Workspace\KG1 -NVIDIA\artifacts\v284_official_gate_worktree\artifacts\v673_guarded_equation_bit_transfer_dataset\20260519T190246Z\v673_guarded_equation_bit_transfer_train.jsonl,451,v673_train_bit_00226_ba103ec465,bit_manipulation,bit_fullbyte_ternary_v366_new,00011001,26,208,25,1,False,True,True,00011001,True,00011001,True,0,0,0,0,0.35,
train,C:\Users\davis\Workspace\KG1 -NVIDIA\artifacts\v284_official_gate_worktree\artifacts\v673_guarded_equation_bit_transfer_dataset\20260519T190246Z\v673_guarded_equation_bit_transfer_train.jsonl,452,v673_train_eq_00447_bf13e24c32,equation_transform,equation_numeric_minus_signed,12,54,262,53,1,False,True,True,12,True,12,True,0,0,0,0,1.0,
train,C:\Users\davis\Workspace\KG1 -NVIDIA\artifacts\v284_official_gate_worktree\artifacts\v673_guarded_equation_bit_transfer_dataset\20260519T190246Z\v673_guarded_equation_bit_transfer_train.jsonl,453,v673_train_eq_00074_fbb06a8356,equation_transform,equation_numeric_add_direct,142,46,238,45,1,False,True,True,142,True,142,True,0,0,0,0,1.0,
train,C:\Users\davis\Workspace\KG1 -NVIDIA\artifacts\v284_official_gate_worktree\artifacts\v673_guarded_equation_bit_transfer_dataset\20260519T190246Z\v673_guarded_equation_bit_transfer_train.jsonl,454,v673_train_eq_00100_e3c64338da,equation_transform,equation_numeric_add_direct,42,46,234,45,1,False,True,True,42,True,42,True,0,0,0,0,1.0,
train,C:\Users\davis\Workspace\KG1 -NVIDIA\artifacts\v284_official_gate_worktree\artifacts\v673_guarded_equation_bit_transfer_dataset\20260519T190246Z\v673_guarded_equation_bit_transfer_train.jsonl,455,v673_train_eq_00414_827a87b670,equation_transform,equation_numeric_minus_signed,-16,54,268,53,1,False,True,True,-16,True,-16,True,0,0,0,0,1.0,
train,C:\Users\davis\Workspace\KG1 -NVIDIA\artifacts\v284_official_gate_worktree\artifacts\v673_guarded_equation_bit_transfer_dataset\20260519T190246Z\v673_guarded_equation_bit_transfer_train.jsonl,456,v673_train_bit_00037_57c930ad1e,bit_manipulation,bit_fullbyte_ternary_v366_new,01101111,26,208,25,1,False,True,True,01101111,True,01101111,True,0,0,0,0,0.35,
train,C:\Users\davis\Workspace\KG1 -NVIDIA\artifacts\v284_official_gate_worktree\artifacts\v673_guarded_equation_bit_transfer_dataset\20260519T190246Z\v673_guarded_equation_bit_transfer_train.jsonl,457,v673_train_bit_00066_bea34ddb23,bit_manipulation,bit_exact_global_binary_replay,01001100,26,203,25,1,False,True,True,01001100,True,01001100,True,0,0,0,0,0.35,
train,C:\Users\davis\Workspace\KG1 -NVIDIA\artifacts\v284_official_gate_worktree\artifacts\v673_guarded_equation_bit_transfer_dataset\20260519T190246Z\v673_guarded_equation_bit_transfer_train.jsonl,458,v673_train_eq_00198_58b54ffa39,equation_transform,equation_numeric_colon_trailing_zero,50,51,259,50,1,False,True,True,50,True,50,True,0,0,0,0,1.0,
train,C:\Users\davis\Workspace\KG1 -NVIDIA\artifacts\v284_official_gate_worktree\artifacts\v673_guarded_equation_bit_transfer_dataset\20260519T190246Z\v673_guarded_equation_bit_transfer_train.jsonl,459,v673_train_eq_00025_5fcf55ab9a,equation_transform,equation_numeric_add_direct,108,46,239,45,1,False,True,True,108,True,108,True,0,0,0,0,1.0,
train,C:\Users\davis\Workspace\KG1 -NVIDIA\artifacts\v284_official_gate_worktree\artifacts\v673_guarded_equation_bit_transfer_dataset\20260519T190246Z\v673_guarded_equation_bit_transfer_train.jsonl,460,v673_train_eq_00022_ba21ffc798,equation_transform,equation_numeric_add_direct,110,46,237,45,1,False,True,True,110,True,110,True,0,0,0,0,1.0,
train,C:\Users\davis\Workspace\KG1 -NVIDIA\artifacts\v284_official_gate_worktree\artifacts\v673_guarded_equation_bit_transfer_dataset\20260519T190246Z\v673_guarded_equation_bit_transfer_train.jsonl,461,v673_train_eq_00206_83f3f8ae99,equation_transform,equation_numeric_colon_trailing_zero,40,51,260,50,1,False,True,True,40,True,40,True,0,0,0,0,1.0,
train,C:\Users\davis\Workspace\KG1 -NVIDIA\artifacts\v284_official_gate_worktree\artifacts\v673_guarded_equation_bit_transfer_dataset\20260519T190246Z\v673_guarded_equation_bit_transfer_train.jsonl,462,v673_train_eq_00128_47fc393688,equation_transform,equation_numeric_colon_trailing_zero,40,51,260,50,1,False,True,True,40,True,40,True,0,0,0,0,1.0,
train,C:\Users\davis\Workspace\KG1 -NVIDIA\artifacts\v284_official_gate_worktree\artifacts\v673_guarded_equation_bit_transfer_dataset\20260519T190246Z\v673_guarded_equation_bit_transfer_train.jsonl,463,v673_train_bit_00211_d4688592a4,bit_manipulation,bit_exact_global_ternary_replay,11010111,26,231,25,1,False,True,True,11010111,True,11010111,True,0,0,0,0,0.35,
train,C:\Users\davis\Workspace\KG1 -NVIDIA\artifacts\v284_official_gate_worktree\artifacts\v673_guarded_equation_bit_transfer_dataset\20260519T190246Z\v673_guarded_equation_bit_transfer_train.jsonl,464,v673_train_eq_00107_4dfd7e792b,equation_transform,equation_numeric_add_direct,129,46,237,45,1,False,True,True,129,True,129,True,0,0,0,0,1.0,
train,C:\Users\davis\Workspace\KG1 -NVIDIA\artifacts\v284_official_gate_worktree\artifacts\v673_guarded_equation_bit_transfer_dataset\20260519T190246Z\v673_guarded_equation_bit_transfer_train.jsonl,465,v673_train_eq_00016_63848aec97,equation_transform,equation_numeric_add_direct,110,46,239,45,1,False,True,True,110,True,110,True,0,0,0,0,1.0,
train,C:\Users\davis\Workspace\KG1 -NVIDIA\artifacts\v284_official_gate_worktree\artifacts\v673_guarded_equation_bit_transfer_dataset\20260519T190246Z\v673_guarded_equation_bit_transfer_train.jsonl,466,v673_train_bit_00208_c084da0143,bit_manipulation,bit_exact_global_ternary_replay,00111011,26,231,25,1,False,True,True,00111011,True,00111011,True,0,0,0,0,0.35,
train,C:\Users\davis\Workspace\KG1 -NVIDIA\artifacts\v284_official_gate_worktree\artifacts\v673_guarded_equation_bit_transfer_dataset\20260519T190246Z\v673_guarded_equation_bit_transfer_train.jsonl,467,v673_train_eq_00026_c2e3d01530,equation_transform,equation_numeric_add_direct,128,46,238,45,1,False,True,True,128,True,128,True,0,0,0,0,1.0,
train,C:\Users\davis\Workspace\KG1 -NVIDIA\artifacts\v284_official_gate_worktree\artifacts\v673_guarded_equation_bit_transfer_dataset\20260519T190246Z\v673_guarded_equation_bit_transfer_train.jsonl,468,v673_train_eq_00228_de738238c1,equation_transform,equation_numeric_colon_trailing_zero,30,51,259,50,1,False,True,True,30,True,30,True,0,0,0,0,1.0,
train,C:\Users\davis\Workspace\KG1 -NVIDIA\artifacts\v284_official_gate_worktree\artifacts\v673_guarded_equation_bit_transfer_dataset\20260519T190246Z\v673_guarded_equation_bit_transfer_train.jsonl,469,v673_train_eq_00023_80620cf3e8,equation_transform,equation_numeric_add_direct,77,46,236,45,1,False,True,True,77,True,77,True,0,0,0,0,1.0,
train,C:\Users\davis\Workspace\KG1 -NVIDIA\artifacts\v284_official_gate_worktree\artifacts\v673_guarded_equation_bit_transfer_dataset\20260519T190246Z\v673_guarded_equation_bit_transfer_train.jsonl,470,v673_train_eq_00075_59aca2bcd4,equation_transform,equation_numeric_add_direct,164,46,238,45,1,False,True,True,164,True,164,True,0,0,0,0,1.0,
train,C:\Users\davis\Workspace\KG1 -NVIDIA\artifacts\v284_official_gate_worktree\artifacts\v673_guarded_equation_bit_transfer_dataset\20260519T190246Z\v673_guarded_equation_bit_transfer_train.jsonl,471,v673_train_eq_00210_61671bf301,equation_transform,equation_numeric_colon_trailing_zero,10,51,260,50,1,False,True,True,10,True,10,True,0,0,0,0,1.0,
train,C:\Users\davis\Workspace\KG1 -NVIDIA\artifacts\v284_official_gate_worktree\artifacts\v673_guarded_equation_bit_transfer_dataset\20260519T190246Z\v673_guarded_equation_bit_transfer_train.jsonl,472,v673_train_eq_00400_97dc000aba,equation_transform,equation_numeric_minus_signed,-38,54,266,53,1,False,True,True,-38,True,-38,True,0,0,0,0,1.0,
train,C:\Users\davis\Workspace\KG1 -NVIDIA\artifacts\v284_official_gate_worktree\artifacts\v673_guarded_equation_bit_transfer_dataset\20260519T190246Z\v673_guarded_equation_bit_transfer_train.jsonl,473,v673_train_eq_00192_c89fc5235b,equation_transform,equation_numeric_colon_trailing_zero,60,51,260,50,1,False,True,True,60,True,60,True,0,0,0,0,1.0,
train,C:\Users\davis\Workspace\KG1 -NVIDIA\artifacts\v284_official_gate_worktree\artifacts\v673_guarded_equation_bit_transfer_dataset\20260519T190246Z\v673_guarded_equation_bit_transfer_train.jsonl,474,v673_train_eq_00287_55c8eedada,equation_transform,equation_numeric_minus_signed,4,54,259,53,1,False,True,True,4,True,4,True,0,0,0,0,1.0,
train,C:\Users\davis\Workspace\KG1 -NVIDIA\artifacts\v284_official_gate_worktree\artifacts\v673_guarded_equation_bit_transfer_dataset\20260519T190246Z\v673_guarded_equation_bit_transfer_train.jsonl,475,v673_train_eq_00041_11aa8c4569,equation_transform,equation_numeric_add_direct,154,46,236,45,1,False,True,True,154,True,154,True,0,0,0,0,1.0,
train,C:\Users\davis\Workspace\KG1 -NVIDIA\artifacts\v284_official_gate_worktree\artifacts\v673_guarded_equation_bit_transfer_dataset\20260519T190246Z\v673_guarded_equation_bit_transfer_train.jsonl,476,v673_train_eq_00043_153c9edb10,equation_transform,equation_numeric_add_direct,134,46,237,45,1,False,True,True,134,True,134,True,0,0,0,0,1.0,
train,C:\Users\davis\Workspace\KG1 -NVIDIA\artifacts\v284_official_gate_worktree\artifacts\v673_guarded_equation_bit_transfer_dataset\20260519T190246Z\v673_guarded_equation_bit_transfer_train.jsonl,477,v673_train_eq_00166_501e4ebd34,equation_transform,equation_numeric_colon_trailing_zero,30,51,259,50,1,False,True,True,30,True,30,True,0,0,0,0,1.0,
train,C:\Users\davis\Workspace\KG1 -NVIDIA\artifacts\v284_official_gate_worktree\artifacts\v673_guarded_equation_bit_transfer_dataset\20260519T190246Z\v673_guarded_equation_bit_transfer_train.jsonl,478,v673_train_bit_00218_a7c6a84466,bit_manipulation,bit_fullbyte_ternary_v366_new,01011111,26,208,25,1,False,True,True,01011111,True,01011111,True,0,0,0,0,0.35,
train,C:\Users\davis\Workspace\KG1 -NVIDIA\artifacts\v284_official_gate_worktree\artifacts\v673_guarded_equation_bit_transfer_dataset\20260519T190246Z\v673_guarded_equation_bit_transfer_train.jsonl,479,v673_train_eq_00237_a1ae1a9a51,equation_transform,equation_numeric_colon_trailing_zero,40,51,260,50,1,False,True,True,40,True,40,True,0,0,0,0,1.0,
train,C:\Users\davis\Workspace\KG1 -NVIDIA\artifacts\v284_official_gate_worktree\artifacts\v673_guarded_equation_bit_transfer_dataset\20260519T190246Z\v673_guarded_equation_bit_transfer_train.jsonl,480,v673_train_eq_00224_1b234b4958,equation_transform,equation_numeric_colon_trailing_zero,30,51,258,50,1,False,True,True,30,True,30,True,0,0,0,0,1.0,
train,C:\Users\davis\Workspace\KG1 -NVIDIA\artifacts\v284_official_gate_worktree\artifacts\v673_guarded_equation_bit_transfer_dataset\20260519T190246Z\v673_guarded_equation_bit_transfer_train.jsonl,481,v673_train_eq_00279_46569736ac,equation_transform,equation_numeric_minus_signed,25,54,261,53,1,False,True,True,25,True,25,True,0,0,0,0,1.0,
train,C:\Users\davis\Workspace\KG1 -NVIDIA\artifacts\v284_official_gate_worktree\artifacts\v673_guarded_equation_bit_transfer_dataset\20260519T190246Z\v673_guarded_equation_bit_transfer_train.jsonl,482,v673_train_eq_00055_5c89059e1a,equation_transform,equation_numeric_add_direct,110,46,237,45,1,False,True,True,110,True,110,True,0,0,0,0,1.0,
train,C:\Users\davis\Workspace\KG1 -NVIDIA\artifacts\v284_official_gate_worktree\artifacts\v673_guarded_equation_bit_transfer_dataset\20260519T190246Z\v673_guarded_equation_bit_transfer_train.jsonl,483,v673_train_bit_00238_281832932a,bit_manipulation,bit_fullbyte_ternary_v366_new,00110101,26,208,25,1,False,True,True,00110101,True,00110101,True,0,0,0,0,0.35,
train,C:\Users\davis\Workspace\KG1 -NVIDIA\artifacts\v284_official_gate_worktree\artifacts\v673_guarded_equation_bit_transfer_dataset\20260519T190246Z\v673_guarded_equation_bit_transfer_train.jsonl,484,v673_train_eq_00253_2babe437de,equation_transform,equation_numeric_minus_signed,9,54,260,53,1,False,True,True,9,True,9,True,0,0,0,0,1.0,
train,C:\Users\davis\Workspace\KG1 -NVIDIA\artifacts\v284_official_gate_worktree\artifacts\v673_guarded_equation_bit_transfer_dataset\20260519T190246Z\v673_guarded_equation_bit_transfer_train.jsonl,485,v673_train_eq_00053_bd5777033d,equation_transform,equation_numeric_add_direct,112,46,237,45,1,False,True,True,112,True,112,True,0,0,0,0,1.0,
train,C:\Users\davis\Workspace\KG1 -NVIDIA\artifacts\v284_official_gate_worktree\artifacts\v673_guarded_equation_bit_transfer_dataset\20260519T190246Z\v673_guarded_equation_bit_transfer_train.jsonl,486,v673_train_eq_00259_a7c828098a,equation_transform,equation_numeric_minus_signed,6,54,259,53,1,False,True,True,6,True,6,True,0,0,0,0,1.0,
train,C:\Users\davis\Workspace\KG1 -NVIDIA\artifacts\v284_official_gate_worktree\artifacts\v673_guarded_equation_bit_transfer_dataset\20260519T190246Z\v673_guarded_equation_bit_transfer_train.jsonl,487,v673_train_bit_00156_07abcca6fb,bit_manipulation,bit_exact_global_ternary_replay,11111111,26,231,25,1,False,True,True,11111111,True,11111111,True,0,0,0,0,0.35,
train,C:\Users\davis\Workspace\KG1 -NVIDIA\artifacts\v284_official_gate_worktree\artifacts\v673_guarded_equation_bit_transfer_dataset\20260519T190246Z\v673_guarded_equation_bit_transfer_train.jsonl,488,v673_train_eq_00131_66ddf8b1d8,equation_transform,equation_numeric_colon_trailing_zero,80,51,260,50,1,False,True,True,80,True,80,True,0,0,0,0,1.0,
train,C:\Users\davis\Workspace\KG1 -NVIDIA\artifacts\v284_official_gate_worktree\artifacts\v673_guarded_equation_bit_transfer_dataset\20260519T190246Z\v673_guarded_equation_bit_transfer_train.jsonl,489,v673_train_bit_00090_88175387b6,bit_manipulation,bit_exact_global_ternary_replay,01101111,26,228,25,1,False,True,True,01101111,True,01101111,True,0,0,0,0,0.35,
train,C:\Users\davis\Workspace\KG1 -NVIDIA\artifacts\v284_official_gate_worktree\artifacts\v673_guarded_equation_bit_transfer_dataset\20260519T190246Z\v673_guarded_equation_bit_transfer_train.jsonl,490,v673_train_bit_00001_2c8fea2614,bit_manipulation,bit_fullbyte_ternary_v366_new,00001010,26,208,25,1,False,True,True,00001010,True,00001010,True,0,0,0,0,0.35,
train,C:\Users\davis\Workspace\KG1 -NVIDIA\artifacts\v284_official_gate_worktree\artifacts\v673_guarded_equation_bit_transfer_dataset\20260519T190246Z\v673_guarded_equation_bit_transfer_train.jsonl,491,v673_train_eq_00133_6e2293435b,equation_transform,equation_numeric_colon_trailing_zero,20,51,260,50,1,False,True,True,20,True,20,True,0,0,0,0,1.0,
train,C:\Users\davis\Workspace\KG1 -NVIDIA\artifacts\v284_official_gate_worktree\artifacts\v673_guarded_equation_bit_transfer_dataset\20260519T190246Z\v673_guarded_equation_bit_transfer_train.jsonl,492,v673_train_bit_00112_fd4a570bff,bit_manipulation,bit_fullbyte_ternary_v366_new,00000000,26,210,25,1,False,True,True,00000000,True,00000000,True,0,0,0,0,0.35,
train,C:\Users\davis\Workspace\KG1 -NVIDIA\artifacts\v284_official_gate_worktree\artifacts\v673_guarded_equation_bit_transfer_dataset\20260519T190246Z\v673_guarded_equation_bit_transfer_train.jsonl,493,v673_train_eq_00115_5c03b30e16,equation_transform,equation_numeric_add_direct,31,46,236,45,1,False,True,True,31,True,31,True,0,0,0,0,1.0,
train,C:\Users\davis\Workspace\KG1 -NVIDIA\artifacts\v284_official_gate_worktree\artifacts\v673_guarded_equation_bit_transfer_dataset\20260519T190246Z\v673_guarded_equation_bit_transfer_train.jsonl,494,v673_train_bit_00177_91be0b3d6b,bit_manipulation,bit_exact_global_binary_replay,10100000,26,201,25,1,False,True,True,10100000,True,10100000,True,0,0,0,0,0.35,
train,C:\Users\davis\Workspace\KG1 -NVIDIA\artifacts\v284_official_gate_worktree\artifacts\v673_guarded_equation_bit_transfer_dataset\20260519T190246Z\v673_guarded_equation_bit_transfer_train.jsonl,495,v673_train_eq_00289_f82214ec74,equation_transform,equation_numeric_minus_signed,87,54,260,53,1,False,True,True,87,True,87,True,0,0,0,0,1.0,
train,C:\Users\davis\Workspace\KG1 -NVIDIA\artifacts\v284_official_gate_worktree\artifacts\v673_guarded_equation_bit_transfer_dataset\20260519T190246Z\v673_guarded_equation_bit_transfer_train.jsonl,496,v673_train_eq_00370_d62292c62c,equation_transform,equation_numeric_minus_signed,-28,54,268,53,1,False,True,True,-28,True,-28,True,0,0,0,0,1.0,
train,C:\Users\davis\Workspace\KG1 -NVIDIA\artifacts\v284_official_gate_worktree\artifacts\v673_guarded_equation_bit_transfer_dataset\20260519T190246Z\v673_guarded_equation_bit_transfer_train.jsonl,497,v673_train_bit_00159_cde6a4d775,bit_manipulation,bit_fullbyte_ternary_v366_new,01111101,26,208,25,1,False,True,True,01111101,True,01111101,True,0,0,0,0,0.35,
train,C:\Users\davis\Workspace\KG1 -NVIDIA\artifacts\v284_official_gate_worktree\artifacts\v673_guarded_equation_bit_transfer_dataset\20260519T190246Z\v673_guarded_equation_bit_transfer_train.jsonl,498,v673_train_bit_00004_b70ceea8dc,bit_manipulation,bit_fullbyte_ternary_v366_new,00000000,26,210,25,1,False,True,True,00000000,True,00000000,True,0,0,0,0,0.35,
train,C:\Users\davis\Workspace\KG1 -NVIDIA\artifacts\v284_official_gate_worktree\artifacts\v673_guarded_equation_bit_transfer_dataset\20260519T190246Z\v673_guarded_equation_bit_transfer_train.jsonl,499,v673_train_bit_00082_6b2eae0621,bit_manipulation,bit_fullbyte_ternary_v366_new,00010001,26,208,25,1,False,True,True,00010001,True,00010001,True,0,0,0,0,0.35,
train,C:\Users\davis\Workspace\KG1 -NVIDIA\artifacts\v284_official_gate_worktree\artifacts\v673_guarded_equation_bit_transfer_dataset\20260519T190246Z\v673_guarded_equation_bit_transfer_train.jsonl,500,v673_train_bit_00107_10565dedc3,bit_manipulation,bit_exact_global_binary_replay,10000110,26,203,25,1,False,True,True,10000110,True,10000110,True,0,0,0,0,0.35,
train,C:\Users\davis\Workspace\KG1 -NVIDIA\artifacts\v284_official_gate_worktree\artifacts\v673_guarded_equation_bit_transfer_dataset\20260519T190246Z\v673_guarded_equation_bit_transfer_train.jsonl,501,v673_train_eq_00240_99bbf77f1b,equation_transform,equation_numeric_minus_signed,-68,54,268,53,1,False,True,True,-68,True,-68,True,0,0,0,0,1.0,
train,C:\Users\davis\Workspace\KG1 -NVIDIA\artifacts\v284_official_gate_worktree\artifacts\v673_guarded_equation_bit_transfer_dataset\20260519T190246Z\v673_guarded_equation_bit_transfer_train.jsonl,502,v673_train_eq_00071_849935176e,equation_transform,equation_numeric_add_direct,137,46,237,45,1,False,True,True,137,True,137,True,0,0,0,0,1.0,
train,C:\Users\davis\Workspace\KG1 -NVIDIA\artifacts\v284_official_gate_worktree\artifacts\v673_guarded_equation_bit_transfer_dataset\20260519T190246Z\v673_guarded_equation_bit_transfer_train.jsonl,503,v673_train_eq_00158_35845d1021,equation_transform,equation_numeric_colon_trailing_zero,30,51,259,50,1,False,True,True,30,True,30,True,0,0,0,0,1.0,
train,C:\Users\davis\Workspace\KG1 -NVIDIA\artifacts\v284_official_gate_worktree\artifacts\v673_guarded_equation_bit_transfer_dataset\20260519T190246Z\v673_guarded_equation_bit_transfer_train.jsonl,504,v673_train_eq_00178_b3a0638347,equation_transform,equation_numeric_colon_trailing_zero,50,51,260,50,1,False,True,True,50,True,50,True,0,0,0,0,1.0,
train,C:\Users\davis\Workspace\KG1 -NVIDIA\artifacts\v284_official_gate_worktree\artifacts\v673_guarded_equation_bit_transfer_dataset\20260519T190246Z\v673_guarded_equation_bit_transfer_train.jsonl,505,v673_train_bit_00135_0d1eafcdec,bit_manipulation,bit_fullbyte_ternary_v366_new,00000010,26,210,25,1,False,True,True,00000010,True,00000010,True,0,0,0,0,0.35,
train,C:\Users\davis\Workspace\KG1 -NVIDIA\artifacts\v284_official_gate_worktree\artifacts\v673_guarded_equation_bit_transfer_dataset\20260519T190246Z\v673_guarded_equation_bit_transfer_train.jsonl,506,v673_train_eq_00072_4bfaa0705d,equation_transform,equation_numeric_add_direct,92,46,237,45,1,False,True,True,92,True,92,True,0,0,0,0,1.0,
train,C:\Users\davis\Workspace\KG1 -NVIDIA\artifacts\v284_official_gate_worktree\artifacts\v673_guarded_equation_bit_transfer_dataset\20260519T190246Z\v673_guarded_equation_bit_transfer_train.jsonl,507,v673_train_eq_00236_b73c273c1d,equation_transform,equation_numeric_colon_trailing_zero,10,51,259,50,1,False,True,True,10,True,10,True,0,0,0,0,1.0,
train,C:\Users\davis\Workspace\KG1 -NVIDIA\artifacts\v284_official_gate_worktree\artifacts\v673_guarded_equation_bit_transfer_dataset\20260519T190246Z\v673_guarded_equation_bit_transfer_train.jsonl,508,v673_train_bit_00018_2059b7c075,bit_manipulation,bit_exact_global_binary_replay,00111101,26,203,25,1,False,True,True,00111101,True,00111101,True,0,0,0,0,0.35,
train,C:\Users\davis\Workspace\KG1 -NVIDIA\artifacts\v284_official_gate_worktree\artifacts\v673_guarded_equation_bit_transfer_dataset\20260519T190246Z\v673_guarded_equation_bit_transfer_train.jsonl,509,v673_train_bit_00220_d7fa930029,bit_manipulation,bit_exact_global_ternary_replay,11110001,26,231,25,1,False,True,True,11110001,True,11110001,True,0,0,0,0,0.35,
train,C:\Users\davis\Workspace\KG1 -NVIDIA\artifacts\v284_official_gate_worktree\artifacts\v673_guarded_equation_bit_transfer_dataset\20260519T190246Z\v673_guarded_equation_bit_transfer_train.jsonl,510,v673_train_bit_00032_b6ab4e3149,bit_manipulation,bit_exact_global_binary_replay,00000110,26,203,25,1,False,True,True,00000110,True,00000110,True,0,0,0,0,0.35,
train,C:\Users\davis\Workspace\KG1 -NVIDIA\artifacts\v284_official_gate_worktree\artifacts\v673_guarded_equation_bit_transfer_dataset\20260519T190246Z\v673_guarded_equation_bit_transfer_train.jsonl,511,v673_train_eq_00066_b5c85abfd9,equation_transform,equation_numeric_add_direct,87,46,236,45,1,False,True,True,87,True,87,True,0,0,0,0,1.0,
train,C:\Users\davis\Workspace\KG1 -NVIDIA\artifacts\v284_official_gate_worktree\artifacts\v673_guarded_equation_bit_transfer_dataset\20260519T190246Z\v673_guarded_equation_bit_transfer_train.jsonl,512,v673_train_eq_00004_12d8564cfa,equation_transform,equation_numeric_add_direct,158,46,237,45,1,False,True,True,158,True,158,True,0,0,0,0,1.0,
train,C:\Users\davis\Workspace\KG1 -NVIDIA\artifacts\v284_official_gate_worktree\artifacts\v673_guarded_equation_bit_transfer_dataset\20260519T190246Z\v673_guarded_equation_bit_transfer_train.jsonl,513,v673_train_eq_00334_dee5f24ccb,equation_transform,equation_numeric_minus_signed,-42,54,269,53,1,False,True,True,-42,True,-42,True,0,0,0,0,1.0,
train,C:\Users\davis\Workspace\KG1 -NVIDIA\artifacts\v284_official_gate_worktree\artifacts\v673_guarded_equation_bit_transfer_dataset\20260519T190246Z\v673_guarded_equation_bit_transfer_train.jsonl,514,v673_train_eq_00063_21f0e39423,equation_transform,equation_numeric_add_direct,107,46,236,45,1,False,True,True,107,True,107,True,0,0,0,0,1.0,
train,C:\Users\davis\Workspace\KG1 -NVIDIA\artifacts\v284_official_gate_worktree\artifacts\v673_guarded_equation_bit_transfer_dataset\20260519T190246Z\v673_guarded_equation_bit_transfer_train.jsonl,515,v673_train_eq_00380_e9817397e8,equation_transform,equation_numeric_minus_signed,-18,54,269,53,1,False,True,True,-18,True,-18,True,0,0,0,0,1.0,
train,C:\Users\davis\Workspace\KG1 -NVIDIA\artifacts\v284_official_gate_worktree\artifacts\v673_guarded_equation_bit_transfer_dataset\20260519T190246Z\v673_guarded_equation_bit_transfer_train.jsonl,516,v673_train_eq_00257_232dab3511,equation_transform,equation_numeric_minus_signed,19,54,260,53,1,False,True,True,19,True,19,True,0,0,0,0,1.0,
train,C:\Users\davis\Workspace\KG1 -NVIDIA\artifacts\v284_official_gate_worktree\artifacts\v673_guarded_equation_bit_transfer_dataset\20260519T190246Z\v673_guarded_equation_bit_transfer_train.jsonl,517,v673_train_eq_00077_afd4c992a7,equation_transform,equation_numeric_add_direct,120,46,237,45,1,False,True,True,120,True,120,True,0,0,0,0,1.0,
train,C:\Users\davis\Workspace\KG1 -NVIDIA\artifacts\v284_official_gate_worktree\artifacts\v673_guarded_equation_bit_transfer_dataset\20260519T190246Z\v673_guarded_equation_bit_transfer_train.jsonl,518,v673_train_bit_00014_3f599d8a2b,bit_manipulation,bit_exact_global_ternary_replay,11100111,26,231,25,1,False,True,True,11100111,True,11100111,True,0,0,0,0,0.35,
train,C:\Users\davis\Workspace\KG1 -NVIDIA\artifacts\v284_official_gate_worktree\artifacts\v673_guarded_equation_bit_transfer_dataset\20260519T190246Z\v673_guarded_equation_bit_transfer_train.jsonl,519,v673_train_bit_00223_e1d3afef37,bit_manipulation,bit_exact_global_ternary_replay,01001110,26,233,25,1,False,True,True,01001110,True,01001110,True,0,0,0,0,0.35,
train,C:\Users\davis\Workspace\KG1 -NVIDIA\artifacts\v284_official_gate_worktree\artifacts\v673_guarded_equation_bit_transfer_dataset\20260519T190246Z\v673_guarded_equation_bit_transfer_train.jsonl,520,v673_train_eq_00391_de281876ee,equation_transform,equation_numeric_minus_signed,2,54,260,53,1,False,True,True,2,True,2,True,0,0,0,0,1.0,
train,C:\Users\davis\Workspace\KG1 -NVIDIA\artifacts\v284_official_gate_worktree\artifacts\v673_guarded_equation_bit_transfer_dataset\20260519T190246Z\v673_guarded_equation_bit_transfer_train.jsonl,521,v673_train_bit_00094_0b29154018,bit_manipulation,bit_exact_global_ternary_replay,10111111,26,228,25,1,False,True,True,10111111,True,10111111,True,0,0,0,0,0.35,
train,C:\Users\davis\Workspace\KG1 -NVIDIA\artifacts\v284_official_gate_worktree\artifacts\v673_guarded_equation_bit_transfer_dataset\20260519T190246Z\v673_guarded_equation_bit_transfer_train.jsonl,522,v673_train_eq_00460_0f80f2f70b,equation_transform,equation_numeric_minus_signed,-28,54,268,53,1,False,True,True,-28,True,-28,True,0,0,0,0,1.0,
train,C:\Users\davis\Workspace\KG1 -NVIDIA\artifacts\v284_official_gate_worktree\artifacts\v673_guarded_equation_bit_transfer_dataset\20260519T190246Z\v673_guarded_equation_bit_transfer_train.jsonl,523,v673_train_eq_00201_9dead33788,equation_transform,equation_numeric_colon_trailing_zero,20,51,260,50,1,False,True,True,20,True,20,True,0,0,0,0,1.0,
train,C:\Users\davis\Workspace\KG1 -NVIDIA\artifacts\v284_official_gate_worktree\artifacts\v673_guarded_equation_bit_transfer_dataset\20260519T190246Z\v673_guarded_equation_bit_transfer_train.jsonl,524,v673_train_eq_00080_9859cda516,equation_transform,equation_numeric_add_direct,94,46,237,45,1,False,True,True,94,True,94,True,0,0,0,0,1.0,
train,C:\Users\davis\Workspace\KG1 -NVIDIA\artifacts\v284_official_gate_worktree\artifacts\v673_guarded_equation_bit_transfer_dataset\20260519T190246Z\v673_guarded_equation_bit_transfer_train.jsonl,525,v673_train_eq_00265_e3bfff814b,equation_transform,equation_numeric_minus_signed,22,54,262,53,1,False,True,True,22,True,22,True,0,0,0,0,1.0,
train,C:\Users\davis\Workspace\KG1 -NVIDIA\artifacts\v284_official_gate_worktree\artifacts\v673_guarded_equation_bit_transfer_dataset\20260519T190246Z\v673_guarded_equation_bit_transfer_train.jsonl,526,v673_train_eq_00438_b5b3092c12,equation_transform,equation_numeric_minus_signed,-34,54,269,53,1,False,True,True,-34,True,-34,True,0,0,0,0,1.0,
train,C:\Users\davis\Workspace\KG1 -NVIDIA\artifacts\v284_official_gate_worktree\artifacts\v673_guarded_equation_bit_transfer_dataset\20260519T190246Z\v673_guarded_equation_bit_transfer_train.jsonl,527,v673_train_bit_00027_6b5a394169,bit_manipulation,bit_exact_global_ternary_replay,00011010,26,228,25,1,False,True,True,00011010,True,00011010,True,0,0,0,0,0.35,
train,C:\Users\davis\Workspace\KG1 -NVIDIA\artifacts\v284_official_gate_worktree\artifacts\v673_guarded_equation_bit_transfer_dataset\20260519T190246Z\v673_guarded_equation_bit_transfer_train.jsonl,528,v673_train_eq_00443_7d782107c6,equation_transform,equation_numeric_minus_signed,16,54,261,53,1,False,True,True,16,True,16,True,0,0,0,0,1.0,
train,C:\Users\davis\Workspace\KG1 -NVIDIA\artifacts\v284_official_gate_worktree\artifacts\v673_guarded_equation_bit_transfer_dataset\20260519T190246Z\v673_guarded_equation_bit_transfer_train.jsonl,529,v673_train_eq_00302_6d083c6dfb,equation_transform,equation_numeric_minus_signed,-38,54,269,53,1,False,True,True,-38,True,-38,True,0,0,0,0,1.0,
train,C:\Users\davis\Workspace\KG1 -NVIDIA\artifacts\v284_official_gate_worktree\artifacts\v673_guarded_equation_bit_transfer_dataset\20260519T190246Z\v673_guarded_equation_bit_transfer_train.jsonl,530,v673_train_eq_00112_4f3d39cf1c,equation_transform,equation_numeric_add_direct,85,46,236,45,1,False,True,True,85,True,85,True,0,0,0,0,1.0,
train,C:\Users\davis\Workspace\KG1 -NVIDIA\artifacts\v284_official_gate_worktree\artifacts\v673_guarded_equation_bit_transfer_dataset\20260519T190246Z\v673_guarded_equation_bit_transfer_train.jsonl,531,v673_train_eq_00059_f72ea3bf0a,equation_transform,equation_numeric_add_direct,147,46,236,45,1,False,True,True,147,True,147,True,0,0,0,0,1.0,
train,C:\Users\davis\Workspace\KG1 -NVIDIA\artifacts\v284_official_gate_worktree\artifacts\v673_guarded_equation_bit_transfer_dataset\20260519T190246Z\v673_guarded_equation_bit_transfer_train.jsonl,532,v673_train_bit_00057_7c876d41d1,bit_manipulation,bit_fullbyte_ternary_v366_new,01001111,26,208,25,1,False,True,True,01001111,True,01001111,True,0,0,0,0,0.35,
train,C:\Users\davis\Workspace\KG1 -NVIDIA\artifacts\v284_official_gate_worktree\artifacts\v673_guarded_equation_bit_transfer_dataset\20260519T190246Z\v673_guarded_equation_bit_transfer_train.jsonl,533,v673_train_bit_00196_832de59f91,bit_manipulation,bit_exact_global_ternary_replay,00111101,26,228,25,1,False,True,True,00111101,True,00111101,True,0,0,0,0,0.35,
train,C:\Users\davis\Workspace\KG1 -NVIDIA\artifacts\v284_official_gate_worktree\artifacts\v673_guarded_equation_bit_transfer_dataset\20260519T190246Z\v673_guarded_equation_bit_transfer_train.jsonl,534,v673_train_bit_00068_d35abd6692,bit_manipulation,bit_exact_global_ternary_replay,00111110,26,231,25,1,False,True,True,00111110,True,00111110,True,0,0,0,0,0.35,
train,C:\Users\davis\Workspace\KG1 -NVIDIA\artifacts\v284_official_gate_worktree\artifacts\v673_guarded_equation_bit_transfer_dataset\20260519T190246Z\v673_guarded_equation_bit_transfer_train.jsonl,535,v673_train_bit_00026_bac2e348cd,bit_manipulation,bit_exact_global_ternary_replay,00011000,26,233,25,1,False,True,True,00011000,True,00011000,True,0,0,0,0,0.35,
train,C:\Users\davis\Workspace\KG1 -NVIDIA\artifacts\v284_official_gate_worktree\artifacts\v673_guarded_equation_bit_transfer_dataset\20260519T190246Z\v673_guarded_equation_bit_transfer_train.jsonl,536,v673_train_eq_00095_e89fafadf4,equation_transform,equation_numeric_add_direct,52,46,234,45,1,False,True,True,52,True,52,True,0,0,0,0,1.0,
train,C:\Users\davis\Workspace\KG1 -NVIDIA\artifacts\v284_official_gate_worktree\artifacts\v673_guarded_equation_bit_transfer_dataset\20260519T190246Z\v673_guarded_equation_bit_transfer_train.jsonl,537,v673_train_eq_00332_215d2748ee,equation_transform,equation_numeric_minus_signed,-58,54,268,53,1,False,True,True,-58,True,-58,True,0,0,0,0,1.0,
train,C:\Users\davis\Workspace\KG1 -NVIDIA\artifacts\v284_official_gate_worktree\artifacts\v673_guarded_equation_bit_transfer_dataset\20260519T190246Z\v673_guarded_equation_bit_transfer_train.jsonl,538,v673_train_eq_00136_58a528b0d9,equation_transform,equation_numeric_colon_trailing_zero,10,51,259,50,1,False,True,True,10,True,10,True,0,0,0,0,1.0,
train,C:\Users\davis\Workspace\KG1 -NVIDIA\artifacts\v284_official_gate_worktree\artifacts\v673_guarded_equation_bit_transfer_dataset\20260519T190246Z\v673_guarded_equation_bit_transfer_train.jsonl,539,v673_train_eq_00347_6616bf55ea,equation_transform,equation_numeric_minus_signed,53,54,260,53,1,False,True,True,53,True,53,True,0,0,0,0,1.0,
train,C:\Users\davis\Workspace\KG1 -NVIDIA\artifacts\v284_official_gate_worktree\artifacts\v673_guarded_equation_bit_transfer_dataset\20260519T190246Z\v673_guarded_equation_bit_transfer_train.jsonl,540,v673_train_eq_00352_9339221e83,equation_transform,equation_numeric_minus_signed,-56,54,268,53,1,False,True,True,-56,True,-56,True,0,0,0,0,1.0,
train,C:\Users\davis\Workspace\KG1 -NVIDIA\artifacts\v284_official_gate_worktree\artifacts\v673_guarded_equation_bit_transfer_dataset\20260519T190246Z\v673_guarded_equation_bit_transfer_train.jsonl,541,v673_train_bit_00176_1a11bcea72,bit_manipulation,bit_exact_global_ternary_replay,11101111,26,231,25,1,False,True,True,11101111,True,11101111,True,0,0,0,0,0.35,
train,C:\Users\davis\Workspace\KG1 -NVIDIA\artifacts\v284_official_gate_worktree\artifacts\v673_guarded_equation_bit_transfer_dataset\20260519T190246Z\v673_guarded_equation_bit_transfer_train.jsonl,542,v673_train_bit_00131_c36d04a1ba,bit_manipulation,bit_fullbyte_ternary_v366_new,10110100,26,210,25,1,False,True,True,10110100,True,10110100,True,0,0,0,0,0.35,
train,C:\Users\davis\Workspace\KG1 -NVIDIA\artifacts\v284_official_gate_worktree\artifacts\v673_guarded_equation_bit_transfer_dataset\20260519T190246Z\v673_guarded_equation_bit_transfer_train.jsonl,543,v673_train_eq_00246_89c1289458,equation_transform,equation_numeric_minus_signed,-21,54,268,53,1,False,True,True,-21,True,-21,True,0,0,0,0,1.0,
train,C:\Users\davis\Workspace\KG1 -NVIDIA\artifacts\v284_official_gate_worktree\artifacts\v673_guarded_equation_bit_transfer_dataset\20260519T190246Z\v673_guarded_equation_bit_transfer_train.jsonl,544,v673_train_bit_00045_0666f09c4a,bit_manipulation,bit_exact_global_ternary_replay,01010001,26,233,25,1,False,True,True,01010001,True,01010001,True,0,0,0,0,0.35,
train,C:\Users\davis\Workspace\KG1 -NVIDIA\artifacts\v284_official_gate_worktree\artifacts\v673_guarded_equation_bit_transfer_dataset\20260519T190246Z\v673_guarded_equation_bit_transfer_train.jsonl,545,v673_train_eq_00473_c164910952,equation_transform,equation_numeric_minus_signed,16,54,262,53,1,False,True,True,16,True,16,True,0,0,0,0,1.0,
train,C:\Users\davis\Workspace\KG1 -NVIDIA\artifacts\v284_official_gate_worktree\artifacts\v673_guarded_equation_bit_transfer_dataset\20260519T190246Z\v673_guarded_equation_bit_transfer_train.jsonl,546,v673_train_eq_00478_d1e3251d2c,equation_transform,equation_numeric_minus_signed,-4,54,266,53,1,False,True,True,-4,True,-4,True,0,0,0,0,1.0,
train,C:\Users\davis\Workspace\KG1 -NVIDIA\artifacts\v284_official_gate_worktree\artifacts\v673_guarded_equation_bit_transfer_dataset\20260519T190246Z\v673_guarded_equation_bit_transfer_train.jsonl,547,v673_train_bit_00109_bcc4a3ee71,bit_manipulation,bit_exact_global_ternary_replay,01101110,26,228,25,1,False,True,True,01101110,True,01101110,True,0,0,0,0,0.35,
train,C:\Users\davis\Workspace\KG1 -NVIDIA\artifacts\v284_official_gate_worktree\artifacts\v673_guarded_equation_bit_transfer_dataset\20260519T190246Z\v673_guarded_equation_bit_transfer_train.jsonl,548,v673_train_bit_00101_bdc4cc59e8,bit_manipulation,bit_exact_global_ternary_replay,00110110,26,231,25,1,False,True,True,00110110,True,00110110,True,0,0,0,0,0.35,
train,C:\Users\davis\Workspace\KG1 -NVIDIA\artifacts\v284_official_gate_worktree\artifacts\v673_guarded_equation_bit_transfer_dataset\20260519T190246Z\v673_guarded_equation_bit_transfer_train.jsonl,549,v673_train_bit_00237_2ac7a98366,bit_manipulation,bit_fullbyte_ternary_v366_new,01011101,26,208,25,1,False,True,True,01011101,True,01011101,True,0,0,0,0,0.35,
train,C:\Users\davis\Workspace\KG1 -NVIDIA\artifacts\v284_official_gate_worktree\artifacts\v673_guarded_equation_bit_transfer_dataset\20260519T190246Z\v673_guarded_equation_bit_transfer_train.jsonl,550,v673_train_eq_00149_0548c55169,equation_transform,equation_numeric_colon_trailing_zero,80,51,260,50,1,False,True,True,80,True,80,True,0,0,0,0,1.0,
train,C:\Users\davis\Workspace\KG1 -NVIDIA\artifacts\v284_official_gate_worktree\artifacts\v673_guarded_equation_bit_transfer_dataset\20260519T190246Z\v673_guarded_equation_bit_transfer_train.jsonl,551,v673_train_bit_00180_9456b7756a,bit_manipulation,bit_exact_global_binary_replay,11010100,26,201,25,1,False,True,True,11010100,True,11010100,True,0,0,0,0,0.35,
train,C:\Users\davis\Workspace\KG1 -NVIDIA\artifacts\v284_official_gate_worktree\artifacts\v673_guarded_equation_bit_transfer_dataset\20260519T190246Z\v673_guarded_equation_bit_transfer_train.jsonl,552,v673_train_bit_00123_e6f7aa0526,bit_manipulation,bit_fullbyte_ternary_v366_new,00110100,26,210,25,1,False,True,True,00110100,True,00110100,True,0,0,0,0,0.35,
train,C:\Users\davis\Workspace\KG1 -NVIDIA\artifacts\v284_official_gate_worktree\artifacts\v673_guarded_equation_bit_transfer_dataset\20260519T190246Z\v673_guarded_equation_bit_transfer_train.jsonl,553,v673_train_eq_00284_b4c1db0ffe,equation_transform,equation_numeric_minus_signed,-1,54,265,53,1,False,True,True,-1,True,-1,True,0,0,0,0,1.0,
train,C:\Users\davis\Workspace\KG1 -NVIDIA\artifacts\v284_official_gate_worktree\artifacts\v673_guarded_equation_bit_transfer_dataset\20260519T190246Z\v673_guarded_equation_bit_transfer_train.jsonl,554,v673_train_eq_00135_8fb565532c,equation_transform,equation_numeric_colon_trailing_zero,20,51,257,50,1,False,True,True,20,True,20,True,0,0,0,0,1.0,
train,C:\Users\davis\Workspace\KG1 -NVIDIA\artifacts\v284_official_gate_worktree\artifacts\v673_guarded_equation_bit_transfer_dataset\20260519T190246Z\v673_guarded_equation_bit_transfer_train.jsonl,555,v673_train_bit_00071_c1143a4743,bit_manipulation,bit_exact_global_ternary_replay,11111111,26,231,25,1,False,True,True,11111111,True,11111111,True,0,0,0,0,0.35,
train,C:\Users\davis\Workspace\KG1 -NVIDIA\artifacts\v284_official_gate_worktree\artifacts\v673_guarded_equation_bit_transfer_dataset\20260519T190246Z\v673_guarded_equation_bit_transfer_train.jsonl,556,v673_train_bit_00194_9326ee580f,bit_manipulation,bit_exact_global_ternary_replay,00111110,26,231,25,1,False,True,True,00111110,True,00111110,True,0,0,0,0,0.35,
train,C:\Users\davis\Workspace\KG1 -NVIDIA\artifacts\v284_official_gate_worktree\artifacts\v673_guarded_equation_bit_transfer_dataset\20260519T190246Z\v673_guarded_equation_bit_transfer_train.jsonl,557,v673_train_eq_00039_d67ca4f159,equation_transform,equation_numeric_add_direct,152,46,237,45,1,False,True,True,152,True,152,True,0,0,0,0,1.0,
train,C:\Users\davis\Workspace\KG1 -NVIDIA\artifacts\v284_official_gate_worktree\artifacts\v673_guarded_equation_bit_transfer_dataset\20260519T190246Z\v673_guarded_equation_bit_transfer_train.jsonl,558,v673_train_eq_00021_e083b294fe,equation_transform,equation_numeric_add_direct,105,46,237,45,1,False,True,True,105,True,105,True,0,0,0,0,1.0,
train,C:\Users\davis\Workspace\KG1 -NVIDIA\artifacts\v284_official_gate_worktree\artifacts\v673_guarded_equation_bit_transfer_dataset\20260519T190246Z\v673_guarded_equation_bit_transfer_train.jsonl,559,v673_train_eq_00430_c384b9ea85,equation_transform,equation_numeric_minus_signed,-8,54,267,53,1,False,True,True,-8,True,-8,True,0,0,0,0,1.0,
train,C:\Users\davis\Workspace\KG1 -NVIDIA\artifacts\v284_official_gate_worktree\artifacts\v673_guarded_equation_bit_transfer_dataset\20260519T190246Z\v673_guarded_equation_bit_transfer_train.jsonl,560,v673_train_eq_00408_ef2fb82c61,equation_transform,equation_numeric_minus_signed,-18,54,267,53,1,False,True,True,-18,True,-18,True,0,0,0,0,1.0,
train,C:\Users\davis\Workspace\KG1 -NVIDIA\artifacts\v284_official_gate_worktree\artifacts\v673_guarded_equation_bit_transfer_dataset\20260519T190246Z\v673_guarded_equation_bit_transfer_train.jsonl,561,v673_train_bit_00199_d9c669e8bb,bit_manipulation,bit_exact_global_ternary_replay,11001000,26,228,25,1,False,True,True,11001000,True,11001000,True,0,0,0,0,0.35,
train,C:\Users\davis\Workspace\KG1 -NVIDIA\artifacts\v284_official_gate_worktree\artifacts\v673_guarded_equation_bit_transfer_dataset\20260519T190246Z\v673_guarded_equation_bit_transfer_train.jsonl,562,v673_train_eq_00298_13544e3d14,equation_transform,equation_numeric_minus_signed,-60,54,268,53,1,False,True,True,-60,True,-60,True,0,0,0,0,1.0,
train,C:\Users\davis\Workspace\KG1 -NVIDIA\artifacts\v284_official_gate_worktree\artifacts\v673_guarded_equation_bit_transfer_dataset\20260519T190246Z\v673_guarded_equation_bit_transfer_train.jsonl,563,v673_train_eq_00121_bcd6ca489f,equation_transform,equation_numeric_colon_trailing_zero,40,51,260,50,1,False,True,True,40,True,40,True,0,0,0,0,1.0,
train,C:\Users\davis\Workspace\KG1 -NVIDIA\artifacts\v284_official_gate_worktree\artifacts\v673_guarded_equation_bit_transfer_dataset\20260519T190246Z\v673_guarded_equation_bit_transfer_train.jsonl,564,v673_train_bit_00031_ea12f66425,bit_manipulation,bit_fullbyte_ternary_v366_new,00000000,26,210,25,1,False,True,True,00000000,True,00000000,True,0,0,0,0,0.35,
train,C:\Users\davis\Workspace\KG1 -NVIDIA\artifacts\v284_official_gate_worktree\artifacts\v673_guarded_equation_bit_transfer_dataset\20260519T190246Z\v673_guarded_equation_bit_transfer_train.jsonl,565,v673_train_bit_00197_3c46700f5b,bit_manipulation,bit_fullbyte_ternary_v366_new,00000010,26,208,25,1,False,True,True,00000010,True,00000010,True,0,0,0,0,0.35,
train,C:\Users\davis\Workspace\KG1 -NVIDIA\artifacts\v284_official_gate_worktree\artifacts\v673_guarded_equation_bit_transfer_dataset\20260519T190246Z\v673_guarded_equation_bit_transfer_train.jsonl,566,v673_train_eq_00457_085daf82d0,equation_transform,equation_numeric_minus_signed,70,54,261,53,1,False,True,True,70,True,70,True,0,0,0,0,1.0,
train,C:\Users\davis\Workspace\KG1 -NVIDIA\artifacts\v284_official_gate_worktree\artifacts\v673_guarded_equation_bit_transfer_dataset\20260519T190246Z\v673_guarded_equation_bit_transfer_train.jsonl,567,v673_train_eq_00338_9cdf9d76f4,equation_transform,equation_numeric_minus_signed,-57,54,267,53,1,False,True,True,-57,True,-57,True,0,0,0,0,1.0,
train,C:\Users\davis\Workspace\KG1 -NVIDIA\artifacts\v284_official_gate_worktree\artifacts\v673_guarded_equation_bit_transfer_dataset\20260519T190246Z\v673_guarded_equation_bit_transfer_train.jsonl,568,v673_train_bit_00092_7f5b23f657,bit_manipulation,bit_fullbyte_ternary_v366_new,01000111,26,210,25,1,False,True,True,01000111,True,01000111,True,0,0,0,0,0.35,
train,C:\Users\davis\Workspace\KG1 -NVIDIA\artifacts\v284_official_gate_worktree\artifacts\v673_guarded_equation_bit_transfer_dataset\20260519T190246Z\v673_guarded_equation_bit_transfer_train.jsonl,569,v673_train_eq_00388_ff2bcc8770,equation_transform,equation_numeric_minus_signed,-22,54,269,53,1,False,True,True,-22,True,-22,True,0,0,0,0,1.0,
train,C:\Users\davis\Workspace\KG1 -NVIDIA\artifacts\v284_official_gate_worktree\artifacts\v673_guarded_equation_bit_transfer_dataset\20260519T190246Z\v673_guarded_equation_bit_transfer_train.jsonl,570,v673_train_eq_00064_1dfc785dc3,equation_transform,equation_numeric_add_direct,130,46,237,45,1,False,True,True,130,True,130,True,0,0,0,0,1.0,
train,C:\Users\davis\Workspace\KG1 -NVIDIA\artifacts\v284_official_gate_worktree\artifacts\v673_guarded_equation_bit_transfer_dataset\20260519T190246Z\v673_guarded_equation_bit_transfer_train.jsonl,571,v673_train_eq_00361_8bcb5afc2e,equation_transform,equation_numeric_minus_signed,69,54,260,53,1,False,True,True,69,True,69,True,0,0,0,0,1.0,
train,C:\Users\davis\Workspace\KG1 -NVIDIA\artifacts\v284_official_gate_worktree\artifacts\v673_guarded_equation_bit_transfer_dataset\20260519T190246Z\v673_guarded_equation_bit_transfer_train.jsonl,572,v673_train_bit_00224_fff229d2c4,bit_manipulation,bit_fullbyte_ternary_v366_new,00100111,26,208,25,1,False,True,True,00100111,True,00100111,True,0,0,0,0,0.35,
train,C:\Users\davis\Workspace\KG1 -NVIDIA\artifacts\v284_official_gate_worktree\artifacts\v673_guarded_equation_bit_transfer_dataset\20260519T190246Z\v673_guarded_equation_bit_transfer_train.jsonl,573,v673_train_bit_00126_0999d7e4b5,bit_manipulation,bit_fullbyte_ternary_v366_new,00000000,26,210,25,1,False,True,True,00000000,True,00000000,True,0,0,0,0,0.35,
train,C:\Users\davis\Workspace\KG1 -NVIDIA\artifacts\v284_official_gate_worktree\artifacts\v673_guarded_equation_bit_transfer_dataset\20260519T190246Z\v673_guarded_equation_bit_transfer_train.jsonl,574,v673_train_eq_00402_a7ee38ca26,equation_transform,equation_numeric_minus_signed,-35,54,269,53,1,False,True,True,-35,True,-35,True,0,0,0,0,1.0,
train,C:\Users\davis\Workspace\KG1 -NVIDIA\artifacts\v284_official_gate_worktree\artifacts\v673_guarded_equation_bit_transfer_dataset\20260519T190246Z\v673_guarded_equation_bit_transfer_train.jsonl,575,v673_train_bit_00079_251c06b60c,bit_manipulation,bit_exact_global_binary_replay,11101011,26,201,25,1,False,True,True,11101011,True,11101011,True,0,0,0,0,0.35,
train,C:\Users\davis\Workspace\KG1 -NVIDIA\artifacts\v284_official_gate_worktree\artifacts\v673_guarded_equation_bit_transfer_dataset\20260519T190246Z\v673_guarded_equation_bit_transfer_train.jsonl,576,v673_train_eq_00310_405a9477cf,equation_transform,equation_numeric_minus_signed,-63,54,268,53,1,False,True,True,-63,True,-63,True,0,0,0,0,1.0,
train,C:\Users\davis\Workspace\KG1 -NVIDIA\artifacts\v284_official_gate_worktree\artifacts\v673_guarded_equation_bit_transfer_dataset\20260519T190246Z\v673_guarded_equation_bit_transfer_train.jsonl,577,v673_train_eq_00267_bb2b73b724,equation_transform,equation_numeric_minus_signed,15,54,260,53,1,False,True,True,15,True,15,True,0,0,0,0,1.0,
train,C:\Users\davis\Workspace\KG1 -NVIDIA\artifacts\v284_official_gate_worktree\artifacts\v673_guarded_equation_bit_transfer_dataset\20260519T190246Z\v673_guarded_equation_bit_transfer_train.jsonl,578,v673_train_bit_00115_cc03d06bcc,bit_manipulation,bit_exact_global_ternary_replay,01001111,26,231,25,1,False,True,True,01001111,True,01001111,True,0,0,0,0,0.35,
train,C:\Users\davis\Workspace\KG1 -NVIDIA\artifacts\v284_official_gate_worktree\artifacts\v673_guarded_equation_bit_transfer_dataset\20260519T190246Z\v673_guarded_equation_bit_transfer_train.jsonl,579,v673_train_eq_00476_2d894aed23,equation_transform,equation_numeric_minus_signed,-36,54,269,53,1,False,True,True,-36,True,-36,True,0,0,0,0,1.0,
train,C:\Users\davis\Workspace\KG1 -NVIDIA\artifacts\v284_official_gate_worktree\artifacts\v673_guarded_equation_bit_transfer_dataset\20260519T190246Z\v673_guarded_equation_bit_transfer_train.jsonl,580,v673_train_bit_00124_c11b4e33ed,bit_manipulation,bit_fullbyte_ternary_v366_new,00011011,26,208,25,1,False,True,True,00011011,True,00011011,True,0,0,0,0,0.35,
train,C:\Users\davis\Workspace\KG1 -NVIDIA\artifacts\v284_official_gate_worktree\artifacts\v673_guarded_equation_bit_transfer_dataset\20260519T190246Z\v673_guarded_equation_bit_transfer_train.jsonl,581,v673_train_eq_00475_c156d0ed65,equation_transform,equation_numeric_minus_signed,14,54,261,53,1,False,True,True,14,True,14,True,0,0,0,0,1.0,
train,C:\Users\davis\Workspace\KG1 -NVIDIA\artifacts\v284_official_gate_worktree\artifacts\v673_guarded_equation_bit_transfer_dataset\20260519T190246Z\v673_guarded_equation_bit_transfer_train.jsonl,582,v673_train_eq_00454_6ec23ee5c0,equation_transform,equation_numeric_minus_signed,-2,54,264,53,1,False,True,True,-2,True,-2,True,0,0,0,0,1.0,
train,C:\Users\davis\Workspace\KG1 -NVIDIA\artifacts\v284_official_gate_worktree\artifacts\v673_guarded_equation_bit_transfer_dataset\20260519T190246Z\v673_guarded_equation_bit_transfer_train.jsonl,583,v673_train_eq_00048_dab9bbd5be,equation_transform,equation_numeric_add_direct,72,46,236,45,1,False,True,True,72,True,72,True,0,0,0,0,1.0,
train,C:\Users\davis\Workspace\KG1 -NVIDIA\artifacts\v284_official_gate_worktree\artifacts\v673_guarded_equation_bit_transfer_dataset\20260519T190246Z\v673_guarded_equation_bit_transfer_train.jsonl,584,v673_train_eq_00379_065ae4dc94,equation_transform,equation_numeric_minus_signed,77,54,261,53,1,False,True,True,77,True,77,True,0,0,0,0,1.0,
train,C:\Users\davis\Workspace\KG1 -NVIDIA\artifacts\v284_official_gate_worktree\artifacts\v673_guarded_equation_bit_transfer_dataset\20260519T190246Z\v673_guarded_equation_bit_transfer_train.jsonl,585,v673_train_eq_00421_d7dc04a016,equation_transform,equation_numeric_minus_signed,33,54,260,53,1,False,True,True,33,True,33,True,0,0,0,0,1.0,
train,C:\Users\davis\Workspace\KG1 -NVIDIA\artifacts\v284_official_gate_worktree\artifacts\v673_guarded_equation_bit_transfer_dataset\20260519T190246Z\v673_guarded_equation_bit_transfer_train.jsonl,586,v673_train_bit_00187_bf4ccb1922,bit_manipulation,bit_fullbyte_ternary_v366_new,01001110,26,208,25,1,False,True,True,01001110,True,01001110,True,0,0,0,0,0.35,
train,C:\Users\davis\Workspace\KG1 -NVIDIA\artifacts\v284_official_gate_worktree\artifacts\v673_guarded_equation_bit_transfer_dataset\20260519T190246Z\v673_guarded_equation_bit_transfer_train.jsonl,587,v673_train_bit_00064_8e5629fa79,bit_manipulation,bit_exact_global_ternary_replay,01101101,26,233,25,1,False,True,True,01101101,True,01101101,True,0,0,0,0,0.35,
train,C:\Users\davis\Workspace\KG1 -NVIDIA\artifacts\v284_official_gate_worktree\artifacts\v673_guarded_equation_bit_transfer_dataset\20260519T190246Z\v673_guarded_equation_bit_transfer_train.jsonl,588,v673_train_eq_00378_d45caa2547,equation_transform,equation_numeric_minus_signed,-6,54,267,53,1,False,True,True,-6,True,-6,True,0,0,0,0,1.0,
train,C:\Users\davis\Workspace\KG1 -NVIDIA\artifacts\v284_official_gate_worktree\artifacts\v673_guarded_equation_bit_transfer_dataset\20260519T190246Z\v673_guarded_equation_bit_transfer_train.jsonl,589,v673_train_eq_00003_ff42ec535f,equation_transform,equation_numeric_add_direct,62,46,236,45,1,False,True,True,62,True,62,True,0,0,0,0,1.0,
train,C:\Users\davis\Workspace\KG1 -NVIDIA\artifacts\v284_official_gate_worktree\artifacts\v673_guarded_equation_bit_transfer_dataset\20260519T190246Z\v673_guarded_equation_bit_transfer_train.jsonl,590,v673_train_eq_00238_385591ced8,equation_transform,equation_numeric_colon_trailing_zero,40,51,260,50,1,False,True,True,40,True,40,True,0,0,0,0,1.0,
train,C:\Users\davis\Workspace\KG1 -NVIDIA\artifacts\v284_official_gate_worktree\artifacts\v673_guarded_equation_bit_transfer_dataset\20260519T190246Z\v673_guarded_equation_bit_transfer_train.jsonl,591,v673_train_bit_00096_5a2b70ec35,bit_manipulation,bit_fullbyte_ternary_v366_new,10010111,26,210,25,1,False,True,True,10010111,True,10010111,True,0,0,0,0,0.35,
train,C:\Users\davis\Workspace\KG1 -NVIDIA\artifacts\v284_official_gate_worktree\artifacts\v673_guarded_equation_bit_transfer_dataset\20260519T190246Z\v673_guarded_equation_bit_transfer_train.jsonl,592,v673_train_eq_00093_e9427f97bb,equation_transform,equation_numeric_add_direct,103,46,238,45,1,False,True,True,103,True,103,True,0,0,0,0,1.0,
train,C:\Users\davis\Workspace\KG1 -NVIDIA\artifacts\v284_official_gate_worktree\artifacts\v673_guarded_equation_bit_transfer_dataset\20260519T190246Z\v673_guarded_equation_bit_transfer_train.jsonl,593,v673_train_eq_00474_fdb455d936,equation_transform,equation_numeric_minus_signed,-6,54,267,53,1,False,True,True,-6,True,-6,True,0,0,0,0,1.0,
train,C:\Users\davis\Workspace\KG1 -NVIDIA\artifacts\v284_official_gate_worktree\artifacts\v673_guarded_equation_bit_transfer_dataset\20260519T190246Z\v673_guarded_equation_bit_transfer_train.jsonl,594,v673_train_eq_00223_f1dc0eb674,equation_transform,equation_numeric_colon_trailing_zero,70,51,258,50,1,False,True,True,70,True,70,True,0,0,0,0,1.0,
train,C:\Users\davis\Workspace\KG1 -NVIDIA\artifacts\v284_official_gate_worktree\artifacts\v673_guarded_equation_bit_transfer_dataset\20260519T190246Z\v673_guarded_equation_bit_transfer_train.jsonl,595,v673_train_eq_00268_739a4f40d2,equation_transform,equation_numeric_minus_signed,-8,54,265,53,1,False,True,True,-8,True,-8,True,0,0,0,0,1.0,
train,C:\Users\davis\Workspace\KG1 -NVIDIA\artifacts\v284_official_gate_worktree\artifacts\v673_guarded_equation_bit_transfer_dataset\20260519T190246Z\v673_guarded_equation_bit_transfer_train.jsonl,596,v673_train_eq_00076_4f9f90bf93,equation_transform,equation_numeric_add_direct,136,46,236,45,1,False,True,True,136,True,136,True,0,0,0,0,1.0,
train,C:\Users\davis\Workspace\KG1 -NVIDIA\artifacts\v284_official_gate_worktree\artifacts\v673_guarded_equation_bit_transfer_dataset\20260519T190246Z\v673_guarded_equation_bit_transfer_train.jsonl,597,v673_train_eq_00221_1e7183ae15,equation_transform,equation_numeric_colon_trailing_zero,20,51,260,50,1,False,True,True,20,True,20,True,0,0,0,0,1.0,
train,C:\Users\davis\Workspace\KG1 -NVIDIA\artifacts\v284_official_gate_worktree\artifacts\v673_guarded_equation_bit_transfer_dataset\20260519T190246Z\v673_guarded_equation_bit_transfer_train.jsonl,598,v673_train_eq_00295_a02a876013,equation_transform,equation_numeric_minus_signed,53,54,259,53,1,False,True,True,53,True,53,True,0,0,0,0,1.0,
train,C:\Users\davis\Workspace\KG1 -NVIDIA\artifacts\v284_official_gate_worktree\artifacts\v673_guarded_equation_bit_transfer_dataset\20260519T190246Z\v673_guarded_equation_bit_transfer_train.jsonl,599,v673_train_eq_00243_4caa7e3bf0,equation_transform,equation_numeric_minus_signed,69,54,262,53,1,False,True,True,69,True,69,True,0,0,0,0,1.0,
train,C:\Users\davis\Workspace\KG1 -NVIDIA\artifacts\v284_official_gate_worktree\artifacts\v673_guarded_equation_bit_transfer_dataset\20260519T190246Z\v673_guarded_equation_bit_transfer_train.jsonl,600,v673_train_eq_00083_b5fd0a9600,equation_transform,equation_numeric_add_direct,148,46,237,45,1,False,True,True,148,True,148,True,0,0,0,0,1.0,
train,C:\Users\davis\Workspace\KG1 -NVIDIA\artifacts\v284_official_gate_worktree\artifacts\v673_guarded_equation_bit_transfer_dataset\20260519T190246Z\v673_guarded_equation_bit_transfer_train.jsonl,601,v673_train_bit_00002_bbf5f08ef1,bit_manipulation,bit_fullbyte_ternary_v366_new,10001110,26,210,25,1,False,True,True,10001110,True,10001110,True,0,0,0,0,0.35,
train,C:\Users\davis\Workspace\KG1 -NVIDIA\artifacts\v284_official_gate_worktree\artifacts\v673_guarded_equation_bit_transfer_dataset\20260519T190246Z\v673_guarded_equation_bit_transfer_train.jsonl,602,v673_train_bit_00015_f12edda13b,bit_manipulation,bit_exact_global_binary_replay,00010000,26,203,25,1,False,True,True,00010000,True,00010000,True,0,0,0,0,0.35,
train,C:\Users\davis\Workspace\KG1 -NVIDIA\artifacts\v284_official_gate_worktree\artifacts\v673_guarded_equation_bit_transfer_dataset\20260519T190246Z\v673_guarded_equation_bit_transfer_train.jsonl,603,v673_train_bit_00023_e286c8fcb0,bit_manipulation,bit_fullbyte_ternary_v366_new,10001100,26,208,25,1,False,True,True,10001100,True,10001100,True,0,0,0,0,0.35,
train,C:\Users\davis\Workspace\KG1 -NVIDIA\artifacts\v284_official_gate_worktree\artifacts\v673_guarded_equation_bit_transfer_dataset\20260519T190246Z\v673_guarded_equation_bit_transfer_train.jsonl,604,v673_train_eq_00315_8810a97db5,equation_transform,equation_numeric_minus_signed,43,54,262,53,1,False,True,True,43,True,43,True,0,0,0,0,1.0,
train,C:\Users\davis\Workspace\KG1 -NVIDIA\artifacts\v284_official_gate_worktree\artifacts\v673_guarded_equation_bit_transfer_dataset\20260519T190246Z\v673_guarded_equation_bit_transfer_train.jsonl,605,v673_train_eq_00160_68fbf31c90,equation_transform,equation_numeric_colon_trailing_zero,40,51,259,50,1,False,True,True,40,True,40,True,0,0,0,0,1.0,
train,C:\Users\davis\Workspace\KG1 -NVIDIA\artifacts\v284_official_gate_worktree\artifacts\v673_guarded_equation_bit_transfer_dataset\20260519T190246Z\v673_guarded_equation_bit_transfer_train.jsonl,606,v673_train_eq_00368_b2a861ab75,equation_transform,equation_numeric_minus_signed,-5,54,267,53,1,False,True,True,-5,True,-5,True,0,0,0,0,1.0,
train,C:\Users\davis\Workspace\KG1 -NVIDIA\artifacts\v284_official_gate_worktree\artifacts\v673_guarded_equation_bit_transfer_dataset\20260519T190246Z\v673_guarded_equation_bit_transfer_train.jsonl,607,v673_train_eq_00416_a7642d1428,equation_transform,equation_numeric_minus_signed,-9,54,265,53,1,False,True,True,-9,True,-9,True,0,0,0,0,1.0,
train,C:\Users\davis\Workspace\KG1 -NVIDIA\artifacts\v284_official_gate_worktree\artifacts\v673_guarded_equation_bit_transfer_dataset\20260519T190246Z\v673_guarded_equation_bit_transfer_train.jsonl,608,v673_train_bit_00192_f0648084e4,bit_manipulation,bit_exact_global_ternary_replay,01000000,26,227,25,1,False,True,True,01000000,True,01000000,True,0,0,0,0,0.35,
train,C:\Users\davis\Workspace\KG1 -NVIDIA\artifacts\v284_official_gate_worktree\artifacts\v673_guarded_equation_bit_transfer_dataset\20260519T190246Z\v673_guarded_equation_bit_transfer_train.jsonl,609,v673_train_bit_00048_6482e4ae18,bit_manipulation,bit_fullbyte_ternary_v366_new,00100010,26,210,25,1,False,True,True,00100010,True,00100010,True,0,0,0,0,0.35,
train,C:\Users\davis\Workspace\KG1 -NVIDIA\artifacts\v284_official_gate_worktree\artifacts\v673_guarded_equation_bit_transfer_dataset\20260519T190246Z\v673_guarded_equation_bit_transfer_train.jsonl,610,v673_train_eq_00057_d9d8c62bc2,equation_transform,equation_numeric_add_direct,93,46,236,45,1,False,True,True,93,True,93,True,0,0,0,0,1.0,
train,C:\Users\davis\Workspace\KG1 -NVIDIA\artifacts\v284_official_gate_worktree\artifacts\v673_guarded_equation_bit_transfer_dataset\20260519T190246Z\v673_guarded_equation_bit_transfer_train.jsonl,611,v673_train_eq_00037_63f9376f21,equation_transform,equation_numeric_add_direct,113,46,237,45,1,False,True,True,113,True,113,True,0,0,0,0,1.0,
train,C:\Users\davis\Workspace\KG1 -NVIDIA\artifacts\v284_official_gate_worktree\artifacts\v673_guarded_equation_bit_transfer_dataset\20260519T190246Z\v673_guarded_equation_bit_transfer_train.jsonl,612,v673_train_bit_00024_3068dd3b85,bit_manipulation,bit_exact_global_ternary_replay,00000000,26,227,25,1,False,True,True,00000000,True,00000000,True,0,0,0,0,0.35,
train,C:\Users\davis\Workspace\KG1 -NVIDIA\artifacts\v284_official_gate_worktree\artifacts\v673_guarded_equation_bit_transfer_dataset\20260519T190246Z\v673_guarded_equation_bit_transfer_train.jsonl,613,v673_train_eq_00413_f7ef7016a1,equation_transform,equation_numeric_minus_signed,13,54,262,53,1,False,True,True,13,True,13,True,0,0,0,0,1.0,
train,C:\Users\davis\Workspace\KG1 -NVIDIA\artifacts\v284_official_gate_worktree\artifacts\v673_guarded_equation_bit_transfer_dataset\20260519T190246Z\v673_guarded_equation_bit_transfer_train.jsonl,614,v673_train_eq_00462_2f482f5f5c,equation_transform,equation_numeric_minus_signed,-24,54,267,53,1,False,True,True,-24,True,-24,True,0,0,0,0,1.0,
train,C:\Users\davis\Workspace\KG1 -NVIDIA\artifacts\v284_official_gate_worktree\artifacts\v673_guarded_equation_bit_transfer_dataset\20260519T190246Z\v673_guarded_equation_bit_transfer_train.jsonl,615,v673_train_bit_00052_6ed858cc5e,bit_manipulation,bit_fullbyte_ternary_v366_new,01001000,26,210,25,1,False,True,True,01001000,True,01001000,True,0,0,0,0,0.35,
train,C:\Users\davis\Workspace\KG1 -NVIDIA\artifacts\v284_official_gate_worktree\artifacts\v673_guarded_equation_bit_transfer_dataset\20260519T190246Z\v673_guarded_equation_bit_transfer_train.jsonl,616,v673_train_eq_00145_f26d853bbb,equation_transform,equation_numeric_colon_trailing_zero,20,51,260,50,1,False,True,True,20,True,20,True,0,0,0,0,1.0,
train,C:\Users\davis\Workspace\KG1 -NVIDIA\artifacts\v284_official_gate_worktree\artifacts\v673_guarded_equation_bit_transfer_dataset\20260519T190246Z\v673_guarded_equation_bit_transfer_train.jsonl,617,v673_train_bit_00205_1157af97ea,bit_manipulation,bit_exact_global_binary_replay,01111000,26,201,25,1,False,True,True,01111000,True,01111000,True,0,0,0,0,0.35,
train,C:\Users\davis\Workspace\KG1 -NVIDIA\artifacts\v284_official_gate_worktree\artifacts\v673_guarded_equation_bit_transfer_dataset\20260519T190246Z\v673_guarded_equation_bit_transfer_train.jsonl,618,v673_train_bit_00042_17949d6931,bit_manipulation,bit_exact_global_ternary_replay,10110111,26,228,25,1,False,True,True,10110111,True,10110111,True,0,0,0,0,0.35,
train,C:\Users\davis\Workspace\KG1 -NVIDIA\artifacts\v284_official_gate_worktree\artifacts\v673_guarded_equation_bit_transfer_dataset\20260519T190246Z\v673_guarded_equation_bit_transfer_train.jsonl,619,v673_train_eq_00000_96a7f82c6f,equation_transform,equation_numeric_add_direct,81,46,237,45,1,False,True,True,81,True,81,True,0,0,0,0,1.0,
train,C:\Users\davis\Workspace\KG1 -NVIDIA\artifacts\v284_official_gate_worktree\artifacts\v673_guarded_equation_bit_transfer_dataset\20260519T190246Z\v673_guarded_equation_bit_transfer_train.jsonl,620,v673_train_bit_00007_5387618dfe,bit_manipulation,bit_exact_global_ternary_replay,00111110,26,228,25,1,False,True,True,00111110,True,00111110,True,0,0,0,0,0.35,
train,C:\Users\davis\Workspace\KG1 -NVIDIA\artifacts\v284_official_gate_worktree\artifacts\v673_guarded_equation_bit_transfer_dataset\20260519T190246Z\v673_guarded_equation_bit_transfer_train.jsonl,621,v673_train_eq_00292_7a00aa702a,equation_transform,equation_numeric_minus_signed,-38,54,267,53,1,False,True,True,-38,True,-38,True,0,0,0,0,1.0,
train,C:\Users\davis\Workspace\KG1 -NVIDIA\artifacts\v284_official_gate_worktree\artifacts\v673_guarded_equation_bit_transfer_dataset\20260519T190246Z\v673_guarded_equation_bit_transfer_train.jsonl,622,v673_train_eq_00050_084ac22224,equation_transform,equation_numeric_add_direct,79,46,235,45,1,False,True,True,79,True,79,True,0,0,0,0,1.0,
train,C:\Users\davis\Workspace\KG1 -NVIDIA\artifacts\v284_official_gate_worktree\artifacts\v673_guarded_equation_bit_transfer_dataset\20260519T190246Z\v673_guarded_equation_bit_transfer_train.jsonl,623,v673_train_eq_00081_08cf35e191,equation_transform,equation_numeric_add_direct,121,46,238,45,1,False,True,True,121,True,121,True,0,0,0,0,1.0,
train,C:\Users\davis\Workspace\KG1 -NVIDIA\artifacts\v284_official_gate_worktree\artifacts\v673_guarded_equation_bit_transfer_dataset\20260519T190246Z\v673_guarded_equation_bit_transfer_train.jsonl,624,v673_train_bit_00172_a3e0d68e03,bit_manipulation,bit_exact_global_ternary_replay,11011111,26,231,25,1,False,True,True,11011111,True,11011111,True,0,0,0,0,0.35,
train,C:\Users\davis\Workspace\KG1 -NVIDIA\artifacts\v284_official_gate_worktree\artifacts\v673_guarded_equation_bit_transfer_dataset\20260519T190246Z\v673_guarded_equation_bit_transfer_train.jsonl,625,v673_train_bit_00091_87a3299057,bit_manipulation,bit_exact_global_ternary_replay,01100111,26,228,25,1,False,True,True,01100111,True,01100111,True,0,0,0,0,0.35,
train,C:\Users\davis\Workspace\KG1 -NVIDIA\artifacts\v284_official_gate_worktree\artifacts\v673_guarded_equation_bit_transfer_dataset\20260519T190246Z\v673_guarded_equation_bit_transfer_train.jsonl,626,v673_train_eq_00477_e326e1c486,equation_transform,equation_numeric_minus_signed,62,54,262,53,1,False,True,True,62,True,62,True,0,0,0,0,1.0,
train,C:\Users\davis\Workspace\KG1 -NVIDIA\artifacts\v284_official_gate_worktree\artifacts\v673_guarded_equation_bit_transfer_dataset\20260519T190246Z\v673_guarded_equation_bit_transfer_train.jsonl,627,v673_train_eq_00215_c5439b9b09,equation_transform,equation_numeric_colon_trailing_zero,40,51,259,50,1,False,True,True,40,True,40,True,0,0,0,0,1.0,
train,C:\Users\davis\Workspace\KG1 -NVIDIA\artifacts\v284_official_gate_worktree\artifacts\v673_guarded_equation_bit_transfer_dataset\20260519T190246Z\v673_guarded_equation_bit_transfer_train.jsonl,628,v673_train_bit_00049_589f9092cb,bit_manipulation,bit_fullbyte_ternary_v366_new,01010101,26,208,25,1,False,True,True,01010101,True,01010101,True,0,0,0,0,0.35,
train,C:\Users\davis\Workspace\KG1 -NVIDIA\artifacts\v284_official_gate_worktree\artifacts\v673_guarded_equation_bit_transfer_dataset\20260519T190246Z\v673_guarded_equation_bit_transfer_train.jsonl,629,v673_train_eq_00185_917b323af8,equation_transform,equation_numeric_colon_trailing_zero,30,51,260,50,1,False,True,True,30,True,30,True,0,0,0,0,1.0,
train,C:\Users\davis\Workspace\KG1 -NVIDIA\artifacts\v284_official_gate_worktree\artifacts\v673_guarded_equation_bit_transfer_dataset\20260519T190246Z\v673_guarded_equation_bit_transfer_train.jsonl,630,v673_train_bit_00063_1f03f5c76d,bit_manipulation,bit_exact_global_binary_replay,11111000,26,201,25,1,False,True,True,11111000,True,11111000,True,0,0,0,0,0.35,
train,C:\Users\davis\Workspace\KG1 -NVIDIA\artifacts\v284_official_gate_worktree\artifacts\v673_guarded_equation_bit_transfer_dataset\20260519T190246Z\v673_guarded_equation_bit_transfer_train.jsonl,631,v673_train_bit_00085_7930266ecc,bit_manipulation,bit_exact_global_ternary_replay,11010011,26,228,25,1,False,True,True,11010011,True,11010011,True,0,0,0,0,0.35,
train,C:\Users\davis\Workspace\KG1 -NVIDIA\artifacts\v284_official_gate_worktree\artifacts\v673_guarded_equation_bit_transfer_dataset\20260519T190246Z\v673_guarded_equation_bit_transfer_train.jsonl,632,v673_train_bit_00080_1f10c2e63f,bit_manipulation,bit_fullbyte_ternary_v366_new,01000000,26,210,25,1,False,True,True,01000000,True,01000000,True,0,0,0,0,0.35,
train,C:\Users\davis\Workspace\KG1 -NVIDIA\artifacts\v284_official_gate_worktree\artifacts\v673_guarded_equation_bit_transfer_dataset\20260519T190246Z\v673_guarded_equation_bit_transfer_train.jsonl,633,v673_train_bit_00164_943cc590d6,bit_manipulation,bit_exact_global_ternary_replay,11010101,26,228,25,1,False,True,True,11010101,True,11010101,True,0,0,0,0,0.35,
train,C:\Users\davis\Workspace\KG1 -NVIDIA\artifacts\v284_official_gate_worktree\artifacts\v673_guarded_equation_bit_transfer_dataset\20260519T190246Z\v673_guarded_equation_bit_transfer_train.jsonl,634,v673_train_eq_00471_fb6d74b51d,equation_transform,equation_numeric_minus_signed,6,54,260,53,1,False,True,True,6,True,6,True,0,0,0,0,1.0,
train,C:\Users\davis\Workspace\KG1 -NVIDIA\artifacts\v284_official_gate_worktree\artifacts\v673_guarded_equation_bit_transfer_dataset\20260519T190246Z\v673_guarded_equation_bit_transfer_train.jsonl,635,v673_train_bit_00058_7bed11dff3,bit_manipulation,bit_exact_global_ternary_replay,11010111,26,227,25,1,False,True,True,11010111,True,11010111,True,0,0,0,0,0.35,
train,C:\Users\davis\Workspace\KG1 -NVIDIA\artifacts\v284_official_gate_worktree\artifacts\v673_guarded_equation_bit_transfer_dataset\20260519T190246Z\v673_guarded_equation_bit_transfer_train.jsonl,636,v673_train_eq_00126_918d0abc65,equation_transform,equation_numeric_colon_trailing_zero,20,51,260,50,1,False,True,True,20,True,20,True,0,0,0,0,1.0,
train,C:\Users\davis\Workspace\KG1 -NVIDIA\artifacts\v284_official_gate_worktree\artifacts\v673_guarded_equation_bit_transfer_dataset\20260519T190246Z\v673_guarded_equation_bit_transfer_train.jsonl,637,v673_train_eq_00190_052cfd93cc,equation_transform,equation_numeric_colon_trailing_zero,10,51,259,50,1,False,True,True,10,True,10,True,0,0,0,0,1.0,
train,C:\Users\davis\Workspace\KG1 -NVIDIA\artifacts\v284_official_gate_worktree\artifacts\v673_guarded_equation_bit_transfer_dataset\20260519T190246Z\v673_guarded_equation_bit_transfer_train.jsonl,638,v673_train_eq_00393_4767010e3c,equation_transform,equation_numeric_minus_signed,3,54,258,53,1,False,True,True,3,True,3,True,0,0,0,0,1.0,
train,C:\Users\davis\Workspace\KG1 -NVIDIA\artifacts\v284_official_gate_worktree\artifacts\v673_guarded_equation_bit_transfer_dataset\20260519T190246Z\v673_guarded_equation_bit_transfer_train.jsonl,639,v673_train_eq_00144_843150f016,equation_transform,equation_numeric_colon_trailing_zero,40,51,260,50,1,False,True,True,40,True,40,True,0,0,0,0,1.0,
train,C:\Users\davis\Workspace\KG1 -NVIDIA\artifacts\v284_official_gate_worktree\artifacts\v673_guarded_equation_bit_transfer_dataset\20260519T190246Z\v673_guarded_equation_bit_transfer_train.jsonl,640,v673_train_bit_00185_3fe2abfc79,bit_manipulation,bit_exact_global_binary_replay,10000100,26,203,25,1,False,True,True,10000100,True,10000100,True,0,0,0,0,0.35,
train,C:\Users\davis\Workspace\KG1 -NVIDIA\artifacts\v284_official_gate_worktree\artifacts\v673_guarded_equation_bit_transfer_dataset\20260519T190246Z\v673_guarded_equation_bit_transfer_train.jsonl,641,v673_train_eq_00316_9d81e3a85f,equation_transform,equation_numeric_minus_signed,-6,54,266,53,1,False,True,True,-6,True,-6,True,0,0,0,0,1.0,
train,C:\Users\davis\Workspace\KG1 -NVIDIA\artifacts\v284_official_gate_worktree\artifacts\v673_guarded_equation_bit_transfer_dataset\20260519T190246Z\v673_guarded_equation_bit_transfer_train.jsonl,642,v673_train_eq_00429_8ffc41430c,equation_transform,equation_numeric_minus_signed,50,54,261,53,1,False,True,True,50,True,50,True,0,0,0,0,1.0,
train,C:\Users\davis\Workspace\KG1 -NVIDIA\artifacts\v284_official_gate_worktree\artifacts\v673_guarded_equation_bit_transfer_dataset\20260519T190246Z\v673_guarded_equation_bit_transfer_train.jsonl,643,v673_train_bit_00203_4e27f89a02,bit_manipulation,bit_fullbyte_ternary_v366_new,00100001,26,210,25,1,False,True,True,00100001,True,00100001,True,0,0,0,0,0.35,
train,C:\Users\davis\Workspace\KG1 -NVIDIA\artifacts\v284_official_gate_worktree\artifacts\v673_guarded_equation_bit_transfer_dataset\20260519T190246Z\v673_guarded_equation_bit_transfer_train.jsonl,644,v673_train_bit_00120_07d470ab68,bit_manipulation,bit_exact_global_binary_replay,11100001,26,201,25,1,False,True,True,11100001,True,11100001,True,0,0,0,0,0.35,
train,C:\Users\davis\Workspace\KG1 -NVIDIA\artifacts\v284_official_gate_worktree\artifacts\v673_guarded_equation_bit_transfer_dataset\20260519T190246Z\v673_guarded_equation_bit_transfer_train.jsonl,645,v673_train_eq_00175_5844f996f0,equation_transform,equation_numeric_colon_trailing_zero,40,51,260,50,1,False,True,True,40,True,40,True,0,0,0,0,1.0,
train,C:\Users\davis\Workspace\KG1 -NVIDIA\artifacts\v284_official_gate_worktree\artifacts\v673_guarded_equation_bit_transfer_dataset\20260519T190246Z\v673_guarded_equation_bit_transfer_train.jsonl,646,v673_train_eq_00270_90e1b53e7e,equation_transform,equation_numeric_minus_signed,-10,54,267,53,1,False,True,True,-10,True,-10,True,0,0,0,0,1.0,
train,C:\Users\davis\Workspace\KG1 -NVIDIA\artifacts\v284_official_gate_worktree\artifacts\v673_guarded_equation_bit_transfer_dataset\20260519T190246Z\v673_guarded_equation_bit_transfer_train.jsonl,647,v673_train_bit_00003_d960ecb8b5,bit_manipulation,bit_fullbyte_ternary_v366_new,00100001,26,210,25,1,False,True,True,00100001,True,00100001,True,0,0,0,0,0.35,
train,C:\Users\davis\Workspace\KG1 -NVIDIA\artifacts\v284_official_gate_worktree\artifacts\v673_guarded_equation_bit_transfer_dataset\20260519T190246Z\v673_guarded_equation_bit_transfer_train.jsonl,648,v673_train_bit_00234_5d9ecac822,bit_manipulation,bit_fullbyte_ternary_v366_new,00100001,26,210,25,1,False,True,True,00100001,True,00100001,True,0,0,0,0,0.35,
train,C:\Users\davis\Workspace\KG1 -NVIDIA\artifacts\v284_official_gate_worktree\artifacts\v673_guarded_equation_bit_transfer_dataset\20260519T190246Z\v673_guarded_equation_bit_transfer_train.jsonl,649,v673_train_bit_00053_a6ce215cbb,bit_manipulation,bit_exact_global_binary_replay,10011000,26,203,25,1,False,True,True,10011000,True,10011000,True,0,0,0,0,0.35,
train,C:\Users\davis\Workspace\KG1 -NVIDIA\artifacts\v284_official_gate_worktree\artifacts\v673_guarded_equation_bit_transfer_dataset\20260519T190246Z\v673_guarded_equation_bit_transfer_train.jsonl,650,v673_train_bit_00214_368576d4c0,bit_manipulation,bit_exact_global_binary_replay,01011000,26,203,25,1,False,True,True,01011000,True,01011000,True,0,0,0,0,0.35,
train,C:\Users\davis\Workspace\KG1 -NVIDIA\artifacts\v284_official_gate_worktree\artifacts\v673_guarded_equation_bit_transfer_dataset\20260519T190246Z\v673_guarded_equation_bit_transfer_train.jsonl,651,v673_train_eq_00419_b6c5c37067,equation_transform,equation_numeric_minus_signed,13,54,259,53,1,False,True,True,13,True,13,True,0,0,0,0,1.0,
train,C:\Users\davis\Workspace\KG1 -NVIDIA\artifacts\v284_official_gate_worktree\artifacts\v673_guarded_equation_bit_transfer_dataset\20260519T190246Z\v673_guarded_equation_bit_transfer_train.jsonl,652,v673_train_eq_00019_94ffe90adf,equation_transform,equation_numeric_add_direct,140,46,238,45,1,False,True,True,140,True,140,True,0,0,0,0,1.0,
train,C:\Users\davis\Workspace\KG1 -NVIDIA\artifacts\v284_official_gate_worktree\artifacts\v673_guarded_equation_bit_transfer_dataset\20260519T190246Z\v673_guarded_equation_bit_transfer_train.jsonl,653,v673_train_eq_00130_8cc9f61fff,equation_transform,equation_numeric_colon_trailing_zero,40,51,260,50,1,False,True,True,40,True,40,True,0,0,0,0,1.0,
train,C:\Users\davis\Workspace\KG1 -NVIDIA\artifacts\v284_official_gate_worktree\artifacts\v673_guarded_equation_bit_transfer_dataset\20260519T190246Z\v673_guarded_equation_bit_transfer_train.jsonl,654,v673_train_eq_00200_a8ca9efcef,equation_transform,equation_numeric_colon_trailing_zero,30,51,259,50,1,False,True,True,30,True,30,True,0,0,0,0,1.0,
train,C:\Users\davis\Workspace\KG1 -NVIDIA\artifacts\v284_official_gate_worktree\artifacts\v673_guarded_equation_bit_transfer_dataset\20260519T190246Z\v673_guarded_equation_bit_transfer_train.jsonl,655,v673_train_eq_00305_4399736002,equation_transform,equation_numeric_minus_signed,3,54,259,53,1,False,True,True,3,True,3,True,0,0,0,0,1.0,
train,C:\Users\davis\Workspace\KG1 -NVIDIA\artifacts\v284_official_gate_worktree\artifacts\v673_guarded_equation_bit_transfer_dataset\20260519T190246Z\v673_guarded_equation_bit_transfer_train.jsonl,656,v673_train_eq_00311_69c3785f00,equation_transform,equation_numeric_minus_signed,6,54,259,53,1,False,True,True,6,True,6,True,0,0,0,0,1.0,
train,C:\Users\davis\Workspace\KG1 -NVIDIA\artifacts\v284_official_gate_worktree\artifacts\v673_guarded_equation_bit_transfer_dataset\20260519T190246Z\v673_guarded_equation_bit_transfer_train.jsonl,657,v673_train_eq_00058_c508b71c28,equation_transform,equation_numeric_add_direct,91,46,235,45,1,False,True,True,91,True,91,True,0,0,0,0,1.0,
train,C:\Users\davis\Workspace\KG1 -NVIDIA\artifacts\v284_official_gate_worktree\artifacts\v673_guarded_equation_bit_transfer_dataset\20260519T190246Z\v673_guarded_equation_bit_transfer_train.jsonl,658,v673_train_eq_00079_a0584fcca5,equation_transform,equation_numeric_add_direct,141,46,238,45,1,False,True,True,141,True,141,True,0,0,0,0,1.0,
train,C:\Users\davis\Workspace\KG1 -NVIDIA\artifacts\v284_official_gate_worktree\artifacts\v673_guarded_equation_bit_transfer_dataset\20260519T190246Z\v673_guarded_equation_bit_transfer_train.jsonl,659,v673_train_eq_00255_d29a478027,equation_transform,equation_numeric_minus_signed,49,54,260,53,1,False,True,True,49,True,49,True,0,0,0,0,1.0,
train,C:\Users\davis\Workspace\KG1 -NVIDIA\artifacts\v284_official_gate_worktree\artifacts\v673_guarded_equation_bit_transfer_dataset\20260519T190246Z\v673_guarded_equation_bit_transfer_train.jsonl,660,v673_train_bit_00030_9ab261333c,bit_manipulation,bit_fullbyte_ternary_v366_new,10100100,26,208,25,1,False,True,True,10100100,True,10100100,True,0,0,0,0,0.35,
train,C:\Users\davis\Workspace\KG1 -NVIDIA\artifacts\v284_official_gate_worktree\artifacts\v673_guarded_equation_bit_transfer_dataset\20260519T190246Z\v673_guarded_equation_bit_transfer_train.jsonl,661,v673_train_eq_00404_7c16aff6b0,equation_transform,equation_numeric_minus_signed,-65,54,268,53,1,False,True,True,-65,True,-65,True,0,0,0,0,1.0,
train,C:\Users\davis\Workspace\KG1 -NVIDIA\artifacts\v284_official_gate_worktree\artifacts\v673_guarded_equation_bit_transfer_dataset\20260519T190246Z\v673_guarded_equation_bit_transfer_train.jsonl,662,v673_train_eq_00367_128a6aa700,equation_transform,equation_numeric_minus_signed,74,54,261,53,1,False,True,True,74,True,74,True,0,0,0,0,1.0,
train,C:\Users\davis\Workspace\KG1 -NVIDIA\artifacts\v284_official_gate_worktree\artifacts\v673_guarded_equation_bit_transfer_dataset\20260519T190246Z\v673_guarded_equation_bit_transfer_train.jsonl,663,v673_train_bit_00076_dc5bc717ef,bit_manipulation,bit_fullbyte_ternary_v366_new,10001100,26,208,25,1,False,True,True,10001100,True,10001100,True,0,0,0,0,0.35,
train,C:\Users\davis\Workspace\KG1 -NVIDIA\artifacts\v284_official_gate_worktree\artifacts\v673_guarded_equation_bit_transfer_dataset\20260519T190246Z\v673_guarded_equation_bit_transfer_train.jsonl,664,v673_train_eq_00138_761b5d9ee8,equation_transform,equation_numeric_colon_trailing_zero,80,51,260,50,1,False,True,True,80,True,80,True,0,0,0,0,1.0,
train,C:\Users\davis\Workspace\KG1 -NVIDIA\artifacts\v284_official_gate_worktree\artifacts\v673_guarded_equation_bit_transfer_dataset\20260519T190246Z\v673_guarded_equation_bit_transfer_train.jsonl,665,v673_train_eq_00323_51f2d7db18,equation_transform,equation_numeric_minus_signed,83,54,261,53,1,False,True,True,83,True,83,True,0,0,0,0,1.0,
train,C:\Users\davis\Workspace\KG1 -NVIDIA\artifacts\v284_official_gate_worktree\artifacts\v673_guarded_equation_bit_transfer_dataset\20260519T190246Z\v673_guarded_equation_bit_transfer_train.jsonl,666,v673_train_eq_00252_1fa68b0b4d,equation_transform,equation_numeric_minus_signed,-34,54,268,53,1,False,True,True,-34,True,-34,True,0,0,0,0,1.0,
train,C:\Users\davis\Workspace\KG1 -NVIDIA\artifacts\v284_official_gate_worktree\artifacts\v673_guarded_equation_bit_transfer_dataset\20260519T190246Z\v673_guarded_equation_bit_transfer_train.jsonl,667,v673_train_eq_00445_5f83851184,equation_transform,equation_numeric_minus_signed,36,54,261,53,1,False,True,True,36,True,36,True,0,0,0,0,1.0,
train,C:\Users\davis\Workspace\KG1 -NVIDIA\artifacts\v284_official_gate_worktree\artifacts\v673_guarded_equation_bit_transfer_dataset\20260519T190246Z\v673_guarded_equation_bit_transfer_train.jsonl,668,v673_train_bit_00118_9c4cb28565,bit_manipulation,bit_exact_global_binary_replay,10101011,26,203,25,1,False,True,True,10101011,True,10101011,True,0,0,0,0,0.35,
train,C:\Users\davis\Workspace\KG1 -NVIDIA\artifacts\v284_official_gate_worktree\artifacts\v673_guarded_equation_bit_transfer_dataset\20260519T190246Z\v673_guarded_equation_bit_transfer_train.jsonl,669,v673_train_eq_00300_8f369222e7,equation_transform,equation_numeric_minus_signed,-1,54,267,53,1,False,True,True,-1,True,-1,True,0,0,0,0,1.0,
train,C:\Users\davis\Workspace\KG1 -NVIDIA\artifacts\v284_official_gate_worktree\artifacts\v673_guarded_equation_bit_transfer_dataset\20260519T190246Z\v673_guarded_equation_bit_transfer_train.jsonl,670,v673_train_bit_00168_55e8fe784d,bit_manipulation,bit_exact_global_ternary_replay,10011101,26,231,25,1,False,True,True,10011101,True,10011101,True,0,0,0,0,0.35,
train,C:\Users\davis\Workspace\KG1 -NVIDIA\artifacts\v284_official_gate_worktree\artifacts\v673_guarded_equation_bit_transfer_dataset\20260519T190246Z\v673_guarded_equation_bit_transfer_train.jsonl,671,v673_train_eq_00321_8fb30cf354,equation_transform,equation_numeric_minus_signed,81,54,262,53,1,False,True,True,81,True,81,True,0,0,0,0,1.0,
train,C:\Users\davis\Workspace\KG1 -NVIDIA\artifacts\v284_official_gate_worktree\artifacts\v673_guarded_equation_bit_transfer_dataset\20260519T190246Z\v673_guarded_equation_bit_transfer_train.jsonl,672,v673_train_bit_00232_6e4e353f52,bit_manipulation,bit_exact_global_ternary_replay,11111111,26,231,25,1,False,True,True,11111111,True,11111111,True,0,0,0,0,0.35,
train,C:\Users\davis\Workspace\KG1 -NVIDIA\artifacts\v284_official_gate_worktree\artifacts\v673_guarded_equation_bit_transfer_dataset\20260519T190246Z\v673_guarded_equation_bit_transfer_train.jsonl,673,v673_train_bit_00035_b05ebd850b,bit_manipulation,bit_fullbyte_ternary_v366_new,01011100,26,210,25,1,False,True,True,01011100,True,01011100,True,0,0,0,0,0.35,
train,C:\Users\davis\Workspace\KG1 -NVIDIA\artifacts\v284_official_gate_worktree\artifacts\v673_guarded_equation_bit_transfer_dataset\20260519T190246Z\v673_guarded_equation_bit_transfer_train.jsonl,674,v673_train_bit_00147_e08232069f,bit_manipulation,bit_exact_global_ternary_replay,01110110,26,228,25,1,False,True,True,01110110,True,01110110,True,0,0,0,0,0.35,
train,C:\Users\davis\Workspace\KG1 -NVIDIA\artifacts\v284_official_gate_worktree\artifacts\v673_guarded_equation_bit_transfer_dataset\20260519T190246Z\v673_guarded_equation_bit_transfer_train.jsonl,675,v673_train_eq_00045_f023c5147a,equation_transform,equation_numeric_add_direct,59,46,236,45,1,False,True,True,59,True,59,True,0,0,0,0,1.0,
train,C:\Users\davis\Workspace\KG1 -NVIDIA\artifacts\v284_official_gate_worktree\artifacts\v673_guarded_equation_bit_transfer_dataset\20260519T190246Z\v673_guarded_equation_bit_transfer_train.jsonl,676,v673_train_bit_00059_dd51fc01a9,bit_manipulation,bit_fullbyte_ternary_v366_new,10011011,26,208,25,1,False,True,True,10011011,True,10011011,True,0,0,0,0,0.35,
train,C:\Users\davis\Workspace\KG1 -NVIDIA\artifacts\v284_official_gate_worktree\artifacts\v673_guarded_equation_bit_transfer_dataset\20260519T190246Z\v673_guarded_equation_bit_transfer_train.jsonl,677,v673_train_eq_00027_92ec639cbc,equation_transform,equation_numeric_add_direct,91,46,235,45,1,False,True,True,91,True,91,True,0,0,0,0,1.0,
train,C:\Users\davis\Workspace\KG1 -NVIDIA\artifacts\v284_official_gate_worktree\artifacts\v673_guarded_equation_bit_transfer_dataset\20260519T190246Z\v673_guarded_equation_bit_transfer_train.jsonl,678,v673_train_bit_00209_ea73588d38,bit_manipulation,bit_fullbyte_ternary_v366_new,00011110,26,210,25,1,False,True,True,00011110,True,00011110,True,0,0,0,0,0.35,
train,C:\Users\davis\Workspace\KG1 -NVIDIA\artifacts\v284_official_gate_worktree\artifacts\v673_guarded_equation_bit_transfer_dataset\20260519T190246Z\v673_guarded_equation_bit_transfer_train.jsonl,679,v673_train_eq_00155_43fc66f781,equation_transform,equation_numeric_colon_trailing_zero,30,51,257,50,1,False,True,True,30,True,30,True,0,0,0,0,1.0,
train,C:\Users\davis\Workspace\KG1 -NVIDIA\artifacts\v284_official_gate_worktree\artifacts\v673_guarded_equation_bit_transfer_dataset\20260519T190246Z\v673_guarded_equation_bit_transfer_train.jsonl,680,v673_train_bit_00105_efa5b2c80f,bit_manipulation,bit_fullbyte_ternary_v366_new,00110011,26,208,25,1,False,True,True,00110011,True,00110011,True,0,0,0,0,0.35,
train,C:\Users\davis\Workspace\KG1 -NVIDIA\artifacts\v284_official_gate_worktree\artifacts\v673_guarded_equation_bit_transfer_dataset\20260519T190246Z\v673_guarded_equation_bit_transfer_train.jsonl,681,v673_train_eq_00096_04229fd200,equation_transform,equation_numeric_add_direct,86,46,237,45,1,False,True,True,86,True,86,True,0,0,0,0,1.0,
train,C:\Users\davis\Workspace\KG1 -NVIDIA\artifacts\v284_official_gate_worktree\artifacts\v673_guarded_equation_bit_transfer_dataset\20260519T190246Z\v673_guarded_equation_bit_transfer_train.jsonl,682,v673_train_eq_00446_facf82db20,equation_transform,equation_numeric_minus_signed,-16,54,269,53,1,False,True,True,-16,True,-16,True,0,0,0,0,1.0,
train,C:\Users\davis\Workspace\KG1 -NVIDIA\artifacts\v284_official_gate_worktree\artifacts\v673_guarded_equation_bit_transfer_dataset\20260519T190246Z\v673_guarded_equation_bit_transfer_train.jsonl,683,v673_train_bit_00054_994da2acb1,bit_manipulation,bit_exact_global_ternary_replay,00111101,26,233,25,1,False,True,True,00111101,True,00111101,True,0,0,0,0,0.35,
train,C:\Users\davis\Workspace\KG1 -NVIDIA\artifacts\v284_official_gate_worktree\artifacts\v673_guarded_equation_bit_transfer_dataset\20260519T190246Z\v673_guarded_equation_bit_transfer_train.jsonl,684,v673_train_eq_00226_9b864a6fd6,equation_transform,equation_numeric_colon_trailing_zero,50,51,260,50,1,False,True,True,50,True,50,True,0,0,0,0,1.0,
train,C:\Users\davis\Workspace\KG1 -NVIDIA\artifacts\v284_official_gate_worktree\artifacts\v673_guarded_equation_bit_transfer_dataset\20260519T190246Z\v673_guarded_equation_bit_transfer_train.jsonl,685,v673_train_eq_00114_a98f99585f,equation_transform,equation_numeric_add_direct,136,46,238,45,1,False,True,True,136,True,136,True,0,0,0,0,1.0,
train,C:\Users\davis\Workspace\KG1 -NVIDIA\artifacts\v284_official_gate_worktree\artifacts\v673_guarded_equation_bit_transfer_dataset\20260519T190246Z\v673_guarded_equation_bit_transfer_train.jsonl,686,v673_train_bit_00155_395319a957,bit_manipulation,bit_fullbyte_ternary_v366_new,00010000,26,210,25,1,False,True,True,00010000,True,00010000,True,0,0,0,0,0.35,
train,C:\Users\davis\Workspace\KG1 -NVIDIA\artifacts\v284_official_gate_worktree\artifacts\v673_guarded_equation_bit_transfer_dataset\20260519T190246Z\v673_guarded_equation_bit_transfer_train.jsonl,687,v673_train_bit_00144_8e393ed1c3,bit_manipulation,bit_exact_global_binary_replay,01111000,26,201,25,1,False,True,True,01111000,True,01111000,True,0,0,0,0,0.35,
train,C:\Users\davis\Workspace\KG1 -NVIDIA\artifacts\v284_official_gate_worktree\artifacts\v673_guarded_equation_bit_transfer_dataset\20260519T190246Z\v673_guarded_equation_bit_transfer_train.jsonl,688,v673_train_eq_00434_b0ffde65ce,equation_transform,equation_numeric_minus_signed,-44,54,269,53,1,False,True,True,-44,True,-44,True,0,0,0,0,1.0,
train,C:\Users\davis\Workspace\KG1 -NVIDIA\artifacts\v284_official_gate_worktree\artifacts\v673_guarded_equation_bit_transfer_dataset\20260519T190246Z\v673_guarded_equation_bit_transfer_train.jsonl,689,v673_train_eq_00028_693c572bd2,equation_transform,equation_numeric_add_direct,153,46,237,45,1,False,True,True,153,True,153,True,0,0,0,0,1.0,
train,C:\Users\davis\Workspace\KG1 -NVIDIA\artifacts\v284_official_gate_worktree\artifacts\v673_guarded_equation_bit_transfer_dataset\20260519T190246Z\v673_guarded_equation_bit_transfer_train.jsonl,690,v673_train_eq_00382_2f5b719f2c,equation_transform,equation_numeric_minus_signed,-20,54,269,53,1,False,True,True,-20,True,-20,True,0,0,0,0,1.0,
train,C:\Users\davis\Workspace\KG1 -NVIDIA\artifacts\v284_official_gate_worktree\artifacts\v673_guarded_equation_bit_transfer_dataset\20260519T190246Z\v673_guarded_equation_bit_transfer_train.jsonl,691,v673_train_bit_00160_a5e81bd593,bit_manipulation,bit_exact_global_ternary_replay,11101101,26,233,25,1,False,True,True,11101101,True,11101101,True,0,0,0,0,0.35,
train,C:\Users\davis\Workspace\KG1 -NVIDIA\artifacts\v284_official_gate_worktree\artifacts\v673_guarded_equation_bit_transfer_dataset\20260519T190246Z\v673_guarded_equation_bit_transfer_train.jsonl,692,v673_train_eq_00132_9d8abedbd5,equation_transform,equation_numeric_colon_trailing_zero,50,51,260,50,1,False,True,True,50,True,50,True,0,0,0,0,1.0,
train,C:\Users\davis\Workspace\KG1 -NVIDIA\artifacts\v284_official_gate_worktree\artifacts\v673_guarded_equation_bit_transfer_dataset\20260519T190246Z\v673_guarded_equation_bit_transfer_train.jsonl,693,v673_train_eq_00351_e8fc514b93,equation_transform,equation_numeric_minus_signed,30,54,261,53,1,False,True,True,30,True,30,True,0,0,0,0,1.0,
train,C:\Users\davis\Workspace\KG1 -NVIDIA\artifacts\v284_official_gate_worktree\artifacts\v673_guarded_equation_bit_transfer_dataset\20260519T190246Z\v673_guarded_equation_bit_transfer_train.jsonl,694,v673_train_eq_00277_38b136265f,equation_transform,equation_numeric_minus_signed,26,54,261,53,1,False,True,True,26,True,26,True,0,0,0,0,1.0,
train,C:\Users\davis\Workspace\KG1 -NVIDIA\artifacts\v284_official_gate_worktree\artifacts\v673_guarded_equation_bit_transfer_dataset\20260519T190246Z\v673_guarded_equation_bit_transfer_train.jsonl,695,v673_train_eq_00042_934d553ee7,equation_transform,equation_numeric_add_direct,109,46,237,45,1,False,True,True,109,True,109,True,0,0,0,0,1.0,
train,C:\Users\davis\Workspace\KG1 -NVIDIA\artifacts\v284_official_gate_worktree\artifacts\v673_guarded_equation_bit_transfer_dataset\20260519T190246Z\v673_guarded_equation_bit_transfer_train.jsonl,696,v673_train_eq_00179_c152379f48,equation_transform,equation_numeric_colon_trailing_zero,70,51,260,50,1,False,True,True,70,True,70,True,0,0,0,0,1.0,
train,C:\Users\davis\Workspace\KG1 -NVIDIA\artifacts\v284_official_gate_worktree\artifacts\v673_guarded_equation_bit_transfer_dataset\20260519T190246Z\v673_guarded_equation_bit_transfer_train.jsonl,697,v673_train_eq_00459_0d1fe0a142,equation_transform,equation_numeric_minus_signed,36,54,262,53,1,False,True,True,36,True,36,True,0,0,0,0,1.0,
train,C:\Users\davis\Workspace\KG1 -NVIDIA\artifacts\v284_official_gate_worktree\artifacts\v673_guarded_equation_bit_transfer_dataset\20260519T190246Z\v673_guarded_equation_bit_transfer_train.jsonl,698,v673_train_eq_00369_70d7d852de,equation_transform,equation_numeric_minus_signed,33,54,262,53,1,False,True,True,33,True,33,True,0,0,0,0,1.0,
train,C:\Users\davis\Workspace\KG1 -NVIDIA\artifacts\v284_official_gate_worktree\artifacts\v673_guarded_equation_bit_transfer_dataset\20260519T190246Z\v673_guarded_equation_bit_transfer_train.jsonl,699,v673_train_eq_00390_d92e37f0ee,equation_transform,equation_numeric_minus_signed,-20,54,268,53,1,False,True,True,-20,True,-20,True,0,0,0,0,1.0,
train,C:\Users\davis\Workspace\KG1 -NVIDIA\artifacts\v284_official_gate_worktree\artifacts\v673_guarded_equation_bit_transfer_dataset\20260519T190246Z\v673_guarded_equation_bit_transfer_train.jsonl,700,v673_train_eq_00113_9222275a36,equation_transform,equation_numeric_add_direct,106,46,237,45,1,False,True,True,106,True,106,True,0,0,0,0,1.0,
train,C:\Users\davis\Workspace\KG1 -NVIDIA\artifacts\v284_official_gate_worktree\artifacts\v673_guarded_equation_bit_transfer_dataset\20260519T190246Z\v673_guarded_equation_bit_transfer_train.jsonl,701,v673_train_bit_00213_fa30314129,bit_manipulation,bit_fullbyte_ternary_v366_new,00011100,26,210,25,1,False,True,True,00011100,True,00011100,True,0,0,0,0,0.35,
train,C:\Users\davis\Workspace\KG1 -NVIDIA\artifacts\v284_official_gate_worktree\artifacts\v673_guarded_equation_bit_transfer_dataset\20260519T190246Z\v673_guarded_equation_bit_transfer_train.jsonl,702,v673_train_bit_00110_10035f211d,bit_manipulation,bit_fullbyte_ternary_v366_new,10001100,26,210,25,1,False,True,True,10001100,True,10001100,True,0,0,0,0,0.35,
train,C:\Users\davis\Workspace\KG1 -NVIDIA\artifacts\v284_official_gate_worktree\artifacts\v673_guarded_equation_bit_transfer_dataset\20260519T190246Z\v673_guarded_equation_bit_transfer_train.jsonl,703,v673_train_eq_00088_72baf1ba79,equation_transform,equation_numeric_add_direct,112,46,239,45,1,False,True,True,112,True,112,True,0,0,0,0,1.0,
train,C:\Users\davis\Workspace\KG1 -NVIDIA\artifacts\v284_official_gate_worktree\artifacts\v673_guarded_equation_bit_transfer_dataset\20260519T190246Z\v673_guarded_equation_bit_transfer_train.jsonl,704,v673_train_bit_00188_a2ffdd141e,bit_manipulation,bit_fullbyte_ternary_v366_new,00000110,26,210,25,1,False,True,True,00000110,True,00000110,True,0,0,0,0,0.35,
train,C:\Users\davis\Workspace\KG1 -NVIDIA\artifacts\v284_official_gate_worktree\artifacts\v673_guarded_equation_bit_transfer_dataset\20260519T190246Z\v673_guarded_equation_bit_transfer_train.jsonl,705,v673_train_eq_00313_e5a83b898d,equation_transform,equation_numeric_minus_signed,22,54,261,53,1,False,True,True,22,True,22,True,0,0,0,0,1.0,
train,C:\Users\davis\Workspace\KG1 -NVIDIA\artifacts\v284_official_gate_worktree\artifacts\v673_guarded_equation_bit_transfer_dataset\20260519T190246Z\v673_guarded_equation_bit_transfer_train.jsonl,706,v673_train_eq_00314_5e7aaed344,equation_transform,equation_numeric_minus_signed,-80,54,269,53,1,False,True,True,-80,True,-80,True,0,0,0,0,1.0,
train,C:\Users\davis\Workspace\KG1 -NVIDIA\artifacts\v284_official_gate_worktree\artifacts\v673_guarded_equation_bit_transfer_dataset\20260519T190246Z\v673_guarded_equation_bit_transfer_train.jsonl,707,v673_train_bit_00020_a0bc2dda6d,bit_manipulation,bit_exact_global_ternary_replay,10111001,26,231,25,1,False,True,True,10111001,True,10111001,True,0,0,0,0,0.35,
train,C:\Users\davis\Workspace\KG1 -NVIDIA\artifacts\v284_official_gate_worktree\artifacts\v673_guarded_equation_bit_transfer_dataset\20260519T190246Z\v673_guarded_equation_bit_transfer_train.jsonl,708,v673_train_bit_00233_76d2d5a465,bit_manipulation,bit_exact_global_ternary_replay,00011111,26,228,25,1,False,True,True,00011111,True,00011111,True,0,0,0,0,0.35,
train,C:\Users\davis\Workspace\KG1 -NVIDIA\artifacts\v284_official_gate_worktree\artifacts\v673_guarded_equation_bit_transfer_dataset\20260519T190246Z\v673_guarded_equation_bit_transfer_train.jsonl,709,v673_train_bit_00190_49318d6368,bit_manipulation,bit_exact_global_binary_replay,10100000,26,201,25,1,False,True,True,10100000,True,10100000,True,0,0,0,0,0.35,
train,C:\Users\davis\Workspace\KG1 -NVIDIA\artifacts\v284_official_gate_worktree\artifacts\v673_guarded_equation_bit_transfer_dataset\20260519T190246Z\v673_guarded_equation_bit_transfer_train.jsonl,710,v673_train_eq_00312_3fd6e1b5ff,equation_transform,equation_numeric_minus_signed,-77,54,268,53,1,False,True,True,-77,True,-77,True,0,0,0,0,1.0,
train,C:\Users\davis\Workspace\KG1 -NVIDIA\artifacts\v284_official_gate_worktree\artifacts\v673_guarded_equation_bit_transfer_dataset\20260519T190246Z\v673_guarded_equation_bit_transfer_train.jsonl,711,v673_train_eq_00407_fcae22b2ff,equation_transform,equation_numeric_minus_signed,28,54,262,53,1,False,True,True,28,True,28,True,0,0,0,0,1.0,
train,C:\Users\davis\Workspace\KG1 -NVIDIA\artifacts\v284_official_gate_worktree\artifacts\v673_guarded_equation_bit_transfer_dataset\20260519T190246Z\v673_guarded_equation_bit_transfer_train.jsonl,712,v673_train_eq_00394_39f14a5e19,equation_transform,equation_numeric_minus_signed,-73,54,269,53,1,False,True,True,-73,True,-73,True,0,0,0,0,1.0,
train,C:\Users\davis\Workspace\KG1 -NVIDIA\artifacts\v284_official_gate_worktree\artifacts\v673_guarded_equation_bit_transfer_dataset\20260519T190246Z\v673_guarded_equation_bit_transfer_train.jsonl,713,v673_train_eq_00032_f4d32dfa0f,equation_transform,equation_numeric_add_direct,54,46,236,45,1,False,True,True,54,True,54,True,0,0,0,0,1.0,
train,C:\Users\davis\Workspace\KG1 -NVIDIA\artifacts\v284_official_gate_worktree\artifacts\v673_guarded_equation_bit_transfer_dataset\20260519T190246Z\v673_guarded_equation_bit_transfer_train.jsonl,714,v673_train_bit_00150_e1c9736461,bit_manipulation,bit_fullbyte_ternary_v366_new,11000001,26,210,25,1,False,True,True,11000001,True,11000001,True,0,0,0,0,0.35,
train,C:\Users\davis\Workspace\KG1 -NVIDIA\artifacts\v284_official_gate_worktree\artifacts\v673_guarded_equation_bit_transfer_dataset\20260519T190246Z\v673_guarded_equation_bit_transfer_train.jsonl,715,v673_train_eq_00196_8e0a115069,equation_transform,equation_numeric_colon_trailing_zero,20,51,259,50,1,False,True,True,20,True,20,True,0,0,0,0,1.0,
train,C:\Users\davis\Workspace\KG1 -NVIDIA\artifacts\v284_official_gate_worktree\artifacts\v673_guarded_equation_bit_transfer_dataset\20260519T190246Z\v673_guarded_equation_bit_transfer_train.jsonl,716,v673_train_bit_00167_bf8d2b2335,bit_manipulation,bit_fullbyte_ternary_v366_new,00101110,26,210,25,1,False,True,True,00101110,True,00101110,True,0,0,0,0,0.35,
train,C:\Users\davis\Workspace\KG1 -NVIDIA\artifacts\v284_official_gate_worktree\artifacts\v673_guarded_equation_bit_transfer_dataset\20260519T190246Z\v673_guarded_equation_bit_transfer_train.jsonl,717,v673_train_bit_00069_5cc1a1ea7e,bit_manipulation,bit_exact_global_ternary_replay,11101001,26,231,25,1,False,True,True,11101001,True,11101001,True,0,0,0,0,0.35,
train,C:\Users\davis\Workspace\KG1 -NVIDIA\artifacts\v284_official_gate_worktree\artifacts\v673_guarded_equation_bit_transfer_dataset\20260519T190246Z\v673_guarded_equation_bit_transfer_train.jsonl,718,v673_train_eq_00450_1eaeaaef03,equation_transform,equation_numeric_minus_signed,-14,54,268,53,1,False,True,True,-14,True,-14,True,0,0,0,0,1.0,
train,C:\Users\davis\Workspace\KG1 -NVIDIA\artifacts\v284_official_gate_worktree\artifacts\v673_guarded_equation_bit_transfer_dataset\20260519T190246Z\v673_guarded_equation_bit_transfer_train.jsonl,719,v673_train_eq_00424_283ad356af,equation_transform,equation_numeric_minus_signed,-9,54,266,53,1,False,True,True,-9,True,-9,True,0,0,0,0,1.0,
train,C:\Users\davis\Workspace\KG1 -NVIDIA\artifacts\v284_official_gate_worktree\artifacts\v673_guarded_equation_bit_transfer_dataset\20260519T190246Z\v673_guarded_equation_bit_transfer_train.jsonl,720,v673_train_bit_00005_d3f818ea9e,bit_manipulation,bit_exact_global_ternary_replay,00100001,26,228,25,1,False,True,True,00100001,True,00100001,True,0,0,0,0,0.35,
validation,C:\Users\davis\Workspace\KG1 -NVIDIA\artifacts\v284_official_gate_worktree\artifacts\v673_guarded_equation_bit_transfer_dataset\20260519T190246Z\v673_guarded_equation_bit_transfer_val.jsonl,1,v673_validation_bit_00032_0c9611a85c,bit_manipulation,bit_exact_global_ternary_replay,01101111,26,231,25,1,False,True,True,01101111,True,01101111,True,0,0,0,0,0.35,
validation,C:\Users\davis\Workspace\KG1 -NVIDIA\artifacts\v284_official_gate_worktree\artifacts\v673_guarded_equation_bit_transfer_dataset\20260519T190246Z\v673_guarded_equation_bit_transfer_val.jsonl,2,v673_validation_eq_00056_a22eabf425,equation_transform,equation_numeric_colon_trailing_zero,10,51,259,50,1,False,True,True,10,True,10,True,0,0,0,0,1.0,
validation,C:\Users\davis\Workspace\KG1 -NVIDIA\artifacts\v284_official_gate_worktree\artifacts\v673_guarded_equation_bit_transfer_dataset\20260519T190246Z\v673_guarded_equation_bit_transfer_val.jsonl,3,v673_validation_bit_00006_b48239d777,bit_manipulation,bit_fullbyte_ternary_v366_new,00001010,26,208,25,1,False,True,True,00001010,True,00001010,True,0,0,0,0,0.35,
validation,C:\Users\davis\Workspace\KG1 -NVIDIA\artifacts\v284_official_gate_worktree\artifacts\v673_guarded_equation_bit_transfer_dataset\20260519T190246Z\v673_guarded_equation_bit_transfer_val.jsonl,4,v673_validation_eq_00017_9a0209fbfb,equation_transform,equation_numeric_add_direct,153,46,236,45,1,False,True,True,153,True,153,True,0,0,0,0,1.0,
validation,C:\Users\davis\Workspace\KG1 -NVIDIA\artifacts\v284_official_gate_worktree\artifacts\v673_guarded_equation_bit_transfer_dataset\20260519T190246Z\v673_guarded_equation_bit_transfer_val.jsonl,5,v673_validation_eq_00096_2744f50898,equation_transform,equation_numeric_minus_signed,-13,54,269,53,1,False,True,True,-13,True,-13,True,0,0,0,0,1.0,
validation,C:\Users\davis\Workspace\KG1 -NVIDIA\artifacts\v284_official_gate_worktree\artifacts\v673_guarded_equation_bit_transfer_dataset\20260519T190246Z\v673_guarded_equation_bit_transfer_val.jsonl,6,v673_validation_bit_00017_147a3316b6,bit_manipulation,bit_exact_global_binary_replay,11001110,26,203,25,1,False,True,True,11001110,True,11001110,True,0,0,0,0,0.35,
validation,C:\Users\davis\Workspace\KG1 -NVIDIA\artifacts\v284_official_gate_worktree\artifacts\v673_guarded_equation_bit_transfer_dataset\20260519T190246Z\v673_guarded_equation_bit_transfer_val.jsonl,7,v673_validation_eq_00068_bb06b8c9be,equation_transform,equation_numeric_minus_signed,-43,54,269,53,1,False,True,True,-43,True,-43,True,0,0,0,0,1.0,
validation,C:\Users\davis\Workspace\KG1 -NVIDIA\artifacts\v284_official_gate_worktree\artifacts\v673_guarded_equation_bit_transfer_dataset\20260519T190246Z\v673_guarded_equation_bit_transfer_val.jsonl,8,v673_validation_eq_00059_a304471ca4,equation_transform,equation_numeric_colon_trailing_zero,20,51,259,50,1,False,True,True,20,True,20,True,0,0,0,0,1.0,
validation,C:\Users\davis\Workspace\KG1 -NVIDIA\artifacts\v284_official_gate_worktree\artifacts\v673_guarded_equation_bit_transfer_dataset\20260519T190246Z\v673_guarded_equation_bit_transfer_val.jsonl,9,v673_validation_eq_00047_6c55c4523a,equation_transform,equation_numeric_colon_trailing_zero,60,51,259,50,1,False,True,True,60,True,60,True,0,0,0,0,1.0,
validation,C:\Users\davis\Workspace\KG1 -NVIDIA\artifacts\v284_official_gate_worktree\artifacts\v673_guarded_equation_bit_transfer_dataset\20260519T190246Z\v673_guarded_equation_bit_transfer_val.jsonl,10,v673_validation_eq_00005_6cec783f49,equation_transform,equation_numeric_add_direct,145,46,237,45,1,False,True,True,145,True,145,True,0,0,0,0,1.0,
validation,C:\Users\davis\Workspace\KG1 -NVIDIA\artifacts\v284_official_gate_worktree\artifacts\v673_guarded_equation_bit_transfer_dataset\20260519T190246Z\v673_guarded_equation_bit_transfer_val.jsonl,11,v673_validation_eq_00051_03d54c469e,equation_transform,equation_numeric_colon_trailing_zero,10,51,259,50,1,False,True,True,10,True,10,True,0,0,0,0,1.0,
validation,C:\Users\davis\Workspace\KG1 -NVIDIA\artifacts\v284_official_gate_worktree\artifacts\v673_guarded_equation_bit_transfer_dataset\20260519T190246Z\v673_guarded_equation_bit_transfer_val.jsonl,12,v673_validation_bit_00039_5482014093,bit_manipulation,bit_exact_global_binary_replay,10100000,26,201,25,1,False,True,True,10100000,True,10100000,True,0,0,0,0,0.35,
validation,C:\Users\davis\Workspace\KG1 -NVIDIA\artifacts\v284_official_gate_worktree\artifacts\v673_guarded_equation_bit_transfer_dataset\20260519T190246Z\v673_guarded_equation_bit_transfer_val.jsonl,13,v673_validation_bit_00022_15e2224d0a,bit_manipulation,bit_fullbyte_ternary_v366_new,00010101,26,208,25,1,False,True,True,00010101,True,00010101,True,0,0,0,0,0.35,
validation,C:\Users\davis\Workspace\KG1 -NVIDIA\artifacts\v284_official_gate_worktree\artifacts\v673_guarded_equation_bit_transfer_dataset\20260519T190246Z\v673_guarded_equation_bit_transfer_val.jsonl,14,v673_validation_bit_00013_36deb53470,bit_manipulation,bit_exact_global_ternary_replay,01101010,26,231,25,1,False,True,True,01101010,True,01101010,True,0,0,0,0,0.35,
validation,C:\Users\davis\Workspace\KG1 -NVIDIA\artifacts\v284_official_gate_worktree\artifacts\v673_guarded_equation_bit_transfer_dataset\20260519T190246Z\v673_guarded_equation_bit_transfer_val.jsonl,15,v673_validation_eq_00114_3b98340c80,equation_transform,equation_numeric_minus_signed,-3,54,267,53,1,False,True,True,-3,True,-3,True,0,0,0,0,1.0,
validation,C:\Users\davis\Workspace\KG1 -NVIDIA\artifacts\v284_official_gate_worktree\artifacts\v673_guarded_equation_bit_transfer_dataset\20260519T190246Z\v673_guarded_equation_bit_transfer_val.jsonl,16,v673_validation_bit_00034_e67d704b59,bit_manipulation,bit_fullbyte_ternary_v366_new,00101101,26,208,25,1,False,True,True,00101101,True,00101101,True,0,0,0,0,0.35,
validation,C:\Users\davis\Workspace\KG1 -NVIDIA\artifacts\v284_official_gate_worktree\artifacts\v673_guarded_equation_bit_transfer_dataset\20260519T190246Z\v673_guarded_equation_bit_transfer_val.jsonl,17,v673_validation_bit_00053_049f530eca,bit_manipulation,bit_fullbyte_ternary_v366_new,11100001,26,210,25,1,False,True,True,11100001,True,11100001,True,0,0,0,0,0.35,
validation,C:\Users\davis\Workspace\KG1 -NVIDIA\artifacts\v284_official_gate_worktree\artifacts\v673_guarded_equation_bit_transfer_dataset\20260519T190246Z\v673_guarded_equation_bit_transfer_val.jsonl,18,v673_validation_eq_00057_119160af42,equation_transform,equation_numeric_colon_trailing_zero,40,51,259,50,1,False,True,True,40,True,40,True,0,0,0,0,1.0,
validation,C:\Users\davis\Workspace\KG1 -NVIDIA\artifacts\v284_official_gate_worktree\artifacts\v673_guarded_equation_bit_transfer_dataset\20260519T190246Z\v673_guarded_equation_bit_transfer_val.jsonl,19,v673_validation_eq_00061_220233f333,equation_transform,equation_numeric_minus_signed,21,54,261,53,1,False,True,True,21,True,21,True,0,0,0,0,1.0,
validation,C:\Users\davis\Workspace\KG1 -NVIDIA\artifacts\v284_official_gate_worktree\artifacts\v673_guarded_equation_bit_transfer_dataset\20260519T190246Z\v673_guarded_equation_bit_transfer_val.jsonl,20,v673_validation_eq_00072_08990f872c,equation_transform,equation_numeric_minus_signed,-35,54,266,53,1,False,True,True,-35,True,-35,True,0,0,0,0,1.0,
validation,C:\Users\davis\Workspace\KG1 -NVIDIA\artifacts\v284_official_gate_worktree\artifacts\v673_guarded_equation_bit_transfer_dataset\20260519T190246Z\v673_guarded_equation_bit_transfer_val.jsonl,21,v673_validation_bit_00007_aff0f00b84,bit_manipulation,bit_exact_global_ternary_replay,11111001,26,228,25,1,False,True,True,11111001,True,11111001,True,0,0,0,0,0.35,
validation,C:\Users\davis\Workspace\KG1 -NVIDIA\artifacts\v284_official_gate_worktree\artifacts\v673_guarded_equation_bit_transfer_dataset\20260519T190246Z\v673_guarded_equation_bit_transfer_val.jsonl,22,v673_validation_eq_00094_61196962ea,equation_transform,equation_numeric_minus_signed,-7,54,266,53,1,False,True,True,-7,True,-7,True,0,0,0,0,1.0,
validation,C:\Users\davis\Workspace\KG1 -NVIDIA\artifacts\v284_official_gate_worktree\artifacts\v673_guarded_equation_bit_transfer_dataset\20260519T190246Z\v673_guarded_equation_bit_transfer_val.jsonl,23,v673_validation_eq_00019_00bc4c2059,equation_transform,equation_numeric_add_direct,114,46,237,45,1,False,True,True,114,True,114,True,0,0,0,0,1.0,
validation,C:\Users\davis\Workspace\KG1 -NVIDIA\artifacts\v284_official_gate_worktree\artifacts\v673_guarded_equation_bit_transfer_dataset\20260519T190246Z\v673_guarded_equation_bit_transfer_val.jsonl,24,v673_validation_bit_00042_175b806c7f,bit_manipulation,bit_exact_global_binary_replay,00000100,26,203,25,1,False,True,True,00000100,True,00000100,True,0,0,0,0,0.35,
validation,C:\Users\davis\Workspace\KG1 -NVIDIA\artifacts\v284_official_gate_worktree\artifacts\v673_guarded_equation_bit_transfer_dataset\20260519T190246Z\v673_guarded_equation_bit_transfer_val.jsonl,25,v673_validation_bit_00036_e35cfd87f4,bit_manipulation,bit_fullbyte_ternary_v366_new,00000000,26,210,25,1,False,True,True,00000000,True,00000000,True,0,0,0,0,0.35,
validation,C:\Users\davis\Workspace\KG1 -NVIDIA\artifacts\v284_official_gate_worktree\artifacts\v673_guarded_equation_bit_transfer_dataset\20260519T190246Z\v673_guarded_equation_bit_transfer_val.jsonl,26,v673_validation_bit_00023_00a8367358,bit_manipulation,bit_fullbyte_ternary_v366_new,00000000,26,210,25,1,False,True,True,00000000,True,00000000,True,0,0,0,0,0.35,
validation,C:\Users\davis\Workspace\KG1 -NVIDIA\artifacts\v284_official_gate_worktree\artifacts\v673_guarded_equation_bit_transfer_dataset\20260519T190246Z\v673_guarded_equation_bit_transfer_val.jsonl,27,v673_validation_eq_00095_a0f93707ca,equation_transform,equation_numeric_minus_signed,3,54,259,53,1,False,True,True,3,True,3,True,0,0,0,0,1.0,
validation,C:\Users\davis\Workspace\KG1 -NVIDIA\artifacts\v284_official_gate_worktree\artifacts\v673_guarded_equation_bit_transfer_dataset\20260519T190246Z\v673_guarded_equation_bit_transfer_val.jsonl,28,v673_validation_eq_00029_582085ff05,equation_transform,equation_numeric_add_direct,26,46,235,45,1,False,True,True,26,True,26,True,0,0,0,0,1.0,
validation,C:\Users\davis\Workspace\KG1 -NVIDIA\artifacts\v284_official_gate_worktree\artifacts\v673_guarded_equation_bit_transfer_dataset\20260519T190246Z\v673_guarded_equation_bit_transfer_val.jsonl,29,v673_validation_eq_00023_8aad4b1d0d,equation_transform,equation_numeric_add_direct,88,46,237,45,1,False,True,True,88,True,88,True,0,0,0,0,1.0,
validation,C:\Users\davis\Workspace\KG1 -NVIDIA\artifacts\v284_official_gate_worktree\artifacts\v673_guarded_equation_bit_transfer_dataset\20260519T190246Z\v673_guarded_equation_bit_transfer_val.jsonl,30,v673_validation_eq_00069_8f6b2d1ec5,equation_transform,equation_numeric_minus_signed,15,54,261,53,1,False,True,True,15,True,15,True,0,0,0,0,1.0,
validation,C:\Users\davis\Workspace\KG1 -NVIDIA\artifacts\v284_official_gate_worktree\artifacts\v673_guarded_equation_bit_transfer_dataset\20260519T190246Z\v673_guarded_equation_bit_transfer_val.jsonl,31,v673_validation_eq_00035_382efd2783,equation_transform,equation_numeric_colon_trailing_zero,50,51,258,50,1,False,True,True,50,True,50,True,0,0,0,0,1.0,
validation,C:\Users\davis\Workspace\KG1 -NVIDIA\artifacts\v284_official_gate_worktree\artifacts\v673_guarded_equation_bit_transfer_dataset\20260519T190246Z\v673_guarded_equation_bit_transfer_val.jsonl,32,v673_validation_eq_00026_dd0ca9915c,equation_transform,equation_numeric_add_direct,15,46,236,45,1,False,True,True,15,True,15,True,0,0,0,0,1.0,
validation,C:\Users\davis\Workspace\KG1 -NVIDIA\artifacts\v284_official_gate_worktree\artifacts\v673_guarded_equation_bit_transfer_dataset\20260519T190246Z\v673_guarded_equation_bit_transfer_val.jsonl,33,v673_validation_eq_00034_fd63bc263b,equation_transform,equation_numeric_colon_trailing_zero,40,51,259,50,1,False,True,True,40,True,40,True,0,0,0,0,1.0,
validation,C:\Users\davis\Workspace\KG1 -NVIDIA\artifacts\v284_official_gate_worktree\artifacts\v673_guarded_equation_bit_transfer_dataset\20260519T190246Z\v673_guarded_equation_bit_transfer_val.jsonl,34,v673_validation_bit_00009_b9fa0ff1ac,bit_manipulation,bit_exact_global_binary_replay,01101011,26,203,25,1,False,True,True,01101011,True,01101011,True,0,0,0,0,0.35,
validation,C:\Users\davis\Workspace\KG1 -NVIDIA\artifacts\v284_official_gate_worktree\artifacts\v673_guarded_equation_bit_transfer_dataset\20260519T190246Z\v673_guarded_equation_bit_transfer_val.jsonl,35,v673_validation_eq_00024_7407390c40,equation_transform,equation_numeric_add_direct,141,46,237,45,1,False,True,True,141,True,141,True,0,0,0,0,1.0,
validation,C:\Users\davis\Workspace\KG1 -NVIDIA\artifacts\v284_official_gate_worktree\artifacts\v673_guarded_equation_bit_transfer_dataset\20260519T190246Z\v673_guarded_equation_bit_transfer_val.jsonl,36,v673_validation_eq_00080_e5f1ce9c1f,equation_transform,equation_numeric_minus_signed,-42,54,268,53,1,False,True,True,-42,True,-42,True,0,0,0,0,1.0,
validation,C:\Users\davis\Workspace\KG1 -NVIDIA\artifacts\v284_official_gate_worktree\artifacts\v673_guarded_equation_bit_transfer_dataset\20260519T190246Z\v673_guarded_equation_bit_transfer_val.jsonl,37,v673_validation_eq_00074_5c97753170,equation_transform,equation_numeric_minus_signed,-83,54,268,53,1,False,True,True,-83,True,-83,True,0,0,0,0,1.0,
validation,C:\Users\davis\Workspace\KG1 -NVIDIA\artifacts\v284_official_gate_worktree\artifacts\v673_guarded_equation_bit_transfer_dataset\20260519T190246Z\v673_guarded_equation_bit_transfer_val.jsonl,38,v673_validation_bit_00054_d306f5201b,bit_manipulation,bit_fullbyte_ternary_v366_new,01011001,26,208,25,1,False,True,True,01011001,True,01011001,True,0,0,0,0,0.35,
validation,C:\Users\davis\Workspace\KG1 -NVIDIA\artifacts\v284_official_gate_worktree\artifacts\v673_guarded_equation_bit_transfer_dataset\20260519T190246Z\v673_guarded_equation_bit_transfer_val.jsonl,39,v673_validation_bit_00043_145a740e0f,bit_manipulation,bit_fullbyte_ternary_v366_new,00011100,26,208,25,1,False,True,True,00011100,True,00011100,True,0,0,0,0,0.35,
validation,C:\Users\davis\Workspace\KG1 -NVIDIA\artifacts\v284_official_gate_worktree\artifacts\v673_guarded_equation_bit_transfer_dataset\20260519T190246Z\v673_guarded_equation_bit_transfer_val.jsonl,40,v673_validation_bit_00015_169038af0e,bit_manipulation,bit_exact_global_ternary_replay,11111101,26,231,25,1,False,True,True,11111101,True,11111101,True,0,0,0,0,0.35,
validation,C:\Users\davis\Workspace\KG1 -NVIDIA\artifacts\v284_official_gate_worktree\artifacts\v673_guarded_equation_bit_transfer_dataset\20260519T190246Z\v673_guarded_equation_bit_transfer_val.jsonl,41,v673_validation_bit_00048_40912c9235,bit_manipulation,bit_exact_global_ternary_replay,11111111,26,228,25,1,False,True,True,11111111,True,11111111,True,0,0,0,0,0.35,
validation,C:\Users\davis\Workspace\KG1 -NVIDIA\artifacts\v284_official_gate_worktree\artifacts\v673_guarded_equation_bit_transfer_dataset\20260519T190246Z\v673_guarded_equation_bit_transfer_val.jsonl,42,v673_validation_eq_00083_ab5c9545c9,equation_transform,equation_numeric_minus_signed,15,54,261,53,1,False,True,True,15,True,15,True,0,0,0,0,1.0,
validation,C:\Users\davis\Workspace\KG1 -NVIDIA\artifacts\v284_official_gate_worktree\artifacts\v673_guarded_equation_bit_transfer_dataset\20260519T190246Z\v673_guarded_equation_bit_transfer_val.jsonl,43,v673_validation_eq_00044_14990e84ec,equation_transform,equation_numeric_colon_trailing_zero,10,51,259,50,1,False,True,True,10,True,10,True,0,0,0,0,1.0,
validation,C:\Users\davis\Workspace\KG1 -NVIDIA\artifacts\v284_official_gate_worktree\artifacts\v673_guarded_equation_bit_transfer_dataset\20260519T190246Z\v673_guarded_equation_bit_transfer_val.jsonl,44,v673_validation_bit_00014_536d2c0fa4,bit_manipulation,bit_exact_global_ternary_replay,10111110,26,231,25,1,False,True,True,10111110,True,10111110,True,0,0,0,0,0.35,
validation,C:\Users\davis\Workspace\KG1 -NVIDIA\artifacts\v284_official_gate_worktree\artifacts\v673_guarded_equation_bit_transfer_dataset\20260519T190246Z\v673_guarded_equation_bit_transfer_val.jsonl,45,v673_validation_bit_00000_eabed21812,bit_manipulation,bit_fullbyte_ternary_v366_new,01010000,26,210,25,1,False,True,True,01010000,True,01010000,True,0,0,0,0,0.35,
validation,C:\Users\davis\Workspace\KG1 -NVIDIA\artifacts\v284_official_gate_worktree\artifacts\v673_guarded_equation_bit_transfer_dataset\20260519T190246Z\v673_guarded_equation_bit_transfer_val.jsonl,46,v673_validation_eq_00076_98f9cc9cc3,equation_transform,equation_numeric_minus_signed,-15,54,269,53,1,False,True,True,-15,True,-15,True,0,0,0,0,1.0,
validation,C:\Users\davis\Workspace\KG1 -NVIDIA\artifacts\v284_official_gate_worktree\artifacts\v673_guarded_equation_bit_transfer_dataset\20260519T190246Z\v673_guarded_equation_bit_transfer_val.jsonl,47,v673_validation_eq_00046_627a852a10,equation_transform,equation_numeric_colon_trailing_zero,90,51,260,50,1,False,True,True,90,True,90,True,0,0,0,0,1.0,
validation,C:\Users\davis\Workspace\KG1 -NVIDIA\artifacts\v284_official_gate_worktree\artifacts\v673_guarded_equation_bit_transfer_dataset\20260519T190246Z\v673_guarded_equation_bit_transfer_val.jsonl,48,v673_validation_eq_00020_bc62d8e57c,equation_transform,equation_numeric_add_direct,79,46,235,45,1,False,True,True,79,True,79,True,0,0,0,0,1.0,
validation,C:\Users\davis\Workspace\KG1 -NVIDIA\artifacts\v284_official_gate_worktree\artifacts\v673_guarded_equation_bit_transfer_dataset\20260519T190246Z\v673_guarded_equation_bit_transfer_val.jsonl,49,v673_validation_bit_00045_66e51282e8,bit_manipulation,bit_exact_global_ternary_replay,11011011,26,231,25,1,False,True,True,11011011,True,11011011,True,0,0,0,0,0.35,
validation,C:\Users\davis\Workspace\KG1 -NVIDIA\artifacts\v284_official_gate_worktree\artifacts\v673_guarded_equation_bit_transfer_dataset\20260519T190246Z\v673_guarded_equation_bit_transfer_val.jsonl,50,v673_validation_bit_00033_fb1fa4e3a9,bit_manipulation,bit_exact_global_ternary_replay,00111101,26,228,25,1,False,True,True,00111101,True,00111101,True,0,0,0,0,0.35,
validation,C:\Users\davis\Workspace\KG1 -NVIDIA\artifacts\v284_official_gate_worktree\artifacts\v673_guarded_equation_bit_transfer_dataset\20260519T190246Z\v673_guarded_equation_bit_transfer_val.jsonl,51,v673_validation_eq_00010_32bda4b076,equation_transform,equation_numeric_add_direct,134,46,237,45,1,False,True,True,134,True,134,True,0,0,0,0,1.0,
validation,C:\Users\davis\Workspace\KG1 -NVIDIA\artifacts\v284_official_gate_worktree\artifacts\v673_guarded_equation_bit_transfer_dataset\20260519T190246Z\v673_guarded_equation_bit_transfer_val.jsonl,52,v673_validation_eq_00109_c825bfed59,equation_transform,equation_numeric_minus_signed,58,54,262,53,1,False,True,True,58,True,58,True,0,0,0,0,1.0,
validation,C:\Users\davis\Workspace\KG1 -NVIDIA\artifacts\v284_official_gate_worktree\artifacts\v673_guarded_equation_bit_transfer_dataset\20260519T190246Z\v673_guarded_equation_bit_transfer_val.jsonl,53,v673_validation_eq_00117_63cf13d65a,equation_transform,equation_numeric_minus_signed,23,54,261,53,1,False,True,True,23,True,23,True,0,0,0,0,1.0,
validation,C:\Users\davis\Workspace\KG1 -NVIDIA\artifacts\v284_official_gate_worktree\artifacts\v673_guarded_equation_bit_transfer_dataset\20260519T190246Z\v673_guarded_equation_bit_transfer_val.jsonl,54,v673_validation_bit_00026_c91ba36186,bit_manipulation,bit_exact_global_binary_replay,10001010,26,203,25,1,False,True,True,10001010,True,10001010,True,0,0,0,0,0.35,
validation,C:\Users\davis\Workspace\KG1 -NVIDIA\artifacts\v284_official_gate_worktree\artifacts\v673_guarded_equation_bit_transfer_dataset\20260519T190246Z\v673_guarded_equation_bit_transfer_val.jsonl,55,v673_validation_eq_00036_874857f651,equation_transform,equation_numeric_colon_trailing_zero,20,51,259,50,1,False,True,True,20,True,20,True,0,0,0,0,1.0,
validation,C:\Users\davis\Workspace\KG1 -NVIDIA\artifacts\v284_official_gate_worktree\artifacts\v673_guarded_equation_bit_transfer_dataset\20260519T190246Z\v673_guarded_equation_bit_transfer_val.jsonl,56,v673_validation_bit_00028_a4eac983c7,bit_manipulation,bit_exact_global_ternary_replay,01110101,26,231,25,1,False,True,True,01110101,True,01110101,True,0,0,0,0,0.35,
validation,C:\Users\davis\Workspace\KG1 -NVIDIA\artifacts\v284_official_gate_worktree\artifacts\v673_guarded_equation_bit_transfer_dataset\20260519T190246Z\v673_guarded_equation_bit_transfer_val.jsonl,57,v673_validation_eq_00001_30b5d9c51d,equation_transform,equation_numeric_add_direct,115,46,237,45,1,False,True,True,115,True,115,True,0,0,0,0,1.0,
validation,C:\Users\davis\Workspace\KG1 -NVIDIA\artifacts\v284_official_gate_worktree\artifacts\v673_guarded_equation_bit_transfer_dataset\20260519T190246Z\v673_guarded_equation_bit_transfer_val.jsonl,58,v673_validation_eq_00077_8e6d0d2b16,equation_transform,equation_numeric_minus_signed,68,54,261,53,1,False,True,True,68,True,68,True,0,0,0,0,1.0,
validation,C:\Users\davis\Workspace\KG1 -NVIDIA\artifacts\v284_official_gate_worktree\artifacts\v673_guarded_equation_bit_transfer_dataset\20260519T190246Z\v673_guarded_equation_bit_transfer_val.jsonl,59,v673_validation_bit_00020_8766cb8a5c,bit_manipulation,bit_fullbyte_ternary_v366_new,01110010,26,208,25,1,False,True,True,01110010,True,01110010,True,0,0,0,0,0.35,
validation,C:\Users\davis\Workspace\KG1 -NVIDIA\artifacts\v284_official_gate_worktree\artifacts\v673_guarded_equation_bit_transfer_dataset\20260519T190246Z\v673_guarded_equation_bit_transfer_val.jsonl,60,v673_validation_eq_00110_80b422570f,equation_transform,equation_numeric_minus_signed,-6,54,266,53,1,False,True,True,-6,True,-6,True,0,0,0,0,1.0,
validation,C:\Users\davis\Workspace\KG1 -NVIDIA\artifacts\v284_official_gate_worktree\artifacts\v673_guarded_equation_bit_transfer_dataset\20260519T190246Z\v673_guarded_equation_bit_transfer_val.jsonl,61,v673_validation_bit_00025_4d30ef0422,bit_manipulation,bit_exact_global_ternary_replay,00011010,26,231,25,1,False,True,True,00011010,True,00011010,True,0,0,0,0,0.35,
validation,C:\Users\davis\Workspace\KG1 -NVIDIA\artifacts\v284_official_gate_worktree\artifacts\v673_guarded_equation_bit_transfer_dataset\20260519T190246Z\v673_guarded_equation_bit_transfer_val.jsonl,62,v673_validation_eq_00052_b7fd7d01f0,equation_transform,equation_numeric_colon_trailing_zero,80,51,259,50,1,False,True,True,80,True,80,True,0,0,0,0,1.0,
validation,C:\Users\davis\Workspace\KG1 -NVIDIA\artifacts\v284_official_gate_worktree\artifacts\v673_guarded_equation_bit_transfer_dataset\20260519T190246Z\v673_guarded_equation_bit_transfer_val.jsonl,63,v673_validation_eq_00027_090c083033,equation_transform,equation_numeric_add_direct,68,46,234,45,1,False,True,True,68,True,68,True,0,0,0,0,1.0,
validation,C:\Users\davis\Workspace\KG1 -NVIDIA\artifacts\v284_official_gate_worktree\artifacts\v673_guarded_equation_bit_transfer_dataset\20260519T190246Z\v673_guarded_equation_bit_transfer_val.jsonl,64,v673_validation_bit_00040_94f0c24ad7,bit_manipulation,bit_fullbyte_ternary_v366_new,10100001,26,210,25,1,False,True,True,10100001,True,10100001,True,0,0,0,0,0.35,
validation,C:\Users\davis\Workspace\KG1 -NVIDIA\artifacts\v284_official_gate_worktree\artifacts\v673_guarded_equation_bit_transfer_dataset\20260519T190246Z\v673_guarded_equation_bit_transfer_val.jsonl,65,v673_validation_eq_00090_a4b2dc8134,equation_transform,equation_numeric_minus_signed,-5,54,265,53,1,False,True,True,-5,True,-5,True,0,0,0,0,1.0,
validation,C:\Users\davis\Workspace\KG1 -NVIDIA\artifacts\v284_official_gate_worktree\artifacts\v673_guarded_equation_bit_transfer_dataset\20260519T190246Z\v673_guarded_equation_bit_transfer_val.jsonl,66,v673_validation_eq_00060_fe19acf361,equation_transform,equation_numeric_minus_signed,-13,54,269,53,1,False,True,True,-13,True,-13,True,0,0,0,0,1.0,
validation,C:\Users\davis\Workspace\KG1 -NVIDIA\artifacts\v284_official_gate_worktree\artifacts\v673_guarded_equation_bit_transfer_dataset\20260519T190246Z\v673_guarded_equation_bit_transfer_val.jsonl,67,v673_validation_bit_00011_1458b355e5,bit_manipulation,bit_fullbyte_ternary_v366_new,11111010,26,210,25,1,False,True,True,11111010,True,11111010,True,0,0,0,0,0.35,
validation,C:\Users\davis\Workspace\KG1 -NVIDIA\artifacts\v284_official_gate_worktree\artifacts\v673_guarded_equation_bit_transfer_dataset\20260519T190246Z\v673_guarded_equation_bit_transfer_val.jsonl,68,v673_validation_bit_00037_da9c611065,bit_manipulation,bit_exact_global_ternary_replay,11001001,26,228,25,1,False,True,True,11001001,True,11001001,True,0,0,0,0,0.35,
validation,C:\Users\davis\Workspace\KG1 -NVIDIA\artifacts\v284_official_gate_worktree\artifacts\v673_guarded_equation_bit_transfer_dataset\20260519T190246Z\v673_guarded_equation_bit_transfer_val.jsonl,69,v673_validation_eq_00111_ad6523cb96,equation_transform,equation_numeric_minus_signed,40,54,261,53,1,False,True,True,40,True,40,True,0,0,0,0,1.0,
validation,C:\Users\davis\Workspace\KG1 -NVIDIA\artifacts\v284_official_gate_worktree\artifacts\v673_guarded_equation_bit_transfer_dataset\20260519T190246Z\v673_guarded_equation_bit_transfer_val.jsonl,70,v673_validation_eq_00042_c472cce11f,equation_transform,equation_numeric_colon_trailing_zero,40,51,259,50,1,False,True,True,40,True,40,True,0,0,0,0,1.0,
validation,C:\Users\davis\Workspace\KG1 -NVIDIA\artifacts\v284_official_gate_worktree\artifacts\v673_guarded_equation_bit_transfer_dataset\20260519T190246Z\v673_guarded_equation_bit_transfer_val.jsonl,71,v673_validation_eq_00063_e5aa1863d9,equation_transform,equation_numeric_minus_signed,12,54,262,53,1,False,True,True,12,True,12,True,0,0,0,0,1.0,
validation,C:\Users\davis\Workspace\KG1 -NVIDIA\artifacts\v284_official_gate_worktree\artifacts\v673_guarded_equation_bit_transfer_dataset\20260519T190246Z\v673_guarded_equation_bit_transfer_val.jsonl,72,v673_validation_bit_00047_e9fe2beb18,bit_manipulation,bit_exact_global_ternary_replay,00111101,26,228,25,1,False,True,True,00111101,True,00111101,True,0,0,0,0,0.35,
validation,C:\Users\davis\Workspace\KG1 -NVIDIA\artifacts\v284_official_gate_worktree\artifacts\v673_guarded_equation_bit_transfer_dataset\20260519T190246Z\v673_guarded_equation_bit_transfer_val.jsonl,73,v673_validation_eq_00006_42d84bc783,equation_transform,equation_numeric_add_direct,123,46,237,45,1,False,True,True,123,True,123,True,0,0,0,0,1.0,
validation,C:\Users\davis\Workspace\KG1 -NVIDIA\artifacts\v284_official_gate_worktree\artifacts\v673_guarded_equation_bit_transfer_dataset\20260519T190246Z\v673_guarded_equation_bit_transfer_val.jsonl,74,v673_validation_eq_00081_6ceb664b29,equation_transform,equation_numeric_minus_signed,66,54,262,53,1,False,True,True,66,True,66,True,0,0,0,0,1.0,
validation,C:\Users\davis\Workspace\KG1 -NVIDIA\artifacts\v284_official_gate_worktree\artifacts\v673_guarded_equation_bit_transfer_dataset\20260519T190246Z\v673_guarded_equation_bit_transfer_val.jsonl,75,v673_validation_bit_00041_c5205416ef,bit_manipulation,bit_exact_global_binary_replay,00101000,26,201,25,1,False,True,True,00101000,True,00101000,True,0,0,0,0,0.35,
validation,C:\Users\davis\Workspace\KG1 -NVIDIA\artifacts\v284_official_gate_worktree\artifacts\v673_guarded_equation_bit_transfer_dataset\20260519T190246Z\v673_guarded_equation_bit_transfer_val.jsonl,76,v673_validation_eq_00106_6850558cd1,equation_transform,equation_numeric_minus_signed,-8,54,266,53,1,False,True,True,-8,True,-8,True,0,0,0,0,1.0,
validation,C:\Users\davis\Workspace\KG1 -NVIDIA\artifacts\v284_official_gate_worktree\artifacts\v673_guarded_equation_bit_transfer_dataset\20260519T190246Z\v673_guarded_equation_bit_transfer_val.jsonl,77,v673_validation_eq_00088_bfa5e8179d,equation_transform,equation_numeric_minus_signed,-68,54,268,53,1,False,True,True,-68,True,-68,True,0,0,0,0,1.0,
validation,C:\Users\davis\Workspace\KG1 -NVIDIA\artifacts\v284_official_gate_worktree\artifacts\v673_guarded_equation_bit_transfer_dataset\20260519T190246Z\v673_guarded_equation_bit_transfer_val.jsonl,78,v673_validation_eq_00030_22515687ce,equation_transform,equation_numeric_colon_trailing_zero,50,51,258,50,1,False,True,True,50,True,50,True,0,0,0,0,1.0,
validation,C:\Users\davis\Workspace\KG1 -NVIDIA\artifacts\v284_official_gate_worktree\artifacts\v673_guarded_equation_bit_transfer_dataset\20260519T190246Z\v673_guarded_equation_bit_transfer_val.jsonl,79,v673_validation_eq_00041_f82cb749a1,equation_transform,equation_numeric_colon_trailing_zero,10,51,260,50,1,False,True,True,10,True,10,True,0,0,0,0,1.0,
validation,C:\Users\davis\Workspace\KG1 -NVIDIA\artifacts\v284_official_gate_worktree\artifacts\v673_guarded_equation_bit_transfer_dataset\20260519T190246Z\v673_guarded_equation_bit_transfer_val.jsonl,80,v673_validation_eq_00089_0e9ca39c2d,equation_transform,equation_numeric_minus_signed,15,54,261,53,1,False,True,True,15,True,15,True,0,0,0,0,1.0,
validation,C:\Users\davis\Workspace\KG1 -NVIDIA\artifacts\v284_official_gate_worktree\artifacts\v673_guarded_equation_bit_transfer_dataset\20260519T190246Z\v673_guarded_equation_bit_transfer_val.jsonl,81,v673_validation_eq_00092_cb6b9c381e,equation_transform,equation_numeric_minus_signed,-45,54,268,53,1,False,True,True,-45,True,-45,True,0,0,0,0,1.0,
validation,C:\Users\davis\Workspace\KG1 -NVIDIA\artifacts\v284_official_gate_worktree\artifacts\v673_guarded_equation_bit_transfer_dataset\20260519T190246Z\v673_guarded_equation_bit_transfer_val.jsonl,82,v673_validation_bit_00027_9758c14fba,bit_manipulation,bit_exact_global_binary_replay,00011010,26,203,25,1,False,True,True,00011010,True,00011010,True,0,0,0,0,0.35,
validation,C:\Users\davis\Workspace\KG1 -NVIDIA\artifacts\v284_official_gate_worktree\artifacts\v673_guarded_equation_bit_transfer_dataset\20260519T190246Z\v673_guarded_equation_bit_transfer_val.jsonl,83,v673_validation_eq_00033_650a53aa62,equation_transform,equation_numeric_colon_trailing_zero,20,51,260,50,1,False,True,True,20,True,20,True,0,0,0,0,1.0,
validation,C:\Users\davis\Workspace\KG1 -NVIDIA\artifacts\v284_official_gate_worktree\artifacts\v673_guarded_equation_bit_transfer_dataset\20260519T190246Z\v673_guarded_equation_bit_transfer_val.jsonl,84,v673_validation_eq_00022_af728422d4,equation_transform,equation_numeric_add_direct,101,46,238,45,1,False,True,True,101,True,101,True,0,0,0,0,1.0,
validation,C:\Users\davis\Workspace\KG1 -NVIDIA\artifacts\v284_official_gate_worktree\artifacts\v673_guarded_equation_bit_transfer_dataset\20260519T190246Z\v673_guarded_equation_bit_transfer_val.jsonl,85,v673_validation_eq_00007_3325c33ff1,equation_transform,equation_numeric_add_direct,108,46,239,45,1,False,True,True,108,True,108,True,0,0,0,0,1.0,
validation,C:\Users\davis\Workspace\KG1 -NVIDIA\artifacts\v284_official_gate_worktree\artifacts\v673_guarded_equation_bit_transfer_dataset\20260519T190246Z\v673_guarded_equation_bit_transfer_val.jsonl,86,v673_validation_eq_00118_f9979d7daa,equation_transform,equation_numeric_minus_signed,-18,54,267,53,1,False,True,True,-18,True,-18,True,0,0,0,0,1.0,
validation,C:\Users\davis\Workspace\KG1 -NVIDIA\artifacts\v284_official_gate_worktree\artifacts\v673_guarded_equation_bit_transfer_dataset\20260519T190246Z\v673_guarded_equation_bit_transfer_val.jsonl,87,v673_validation_eq_00085_a5e3c0adc9,equation_transform,equation_numeric_minus_signed,3,54,259,53,1,False,True,True,3,True,3,True,0,0,0,0,1.0,
validation,C:\Users\davis\Workspace\KG1 -NVIDIA\artifacts\v284_official_gate_worktree\artifacts\v673_guarded_equation_bit_transfer_dataset\20260519T190246Z\v673_guarded_equation_bit_transfer_val.jsonl,88,v673_validation_bit_00051_45da252e23,bit_manipulation,bit_exact_global_ternary_replay,11111011,26,231,25,1,False,True,True,11111011,True,11111011,True,0,0,0,0,0.35,
validation,C:\Users\davis\Workspace\KG1 -NVIDIA\artifacts\v284_official_gate_worktree\artifacts\v673_guarded_equation_bit_transfer_dataset\20260519T190246Z\v673_guarded_equation_bit_transfer_val.jsonl,89,v673_validation_eq_00014_fd0fd3094a,equation_transform,equation_numeric_add_direct,54,46,236,45,1,False,True,True,54,True,54,True,0,0,0,0,1.0,
validation,C:\Users\davis\Workspace\KG1 -NVIDIA\artifacts\v284_official_gate_worktree\artifacts\v673_guarded_equation_bit_transfer_dataset\20260519T190246Z\v673_guarded_equation_bit_transfer_val.jsonl,90,v673_validation_eq_00065_f50b3012c0,equation_transform,equation_numeric_minus_signed,31,54,260,53,1,False,True,True,31,True,31,True,0,0,0,0,1.0,
validation,C:\Users\davis\Workspace\KG1 -NVIDIA\artifacts\v284_official_gate_worktree\artifacts\v673_guarded_equation_bit_transfer_dataset\20260519T190246Z\v673_guarded_equation_bit_transfer_val.jsonl,91,v673_validation_eq_00016_8d32dfe062,equation_transform,equation_numeric_add_direct,108,46,239,45,1,False,True,True,108,True,108,True,0,0,0,0,1.0,
validation,C:\Users\davis\Workspace\KG1 -NVIDIA\artifacts\v284_official_gate_worktree\artifacts\v673_guarded_equation_bit_transfer_dataset\20260519T190246Z\v673_guarded_equation_bit_transfer_val.jsonl,92,v673_validation_eq_00002_09ab5242cc,equation_transform,equation_numeric_add_direct,93,46,236,45,1,False,True,True,93,True,93,True,0,0,0,0,1.0,
validation,C:\Users\davis\Workspace\KG1 -NVIDIA\artifacts\v284_official_gate_worktree\artifacts\v673_guarded_equation_bit_transfer_dataset\20260519T190246Z\v673_guarded_equation_bit_transfer_val.jsonl,93,v673_validation_eq_00055_48ceff3937,equation_transform,equation_numeric_colon_trailing_zero,20,51,260,50,1,False,True,True,20,True,20,True,0,0,0,0,1.0,
validation,C:\Users\davis\Workspace\KG1 -NVIDIA\artifacts\v284_official_gate_worktree\artifacts\v673_guarded_equation_bit_transfer_dataset\20260519T190246Z\v673_guarded_equation_bit_transfer_val.jsonl,94,v673_validation_eq_00043_119edf1e02,equation_transform,equation_numeric_colon_trailing_zero,40,51,258,50,1,False,True,True,40,True,40,True,0,0,0,0,1.0,
validation,C:\Users\davis\Workspace\KG1 -NVIDIA\artifacts\v284_official_gate_worktree\artifacts\v673_guarded_equation_bit_transfer_dataset\20260519T190246Z\v673_guarded_equation_bit_transfer_val.jsonl,95,v673_validation_bit_00001_2844abd942,bit_manipulation,bit_exact_global_ternary_replay,01011011,26,233,25,1,False,True,True,01011011,True,01011011,True,0,0,0,0,0.35,
validation,C:\Users\davis\Workspace\KG1 -NVIDIA\artifacts\v284_official_gate_worktree\artifacts\v673_guarded_equation_bit_transfer_dataset\20260519T190246Z\v673_guarded_equation_bit_transfer_val.jsonl,96,v673_validation_eq_00093_27ea89141f,equation_transform,equation_numeric_minus_signed,37,54,260,53,1,False,True,True,37,True,37,True,0,0,0,0,1.0,
validation,C:\Users\davis\Workspace\KG1 -NVIDIA\artifacts\v284_official_gate_worktree\artifacts\v673_guarded_equation_bit_transfer_dataset\20260519T190246Z\v673_guarded_equation_bit_transfer_val.jsonl,97,v673_validation_eq_00048_67afaa2e29,equation_transform,equation_numeric_colon_trailing_zero,40,51,259,50,1,False,True,True,40,True,40,True,0,0,0,0,1.0,
validation,C:\Users\davis\Workspace\KG1 -NVIDIA\artifacts\v284_official_gate_worktree\artifacts\v673_guarded_equation_bit_transfer_dataset\20260519T190246Z\v673_guarded_equation_bit_transfer_val.jsonl,98,v673_validation_bit_00031_7707bc511c,bit_manipulation,bit_exact_global_ternary_replay,11001111,26,231,25,1,False,True,True,11001111,True,11001111,True,0,0,0,0,0.35,
validation,C:\Users\davis\Workspace\KG1 -NVIDIA\artifacts\v284_official_gate_worktree\artifacts\v673_guarded_equation_bit_transfer_dataset\20260519T190246Z\v673_guarded_equation_bit_transfer_val.jsonl,99,v673_validation_eq_00013_98f4ae64d6,equation_transform,equation_numeric_add_direct,90,46,234,45,1,False,True,True,90,True,90,True,0,0,0,0,1.0,
validation,C:\Users\davis\Workspace\KG1 -NVIDIA\artifacts\v284_official_gate_worktree\artifacts\v673_guarded_equation_bit_transfer_dataset\20260519T190246Z\v673_guarded_equation_bit_transfer_val.jsonl,100,v673_validation_bit_00059_9297cc1dcf,bit_manipulation,bit_exact_global_ternary_replay,00101010,26,231,25,1,False,True,True,00101010,True,00101010,True,0,0,0,0,0.35,
validation,C:\Users\davis\Workspace\KG1 -NVIDIA\artifacts\v284_official_gate_worktree\artifacts\v673_guarded_equation_bit_transfer_dataset\20260519T190246Z\v673_guarded_equation_bit_transfer_val.jsonl,101,v673_validation_eq_00108_303d889723,equation_transform,equation_numeric_minus_signed,-57,54,269,53,1,False,True,True,-57,True,-57,True,0,0,0,0,1.0,
validation,C:\Users\davis\Workspace\KG1 -NVIDIA\artifacts\v284_official_gate_worktree\artifacts\v673_guarded_equation_bit_transfer_dataset\20260519T190246Z\v673_guarded_equation_bit_transfer_val.jsonl,102,v673_validation_bit_00044_89a21420be,bit_manipulation,bit_exact_global_ternary_replay,10100110,26,233,25,1,False,True,True,10100110,True,10100110,True,0,0,0,0,0.35,
validation,C:\Users\davis\Workspace\KG1 -NVIDIA\artifacts\v284_official_gate_worktree\artifacts\v673_guarded_equation_bit_transfer_dataset\20260519T190246Z\v673_guarded_equation_bit_transfer_val.jsonl,103,v673_validation_eq_00097_f0ed8f1f77,equation_transform,equation_numeric_minus_signed,62,54,261,53,1,False,True,True,62,True,62,True,0,0,0,0,1.0,
validation,C:\Users\davis\Workspace\KG1 -NVIDIA\artifacts\v284_official_gate_worktree\artifacts\v673_guarded_equation_bit_transfer_dataset\20260519T190246Z\v673_guarded_equation_bit_transfer_val.jsonl,104,v673_validation_bit_00058_fcb9b47356,bit_manipulation,bit_exact_global_binary_replay,00101001,26,201,25,1,False,True,True,00101001,True,00101001,True,0,0,0,0,0.35,
validation,C:\Users\davis\Workspace\KG1 -NVIDIA\artifacts\v284_official_gate_worktree\artifacts\v673_guarded_equation_bit_transfer_dataset\20260519T190246Z\v673_guarded_equation_bit_transfer_val.jsonl,105,v673_validation_eq_00067_3803ec0340,equation_transform,equation_numeric_minus_signed,3,54,258,53,1,False,True,True,3,True,3,True,0,0,0,0,1.0,
validation,C:\Users\davis\Workspace\KG1 -NVIDIA\artifacts\v284_official_gate_worktree\artifacts\v673_guarded_equation_bit_transfer_dataset\20260519T190246Z\v673_guarded_equation_bit_transfer_val.jsonl,106,v673_validation_eq_00049_c2ec090803,equation_transform,equation_numeric_colon_trailing_zero,60,51,260,50,1,False,True,True,60,True,60,True,0,0,0,0,1.0,
validation,C:\Users\davis\Workspace\KG1 -NVIDIA\artifacts\v284_official_gate_worktree\artifacts\v673_guarded_equation_bit_transfer_dataset\20260519T190246Z\v673_guarded_equation_bit_transfer_val.jsonl,107,v673_validation_eq_00040_e89c3b26dc,equation_transform,equation_numeric_colon_trailing_zero,80,51,260,50,1,False,True,True,80,True,80,True,0,0,0,0,1.0,
validation,C:\Users\davis\Workspace\KG1 -NVIDIA\artifacts\v284_official_gate_worktree\artifacts\v673_guarded_equation_bit_transfer_dataset\20260519T190246Z\v673_guarded_equation_bit_transfer_val.jsonl,108,v673_validation_eq_00003_d3b015a667,equation_transform,equation_numeric_add_direct,86,46,235,45,1,False,True,True,86,True,86,True,0,0,0,0,1.0,
validation,C:\Users\davis\Workspace\KG1 -NVIDIA\artifacts\v284_official_gate_worktree\artifacts\v673_guarded_equation_bit_transfer_dataset\20260519T190246Z\v673_guarded_equation_bit_transfer_val.jsonl,109,v673_validation_bit_00057_dff32f329c,bit_manipulation,bit_fullbyte_ternary_v366_new,01001111,26,208,25,1,False,True,True,01001111,True,01001111,True,0,0,0,0,0.35,
validation,C:\Users\davis\Workspace\KG1 -NVIDIA\artifacts\v284_official_gate_worktree\artifacts\v673_guarded_equation_bit_transfer_dataset\20260519T190246Z\v673_guarded_equation_bit_transfer_val.jsonl,110,v673_validation_eq_00011_ce9310d350,equation_transform,equation_numeric_add_direct,79,46,235,45,1,False,True,True,79,True,79,True,0,0,0,0,1.0,
validation,C:\Users\davis\Workspace\KG1 -NVIDIA\artifacts\v284_official_gate_worktree\artifacts\v673_guarded_equation_bit_transfer_dataset\20260519T190246Z\v673_guarded_equation_bit_transfer_val.jsonl,111,v673_validation_bit_00004_db45601b91,bit_manipulation,bit_fullbyte_ternary_v366_new,01000111,26,208,25,1,False,True,True,01000111,True,01000111,True,0,0,0,0,0.35,
validation,C:\Users\davis\Workspace\KG1 -NVIDIA\artifacts\v284_official_gate_worktree\artifacts\v673_guarded_equation_bit_transfer_dataset\20260519T190246Z\v673_guarded_equation_bit_transfer_val.jsonl,112,v673_validation_eq_00119_5675c8d734,equation_transform,equation_numeric_minus_signed,51,54,259,53,1,False,True,True,51,True,51,True,0,0,0,0,1.0,
validation,C:\Users\davis\Workspace\KG1 -NVIDIA\artifacts\v284_official_gate_worktree\artifacts\v673_guarded_equation_bit_transfer_dataset\20260519T190246Z\v673_guarded_equation_bit_transfer_val.jsonl,113,v673_validation_eq_00098_9f58bf0d19,equation_transform,equation_numeric_minus_signed,-37,54,269,53,1,False,True,True,-37,True,-37,True,0,0,0,0,1.0,
validation,C:\Users\davis\Workspace\KG1 -NVIDIA\artifacts\v284_official_gate_worktree\artifacts\v673_guarded_equation_bit_transfer_dataset\20260519T190246Z\v673_guarded_equation_bit_transfer_val.jsonl,114,v673_validation_eq_00105_940f700a56,equation_transform,equation_numeric_minus_signed,73,54,262,53,1,False,True,True,73,True,73,True,0,0,0,0,1.0,
validation,C:\Users\davis\Workspace\KG1 -NVIDIA\artifacts\v284_official_gate_worktree\artifacts\v673_guarded_equation_bit_transfer_dataset\20260519T190246Z\v673_guarded_equation_bit_transfer_val.jsonl,115,v673_validation_eq_00091_ffc12775a8,equation_transform,equation_numeric_minus_signed,27,54,262,53,1,False,True,True,27,True,27,True,0,0,0,0,1.0,
validation,C:\Users\davis\Workspace\KG1 -NVIDIA\artifacts\v284_official_gate_worktree\artifacts\v673_guarded_equation_bit_transfer_dataset\20260519T190246Z\v673_guarded_equation_bit_transfer_val.jsonl,116,v673_validation_eq_00018_af96d23a3e,equation_transform,equation_numeric_add_direct,148,46,238,45,1,False,True,True,148,True,148,True,0,0,0,0,1.0,
validation,C:\Users\davis\Workspace\KG1 -NVIDIA\artifacts\v284_official_gate_worktree\artifacts\v673_guarded_equation_bit_transfer_dataset\20260519T190246Z\v673_guarded_equation_bit_transfer_val.jsonl,117,v673_validation_eq_00116_e4b90d7f8a,equation_transform,equation_numeric_minus_signed,-8,54,266,53,1,False,True,True,-8,True,-8,True,0,0,0,0,1.0,
validation,C:\Users\davis\Workspace\KG1 -NVIDIA\artifacts\v284_official_gate_worktree\artifacts\v673_guarded_equation_bit_transfer_dataset\20260519T190246Z\v673_guarded_equation_bit_transfer_val.jsonl,118,v673_validation_bit_00008_8ae3b58e81,bit_manipulation,bit_fullbyte_ternary_v366_new,10001000,26,208,25,1,False,True,True,10001000,True,10001000,True,0,0,0,0,0.35,
validation,C:\Users\davis\Workspace\KG1 -NVIDIA\artifacts\v284_official_gate_worktree\artifacts\v673_guarded_equation_bit_transfer_dataset\20260519T190246Z\v673_guarded_equation_bit_transfer_val.jsonl,119,v673_validation_eq_00070_6004d4bf6c,equation_transform,equation_numeric_minus_signed,-48,54,266,53,1,False,True,True,-48,True,-48,True,0,0,0,0,1.0,
validation,C:\Users\davis\Workspace\KG1 -NVIDIA\artifacts\v284_official_gate_worktree\artifacts\v673_guarded_equation_bit_transfer_dataset\20260519T190246Z\v673_guarded_equation_bit_transfer_val.jsonl,120,v673_validation_bit_00016_34e3d74698,bit_manipulation,bit_fullbyte_ternary_v366_new,00010000,26,210,25,1,False,True,True,00010000,True,00010000,True,0,0,0,0,0.35,
validation,C:\Users\davis\Workspace\KG1 -NVIDIA\artifacts\v284_official_gate_worktree\artifacts\v673_guarded_equation_bit_transfer_dataset\20260519T190246Z\v673_guarded_equation_bit_transfer_val.jsonl,121,v673_validation_eq_00025_4c593bb932,equation_transform,equation_numeric_add_direct,45,46,234,45,1,False,True,True,45,True,45,True,0,0,0,0,1.0,
validation,C:\Users\davis\Workspace\KG1 -NVIDIA\artifacts\v284_official_gate_worktree\artifacts\v673_guarded_equation_bit_transfer_dataset\20260519T190246Z\v673_guarded_equation_bit_transfer_val.jsonl,122,v673_validation_eq_00115_68ab812db7,equation_transform,equation_numeric_minus_signed,26,54,260,53,1,False,True,True,26,True,26,True,0,0,0,0,1.0,
validation,C:\Users\davis\Workspace\KG1 -NVIDIA\artifacts\v284_official_gate_worktree\artifacts\v673_guarded_equation_bit_transfer_dataset\20260519T190246Z\v673_guarded_equation_bit_transfer_val.jsonl,123,v673_validation_eq_00000_c16e0429ec,equation_transform,equation_numeric_add_direct,113,46,239,45,1,False,True,True,113,True,113,True,0,0,0,0,1.0,
validation,C:\Users\davis\Workspace\KG1 -NVIDIA\artifacts\v284_official_gate_worktree\artifacts\v673_guarded_equation_bit_transfer_dataset\20260519T190246Z\v673_guarded_equation_bit_transfer_val.jsonl,124,v673_validation_bit_00012_07fee1b1b5,bit_manipulation,bit_fullbyte_ternary_v366_new,10001011,26,208,25,1,False,True,True,10001011,True,10001011,True,0,0,0,0,0.35,
validation,C:\Users\davis\Workspace\KG1 -NVIDIA\artifacts\v284_official_gate_worktree\artifacts\v673_guarded_equation_bit_transfer_dataset\20260519T190246Z\v673_guarded_equation_bit_transfer_val.jsonl,125,v673_validation_bit_00018_5e4a54ee80,bit_manipulation,bit_fullbyte_ternary_v366_new,00010100,26,208,25,1,False,True,True,00010100,True,00010100,True,0,0,0,0,0.35,
validation,C:\Users\davis\Workspace\KG1 -NVIDIA\artifacts\v284_official_gate_worktree\artifacts\v673_guarded_equation_bit_transfer_dataset\20260519T190246Z\v673_guarded_equation_bit_transfer_val.jsonl,126,v673_validation_bit_00038_d4f174e92e,bit_manipulation,bit_fullbyte_ternary_v366_new,00100000,26,208,25,1,False,True,True,00100000,True,00100000,True,0,0,0,0,0.35,
validation,C:\Users\davis\Workspace\KG1 -NVIDIA\artifacts\v284_official_gate_worktree\artifacts\v673_guarded_equation_bit_transfer_dataset\20260519T190246Z\v673_guarded_equation_bit_transfer_val.jsonl,127,v673_validation_eq_00107_4e5fcc7cbc,equation_transform,equation_numeric_minus_signed,83,54,260,53,1,False,True,True,83,True,83,True,0,0,0,0,1.0,
validation,C:\Users\davis\Workspace\KG1 -NVIDIA\artifacts\v284_official_gate_worktree\artifacts\v673_guarded_equation_bit_transfer_dataset\20260519T190246Z\v673_guarded_equation_bit_transfer_val.jsonl,128,v673_validation_eq_00079_f2ca250d09,equation_transform,equation_numeric_minus_signed,31,54,261,53,1,False,True,True,31,True,31,True,0,0,0,0,1.0,
validation,C:\Users\davis\Workspace\KG1 -NVIDIA\artifacts\v284_official_gate_worktree\artifacts\v673_guarded_equation_bit_transfer_dataset\20260519T190246Z\v673_guarded_equation_bit_transfer_val.jsonl,129,v673_validation_bit_00052_3546b49bae,bit_manipulation,bit_fullbyte_ternary_v366_new,00000001,26,210,25,1,False,True,True,00000001,True,00000001,True,0,0,0,0,0.35,
validation,C:\Users\davis\Workspace\KG1 -NVIDIA\artifacts\v284_official_gate_worktree\artifacts\v673_guarded_equation_bit_transfer_dataset\20260519T190246Z\v673_guarded_equation_bit_transfer_val.jsonl,130,v673_validation_eq_00032_e5415073cc,equation_transform,equation_numeric_colon_trailing_zero,70,51,260,50,1,False,True,True,70,True,70,True,0,0,0,0,1.0,
validation,C:\Users\davis\Workspace\KG1 -NVIDIA\artifacts\v284_official_gate_worktree\artifacts\v673_guarded_equation_bit_transfer_dataset\20260519T190246Z\v673_guarded_equation_bit_transfer_val.jsonl,131,v673_validation_eq_00086_6437286114,equation_transform,equation_numeric_minus_signed,-24,54,268,53,1,False,True,True,-24,True,-24,True,0,0,0,0,1.0,
validation,C:\Users\davis\Workspace\KG1 -NVIDIA\artifacts\v284_official_gate_worktree\artifacts\v673_guarded_equation_bit_transfer_dataset\20260519T190246Z\v673_guarded_equation_bit_transfer_val.jsonl,132,v673_validation_bit_00021_0d68639b0c,bit_manipulation,bit_exact_global_ternary_replay,10110111,26,233,25,1,False,True,True,10110111,True,10110111,True,0,0,0,0,0.35,
validation,C:\Users\davis\Workspace\KG1 -NVIDIA\artifacts\v284_official_gate_worktree\artifacts\v673_guarded_equation_bit_transfer_dataset\20260519T190246Z\v673_guarded_equation_bit_transfer_val.jsonl,133,v673_validation_eq_00031_2cf7b032c8,equation_transform,equation_numeric_colon_trailing_zero,20,51,258,50,1,False,True,True,20,True,20,True,0,0,0,0,1.0,
validation,C:\Users\davis\Workspace\KG1 -NVIDIA\artifacts\v284_official_gate_worktree\artifacts\v673_guarded_equation_bit_transfer_dataset\20260519T190246Z\v673_guarded_equation_bit_transfer_val.jsonl,134,v673_validation_eq_00100_dc47cee7f3,equation_transform,equation_numeric_minus_signed,-15,54,267,53,1,False,True,True,-15,True,-15,True,0,0,0,0,1.0,
validation,C:\Users\davis\Workspace\KG1 -NVIDIA\artifacts\v284_official_gate_worktree\artifacts\v673_guarded_equation_bit_transfer_dataset\20260519T190246Z\v673_guarded_equation_bit_transfer_val.jsonl,135,v673_validation_bit_00003_8a7c4489c5,bit_manipulation,bit_exact_global_binary_replay,11100010,26,201,25,1,False,True,True,11100010,True,11100010,True,0,0,0,0,0.35,
validation,C:\Users\davis\Workspace\KG1 -NVIDIA\artifacts\v284_official_gate_worktree\artifacts\v673_guarded_equation_bit_transfer_dataset\20260519T190246Z\v673_guarded_equation_bit_transfer_val.jsonl,136,v673_validation_bit_00029_74e7c8316b,bit_manipulation,bit_exact_global_binary_replay,11010110,26,203,25,1,False,True,True,11010110,True,11010110,True,0,0,0,0,0.35,
validation,C:\Users\davis\Workspace\KG1 -NVIDIA\artifacts\v284_official_gate_worktree\artifacts\v673_guarded_equation_bit_transfer_dataset\20260519T190246Z\v673_guarded_equation_bit_transfer_val.jsonl,137,v673_validation_eq_00066_09cd2e5b32,equation_transform,equation_numeric_minus_signed,-73,54,268,53,1,False,True,True,-73,True,-73,True,0,0,0,0,1.0,
validation,C:\Users\davis\Workspace\KG1 -NVIDIA\artifacts\v284_official_gate_worktree\artifacts\v673_guarded_equation_bit_transfer_dataset\20260519T190246Z\v673_guarded_equation_bit_transfer_val.jsonl,138,v673_validation_eq_00104_cc7b18989a,equation_transform,equation_numeric_minus_signed,-38,54,268,53,1,False,True,True,-38,True,-38,True,0,0,0,0,1.0,
validation,C:\Users\davis\Workspace\KG1 -NVIDIA\artifacts\v284_official_gate_worktree\artifacts\v673_guarded_equation_bit_transfer_dataset\20260519T190246Z\v673_guarded_equation_bit_transfer_val.jsonl,139,v673_validation_eq_00084_2bf1446bc0,equation_transform,equation_numeric_minus_signed,-86,54,269,53,1,False,True,True,-86,True,-86,True,0,0,0,0,1.0,
validation,C:\Users\davis\Workspace\KG1 -NVIDIA\artifacts\v284_official_gate_worktree\artifacts\v673_guarded_equation_bit_transfer_dataset\20260519T190246Z\v673_guarded_equation_bit_transfer_val.jsonl,140,v673_validation_eq_00064_a79bd88572,equation_transform,equation_numeric_minus_signed,-16,54,269,53,1,False,True,True,-16,True,-16,True,0,0,0,0,1.0,
validation,C:\Users\davis\Workspace\KG1 -NVIDIA\artifacts\v284_official_gate_worktree\artifacts\v673_guarded_equation_bit_transfer_dataset\20260519T190246Z\v673_guarded_equation_bit_transfer_val.jsonl,141,v673_validation_eq_00075_68bcaf513d,equation_transform,equation_numeric_minus_signed,59,54,262,53,1,False,True,True,59,True,59,True,0,0,0,0,1.0,
validation,C:\Users\davis\Workspace\KG1 -NVIDIA\artifacts\v284_official_gate_worktree\artifacts\v673_guarded_equation_bit_transfer_dataset\20260519T190246Z\v673_guarded_equation_bit_transfer_val.jsonl,142,v673_validation_bit_00024_2a44ddb2d6,bit_manipulation,bit_exact_global_ternary_replay,10111101,26,228,25,1,False,True,True,10111101,True,10111101,True,0,0,0,0,0.35,
validation,C:\Users\davis\Workspace\KG1 -NVIDIA\artifacts\v284_official_gate_worktree\artifacts\v673_guarded_equation_bit_transfer_dataset\20260519T190246Z\v673_guarded_equation_bit_transfer_val.jsonl,143,v673_validation_eq_00045_e9bf5fe39a,equation_transform,equation_numeric_colon_trailing_zero,50,51,260,50,1,False,True,True,50,True,50,True,0,0,0,0,1.0,
validation,C:\Users\davis\Workspace\KG1 -NVIDIA\artifacts\v284_official_gate_worktree\artifacts\v673_guarded_equation_bit_transfer_dataset\20260519T190246Z\v673_guarded_equation_bit_transfer_val.jsonl,144,v673_validation_bit_00010_445e5145d9,bit_manipulation,bit_fullbyte_ternary_v366_new,00010000,26,208,25,1,False,True,True,00010000,True,00010000,True,0,0,0,0,0.35,
validation,C:\Users\davis\Workspace\KG1 -NVIDIA\artifacts\v284_official_gate_worktree\artifacts\v673_guarded_equation_bit_transfer_dataset\20260519T190246Z\v673_guarded_equation_bit_transfer_val.jsonl,145,v673_validation_eq_00009_12e5036d99,equation_transform,equation_numeric_add_direct,72,46,235,45,1,False,True,True,72,True,72,True,0,0,0,0,1.0,
validation,C:\Users\davis\Workspace\KG1 -NVIDIA\artifacts\v284_official_gate_worktree\artifacts\v673_guarded_equation_bit_transfer_dataset\20260519T190246Z\v673_guarded_equation_bit_transfer_val.jsonl,146,v673_validation_eq_00028_b1baaa1d12,equation_transform,equation_numeric_add_direct,95,46,234,45,1,False,True,True,95,True,95,True,0,0,0,0,1.0,
validation,C:\Users\davis\Workspace\KG1 -NVIDIA\artifacts\v284_official_gate_worktree\artifacts\v673_guarded_equation_bit_transfer_dataset\20260519T190246Z\v673_guarded_equation_bit_transfer_val.jsonl,147,v673_validation_eq_00102_15737a43b5,equation_transform,equation_numeric_minus_signed,-17,54,269,53,1,False,True,True,-17,True,-17,True,0,0,0,0,1.0,
validation,C:\Users\davis\Workspace\KG1 -NVIDIA\artifacts\v284_official_gate_worktree\artifacts\v673_guarded_equation_bit_transfer_dataset\20260519T190246Z\v673_guarded_equation_bit_transfer_val.jsonl,148,v673_validation_eq_00101_dccd5284ae,equation_transform,equation_numeric_minus_signed,72,54,262,53,1,False,True,True,72,True,72,True,0,0,0,0,1.0,
validation,C:\Users\davis\Workspace\KG1 -NVIDIA\artifacts\v284_official_gate_worktree\artifacts\v673_guarded_equation_bit_transfer_dataset\20260519T190246Z\v673_guarded_equation_bit_transfer_val.jsonl,149,v673_validation_eq_00053_92d55ce2cc,equation_transform,equation_numeric_colon_trailing_zero,10,51,259,50,1,False,True,True,10,True,10,True,0,0,0,0,1.0,
validation,C:\Users\davis\Workspace\KG1 -NVIDIA\artifacts\v284_official_gate_worktree\artifacts\v673_guarded_equation_bit_transfer_dataset\20260519T190246Z\v673_guarded_equation_bit_transfer_val.jsonl,150,v673_validation_eq_00078_80d0393539,equation_transform,equation_numeric_minus_signed,-37,54,269,53,1,False,True,True,-37,True,-37,True,0,0,0,0,1.0,
validation,C:\Users\davis\Workspace\KG1 -NVIDIA\artifacts\v284_official_gate_worktree\artifacts\v673_guarded_equation_bit_transfer_dataset\20260519T190246Z\v673_guarded_equation_bit_transfer_val.jsonl,151,v673_validation_bit_00019_2a7a49c42a,bit_manipulation,bit_exact_global_ternary_replay,00101110,26,233,25,1,False,True,True,00101110,True,00101110,True,0,0,0,0,0.35,
validation,C:\Users\davis\Workspace\KG1 -NVIDIA\artifacts\v284_official_gate_worktree\artifacts\v673_guarded_equation_bit_transfer_dataset\20260519T190246Z\v673_guarded_equation_bit_transfer_val.jsonl,152,v673_validation_bit_00002_27da629adf,bit_manipulation,bit_exact_global_binary_replay,11110000,26,201,25,1,False,True,True,11110000,True,11110000,True,0,0,0,0,0.35,
validation,C:\Users\davis\Workspace\KG1 -NVIDIA\artifacts\v284_official_gate_worktree\artifacts\v673_guarded_equation_bit_transfer_dataset\20260519T190246Z\v673_guarded_equation_bit_transfer_val.jsonl,153,v673_validation_bit_00049_1f6053bbb9,bit_manipulation,bit_exact_global_ternary_replay,11001011,26,228,25,1,False,True,True,11001011,True,11001011,True,0,0,0,0,0.35,
validation,C:\Users\davis\Workspace\KG1 -NVIDIA\artifacts\v284_official_gate_worktree\artifacts\v673_guarded_equation_bit_transfer_dataset\20260519T190246Z\v673_guarded_equation_bit_transfer_val.jsonl,154,v673_validation_eq_00039_8a0810f806,equation_transform,equation_numeric_colon_trailing_zero,30,51,260,50,1,False,True,True,30,True,30,True,0,0,0,0,1.0,
validation,C:\Users\davis\Workspace\KG1 -NVIDIA\artifacts\v284_official_gate_worktree\artifacts\v673_guarded_equation_bit_transfer_dataset\20260519T190246Z\v673_guarded_equation_bit_transfer_val.jsonl,155,v673_validation_eq_00087_5781c1a7ed,equation_transform,equation_numeric_minus_signed,71,54,261,53,1,False,True,True,71,True,71,True,0,0,0,0,1.0,
validation,C:\Users\davis\Workspace\KG1 -NVIDIA\artifacts\v284_official_gate_worktree\artifacts\v673_guarded_equation_bit_transfer_dataset\20260519T190246Z\v673_guarded_equation_bit_transfer_val.jsonl,156,v673_validation_eq_00112_fdc53d8de4,equation_transform,equation_numeric_minus_signed,-27,54,269,53,1,False,True,True,-27,True,-27,True,0,0,0,0,1.0,
validation,C:\Users\davis\Workspace\KG1 -NVIDIA\artifacts\v284_official_gate_worktree\artifacts\v673_guarded_equation_bit_transfer_dataset\20260519T190246Z\v673_guarded_equation_bit_transfer_val.jsonl,157,v673_validation_bit_00005_c7cbfd1dc5,bit_manipulation,bit_fullbyte_ternary_v366_new,01000100,26,208,25,1,False,True,True,01000100,True,01000100,True,0,0,0,0,0.35,
validation,C:\Users\davis\Workspace\KG1 -NVIDIA\artifacts\v284_official_gate_worktree\artifacts\v673_guarded_equation_bit_transfer_dataset\20260519T190246Z\v673_guarded_equation_bit_transfer_val.jsonl,158,v673_validation_eq_00073_77c10fcaad,equation_transform,equation_numeric_minus_signed,34,54,262,53,1,False,True,True,34,True,34,True,0,0,0,0,1.0,
validation,C:\Users\davis\Workspace\KG1 -NVIDIA\artifacts\v284_official_gate_worktree\artifacts\v673_guarded_equation_bit_transfer_dataset\20260519T190246Z\v673_guarded_equation_bit_transfer_val.jsonl,159,v673_validation_bit_00046_94f76822bb,bit_manipulation,bit_fullbyte_ternary_v366_new,10111110,26,208,25,1,False,True,True,10111110,True,10111110,True,0,0,0,0,0.35,
validation,C:\Users\davis\Workspace\KG1 -NVIDIA\artifacts\v284_official_gate_worktree\artifacts\v673_guarded_equation_bit_transfer_dataset\20260519T190246Z\v673_guarded_equation_bit_transfer_val.jsonl,160,v673_validation_eq_00058_2dd27e1c53,equation_transform,equation_numeric_colon_trailing_zero,20,51,258,50,1,False,True,True,20,True,20,True,0,0,0,0,1.0,
validation,C:\Users\davis\Workspace\KG1 -NVIDIA\artifacts\v284_official_gate_worktree\artifacts\v673_guarded_equation_bit_transfer_dataset\20260519T190246Z\v673_guarded_equation_bit_transfer_val.jsonl,161,v673_validation_bit_00056_883c59beb7,bit_manipulation,bit_exact_global_ternary_replay,01101111,26,228,25,1,False,True,True,01101111,True,01101111,True,0,0,0,0,0.35,
validation,C:\Users\davis\Workspace\KG1 -NVIDIA\artifacts\v284_official_gate_worktree\artifacts\v673_guarded_equation_bit_transfer_dataset\20260519T190246Z\v673_guarded_equation_bit_transfer_val.jsonl,162,v673_validation_eq_00021_fea6d77517,equation_transform,equation_numeric_add_direct,163,46,238,45,1,False,True,True,163,True,163,True,0,0,0,0,1.0,
validation,C:\Users\davis\Workspace\KG1 -NVIDIA\artifacts\v284_official_gate_worktree\artifacts\v673_guarded_equation_bit_transfer_dataset\20260519T190246Z\v673_guarded_equation_bit_transfer_val.jsonl,163,v673_validation_eq_00054_3c08230af6,equation_transform,equation_numeric_colon_trailing_zero,30,51,260,50,1,False,True,True,30,True,30,True,0,0,0,0,1.0,
validation,C:\Users\davis\Workspace\KG1 -NVIDIA\artifacts\v284_official_gate_worktree\artifacts\v673_guarded_equation_bit_transfer_dataset\20260519T190246Z\v673_guarded_equation_bit_transfer_val.jsonl,164,v673_validation_eq_00037_cbec13a893,equation_transform,equation_numeric_colon_trailing_zero,40,51,259,50,1,False,True,True,40,True,40,True,0,0,0,0,1.0,
validation,C:\Users\davis\Workspace\KG1 -NVIDIA\artifacts\v284_official_gate_worktree\artifacts\v673_guarded_equation_bit_transfer_dataset\20260519T190246Z\v673_guarded_equation_bit_transfer_val.jsonl,165,v673_validation_eq_00015_dfda1b6d5f,equation_transform,equation_numeric_add_direct,82,46,236,45,1,False,True,True,82,True,82,True,0,0,0,0,1.0,
validation,C:\Users\davis\Workspace\KG1 -NVIDIA\artifacts\v284_official_gate_worktree\artifacts\v673_guarded_equation_bit_transfer_dataset\20260519T190246Z\v673_guarded_equation_bit_transfer_val.jsonl,166,v673_validation_eq_00062_c0730845ce,equation_transform,equation_numeric_minus_signed,-23,54,267,53,1,False,True,True,-23,True,-23,True,0,0,0,0,1.0,
validation,C:\Users\davis\Workspace\KG1 -NVIDIA\artifacts\v284_official_gate_worktree\artifacts\v673_guarded_equation_bit_transfer_dataset\20260519T190246Z\v673_guarded_equation_bit_transfer_val.jsonl,167,v673_validation_eq_00082_215fda2992,equation_transform,equation_numeric_minus_signed,-36,54,268,53,1,False,True,True,-36,True,-36,True,0,0,0,0,1.0,
validation,C:\Users\davis\Workspace\KG1 -NVIDIA\artifacts\v284_official_gate_worktree\artifacts\v673_guarded_equation_bit_transfer_dataset\20260519T190246Z\v673_guarded_equation_bit_transfer_val.jsonl,168,v673_validation_eq_00004_3e2d945c2a,equation_transform,equation_numeric_add_direct,44,46,234,45,1,False,True,True,44,True,44,True,0,0,0,0,1.0,
validation,C:\Users\davis\Workspace\KG1 -NVIDIA\artifacts\v284_official_gate_worktree\artifacts\v673_guarded_equation_bit_transfer_dataset\20260519T190246Z\v673_guarded_equation_bit_transfer_val.jsonl,169,v673_validation_bit_00050_ba36b4d25e,bit_manipulation,bit_exact_global_ternary_replay,01110100,26,228,25,1,False,True,True,01110100,True,01110100,True,0,0,0,0,0.35,
validation,C:\Users\davis\Workspace\KG1 -NVIDIA\artifacts\v284_official_gate_worktree\artifacts\v673_guarded_equation_bit_transfer_dataset\20260519T190246Z\v673_guarded_equation_bit_transfer_val.jsonl,170,v673_validation_eq_00071_8fc1519eb7,equation_transform,equation_numeric_minus_signed,7,54,258,53,1,False,True,True,7,True,7,True,0,0,0,0,1.0,
validation,C:\Users\davis\Workspace\KG1 -NVIDIA\artifacts\v284_official_gate_worktree\artifacts\v673_guarded_equation_bit_transfer_dataset\20260519T190246Z\v673_guarded_equation_bit_transfer_val.jsonl,171,v673_validation_eq_00038_15418461d2,equation_transform,equation_numeric_colon_trailing_zero,30,51,260,50,1,False,True,True,30,True,30,True,0,0,0,0,1.0,
validation,C:\Users\davis\Workspace\KG1 -NVIDIA\artifacts\v284_official_gate_worktree\artifacts\v673_guarded_equation_bit_transfer_dataset\20260519T190246Z\v673_guarded_equation_bit_transfer_val.jsonl,172,v673_validation_eq_00012_c4a5877f5c,equation_transform,equation_numeric_add_direct,116,46,237,45,1,False,True,True,116,True,116,True,0,0,0,0,1.0,
validation,C:\Users\davis\Workspace\KG1 -NVIDIA\artifacts\v284_official_gate_worktree\artifacts\v673_guarded_equation_bit_transfer_dataset\20260519T190246Z\v673_guarded_equation_bit_transfer_val.jsonl,173,v673_validation_eq_00050_69c8ec539d,equation_transform,equation_numeric_colon_trailing_zero,70,51,260,50,1,False,True,True,70,True,70,True,0,0,0,0,1.0,
validation,C:\Users\davis\Workspace\KG1 -NVIDIA\artifacts\v284_official_gate_worktree\artifacts\v673_guarded_equation_bit_transfer_dataset\20260519T190246Z\v673_guarded_equation_bit_transfer_val.jsonl,174,v673_validation_bit_00035_04f5ea0b5a,bit_manipulation,bit_fullbyte_ternary_v366_new,00010111,26,208,25,1,False,True,True,00010111,True,00010111,True,0,0,0,0,0.35,
validation,C:\Users\davis\Workspace\KG1 -NVIDIA\artifacts\v284_official_gate_worktree\artifacts\v673_guarded_equation_bit_transfer_dataset\20260519T190246Z\v673_guarded_equation_bit_transfer_val.jsonl,175,v673_validation_eq_00099_9db04bf38e,equation_transform,equation_numeric_minus_signed,19,54,262,53,1,False,True,True,19,True,19,True,0,0,0,0,1.0,
validation,C:\Users\davis\Workspace\KG1 -NVIDIA\artifacts\v284_official_gate_worktree\artifacts\v673_guarded_equation_bit_transfer_dataset\20260519T190246Z\v673_guarded_equation_bit_transfer_val.jsonl,176,v673_validation_eq_00103_c66b4898d9,equation_transform,equation_numeric_minus_signed,27,54,260,53,1,False,True,True,27,True,27,True,0,0,0,0,1.0,
validation,C:\Users\davis\Workspace\KG1 -NVIDIA\artifacts\v284_official_gate_worktree\artifacts\v673_guarded_equation_bit_transfer_dataset\20260519T190246Z\v673_guarded_equation_bit_transfer_val.jsonl,177,v673_validation_eq_00113_a5fdba21bb,equation_transform,equation_numeric_minus_signed,76,54,262,53,1,False,True,True,76,True,76,True,0,0,0,0,1.0,
validation,C:\Users\davis\Workspace\KG1 -NVIDIA\artifacts\v284_official_gate_worktree\artifacts\v673_guarded_equation_bit_transfer_dataset\20260519T190246Z\v673_guarded_equation_bit_transfer_val.jsonl,178,v673_validation_eq_00008_27930fa6ab,equation_transform,equation_numeric_add_direct,139,46,238,45,1,False,True,True,139,True,139,True,0,0,0,0,1.0,
validation,C:\Users\davis\Workspace\KG1 -NVIDIA\artifacts\v284_official_gate_worktree\artifacts\v673_guarded_equation_bit_transfer_dataset\20260519T190246Z\v673_guarded_equation_bit_transfer_val.jsonl,179,v673_validation_bit_00055_cb99589ae3,bit_manipulation,bit_exact_global_ternary_replay,11100001,26,233,25,1,False,True,True,11100001,True,11100001,True,0,0,0,0,0.35,
validation,C:\Users\davis\Workspace\KG1 -NVIDIA\artifacts\v284_official_gate_worktree\artifacts\v673_guarded_equation_bit_transfer_dataset\20260519T190246Z\v673_guarded_equation_bit_transfer_val.jsonl,180,v673_validation_bit_00030_ce13db004d,bit_manipulation,bit_exact_global_binary_replay,01111001,26,201,25,1,False,True,True,01111001,True,01111001,True,0,0,0,0,0.35,
