id,prompt,answer,family
e518256e,"In Alice's Wonderland, a secret set of transformation rules is applied to equations. Below are a few examples:
60[58 = 3480
89""28 = 61
36%68 = 105
Now, determine the result for: 94""10",84,equation_transform
09d5ee68,"In Alice's Wonderland, a secret set of transformation rules is applied to equations. Below are a few examples:
<:+|& = <:|&
'&+>? = '&>?
$!*!| = !!:&
|:-?' = -&$
Now, determine the result for: |:*>>",!?'!,equation_transform
b39c8082,"In Alice's Wonderland, secret encryption rules are used on text. Here are some examples:
diq vdkjroq lfkp pfvyhcqkv -> the strange bird discovers
jufyq pkjav diq vqykqd ykxvdju -> alice draws the secret crystal
lfkp kqjpv diq lkfoid lhhb -> bird reads the bright book
Now, decrypt the following text: gkfryqvv kqjpv dkqjvekq",princess reads treasure,text_encryption
4a085720,"In Alice's Wonderland, a secret unit conversion is applied to measurements. For example:
49.31 m becomes 42.59
27.9 m becomes 24.10
25.55 m becomes 22.07
Now, convert the following measurement: 46.46 m",40.13,unit_conversion
a4df85b7,"In Alice's Wonderland, secret encryption rules are used on text. Here are some examples:
nuk chkqkg wygp rvimp -> the clever bird found
dyma jkkj nuk pfgd jkcgkn -> king sees the dark secret
jnipkmn bgynkj jkcgkn -> student writes secret
Now, decrypt the following text: pgfavm ytfaymkj nuk cvhvgrih cgzjnfh",dragon imagines the colorful crystal,text_encryption
d70beb33,"In Alice's Wonderland, secret encryption rules are used on text. Here are some examples:
ajh uokrhp lkcfh xhlry -> the golden alice reads
fla rxlqy phlx ofhlp -> cat draws near ocean
epcuja fjlyhy vprhx movpalcp -> knight chases under mountain
Now, decrypt the following text: nxcpfhyy cmlucphy roox",princess imagines door,text_encryption
b9a748ac,"In Alice's Wonderland, secret encryption rules are used on text. Here are some examples:
ain hscvia kxa teoql -> the bright cat found
ycqv faolcnf ain icllnq jcsses -> king studies the hidden mirror
ycqv teuuegf ain fasxqvn jcsses -> king follows the strange mirror
xuckn lcfkemnsf ain keuestou lees -> alice discovers the colorful door
anxkins gscanf zeaceq -> teacher writes potion
Now, decrypt the following text: ain fasxqvn yqcvia teuuegf",the strange knight follows,text_encryption
70c29179,"In Alice's Wonderland, numbers are secretly converted into a different numeral system. Some examples are given below:
36 -> XXXVI
69 -> LXIX
52 -> LII
Now, write the number 83 in the Wonderland numeral system.",LXXXIII,numeral_system
7e5b8c12,"In Alice's Wonderland, a secret bit manipulation rule transforms 8-bit binary numbers. The transformation involves operations like bit shifts, rotations, XOR, AND, OR, NOT, and possibly majority or choice functions.

Here are some examples of input -> output:
01011001 -> 01010110
00011101 -> 01000111
11110111 -> 11111101
00100100 -> 00001001
00010100 -> 00000101
10000001 -> 01100000
01001011 -> 11010010
10110100 -> 00101101

Now, determine the output for: 11000010",10110000,bit_manipulation
a261169e,"In Alice's Wonderland, secret encryption rules are used on text. Here are some examples:
tqo mdxnqt gtlsoct sdoufg -> the bright student dreams
jxauds iqugog tqdblnq fblctuxc -> wizard chases through mountain
dummxt sxgibwodg movbcs ybdogt -> rabbit discovers beyond forest
gtlsoct sdoufg fogguno -> student dreams message
Now, decrypt the following text: gtlsoct xfunxcog tqo gxewod fogguno",student imagines the silver message,text_encryption
a027a729,"In Alice's Wonderland, a secret unit conversion is applied to measurements. For example:
45.28 m becomes 55.91
29.49 m becomes 36.42
34.61 m becomes 42.74
41.06 m becomes 50.70
15.36 m becomes 18.97
Now, convert the following measurement: 5.92 m",7.31,unit_conversion
00457d26,"In Alice's Wonderland, a secret set of transformation rules is applied to equations. Below are a few examples:
`!*[{ = '""[`
\'*'> = ![@
\'-!` = \\
`!*\& = '@'{
Now, determine the result for: [[-!'",@&,equation_transform
9f657a70,"In Alice's Wonderland, numbers are secretly converted into a different numeral system. Some examples are given below:
35 -> XXXV
21 -> XXI
62 -> LXII
38 -> XXXVIII
27 -> XXVII
Now, write the number 11 in the Wonderland numeral system.",XI,numeral_system
518deb39,"In Alice's Wonderland, a secret set of transformation rules is applied to equations. Below are a few examples:
<'+<"" = (>
""'-$< = '<
(""*(< = <<!!
!$*<> = !^\
Now, determine the result for: $$-<>",$,equation_transform
78616706,"In Alice's Wonderland, a secret bit manipulation rule transforms 8-bit binary numbers. The transformation involves operations like bit shifts, rotations, XOR, AND, OR, NOT, and possibly majority or choice functions.

Here are some examples of input -> output:
01101001 -> 00001101
01111111 -> 10001111
10000001 -> 00010000
00111111 -> 10000111
10011100 -> 00010011
11011100 -> 00011011
10001110 -> 00010001
01110100 -> 00001110

Now, determine the output for: 00111001",00000111,bit_manipulation
82109e34,"In Alice's Wonderland, a secret set of transformation rules is applied to equations. Below are a few examples:
''+:@ = @:>
^\+?^ = @$#
#?+$> = /?
^\*?# = $#>/
Now, determine the result for: '^-^^",-@>,equation_transform
d4d4a2c2,"In Alice's Wonderland, the gravitational constant has been secretly changed. Here are some example observations:
For t = 2.63s, distance = 56.96 m
For t = 3.13s, distance = 80.68 m
For t = 2.02s, distance = 33.6 m
Now, determine the falling distance for t = 4.75s given d = 0.5*g*t^2.",185.8,gravity_constant
5e67b1a1,"In Alice's Wonderland, a secret set of transformation rules is applied to equations. Below are a few examples:
93{16 = 001
18}99 = 9108
99{97 = 871
11<35 = 24<
Now, determine the result for: 32{31",63,equation_transform
c7077b21,"In Alice's Wonderland, a secret bit manipulation rule transforms 8-bit binary numbers. The transformation involves operations like bit shifts, rotations, XOR, AND, OR, NOT, and possibly majority or choice functions.

Here are some examples of input -> output:
11010101 -> 01011101
01010001 -> 00010101
11101011 -> 10011110
11011100 -> 01001101
01110000 -> 00000111
11011111 -> 00011101
01001110 -> 00100100
11011000 -> 10001101
11010000 -> 00001101

Now, determine the output for: 01100011",00010110,bit_manipulation
fb5a7b9e,"In Alice's Wonderland, a secret bit manipulation rule transforms 8-bit binary numbers. The transformation involves operations like bit shifts, rotations, XOR, AND, OR, NOT, and possibly majority or choice functions.

Here are some examples of input -> output:
10010011 -> 00101001
01101101 -> 10010110
00110000 -> 00011000
11101111 -> 10010111
01011010 -> 01101101
00000111 -> 11100011
01000111 -> 11000011
11101101 -> 11010110
01011000 -> 00101100
01000010 -> 01100001

Now, determine the output for: 11110100",11111010,bit_manipulation
26fe52a0,"In Alice's Wonderland, secret encryption rules are used on text. Here are some examples:
ofrrmn bague rxqaue zmrofoq -> rabbit found beyond library
dfn bazzajw rxqaue baoxwn -> cat follows beyond forest
fzmdx doxfnxw nkx tfcmdfz txwwfcx -> alice creates the magical message
nkx romckn wngexun xvlzaoxw -> the bright student explores
nkx tqwnxomagw ygxxu bazzajw -> the mysterious queen follows
Now, decrypt the following text: fzmdx dkfwxw nkx dgomagw dfwnzx",alice chases the curious castle,text_encryption
4a30dd44,"In Alice's Wonderland, secret encryption rules are used on text. Here are some examples:
ipc pdbbcl mfoodi tfiupcw -> the hidden rabbit watches
fxduc tmdicw bnnm -> alice writes door
ipc unxnmkhx jdlv dqfvdlcw -> the colorful king imagines
Now, decrypt the following text: mfoodi upfwcw rhzzxc",rabbit chases puzzle,text_encryption
e1728524,"In Alice's Wonderland, a secret set of transformation rules is applied to equations. Below are a few examples:
12&13 = 01
57:58 = 161
06&91 = 14&
64:92 = 67
87&89 = 02
Now, determine the result for: 99/99",1089,equation_transform
839e7350,"In Alice's Wonderland, a secret bit manipulation rule transforms 8-bit binary numbers. The transformation involves operations like bit shifts, rotations, XOR, AND, OR, NOT, and possibly majority or choice functions.

Here are some examples of input -> output:
10110010 -> 01110111
00011110 -> 01000111
10001001 -> 11111011
11110000 -> 00111111
01001100 -> 01001111
00110111 -> 11000011
10101111 -> 10100011
10110000 -> 00111111
11000000 -> 11111111

Now, determine the output for: 01111001",00111011,bit_manipulation
ed56c862,"In Alice's Wonderland, secret encryption rules are used on text. Here are some examples:
kbnemfhh hvprnfh ifwuer mtxf -> princess studies beyond cave
vpbvof rnhmuxfbh vzf rtbc ruub -> turtle discovers the dark door
gnjtbr super mthvof -> wizard found castle
luphf gbnvfh lfhhtyf -> mouse writes message
vzf lwhvfbnuph rbtyue rbftlh -> the mysterious dragon dreams
Now, decrypt the following text: tonmf gtvmzfh cfw",alice watches key,text_encryption
a365e304,"In Alice's Wonderland, a secret bit manipulation rule transforms 8-bit binary numbers. The transformation involves operations like bit shifts, rotations, XOR, AND, OR, NOT, and possibly majority or choice functions.

Here are some examples of input -> output:
11110101 -> 10111001
10110100 -> 10010011
01001111 -> 11101011
11111010 -> 01011000
00100001 -> 00100101
00100110 -> 11000101
10011010 -> 01010111

Now, determine the output for: 11100110",11011011,bit_manipulation
a6672f83,"In Alice's Wonderland, secret encryption rules are used on text. Here are some examples:
qijdvzgg brads wciratc jglyds -> princess found through island
kjeyis sjgvrfzig wcz uytjvyl ujiiri -> wizard discovers the magical mirror
wcz uytjvyl iyppjw juytjdzg -> the magical rabbit imagines
wzyvczi brads gzvizw -> teacher found secret
Now, decrypt the following text: waiwlz kywvczg wcz trlszd qrwjrd",turtle watches the golden potion,text_encryption
5765a947,"In Alice's Wonderland, numbers are secretly converted into a different numeral system. Some examples are given below:
85 -> LXXXV
99 -> XCIX
15 -> XV
71 -> LXXI
Now, write the number 34 in the Wonderland numeral system.",XXXIV,numeral_system
04b818d2,"In Alice's Wonderland, a secret unit conversion is applied to measurements. For example:
6.15 m becomes 7.01
14.5 m becomes 16.52
45.41 m becomes 51.75
Now, convert the following measurement: 36.59 m",41.70,unit_conversion
e3bf0c2c,"In Alice's Wonderland, a secret set of transformation rules is applied to equations. Below are a few examples:
@"")`[ = ^^`[
/`)@& = \'""""
'')'& = '`&
`/)""( = @&\&
\/}@` = `[
Now, determine the result for: @`}''","""`",equation_transform
2c3368cf,"In Alice's Wonderland, secret encryption rules are used on text. Here are some examples:
kwc qcxpck fphsxcqq xwbqcq -> the secret princess chases
mhpj jhqxodcpq kwc xonopivn qcxpck -> bird discovers the colorful secret
kwc xonopivn mhpj ionnorq -> the colorful bird follows
Now, decrypt the following text: xbk cyfnopcq joop",cat explores door,text_encryption
f1106935,"In Alice's Wonderland, secret encryption rules are used on text. Here are some examples:
beydu mcsvp yv ibeeur -> alice found in valley
gytbhp phbgl oqu ludhuo acoycv -> wizard draws the secret potion
oqu jrlouhycsl dbo hubpl -> the mysterious cat reads
zyvf yjbfyvul nurcvp jcsvobyv -> king imagines beyond mountain
Now, decrypt the following text: jcslu luul vubh ldqcce",mouse sees near school,text_encryption
df8b803c,"In Alice's Wonderland, numbers are secretly converted into a different numeral system. Some examples are given below:
24 -> XXIV
19 -> XIX
73 -> LXXIII
Now, write the number 45 in the Wonderland numeral system.",XLV,numeral_system
01714be2,"In Alice's Wonderland, the gravitational constant has been secretly changed. Here are some example observations:
For t = 1.32s, distance = 9.87 m
For t = 1.07s, distance = 6.48 m
For t = 1.48s, distance = 12.4 m
Now, determine the falling distance for t = 4.98s given d = 0.5*g*t^2.",140.44,gravity_constant
ee07fd5c,"In Alice's Wonderland, numbers are secretly converted into a different numeral system. Some examples are given below:
86 -> LXXXVI
35 -> XXXV
75 -> LXXV
68 -> LXVIII
2 -> II
Now, write the number 15 in the Wonderland numeral system.",XV,numeral_system
c2ebca34,"In Alice's Wonderland, the gravitational constant has been secretly changed. Here are some example observations:
For t = 2.35s, distance = 24.49 m
For t = 2.52s, distance = 28.17 m
For t = 3.58s, distance = 56.84 m
For t = 1.29s, distance = 7.38 m
For t = 3.67s, distance = 59.74 m
Now, determine the falling distance for t = 2.72s given d = 0.5*g*t^2.",32.81,gravity_constant
fdbdf50c,"In Alice's Wonderland, a secret set of transformation rules is applied to equations. Below are a few examples:
%?-)\ = ^]
??-?? = %
<^}""| = ?<
]^(?] = ""'<
)'-?"" = ^|
Now, determine the result for: |\-?|","-\""",equation_transform
f3971b9a,"In Alice's Wonderland, a secret bit manipulation rule transforms 8-bit binary numbers. The transformation involves operations like bit shifts, rotations, XOR, AND, OR, NOT, and possibly majority or choice functions.

Here are some examples of input -> output:
11000000 -> 00000011
01111010 -> 01001001
11111001 -> 01100111
01011111 -> 00001101
10110110 -> 10011010
10110001 -> 11000110
00111011 -> 01001100
00110011 -> 11001100
11000010 -> 00001011
10010100 -> 00010010

Now, determine the output for: 01111110",00011001,bit_manipulation
9c62e8ed,"In Alice's Wonderland, a secret unit conversion is applied to measurements. For example:
8.72 m becomes 10.49
30.93 m becomes 37.20
22.94 m becomes 27.59
Now, convert the following measurement: 38.92 m",46.81,unit_conversion
ab71eaa0,"In Alice's Wonderland, a secret bit manipulation rule transforms 8-bit binary numbers. The transformation involves operations like bit shifts, rotations, XOR, AND, OR, NOT, and possibly majority or choice functions.

Here are some examples of input -> output:
11011100 -> 10100011
01010110 -> 10100110
10001100 -> 00001001
01101010 -> 11011001
10110001 -> 01110100
00001111 -> 00011111
10001110 -> 00001101
11100011 -> 11011010

Now, determine the output for: 10000001",00010010,bit_manipulation
b1686291,"In Alice's Wonderland, the gravitational constant has been secretly changed. Here are some example observations:
For t = 4.68s, distance = 126.46 m
For t = 1.69s, distance = 16.49 m
For t = 4.77s, distance = 131.37 m
For t = 2.18s, distance = 27.44 m
Now, determine the falling distance for t = 3.32s given d = 0.5*g*t^2.",63.64,gravity_constant
e75d6620,"In Alice's Wonderland, a secret unit conversion is applied to measurements. For example:
17.43 m becomes 11.67
45.25 m becomes 30.29
12.24 m becomes 8.19
Now, convert the following measurement: 41.66 m",27.89,unit_conversion
47c1d8f5,"In Alice's Wonderland, a secret set of transformation rules is applied to equations. Below are a few examples:
{/*@] = {(
@%#]] = ]^
]^#]` = {@]
>(*^} = *}]
Now, determine the result for: /`#%`",]%],equation_transform
54589e31,"In Alice's Wonderland, numbers are secretly converted into a different numeral system. Some examples are given below:
56 -> LVI
96 -> XCVI
20 -> XX
77 -> LXXVII
Now, write the number 19 in the Wonderland numeral system.",XIX,numeral_system
9bddd8d4,"In Alice's Wonderland, the gravitational constant has been secretly changed. Here are some example observations:
For t = 2.98s, distance = 83.24 m
For t = 4.71s, distance = 207.95 m
For t = 3.65s, distance = 124.88 m
For t = 1.95s, distance = 35.64 m
For t = 3.34s, distance = 104.57 m
Now, determine the falling distance for t = 1.96s given d = 0.5*g*t^2.",36.01,gravity_constant
f6a05295,"In Alice's Wonderland, the gravitational constant has been secretly changed. Here are some example observations:
For t = 2.39s, distance = 15.78 m
For t = 1.95s, distance = 10.5 m
For t = 2.73s, distance = 20.58 m
For t = 4.37s, distance = 52.74 m
For t = 4.04s, distance = 45.08 m
Now, determine the falling distance for t = 3.05s given d = 0.5*g*t^2.",25.69,gravity_constant
bf786304,"In Alice's Wonderland, the gravitational constant has been secretly changed. Here are some example observations:
For t = 2.77s, distance = 65.28 m
For t = 2.87s, distance = 70.08 m
For t = 3.91s, distance = 130.07 m
For t = 3.7s, distance = 116.48 m
Now, determine the falling distance for t = 4.14s given d = 0.5*g*t^2.",145.82,gravity_constant
bfee75d5,"In Alice's Wonderland, a secret bit manipulation rule transforms 8-bit binary numbers. The transformation involves operations like bit shifts, rotations, XOR, AND, OR, NOT, and possibly majority or choice functions.

Here are some examples of input -> output:
11010110 -> 10110101
00110111 -> 11001101
10011011 -> 11100110
10001001 -> 01100010
11110111 -> 11111101
00011101 -> 01000111
11111101 -> 01111111
00001110 -> 10000011
10110111 -> 11101101
01101111 -> 11011011

Now, determine the output for: 00001001",01000010,bit_manipulation
f9a33aa1,"In Alice's Wonderland, a secret set of transformation rules is applied to equations. Below are a few examples:
(}\@@ = %(`}
}}'%% = '((
&}\$` = }#$#
%/'&( = '}/
Now, determine the result for: @(\$/",/((`,equation_transform
1abaffca,"In Alice's Wonderland, a secret bit manipulation rule transforms 8-bit binary numbers. The transformation involves operations like bit shifts, rotations, XOR, AND, OR, NOT, and possibly majority or choice functions.

Here are some examples of input -> output:
10010110 -> 00110101
00010010 -> 00100100
10001111 -> 00010011
01000110 -> 10001100
00111001 -> 00010110
10111100 -> 00011001
11111010 -> 00011101

Now, determine the output for: 00100000",01000000,bit_manipulation
de98159a,"In Alice's Wonderland, a secret unit conversion is applied to measurements. For example:
6.27 m becomes 10.32
32.39 m becomes 53.29
45.94 m becomes 75.59
13.89 m becomes 22.85
Now, convert the following measurement: 23.23 m",38.22,unit_conversion
9f2fae58,"In Alice's Wonderland, a secret set of transformation rules is applied to equations. Below are a few examples:
88+71 = 501
76$06 = 9104
99+56 = 461
86+56 = 331
93$23 = 7421
Now, determine the result for: 88$13",7272,equation_transform
f9799a68,"In Alice's Wonderland, a secret set of transformation rules is applied to equations. Below are a few examples:
/&+`& = `&/&
|`+`| = `||`
?&+[` = [`?&
`[-|$ = &?
Now, determine the result for: :^*?\",&:/?,equation_transform
5f0da536,"In Alice's Wonderland, secret encryption rules are used on text. Here are some examples:
ftrspw mturxuq xku vtnskx qumtux -> dragon creates the bright secret
xku mdtnpdq vntf quuq -> the curious bird sees
krxxut mkrquq rtpdwf yptuqx -> hatter chases around forest
mrx narsnwuq rvpbu nqzrwf -> cat imagines above island
Now, decrypt the following text: xku mpzptydz inws turfq",the colorful king reads,text_encryption
07735828,"In Alice's Wonderland, a secret unit conversion is applied to measurements. For example:
6.24 m becomes 3.77
18.52 m becomes 11.19
26.37 m becomes 15.93
10.4 m becomes 6.28
Now, convert the following measurement: 7.7 m",4.65,unit_conversion
b6127826,"In Alice's Wonderland, numbers are secretly converted into a different numeral system. Some examples are given below:
86 -> LXXXVI
61 -> LXI
89 -> LXXXIX
Now, write the number 22 in the Wonderland numeral system.",XXII,numeral_system
1af4f53a,"In Alice's Wonderland, numbers are secretly converted into a different numeral system. Some examples are given below:
14 -> XIV
61 -> LXI
4 -> IV
Now, write the number 32 in the Wonderland numeral system.",XXXII,numeral_system
c24074a8,"In Alice's Wonderland, a secret set of transformation rules is applied to equations. Below are a few examples:
??#(& = #]/
]/#|/ = #}<
?|>?] = /()}
}}>?< = ?|%
}/>?) = )&}
Now, determine the result for: ]]`]%",&/,equation_transform
ea34e037,"In Alice's Wonderland, numbers are secretly converted into a different numeral system. Some examples are given below:
59 -> LIX
27 -> XXVII
49 -> XLIX
28 -> XXVIII
Now, write the number 23 in the Wonderland numeral system.",XXIII,numeral_system
bc7618a7,"In Alice's Wonderland, a secret bit manipulation rule transforms 8-bit binary numbers. The transformation involves operations like bit shifts, rotations, XOR, AND, OR, NOT, and possibly majority or choice functions.

Here are some examples of input -> output:
10101100 -> 10001010
01011000 -> 00000101
00110110 -> 11000011
11111011 -> 01101111
00000110 -> 11000000
00001110 -> 11000000
01110101 -> 10100111

Now, determine the output for: 11000000",00001100,bit_manipulation
65470a41,"In Alice's Wonderland, a secret unit conversion is applied to measurements. For example:
16.01 m becomes 22.09
9.41 m becomes 12.98
11.86 m becomes 16.36
17.38 m becomes 23.98
Now, convert the following measurement: 14.82 m",20.45,unit_conversion
893ffb06,"In Alice's Wonderland, a secret set of transformation rules is applied to equations. Below are a few examples:
))+}: = ))}:
{@-'! = -{`
'}+@| = '}@|
::*:' = {||{
Now, determine the result for: @`-`:",-@',equation_transform
af652c7d,"In Alice's Wonderland, numbers are secretly converted into a different numeral system. Some examples are given below:
51 -> LI
27 -> XXVII
65 -> LXV
Now, write the number 79 in the Wonderland numeral system.",LXXIX,numeral_system
cf4c04c0,"In Alice's Wonderland, a secret set of transformation rules is applied to equations. Below are a few examples:
${*#{ = '@@{
'{*[[ = $:/[
{$-[# = |(
|:-[: = (
([*:[ = /(:
Now, determine the result for: @|-#|",-[,equation_transform
8e411cc7,"In Alice's Wonderland, a secret set of transformation rules is applied to equations. Below are a few examples:
^}-]] = (&$
}:#:$ = &$
]:!$$ = /]
:}!("" = ]]<
Now, determine the result for: $&!&}",]]],equation_transform
e2bd1d40,"In Alice's Wonderland, numbers are secretly converted into a different numeral system. Some examples are given below:
22 -> XXII
80 -> LXXX
46 -> XLVI
Now, write the number 29 in the Wonderland numeral system.",XXIX,numeral_system
96291987,"In Alice's Wonderland, secret encryption rules are used on text. Here are some examples:
kmh mijjhb jfrstb etvbj -> the hidden dragon found
kmh cvfitvo rxich jioctuhfo -> the curious alice discovers
kmh qaokhfitvo rxich etxxtno -> the mysterious alice follows
khrcmhf jioctuhfo kmh ohcfhk dtty -> teacher discovers the secret book
jfrstb cfhrkho rdtuh ocmttx -> dragon creates above school
Now, decrypt the following text: qtvoh hlzxtfho ib uixxrsh",mouse explores in village,text_encryption
892d73b5,"In Alice's Wonderland, a secret bit manipulation rule transforms 8-bit binary numbers. The transformation involves operations like bit shifts, rotations, XOR, AND, OR, NOT, and possibly majority or choice functions.

Here are some examples of input -> output:
00000100 -> 10000000
01110010 -> 01001110
00011111 -> 11100011
01100011 -> 01101100
01001001 -> 00101001
10110111 -> 11110110
01110001 -> 00101110
10111101 -> 10110111
10100101 -> 10110100

Now, determine the output for: 10101000",00010101,bit_manipulation
efdbb83a,"In Alice's Wonderland, secret encryption rules are used on text. Here are some examples:
acpkor wrgvpmw pcwpvm rljmi -> knight studies inside tower
rom opvvmc egmmc vpwnlxmiw -> the hidden queen discovers
nqr viqjw nqwrsm -> cat draws castle
rom opvvmc wrgvmcr dlgcv -> the hidden student found
apck viqjw dlimwr -> king draws forest
Now, decrypt the following text: viqklc wrgvpmw kqivmc",dragon studies garden,text_encryption
df9609fd,"In Alice's Wonderland, numbers are secretly converted into a different numeral system. Some examples are given below:
93 -> XCIII
62 -> LXII
9 -> IX
12 -> XII
Now, write the number 24 in the Wonderland numeral system.",XXIV,numeral_system
f7d53288,"In Alice's Wonderland, numbers are secretly converted into a different numeral system. Some examples are given below:
1 -> I
2 -> II
45 -> XLV
80 -> LXXX
Now, write the number 82 in the Wonderland numeral system.",LXXXII,numeral_system
5434ef33,"In Alice's Wonderland, numbers are secretly converted into a different numeral system. Some examples are given below:
78 -> LXXVIII
50 -> L
9 -> IX
Now, write the number 95 in the Wonderland numeral system.",XCV,numeral_system
7207c649,"In Alice's Wonderland, a secret unit conversion is applied to measurements. For example:
33.58 m becomes 55.12
31.05 m becomes 50.97
32.69 m becomes 53.66
Now, convert the following measurement: 17.99 m",29.53,unit_conversion
a12354e3,"In Alice's Wonderland, a secret unit conversion is applied to measurements. For example:
28.61 m becomes 14.59
38.23 m becomes 19.50
17.47 m becomes 8.91
10.04 m becomes 5.12
8.64 m becomes 4.41
Now, convert the following measurement: 5.15 m",2.63,unit_conversion
5ad55b3e,"In Alice's Wonderland, secret encryption rules are used on text. Here are some examples:
gohhmr xgokc clbglr -> rabbit draws secret
bor gloxc rugqyzu boal -> cat reads through cave
rygrnl sqnnqkc crqgj -> turtle follows story
rul zqnxld wmdz xgokc -> the golden king draws
rul kmcl fqycl cllc -> the wise mouse sees
Now, decrypt the following text: bor kgmrlc rul kmcl clbglr",cat writes the wise secret,text_encryption
41e6cbfc,"In Alice's Wonderland, a secret set of transformation rules is applied to equations. Below are a few examples:
05+12 = 1205
02*63 = 6302
69+97 = 9769
61+47 = 4761
Now, determine the result for: 18+93",9318,equation_transform
c0648741,"In Alice's Wonderland, a secret unit conversion is applied to measurements. For example:
46.17 m becomes 23.18
7.09 m becomes 3.56
17.43 m becomes 8.75
Now, convert the following measurement: 19.96 m",10.02,unit_conversion
dea42835,"In Alice's Wonderland, a secret set of transformation rules is applied to equations. Below are a few examples:
''-/> = )
/`*:[ = :[/`
>:*)$ = )$>:
:[*'/ = '/:[
`$+<[ = )<
Now, determine the result for: [/*['",['[/,equation_transform
a6046287,"In Alice's Wonderland, numbers are secretly converted into a different numeral system. Some examples are given below:
59 -> LIX
84 -> LXXXIV
5 -> V
38 -> XXXVIII
Now, write the number 75 in the Wonderland numeral system.",LXXV,numeral_system
48c25e0e,"In Alice's Wonderland, a secret set of transformation rules is applied to equations. Below are a few examples:
82-18 = 1476
93^50 = ^43
26-61 = 1586
Now, determine the result for: 43&11",53,equation_transform
e6d2a064,"In Alice's Wonderland, a secret bit manipulation rule transforms 8-bit binary numbers. The transformation involves operations like bit shifts, rotations, XOR, AND, OR, NOT, and possibly majority or choice functions.

Here are some examples of input -> output:
11010110 -> 01111101
01011011 -> 11111000
00001111 -> 00100010
10001101 -> 01111011
11011011 -> 11101001
11101011 -> 00101111
11010100 -> 00110101

Now, determine the output for: 01100100",11100011,bit_manipulation
c2a7b266,"In Alice's Wonderland, the gravitational constant has been secretly changed. Here are some example observations:
For t = 1.89s, distance = 29.74 m
For t = 1.12s, distance = 10.45 m
For t = 4.55s, distance = 172.38 m
For t = 3.73s, distance = 115.85 m
Now, determine the falling distance for t = 4.26s given d = 0.5*g*t^2.",151.11,gravity_constant
a1d2bb0c,"In Alice's Wonderland, a secret bit manipulation rule transforms 8-bit binary numbers. The transformation involves operations like bit shifts, rotations, XOR, AND, OR, NOT, and possibly majority or choice functions.

Here are some examples of input -> output:
11111110 -> 11111011
10011010 -> 00110000
11101010 -> 11010011
01111111 -> 11111101
00100000 -> 01000001
00111110 -> 01111101
00101000 -> 01010001

Now, determine the output for: 10010011",00100010,bit_manipulation
aa37b5db,"In Alice's Wonderland, the gravitational constant has been secretly changed. Here are some example observations:
For t = 4.05s, distance = 97.48 m
For t = 3.67s, distance = 80.04 m
For t = 1.6s, distance = 15.21 m
For t = 3.91s, distance = 90.86 m
Now, determine the falling distance for t = 3.02s given d = 0.5*g*t^2.",54.2,gravity_constant
b977b320,"In Alice's Wonderland, secret encryption rules are used on text. Here are some examples:
srijod uyfdrvu qvm -> wizard studies key
ycv tabaonfb qrlw sjytcvu -> the colorful king watches
qrlw sjytcvu ycv horwcy tomuyjb -> king watches the bright crystal
ycv sruv pfvvl ovjdu -> the wise queen reads
cjyyvo dojsu haaq -> hatter draws book
Now, decrypt the following text: hrod dojsu ycv uvtovy tjuybv",bird draws the secret castle,text_encryption
0f26a837,"In Alice's Wonderland, a secret unit conversion is applied to measurements. For example:
12.33 m becomes 11.88
46.39 m becomes 44.69
40.1 m becomes 38.63
29.51 m becomes 28.43
20.99 m becomes 20.22
Now, convert the following measurement: 5.64 m",5.43,unit_conversion
abfd833f,"In Alice's Wonderland, a secret unit conversion is applied to measurements. For example:
36.66 m becomes 44.01
40.0 m becomes 48.02
43.22 m becomes 51.89
Now, convert the following measurement: 47.59 m",57.14,unit_conversion
186cccdf,"In Alice's Wonderland, the gravitational constant has been secretly changed. Here are some example observations:
For t = 3.84s, distance = 107.09 m
For t = 1.36s, distance = 13.43 m
For t = 1.14s, distance = 9.44 m
Now, determine the falling distance for t = 4.39s given d = 0.5*g*t^2.",139.97,gravity_constant
572053c7,"In Alice's Wonderland, the gravitational constant has been secretly changed. Here are some example observations:
For t = 4.3s, distance = 129.15 m
For t = 1.45s, distance = 14.69 m
For t = 4.13s, distance = 119.14 m
For t = 2.72s, distance = 51.68 m
For t = 1.83s, distance = 23.39 m
Now, determine the falling distance for t = 1.09s given d = 0.5*g*t^2.",8.3,gravity_constant
a8dbe0c6,"In Alice's Wonderland, the gravitational constant has been secretly changed. Here are some example observations:
For t = 3.37s, distance = 102.6 m
For t = 2.36s, distance = 50.32 m
For t = 1.83s, distance = 30.26 m
For t = 3.57s, distance = 115.14 m
Now, determine the falling distance for t = 1.48s given d = 0.5*g*t^2.",19.79,gravity_constant
ad599007,"In Alice's Wonderland, a secret unit conversion is applied to measurements. For example:
40.78 m becomes 54.99
27.37 m becomes 36.91
27.44 m becomes 37.00
Now, convert the following measurement: 13.43 m",18.11,unit_conversion
f06051ac,"In Alice's Wonderland, secret encryption rules are used on text. Here are some examples:
ncu pjdjxlyd vxwqpumm kxorm -> the colorful princess draws
byuuq kxuoam wqmwku pomndu -> queen dreams inside castle
kxogjq pcomum ncu mwdzux pxemnod -> dragon chases the silver crystal
Now, decrypt the following text: ncu aogwpod swxk rxwnum",the magical bird writes,text_encryption
4e4fb429,"In Alice's Wonderland, a secret bit manipulation rule transforms 8-bit binary numbers. The transformation involves operations like bit shifts, rotations, XOR, AND, OR, NOT, and possibly majority or choice functions.

Here are some examples of input -> output:
10010000 -> 01001001
00010111 -> 01111101
11101001 -> 10111110
00101011 -> 10111110
01000011 -> 00111100
10110101 -> 11011111
01100111 -> 11111110
11001111 -> 11111100

Now, determine the output for: 01100011",10111110,bit_manipulation
70259bd0,"In Alice's Wonderland, secret encryption rules are used on text. Here are some examples:
ychm brvolzf vlz fvhrkxz vhzrfdhz -> bird watches the strange treasure
vlz mrhu bcgrhm ohzrvzf -> the dark wizard creates
rjcoz ohzrvzf dkmzh jcyhrht -> alice creates under library
rjcoz sqdkm vlz rkoczkv yqqu -> alice found the ancient book
uckx fzzf vlz xqjmzk yqqu -> king sees the golden book
Now, decrypt the following text: vdhvjz zinjqhzf vlz yhcxlv ohtfvrj",turtle explores the bright crystal,text_encryption
7ef4d5d6,"In Alice's Wonderland, a secret set of transformation rules is applied to equations. Below are a few examples:
58!25 = 1451
69>37 = >32
93>34 = >59
37!39 = 1444
Now, determine the result for: 66>24",>42,equation_transform
46284574,"In Alice's Wonderland, numbers are secretly converted into a different numeral system. Some examples are given below:
54 -> LIV
60 -> LX
17 -> XVII
96 -> XCVI
32 -> XXXII
Now, write the number 75 in the Wonderland numeral system.",LXXV,numeral_system
e477385c,"In Alice's Wonderland, numbers are secretly converted into a different numeral system. Some examples are given below:
17 -> XVII
94 -> XCIV
89 -> LXXXIX
5 -> V
13 -> XIII
Now, write the number 7 in the Wonderland numeral system.",VII,numeral_system
8cba814f,"In Alice's Wonderland, the gravitational constant has been secretly changed. Here are some example observations:
For t = 1.66s, distance = 13.29 m
For t = 4.59s, distance = 101.6 m
For t = 1.79s, distance = 15.45 m
For t = 4.15s, distance = 83.06 m
Now, determine the falling distance for t = 2.92s given d = 0.5*g*t^2.",41.12,gravity_constant
3416dfa4,"In Alice's Wonderland, numbers are secretly converted into a different numeral system. Some examples are given below:
77 -> LXXVII
9 -> IX
51 -> LI
96 -> XCVI
44 -> XLIV
Now, write the number 24 in the Wonderland numeral system.",XXIV,numeral_system
3ee36e0a,"In Alice's Wonderland, a secret set of transformation rules is applied to equations. Below are a few examples:
15-69 = -54
74)02 = 149
24>42 = 66
Now, determine the result for: 48-99",-51,equation_transform
0bc7de44,"In Alice's Wonderland, a secret unit conversion is applied to measurements. For example:
31.68 m becomes 57.04
30.67 m becomes 55.22
20.22 m becomes 36.40
44.9 m becomes 80.84
Now, convert the following measurement: 17.35 m",31.24,unit_conversion
bc60a72a,"In Alice's Wonderland, a secret unit conversion is applied to measurements. For example:
33.32 m becomes 34.85
30.77 m becomes 32.18
33.65 m becomes 35.20
41.04 m becomes 42.92
10.39 m becomes 10.87
Now, convert the following measurement: 36.2 m",37.86,unit_conversion
39c237c7,"In Alice's Wonderland, a secret set of transformation rules is applied to equations. Below are a few examples:
)\*// = ])`\
/{+'{ = /{'{
]&+/` = ]&/`
Now, determine the result for: {]+``",{]``,equation_transform
b037cf33,"In Alice's Wonderland, the gravitational constant has been secretly changed. Here are some example observations:
For t = 4.22s, distance = 85.0 m
For t = 4.5s, distance = 96.65 m
For t = 2.31s, distance = 25.47 m
For t = 1.68s, distance = 13.47 m
For t = 4.34s, distance = 89.9 m
Now, determine the falling distance for t = 3.65s given d = 0.5*g*t^2.",63.59,gravity_constant
963e85bb,"In Alice's Wonderland, a secret set of transformation rules is applied to equations. Below are a few examples:
70@44 = 3081
93$33 = 126
94@73 = 6863
43@37 = 1592
Now, determine the result for: 52$24",76,equation_transform
556fddce,"In Alice's Wonderland, numbers are secretly converted into a different numeral system. Some examples are given below:
79 -> LXXIX
91 -> XCI
40 -> XL
89 -> LXXXIX
Now, write the number 56 in the Wonderland numeral system.",LVI,numeral_system
a98d4d53,"In Alice's Wonderland, a secret set of transformation rules is applied to equations. Below are a few examples:
||*[/ = #[|
:)-)$ = -[/
$$+[) = $$[)
Now, determine the result for: !$-$[",-),equation_transform
458b8092,"In Alice's Wonderland, a secret unit conversion is applied to measurements. For example:
22.23 m becomes 32.25
22.86 m becomes 33.16
45.86 m becomes 66.52
37.61 m becomes 54.56
42.96 m becomes 62.32
Now, convert the following measurement: 42.73 m",61.98,unit_conversion
0e70c867,"In Alice's Wonderland, a secret bit manipulation rule transforms 8-bit binary numbers. The transformation involves operations like bit shifts, rotations, XOR, AND, OR, NOT, and possibly majority or choice functions.

Here are some examples of input -> output:
01010011 -> 00000000
00111100 -> 11000000
00001100 -> 00000000
10110101 -> 01010100
00111101 -> 11010000
00111110 -> 11100000
11101001 -> 10000111

Now, determine the output for: 10010110",01000000,bit_manipulation
fd3920e2,"In Alice's Wonderland, secret encryption rules are used on text. Here are some examples:
zrd aouzdftegu btpsfq qfsbu -> the mysterious wizard draws
ctfq qfdsau zrd mgftegu ceew -> bird dreams the curious book
ctfq dklyefdu asl -> bird explores map
Now, decrypt the following text: rszzdf bszmrdu tj tuysjq",hatter watches in island,text_encryption
b003a657,"In Alice's Wonderland, numbers are secretly converted into a different numeral system. Some examples are given below:
48 -> XLVIII
26 -> XXVI
2 -> II
Now, write the number 5 in the Wonderland numeral system.",V,numeral_system
d7f56a8c,"In Alice's Wonderland, secret encryption rules are used on text. Here are some examples:
pummtr fnwqh mpt ctortm btj -> hatter found the secret key
mpt uqoitqm kigurh ivuaiqtc -> the ancient wizard imagines
oum hrtuvc mpt uqoitqm ynnb -> cat dreams the ancient book
Now, decrypt the following text: biqa fnwqh uynlt oucmst",king found above castle,text_encryption
330dc435,"In Alice's Wonderland, numbers are secretly converted into a different numeral system. Some examples are given below:
59 -> LIX
11 -> XI
68 -> LXVIII
69 -> LXIX
Now, write the number 18 in the Wonderland numeral system.",XVIII,numeral_system
ad3558db,"In Alice's Wonderland, secret encryption rules are used on text. Here are some examples:
tnccxp ijwvr ctpjwyt ijpxac -> hatter found through forest
fnc axxa owbblx -> cat sees puzzle
zvhytc uncftxa fnaclx -> knight watches castle
Now, decrypt the following text: ctx nvfhxvc zhvy uphcxa",the ancient king writes,text_encryption
59733f94,"In Alice's Wonderland, a secret set of transformation rules is applied to equations. Below are a few examples:
>#*{^ = {?#$
[?-^# = -#[
:>-/$ = -}>
[>*#[ = #$/
$[-#^ = ->#
Now, determine the result for: $/->/",/,equation_transform
b1bc3731,"In Alice's Wonderland, a secret set of transformation rules is applied to equations. Below are a few examples:
47""22 = 25
65)12 = 67
02""87 = ""85
Now, determine the result for: 07""43",63,equation_transform
faf4865b,"In Alice's Wonderland, numbers are secretly converted into a different numeral system. Some examples are given below:
7 -> VII
21 -> XXI
21 -> XXI
Now, write the number 67 in the Wonderland numeral system.",LXVII,numeral_system
54b895c1,"In Alice's Wonderland, a secret bit manipulation rule transforms 8-bit binary numbers. The transformation involves operations like bit shifts, rotations, XOR, AND, OR, NOT, and possibly majority or choice functions.

Here are some examples of input -> output:
11011011 -> 00110110
10011101 -> 01111111
11000001 -> 11111000
00101011 -> 11101011
10100101 -> 00111001
01111011 -> 10111110
01111001 -> 10011110
00010001 -> 10101111

Now, determine the output for: 00000101",10111011,bit_manipulation
ed24e7af,"In Alice's Wonderland, a secret bit manipulation rule transforms 8-bit binary numbers. The transformation involves operations like bit shifts, rotations, XOR, AND, OR, NOT, and possibly majority or choice functions.

Here are some examples of input -> output:
10111000 -> 00010111
00010110 -> 00000010
10011011 -> 10010011
11001111 -> 10011001
11010010 -> 00011010
11011111 -> 10011011
01001011 -> 10001001
00001001 -> 10000001
11111001 -> 10011111
10010111 -> 10010010

Now, determine the output for: 01001010",00001001,bit_manipulation
40d98aca,"In Alice's Wonderland, secret encryption rules are used on text. Here are some examples:
kbinau qotkrpq oyp ctbratq dpqqinp -> dragon studies the curious message
lrun krqcagpbq qoabe -> king discovers story
opicypb qppq ibatuk oaspb -> teacher sees around tower
xbrucpqq mazzasq oyp ctbratq qoabe -> princess follows the curious story
oyp qobiunp kbinau siocypq -> the strange dragon watches
Now, decrypt the following text: bivvro matuk oyp qobiunp qpcbpo",rabbit found the strange secret,text_encryption
254f9885,"In Alice's Wonderland, secret encryption rules are used on text. Here are some examples:
fummbk xknmbt mfb huenzuo yavvob -> hatter writes the magical puzzle
yknqzbtt blyockbt qbuk ntouqj -> princess explores near island
yknqzbtt tbbt mfb zakncat yavvob -> princess sees the curious puzzle
gnkj dcaqj mkbutakb -> bird found treasure
makmob kbujt ugcrb ruoobw -> turtle reads above valley
Now, decrypt the following text: mfb tbzkbm mbuzfbk tbbt",the secret teacher sees,text_encryption
ac3ab4d3,"In Alice's Wonderland, secret encryption rules are used on text. Here are some examples:
uszc msxyfkdvx qvfpzm tfbdv -> king discovers around tower
ifpxd bqtyadx eprrhd -> mouse watches puzzle
tdqyadv xtpmsdx tad yfhfvoph iqe -> teacher studies the colorful map
Now, decrypt the following text: vqwwst xddx tad xtvqzcd tvdqxpvd",rabbit sees the strange treasure,text_encryption
9d28a7ca,"In Alice's Wonderland, secret encryption rules are used on text. Here are some examples:
ulz ciquzhsadq fhsnmzqq qudrszq -> the mysterious princess studies
qudrznu rsqmaezhq mhiqugb -> student discovers crystal
udhubz vadnr xzi -> turtle found key
udhubz rhzgcq fausan -> turtle dreams potion
Now, decrypt the following text: uzgmlzh qudrszq cgf",teacher studies map,text_encryption
487f62c4,"In Alice's Wonderland, the gravitational constant has been secretly changed. Here are some example observations:
For t = 3.91s, distance = 100.01 m
For t = 4.56s, distance = 136.02 m
For t = 1.35s, distance = 11.92 m
For t = 4.66s, distance = 142.05 m
Now, determine the falling distance for t = 3.87s given d = 0.5*g*t^2.",97.97,gravity_constant
3cd80c64,"In Alice's Wonderland, a secret bit manipulation rule transforms 8-bit binary numbers. The transformation involves operations like bit shifts, rotations, XOR, AND, OR, NOT, and possibly majority or choice functions.

Here are some examples of input -> output:
00011101 -> 00001110
00100101 -> 00010010
11111111 -> 01111111
00100000 -> 00010000
00001011 -> 00000101
00000100 -> 00000010
10110101 -> 01011010

Now, determine the output for: 11001000",01100100,bit_manipulation
a1523a63,"In Alice's Wonderland, a secret set of transformation rules is applied to equations. Below are a few examples:
77(78 = 01
03%18 = 011
05%08 = 921
Now, determine the result for: 66%31",87,equation_transform
4ecacf23,"In Alice's Wonderland, a secret unit conversion is applied to measurements. For example:
15.47 m becomes 11.23
28.21 m becomes 20.49
32.91 m becomes 23.90
36.52 m becomes 26.52
Now, convert the following measurement: 32.79 m",23.81,unit_conversion
6bbfc336,"In Alice's Wonderland, secret encryption rules are used on text. Here are some examples:
hyem urntqag nqa qykkae lfcagn -> king watches the hidden forest
oyck ydrmyeag daggrma -> bird imagines message
dfiga kygtfwacg mrckae -> mouse discovers garden
trn tcarnag dyccfc -> cat creates mirror
kcrmfe kygtfwacg nqa drmytrs haj -> dragon discovers the magical key
Now, decrypt the following text: nqa gyswac pcyetagg tqrgag",the silver princess chases,text_encryption
f2b23d11,"In Alice's Wonderland, a secret bit manipulation rule transforms 8-bit binary numbers. The transformation involves operations like bit shifts, rotations, XOR, AND, OR, NOT, and possibly majority or choice functions.

Here are some examples of input -> output:
10111010 -> 01000000
10010101 -> 10100000
01011000 -> 00000000
11000111 -> 00100000
10001110 -> 01000000
11110000 -> 00000000
01100101 -> 00100000
00011011 -> 01000000

Now, determine the output for: 01111100",10000000,bit_manipulation
560b2396,"In Alice's Wonderland, the gravitational constant has been secretly changed. Here are some example observations:
For t = 2.62s, distance = 19.32 m
For t = 4.05s, distance = 46.17 m
For t = 4.01s, distance = 45.26 m
For t = 4.03s, distance = 45.71 m
Now, determine the falling distance for t = 4.95s given d = 0.5*g*t^2.",68.97,gravity_constant
5cbe919f,"In Alice's Wonderland, a secret bit manipulation rule transforms 8-bit binary numbers. The transformation involves operations like bit shifts, rotations, XOR, AND, OR, NOT, and possibly majority or choice functions.

Here are some examples of input -> output:
10110110 -> 00001001
01101111 -> 00000010
10111111 -> 00001011
00001000 -> 00000000
00111010 -> 00000010
11001011 -> 00000000
01000111 -> 00000000

Now, determine the output for: 10011001",00000000,bit_manipulation
3383d4ec,"In Alice's Wonderland, a secret set of transformation rules is applied to equations. Below are a few examples:
88-12 = 76
32+44 = 4432
32+72 = 7232
Now, determine the result for: 39-72",66,equation_transform
cacc0b56,"In Alice's Wonderland, the gravitational constant has been secretly changed. Here are some example observations:
For t = 1.29s, distance = 4.31 m
For t = 4.77s, distance = 58.97 m
For t = 4.12s, distance = 43.99 m
Now, determine the falling distance for t = 4.3s given d = 0.5*g*t^2.",47.92,gravity_constant
ab3352fa,"In Alice's Wonderland, secret encryption rules are used on text. Here are some examples:
uln smqhnt ymfptc snns -> the silver wizard sees
uln cptg xtmbjnss ytmuns -> the dark princess writes
dwnnb ytmuns bnpt ueynt -> queen writes near tower
tpzzmu jtnpuns gnk -> rabbit creates key
Now, decrypt the following text: dwnnb jlpsns uln ymsn gnk",queen chases the wise key,text_encryption
0af037a5,"In Alice's Wonderland, secret encryption rules are used on text. Here are some examples:
htnjmz bineve fiv iahhvz hmmt -> dragon chases the hidden door
fiv hnts wmdev awnjazve -> the dark mouse imagines
htnjmz bineve fitmdji kmzhvtpnzh -> dragon chases through wonderland
gtazbvee efdhave ntmdzh aepnzh -> princess studies around island
kaxnth cmppmke fiv bpvuvt gdxxpv -> wizard follows the clever puzzle
Now, decrypt the following text: efdhvzf efdhave zvnt unppvy",student studies near valley,text_encryption
91adf788,"In Alice's Wonderland, numbers are secretly converted into a different numeral system. Some examples are given below:
44 -> XLIV
69 -> LXIX
56 -> LVI
20 -> XX
Now, write the number 93 in the Wonderland numeral system.",XCIII,numeral_system
71fc0560,"In Alice's Wonderland, the gravitational constant has been secretly changed. Here are some example observations:
For t = 2.27s, distance = 26.23 m
For t = 1.46s, distance = 10.85 m
For t = 2.34s, distance = 27.87 m
Now, determine the falling distance for t = 3.58s given d = 0.5*g*t^2.",65.24,gravity_constant
ff937315,"In Alice's Wonderland, secret encryption rules are used on text. Here are some examples:
vmlvgc qtjncn vtc qgcdcl kzzl -> turtle chases the clever door
vtc ncqlcv wrlk qtjncn -> the secret bird chases
vtc qgcdcl erfb xzggzin -> the clever king follows
tjvvcl cougzlcn hrllzl -> hatter explores mirror
efrbtv ilrvcn vtc qmlrzmn hju -> knight writes the curious map
Now, decrypt the following text: vmlvgc lcjkn uzvrzf",turtle reads potion,text_encryption
8ee54e57,"In Alice's Wonderland, the gravitational constant has been secretly changed. Here are some example observations:
For t = 2.33s, distance = 24.84 m
For t = 3.56s, distance = 58.0 m
For t = 1.34s, distance = 8.22 m
For t = 2.58s, distance = 30.46 m
Now, determine the falling distance for t = 3.2s given d = 0.5*g*t^2.",46.86,gravity_constant
48266347,"In Alice's Wonderland, a secret unit conversion is applied to measurements. For example:
23.07 m becomes 43.11
12.63 m becomes 23.60
44.6 m becomes 83.35
10.28 m becomes 19.21
43.39 m becomes 81.09
Now, convert the following measurement: 42.9 m",80.17,unit_conversion
9dae880f,"In Alice's Wonderland, a secret set of transformation rules is applied to equations. Below are a few examples:
:'""`# = <""
[:>\[ = \)#
`#""$| = [)
:\}[# = <)[
#:>#` = #)::
Now, determine the result for: :<}`\",))[,equation_transform
b43d9cd5,"In Alice's Wonderland, a secret bit manipulation rule transforms 8-bit binary numbers. The transformation involves operations like bit shifts, rotations, XOR, AND, OR, NOT, and possibly majority or choice functions.

Here are some examples of input -> output:
01010000 -> 01000001
10000000 -> 00000010
10011010 -> 01101010
11010100 -> 01010011
01101110 -> 10111001
11110100 -> 11010011
11100000 -> 10000011

Now, determine the output for: 00111001",11100100,bit_manipulation
3a02997b,"In Alice's Wonderland, a secret unit conversion is applied to measurements. For example:
38.58 m becomes 35.43
5.49 m becomes 5.04
6.35 m becomes 5.83
45.51 m becomes 41.79
Now, convert the following measurement: 28.52 m",26.19,unit_conversion
46a8a0fc,"In Alice's Wonderland, the gravitational constant has been secretly changed. Here are some example observations:
For t = 2.93s, distance = 41.96 m
For t = 2.57s, distance = 32.28 m
For t = 1.28s, distance = 8.01 m
For t = 2.48s, distance = 30.06 m
For t = 2.2s, distance = 23.66 m
Now, determine the falling distance for t = 2.85s given d = 0.5*g*t^2.",39.7,gravity_constant
aac9bfab,"In Alice's Wonderland, secret encryption rules are used on text. Here are some examples:
alt pnbuy tze aningpbi ynng -> cat found the colorful door
rnbwe mrlxmuew tzgnbxz waznni -> mouse imagines through school
hbeeu ygelrw ynng -> queen dreams door
dmclgy ygelrw kbccie -> wizard dreams puzzle
Now, decrypt the following text: tze fgmxzt wtbyeut gelyw",the bright student reads,text_encryption
5c7d8aed,"In Alice's Wonderland, the gravitational constant has been secretly changed. Here are some example observations:
For t = 2.88s, distance = 65.07 m
For t = 3.9s, distance = 119.32 m
For t = 4.07s, distance = 129.94 m
For t = 1.18s, distance = 10.92 m
For t = 1.91s, distance = 28.62 m
Now, determine the falling distance for t = 1.95s given d = 0.5*g*t^2.",29.83,gravity_constant
cf821623,"In Alice's Wonderland, secret encryption rules are used on text. Here are some examples:
wfs wjfvzv bh yfgtzh -> cat chases in garden
jfsszg vsptbzv fndlz mbngfgx -> hatter studies above library
wfs wjfvzv sjgdpyj kdhtzgmfht -> cat chases through wonderland
sjz fhwbzhs ahbyjs ziemdgzv -> the ancient knight explores
Now, decrypt the following text: spgsmz kgbszv tddg",turtle writes door,text_encryption
64890e18,"In Alice's Wonderland, a secret bit manipulation rule transforms 8-bit binary numbers. The transformation involves operations like bit shifts, rotations, XOR, AND, OR, NOT, and possibly majority or choice functions.

Here are some examples of input -> output:
10010100 -> 01011001
11100100 -> 10011110
11110101 -> 11011011
11001010 -> 00100100
00011000 -> 01100001
10011100 -> 01111001
01011010 -> 01101101
11111111 -> 11110011

Now, determine the output for: 00000011",00001100,bit_manipulation
e20b6ce3,"In Alice's Wonderland, numbers are secretly converted into a different numeral system. Some examples are given below:
86 -> LXXXVI
92 -> XCII
15 -> XV
Now, write the number 100 in the Wonderland numeral system.",C,numeral_system
d6187157,"In Alice's Wonderland, a secret bit manipulation rule transforms 8-bit binary numbers. The transformation involves operations like bit shifts, rotations, XOR, AND, OR, NOT, and possibly majority or choice functions.

Here are some examples of input -> output:
10101001 -> 01001010
01001011 -> 00010100
01100111 -> 00001110
11100110 -> 00001100
01010100 -> 10100000
01110100 -> 10100000
01010110 -> 10100100

Now, determine the output for: 11101100",01001000,bit_manipulation
a57bcd23,"In Alice's Wonderland, numbers are secretly converted into a different numeral system. Some examples are given below:
37 -> XXXVII
34 -> XXXIV
24 -> XXIV
11 -> XI
Now, write the number 57 in the Wonderland numeral system.",LVII,numeral_system
6f6a3ae0,"In Alice's Wonderland, a secret unit conversion is applied to measurements. For example:
35.64 m becomes 24.21
24.68 m becomes 16.76
43.47 m becomes 29.53
Now, convert the following measurement: 14.76 m",10.03,unit_conversion
905184e7,"In Alice's Wonderland, secret encryption rules are used on text. Here are some examples:
lhxbto scrnwtse hpehos jhnnbys -> wizard explores inside village
tbvvhz hkbyhpse qsa -> rabbit imagines key
bnhus lbzudse hpehos ybtosp -> alice watches inside garden
tbvvhz ezmohse hp jhnnbys -> rabbit studies in village
tbvvhz lbzudse zds unsjst kbr -> rabbit watches the clever map
Now, decrypt the following text: otbywp tsboe kseebys",dragon reads message,text_encryption
de91def4,"In Alice's Wonderland, a secret bit manipulation rule transforms 8-bit binary numbers. The transformation involves operations like bit shifts, rotations, XOR, AND, OR, NOT, and possibly majority or choice functions.

Here are some examples of input -> output:
00011110 -> 00000000
01101110 -> 00000011
11111100 -> 00000111
11110101 -> 10000111
00110110 -> 00000001
10101011 -> 10000101
00110101 -> 10000001
10001101 -> 10000100

Now, determine the output for: 11101001",10000111,bit_manipulation
a642a3a1,"In Alice's Wonderland, secret encryption rules are used on text. Here are some examples:
ucdz zdnfhj tricrs -> bird dreams potion
bxnns jnnj txggqn -> queen sees puzzle
lcsy notqrdnj ian aczzns jirdm -> king explores the hidden story
zdfyrs vdcinj ian exdcrxj efjiqn -> dragon writes the curious castle
Now, decrypt the following text: ian udcyai afiind zdfvj",the bright hatter draws,text_encryption
2af7134e,"In Alice's Wonderland, a secret set of transformation rules is applied to equations. Below are a few examples:
13+14 = 1
92+33 = 59
95}54 = 9554
56+21 = 35
Now, determine the result for: 61+41",20,equation_transform
fc7d8708,"In Alice's Wonderland, secret encryption rules are used on text. Here are some examples:
tumtbd qosxdx iueebd -> turtle chases puzzle
gkesmf xddx tod okffdp lsmfdp -> wizard sees the hidden garden
tod qhbhmjub msvvkt qmdstdx -> the colorful rabbit creates
Now, decrypt the following text: tod zrxtdmkhux zhuxd qmdstdx",the mysterious mouse creates,text_encryption
ae6be599,"In Alice's Wonderland, a secret set of transformation rules is applied to equations. Below are a few examples:
$|*?] = $|?]
$$+|# = %%]
%#-""\ = -%%
Now, determine the result for: $?+]$",#`,equation_transform
b26d8818,"In Alice's Wonderland, a secret set of transformation rules is applied to equations. Below are a few examples:
23]23 = 528
23]21 = 482
21]31 = 650
Now, determine the result for: 68]88",5983,equation_transform
621a9353,"In Alice's Wonderland, secret encryption rules are used on text. Here are some examples:
rvaaxj lkhby uvc -> hatter found map
arx uvwitvm dahyxba dahyixd -> the magical student studies
sbiwra dahyixd uxddvwx -> knight studies message
Now, decrypt the following text: axvtrxj iuvwibxd arx dxtjxa dxtjxa",teacher imagines the secret secret,text_encryption
882153ed,"In Alice's Wonderland, a secret unit conversion is applied to measurements. For example:
39.19 m becomes 25.71
32.29 m becomes 21.19
32.82 m becomes 21.54
Now, convert the following measurement: 39.06 m",25.63,unit_conversion
8494aad3,"In Alice's Wonderland, a secret set of transformation rules is applied to equations. Below are a few examples:
""<*""# = ))^&
""!+@! = ""!@!
""^+&"" = ""^&""
#@*## = """")`
Now, determine the result for: ])*<""","""`#&",equation_transform
898e4973,"In Alice's Wonderland, numbers are secretly converted into a different numeral system. Some examples are given below:
11 -> XI
77 -> LXXVII
78 -> LXXVIII
67 -> LXVII
54 -> LIV
Now, write the number 28 in the Wonderland numeral system.",XXVIII,numeral_system
8df3daad,"In Alice's Wonderland, a secret set of transformation rules is applied to equations. Below are a few examples:
73@78 = 7378
60+19 = 6019
69+97 = 6997
Now, determine the result for: 45|11",34,equation_transform
4f06eee8,"In Alice's Wonderland, a secret unit conversion is applied to measurements. For example:
19.76 m becomes 25.48
46.03 m becomes 59.36
20.95 m becomes 27.02
Now, convert the following measurement: 31.28 m",40.34,unit_conversion
bab19053,"In Alice's Wonderland, the gravitational constant has been secretly changed. Here are some example observations:
For t = 1.88s, distance = 19.55 m
For t = 1.58s, distance = 13.81 m
For t = 1.39s, distance = 10.69 m
Now, determine the falling distance for t = 2.71s given d = 0.5*g*t^2.",40.61,gravity_constant
9a9f5fef,"In Alice's Wonderland, secret encryption rules are used on text. Here are some examples:
vty xtyvqpd yqp dyutjmp yuptdhup -> cat watches the strange treasure
yptvqpu dppd jptu dvqooc -> teacher sees near school
yqp tjvnpjy qtyypu vuptypd -> the ancient hatter creates
Now, decrypt the following text: xnetuw dppd yqp mocwpj spi",wizard sees the golden key,text_encryption
a25f86f4,"In Alice's Wonderland, numbers are secretly converted into a different numeral system. Some examples are given below:
52 -> LII
99 -> XCIX
61 -> LXI
45 -> XLV
2 -> II
Now, write the number 84 in the Wonderland numeral system.",LXXXIV,numeral_system
589f4e37,"In Alice's Wonderland, a secret unit conversion is applied to measurements. For example:
20.5 m becomes 36.01
23.18 m becomes 40.72
27.15 m becomes 47.69
11.45 m becomes 20.11
20.95 m becomes 36.80
Now, convert the following measurement: 12.07 m",21.20,unit_conversion
8be3f8e3,"In Alice's Wonderland, numbers are secretly converted into a different numeral system. Some examples are given below:
68 -> LXVIII
86 -> LXXXVI
45 -> XLV
79 -> LXXIX
Now, write the number 18 in the Wonderland numeral system.",XVIII,numeral_system
791056ce,"In Alice's Wonderland, a secret set of transformation rules is applied to equations. Below are a few examples:
15)47 = 521
06{81 = 9701
46*29 = *82
96*02 = 94
57)31 = 88
Now, determine the result for: 58{72",4922,equation_transform
eff63b8c,"In Alice's Wonderland, a secret unit conversion is applied to measurements. For example:
16.59 m becomes 18.25
33.33 m becomes 36.66
20.71 m becomes 22.78
Now, convert the following measurement: 16.32 m",17.95,unit_conversion
ee891900,"In Alice's Wonderland, a secret unit conversion is applied to measurements. For example:
11.59 m becomes 9.38
44.78 m becomes 36.22
41.19 m becomes 33.32
14.39 m becomes 11.64
Now, convert the following measurement: 13.38 m",10.82,unit_conversion
29e458d6,"In Alice's Wonderland, a secret bit manipulation rule transforms 8-bit binary numbers. The transformation involves operations like bit shifts, rotations, XOR, AND, OR, NOT, and possibly majority or choice functions.

Here are some examples of input -> output:
10110101 -> 10010000
01110101 -> 00010000
10001100 -> 01000110
11000010 -> 01100001
01001011 -> 00100001
10100111 -> 10010001
00011010 -> 00001001
10010101 -> 11000000
00111001 -> 10001100

Now, determine the output for: 00100100",00010010,bit_manipulation
3c12aeb9,"In Alice's Wonderland, a secret set of transformation rules is applied to equations. Below are a few examples:
68|06 = 62
12$29 = 311
29$51 = 701
98|25 = 73
27$85 = 031
Now, determine the result for: 27$15",321,equation_transform
8ffacd86,"In Alice's Wonderland, the gravitational constant has been secretly changed. Here are some example observations:
For t = 3.48s, distance = 54.87 m
For t = 1.98s, distance = 17.76 m
For t = 1.48s, distance = 9.93 m
For t = 3.74s, distance = 63.38 m
Now, determine the falling distance for t = 3.94s given d = 0.5*g*t^2.",70.34,gravity_constant
9372da3d,"In Alice's Wonderland, secret encryption rules are used on text. Here are some examples:
tmvsjqm sefrt mgj gzssjq yzeeue -> student draws the hidden mirror
mgj yltmjezuvt rznfes ejfst -> the mysterious wizard reads
ozqx rezmjt vqsje twguub -> king writes under school
Now, decrypt the following text: oqzxgm rfmwgjt mgj wubueavb wftmbj",knight watches the colorful castle,text_encryption
69aa57b3,"In Alice's Wonderland, a secret set of transformation rules is applied to equations. Below are a few examples:
65+83 = 8365
62-23 = -6
69*72 = 2952
Now, determine the result for: 72+44",4472,equation_transform
7ee39525,"In Alice's Wonderland, the gravitational constant has been secretly changed. Here are some example observations:
For t = 4.82s, distance = 178.73 m
For t = 4.99s, distance = 191.56 m
For t = 4.06s, distance = 126.81 m
Now, determine the falling distance for t = 4.35s given d = 0.5*g*t^2.",145.57,gravity_constant
e3890bf7,"In Alice's Wonderland, a secret set of transformation rules is applied to equations. Below are a few examples:
(^}#% = @$(
?^*#? = ^@#^
{(}&? = &{(
Now, determine the result for: (^*{@",{@%],equation_transform
5164f026,"In Alice's Wonderland, secret encryption rules are used on text. Here are some examples:
nwbem hmije smih qlrrivm -> mouse reads near village
irltm fwbsj ihwbsj lerisj -> alice found around island
aslvcx emme jwwh -> knight sees door
xcm glem ybmms jhige -> the wise queen draws
xcm istlmsx plhj ghlxme -> the ancient bird writes
Now, decrypt the following text: xmitcmh tcieme xcm nuexmhlwbe xhmiebhm",teacher chases the mysterious treasure,text_encryption
d204b9cc,"In Alice's Wonderland, a secret set of transformation rules is applied to equations. Below are a few examples:
69%51 = 18
11*77 = 648
81*94 = 188
22*12 = 164
49)04 = 431
Now, determine the result for: 75)57",231,equation_transform
7a79ac09,"In Alice's Wonderland, a secret bit manipulation rule transforms 8-bit binary numbers. The transformation involves operations like bit shifts, rotations, XOR, AND, OR, NOT, and possibly majority or choice functions.

Here are some examples of input -> output:
10000011 -> 01011101
01001011 -> 01111111
00000010 -> 00010001
10110011 -> 11011101
00100001 -> 00011001
11111011 -> 11111111
11100111 -> 01111111
10100000 -> 01010101

Now, determine the output for: 01011011",11111111,bit_manipulation
d29e19a4,"In Alice's Wonderland, a secret set of transformation rules is applied to equations. Below are a few examples:
>&]?\ = ]&:
?}$|? = #}:
&}$>} = ?\
|\+?| = |^#|
Now, determine the result for: |'$>'",?|,equation_transform
36c93216,"In Alice's Wonderland, numbers are secretly converted into a different numeral system. Some examples are given below:
37 -> XXXVII
17 -> XVII
39 -> XXXIX
Now, write the number 77 in the Wonderland numeral system.",LXXVII,numeral_system
bf7c64dd,"In Alice's Wonderland, numbers are secretly converted into a different numeral system. Some examples are given below:
15 -> XV
55 -> LV
2 -> II
31 -> XXXI
Now, write the number 40 in the Wonderland numeral system.",XL,numeral_system
215050ec,"In Alice's Wonderland, numbers are secretly converted into a different numeral system. Some examples are given below:
43 -> XLIII
28 -> XXVIII
84 -> LXXXIV
44 -> XLIV
30 -> XXX
Now, write the number 54 in the Wonderland numeral system.",LIV,numeral_system
480997bb,"In Alice's Wonderland, a secret unit conversion is applied to measurements. For example:
31.58 m becomes 46.42
11.2 m becomes 16.46
39.68 m becomes 58.33
Now, convert the following measurement: 49.23 m",72.37,unit_conversion
531f3777,"In Alice's Wonderland, a secret unit conversion is applied to measurements. For example:
47.65 m becomes 59.69
14.48 m becomes 18.14
7.53 m becomes 9.43
31.37 m becomes 39.30
Now, convert the following measurement: 7.08 m",8.87,unit_conversion
812ebe7e,"In Alice's Wonderland, a secret unit conversion is applied to measurements. For example:
21.73 m becomes 12.84
21.69 m becomes 12.81
33.37 m becomes 19.71
17.06 m becomes 10.08
14.34 m becomes 8.47
Now, convert the following measurement: 12.05 m",7.12,unit_conversion
b06625c4,"In Alice's Wonderland, a secret set of transformation rules is applied to equations. Below are a few examples:
""""*$"" = <&#
$]-<# = $<
&&+^) = ]&
/&-^$ = $$
Now, determine the result for: ""$*$]",^&/,equation_transform
91059046,"In Alice's Wonderland, a secret unit conversion is applied to measurements. For example:
10.13 m becomes 12.07
39.14 m becomes 46.63
31.04 m becomes 36.98
11.87 m becomes 14.14
Now, convert the following measurement: 36.81 m",43.86,unit_conversion
9d6d8b52,"In Alice's Wonderland, numbers are secretly converted into a different numeral system. Some examples are given below:
7 -> VII
8 -> VIII
29 -> XXIX
Now, write the number 63 in the Wonderland numeral system.",LXIII,numeral_system
84030b0b,"In Alice's Wonderland, a secret set of transformation rules is applied to equations. Below are a few examples:
86)76 = 1
02""54 = 009
14""39 = 3183
84)76 = )91
55)21 = 34
Now, determine the result for: 36)12",24,equation_transform
3a67aa26,"In Alice's Wonderland, a secret bit manipulation rule transforms 8-bit binary numbers. The transformation involves operations like bit shifts, rotations, XOR, AND, OR, NOT, and possibly majority or choice functions.

Here are some examples of input -> output:
01101110 -> 01011011
11011110 -> 00110111
11001000 -> 10111011
10011001 -> 01110111
10100000 -> 10101111
01111011 -> 10011110
01001110 -> 01011011
00001111 -> 10111011
11101011 -> 11111010
11110010 -> 00111110

Now, determine the output for: 10111010",00101110,bit_manipulation
e2896720,"In Alice's Wonderland, secret encryption rules are used on text. Here are some examples:
xdj okko jtk rdgixdp xdojpk -> cat sees the magical castle
dpixk kfspbcko wkdc xdvk -> alice explores near cave
jtk tizzkw amkkw ubppbeo -> the hidden queen follows
nicz ckdzo jtk rqojkcibmo riccbc -> bird reads the mysterious mirror
Now, decrypt the following text: cdnnij zioxbvkco riccbc",rabbit discovers mirror,text_encryption
710cf035,"In Alice's Wonderland, a secret bit manipulation rule transforms 8-bit binary numbers. The transformation involves operations like bit shifts, rotations, XOR, AND, OR, NOT, and possibly majority or choice functions.

Here are some examples of input -> output:
00000110 -> 00001100
11111111 -> 11111101
01000110 -> 10001101
00000011 -> 00000110
00011000 -> 00110000
11110000 -> 11100011
00100000 -> 01000000
10101000 -> 01010010
11101001 -> 11010001
01101010 -> 11010101

Now, determine the output for: 11000000",10000011,bit_manipulation
3aef986b,"In Alice's Wonderland, a secret unit conversion is applied to measurements. For example:
22.43 m becomes 39.83
23.42 m becomes 41.59
48.24 m becomes 85.66
Now, convert the following measurement: 38.6 m",68.55,unit_conversion
52be4988,"In Alice's Wonderland, a secret set of transformation rules is applied to equations. Below are a few examples:
[&+/` = '!
<\-<\ = \
`|-'' = -<|
/&*?\ = &/|
//-?? = -``
Now, determine the result for: &&+&`",'!,equation_transform
63316c38,"In Alice's Wonderland, the gravitational constant has been secretly changed. Here are some example observations:
For t = 1.91s, distance = 25.59 m
For t = 3.63s, distance = 92.43 m
For t = 4.65s, distance = 151.68 m
For t = 2.98s, distance = 62.3 m
For t = 4.08s, distance = 116.77 m
Now, determine the falling distance for t = 4.9s given d = 0.5*g*t^2.",168.43,gravity_constant
d3daee34,"In Alice's Wonderland, a secret unit conversion is applied to measurements. For example:
5.94 m becomes 3.14
14.65 m becomes 7.75
16.14 m becomes 8.54
16.09 m becomes 8.51
45.81 m becomes 24.23
Now, convert the following measurement: 5.18 m",2.74,unit_conversion
27e7a8dc,"In Alice's Wonderland, numbers are secretly converted into a different numeral system. Some examples are given below:
18 -> XVIII
96 -> XCVI
99 -> XCIX
Now, write the number 10 in the Wonderland numeral system.",X,numeral_system
27bd81c8,"In Alice's Wonderland, numbers are secretly converted into a different numeral system. Some examples are given below:
20 -> XX
5 -> V
21 -> XXI
78 -> LXXVIII
Now, write the number 79 in the Wonderland numeral system.",LXXIX,numeral_system
b8722d19,"In Alice's Wonderland, a secret bit manipulation rule transforms 8-bit binary numbers. The transformation involves operations like bit shifts, rotations, XOR, AND, OR, NOT, and possibly majority or choice functions.

Here are some examples of input -> output:
00011101 -> 10001100
11101011 -> 01110111
10101100 -> 01010101
10100000 -> 00000101
00110101 -> 00111001
00011110 -> 10001000
10010010 -> 11011100

Now, determine the output for: 10000100",00100100,bit_manipulation
c7f785b6,"In Alice's Wonderland, a secret unit conversion is applied to measurements. For example:
14.51 m becomes 21.70
35.28 m becomes 52.77
15.91 m becomes 23.80
8.36 m becomes 12.51
23.2 m becomes 34.70
Now, convert the following measurement: 21.02 m",31.44,unit_conversion
65f356f9,"In Alice's Wonderland, a secret unit conversion is applied to measurements. For example:
19.82 m becomes 37.49
19.54 m becomes 36.96
16.73 m becomes 31.64
Now, convert the following measurement: 26.48 m",50.09,unit_conversion
5e502d98,"In Alice's Wonderland, a secret unit conversion is applied to measurements. For example:
8.4 m becomes 5.60
22.55 m becomes 15.05
41.21 m becomes 27.50
17.82 m becomes 11.89
Now, convert the following measurement: 12.46 m",8.31,unit_conversion
99d6a3b5,"In Alice's Wonderland, a secret set of transformation rules is applied to equations. Below are a few examples:
#[%[< = #{^<
[)%![ = !)?(
))%?? = [(`
)#%`? = {([<
Now, determine the result for: (<%))",?()<,equation_transform
2d3547af,"In Alice's Wonderland, a secret set of transformation rules is applied to equations. Below are a few examples:
#}`)$ = }\
$<(>/ = (^/
!}&#< = $)^}
>\`## = )$<
Now, determine the result for: \$&\\",))^),equation_transform
8c9fcc6b,"In Alice's Wonderland, a secret bit manipulation rule transforms 8-bit binary numbers. The transformation involves operations like bit shifts, rotations, XOR, AND, OR, NOT, and possibly majority or choice functions.

Here are some examples of input -> output:
11101000 -> 11101010
01010000 -> 10110100
10101110 -> 01110111
01011101 -> 10101101
01001010 -> 10000110
01010110 -> 10111001
01101001 -> 11001000
00010010 -> 00100000

Now, determine the output for: 11100111",11110111,bit_manipulation
10f1809a,"In Alice's Wonderland, secret encryption rules are used on text. Here are some examples:
ras brwegys nissg qerhasb -> the strange queen watches
cwdghsbb pvmmvqb cvrdvg -> princess follows potion
zgdyar pvigf kec -> knight found map
jdwf fweqb ras bshwsr ksbbeys -> bird draws the secret message
wejjdr fdbhvxswb rwsebiws -> rabbit discovers treasure
Now, decrypt the following text: her fweqb zst",cat draws key,text_encryption
d6b2525a,"In Alice's Wonderland, the gravitational constant has been secretly changed. Here are some example observations:
For t = 1.64s, distance = 7.76 m
For t = 2.91s, distance = 24.43 m
For t = 4.34s, distance = 54.35 m
Now, determine the falling distance for t = 4.7s given d = 0.5*g*t^2.",63.74,gravity_constant
28b0ff48,"In Alice's Wonderland, a secret set of transformation rules is applied to equations. Below are a few examples:
/'+|# = ""/
(?-(' = '
^""*'# = /]|(
Now, determine the result for: |^-^^",'],equation_transform
25bdf5be,"In Alice's Wonderland, secret encryption rules are used on text. Here are some examples:
squcxojj qovaj xvjtio -> princess reads castle
tovxzoq xzvjoj tzqlewz xvbo -> teacher chases through cave
viuxo aqovgj wvqaoc -> alice dreams garden
rcuwzt ugvwucoj vqleca mlcaoqivca -> knight imagines around wonderland
tovxzoq qovaj tzo avqr sltulc -> teacher reads the dark potion
Now, decrypt the following text: qvnnut pliilmj tzo avqr wvqaoc",rabbit follows the dark garden,text_encryption
a5047680,"In Alice's Wonderland, secret encryption rules are used on text. Here are some examples:
vqzxmj zynxzqwu jmw xkgfwq jiwnuoiw -> knight imagines the golden treasure
tnj uwwu nlkew ktwnq -> cat sees above ocean
rowwq aizjwu yziiki -> queen writes mirror
dizqtwuu fiwnyu jmw toizkou dossgw -> princess dreams the curious puzzle
Now, decrypt the following text: jmw ujinqxw inllzj tmnuwu",the strange rabbit chases,text_encryption
44c71228,"In Alice's Wonderland, the gravitational constant has been secretly changed. Here are some example observations:
For t = 2.04s, distance = 36.05 m
For t = 1.53s, distance = 20.28 m
For t = 1.61s, distance = 22.45 m
For t = 4.75s, distance = 195.45 m
For t = 4.17s, distance = 150.63 m
Now, determine the falling distance for t = 4.11s given d = 0.5*g*t^2.",146.33,gravity_constant
54a20616,"In Alice's Wonderland, the gravitational constant has been secretly changed. Here are some example observations:
For t = 1.93s, distance = 12.65 m
For t = 4.91s, distance = 81.87 m
For t = 1.52s, distance = 7.85 m
For t = 3.66s, distance = 45.49 m
Now, determine the falling distance for t = 1.15s given d = 0.5*g*t^2.",4.49,gravity_constant
861a8c1d,"In Alice's Wonderland, a secret unit conversion is applied to measurements. For example:
38.65 m becomes 76.08
5.9 m becomes 11.61
44.54 m becomes 87.67
41.78 m becomes 82.24
26.09 m becomes 51.36
Now, convert the following measurement: 41.98 m",82.63,unit_conversion
c2540e41,"In Alice's Wonderland, numbers are secretly converted into a different numeral system. Some examples are given below:
93 -> XCIII
28 -> XXVIII
63 -> LXIII
Now, write the number 69 in the Wonderland numeral system.",LXIX,numeral_system
3fa49035,"In Alice's Wonderland, a secret set of transformation rules is applied to equations. Below are a few examples:
73/78 = 150
96#58 = 38
88>60 = 5280
23/75 = 97
Now, determine the result for: 24>29",696,equation_transform
b0184ec1,"In Alice's Wonderland, a secret unit conversion is applied to measurements. For example:
37.81 m becomes 57.20
37.67 m becomes 56.99
7.44 m becomes 11.26
13.48 m becomes 20.39
Now, convert the following measurement: 40.7 m",61.57,unit_conversion
04732729,"In Alice's Wonderland, a secret unit conversion is applied to measurements. For example:
37.63 m becomes 39.64
13.77 m becomes 14.51
6.1 m becomes 6.43
27.56 m becomes 29.03
Now, convert the following measurement: 21.31 m",22.45,unit_conversion
a187872d,"In Alice's Wonderland, secret encryption rules are used on text. Here are some examples:
ctidz stmmtod czddnvz -> mouse follows message
bnxxru stifw czddnvz -> rabbit found message
nmrjz stmmtod ugz grwwzf jbedunm -> alice follows the hidden crystal
ugz jtmtbsim gnuuzb wbzncd -> the colorful hatter dreams
Now, decrypt the following text: qrfv bznwd ugz dubnfvz crbbtb",king reads the strange mirror,text_encryption
2fa5e04e,"In Alice's Wonderland, numbers are secretly converted into a different numeral system. Some examples are given below:
1 -> I
42 -> XLII
70 -> LXX
55 -> LV
87 -> LXXXVII
Now, write the number 25 in the Wonderland numeral system.",XXV,numeral_system
c38256ce,"In Alice's Wonderland, secret encryption rules are used on text. Here are some examples:
pissky niyhawb bwhpwy -> rabbit watches secret
yupyqw hpwiywb hptbyiq -> turtle creates crystal
hiy lpwixb kjbklw qkspipt -> cat dreams inside library
skpl bwwb jwip hifw -> bird sees near cave
Now, decrypt the following text: ruwwj lkbhgfwpb yaw akllwj ypwibupw",queen discovers the hidden treasure,text_encryption
61557701,"In Alice's Wonderland, a secret set of transformation rules is applied to equations. Below are a few examples:
((+|: = ::
$'+&| = ((&
'}+'& = ):
($-{| = -'""
Now, determine the result for: '{+{)",|&,equation_transform
92087c7c,"In Alice's Wonderland, secret encryption rules are used on text. Here are some examples:
ighhyb eghdiyt lxxq -> hatter watches book
wbsvdytt digtyt hiy axpjyv dbfthgp -> princess chases the golden crystal
gpsdy jbygct hiy thbgvay wxhsxv -> alice dreams the strange potion
Now, decrypt the following text: hiy cgasdgp bgllsh mxppxet",the magical rabbit follows,text_encryption
60332605,"In Alice's Wonderland, numbers are secretly converted into a different numeral system. Some examples are given below:
44 -> XLIV
79 -> LXXIX
64 -> LXIV
95 -> XCV
17 -> XVII
Now, write the number 35 in the Wonderland numeral system.",XXXV,numeral_system
bb8a739b,"In Alice's Wonderland, the gravitational constant has been secretly changed. Here are some example observations:
For t = 4.51s, distance = 122.02 m
For t = 1.68s, distance = 16.93 m
For t = 3.3s, distance = 65.33 m
For t = 4.5s, distance = 121.48 m
For t = 2.0s, distance = 24.0 m
Now, determine the falling distance for t = 3.21s given d = 0.5*g*t^2.",61.81,gravity_constant
85d800c7,"In Alice's Wonderland, numbers are secretly converted into a different numeral system. Some examples are given below:
33 -> XXXIII
16 -> XVI
87 -> LXXXVII
14 -> XIV
73 -> LXXIII
Now, write the number 31 in the Wonderland numeral system.",XXXI,numeral_system
8c0f9291,"In Alice's Wonderland, a secret bit manipulation rule transforms 8-bit binary numbers. The transformation involves operations like bit shifts, rotations, XOR, AND, OR, NOT, and possibly majority or choice functions.

Here are some examples of input -> output:
00000000 -> 11111111
00110101 -> 11000111
11011011 -> 11111101
01011000 -> 11001111
01011111 -> 10110101
00001101 -> 00110101
10011001 -> 01011101
01100011 -> 00001111
11100101 -> 01101111

Now, determine the output for: 11100011",00001111,bit_manipulation
d6e6f8b5,"In Alice's Wonderland, a secret bit manipulation rule transforms 8-bit binary numbers. The transformation involves operations like bit shifts, rotations, XOR, AND, OR, NOT, and possibly majority or choice functions.

Here are some examples of input -> output:
00101111 -> 11100000
10001011 -> 01100001
00101101 -> 10100000
00010010 -> 01000000
00010100 -> 10000000
10100001 -> 00100001
11101100 -> 10000001
10100111 -> 11100001
10001001 -> 00100001
00100101 -> 10100000

Now, determine the output for: 11100111",11100001,bit_manipulation
955d71c5,"In Alice's Wonderland, secret encryption rules are used on text. Here are some examples:
scd pymd cqssdi mddm -> the wise hatter sees
pykqil rxttxpm scd mytgdi lxxi -> wizard follows the silver door
scd pymd zoyecs lymvxgdim -> the wise knight discovers
Now, decrypt the following text: cqssdi lymvxgdim scd aiyecs lxxi",hatter discovers the bright door,text_encryption
3a90fdf6,"In Alice's Wonderland, a secret bit manipulation rule transforms 8-bit binary numbers. The transformation involves operations like bit shifts, rotations, XOR, AND, OR, NOT, and possibly majority or choice functions.

Here are some examples of input -> output:
00100011 -> 00000000
11111000 -> 00000000
01100010 -> 00000000
11011010 -> 01000000
00101000 -> 00000000
00001100 -> 00000000
01000111 -> 00000000
01001001 -> 00100000
11101001 -> 00100000

Now, determine the output for: 11111101",10100000,bit_manipulation
2def3dad,"In Alice's Wonderland, a secret unit conversion is applied to measurements. For example:
31.0 m becomes 32.43
23.0 m becomes 24.06
33.44 m becomes 34.99
43.26 m becomes 45.26
14.71 m becomes 15.39
Now, convert the following measurement: 6.57 m",6.87,unit_conversion
9b4ecc42,"In Alice's Wonderland, a secret unit conversion is applied to measurements. For example:
15.88 m becomes 18.68
10.29 m becomes 12.10
43.59 m becomes 51.27
38.17 m becomes 44.90
37.28 m becomes 43.85
Now, convert the following measurement: 14.49 m",17.04,unit_conversion
0bd41b01,"In Alice's Wonderland, numbers are secretly converted into a different numeral system. Some examples are given below:
43 -> XLIII
79 -> LXXIX
37 -> XXXVII
Now, write the number 85 in the Wonderland numeral system.",LXXXV,numeral_system
7bc77ef3,"In Alice's Wonderland, the gravitational constant has been secretly changed. Here are some example observations:
For t = 3.43s, distance = 75.58 m
For t = 1.94s, distance = 24.18 m
For t = 2.39s, distance = 36.7 m
Now, determine the falling distance for t = 4.72s given d = 0.5*g*t^2.",143.12,gravity_constant
56343b77,"In Alice's Wonderland, a secret set of transformation rules is applied to equations. Below are a few examples:
02+35 = 27
34-08 = -73
79*44 = 4479
05-21 = 83
43*73 = 7343
Now, determine the result for: 17+74",711,equation_transform
f639a4f1,"In Alice's Wonderland, a secret unit conversion is applied to measurements. For example:
28.41 m becomes 42.11
33.16 m becomes 49.15
48.39 m becomes 71.72
26.32 m becomes 39.01
Now, convert the following measurement: 42.3 m",62.70,unit_conversion
14570aeb,"In Alice's Wonderland, a secret unit conversion is applied to measurements. For example:
43.76 m becomes 74.13
19.64 m becomes 33.27
20.65 m becomes 34.98
Now, convert the following measurement: 31.32 m",53.05,unit_conversion
34390bf1,"In Alice's Wonderland, the gravitational constant has been secretly changed. Here are some example observations:
For t = 4.9s, distance = 200.63 m
For t = 1.43s, distance = 17.09 m
For t = 4.98s, distance = 207.24 m
For t = 1.52s, distance = 19.31 m
For t = 1.96s, distance = 32.1 m
Now, determine the falling distance for t = 1.89s given d = 0.5*g*t^2.",29.85,gravity_constant
6feba18a,"In Alice's Wonderland, a secret unit conversion is applied to measurements. For example:
15.15 m becomes 28.14
16.66 m becomes 30.95
17.06 m becomes 31.69
Now, convert the following measurement: 12.49 m",23.20,unit_conversion
49322650,"In Alice's Wonderland, numbers are secretly converted into a different numeral system. Some examples are given below:
28 -> XXVIII
82 -> LXXXII
81 -> LXXXI
Now, write the number 18 in the Wonderland numeral system.",XVIII,numeral_system
08df5363,"In Alice's Wonderland, a secret bit manipulation rule transforms 8-bit binary numbers. The transformation involves operations like bit shifts, rotations, XOR, AND, OR, NOT, and possibly majority or choice functions.

Here are some examples of input -> output:
01001101 -> 00101001
01010111 -> 01101010
00101001 -> 00100101
10100011 -> 01110100
11110001 -> 00111110
00010000 -> 00000010
00000110 -> 11000000
00000001 -> 00100000
00101100 -> 10000101

Now, determine the output for: 11100010",01011100,bit_manipulation
43a5b607,"In Alice's Wonderland, numbers are secretly converted into a different numeral system. Some examples are given below:
64 -> LXIV
95 -> XCV
96 -> XCVI
Now, write the number 5 in the Wonderland numeral system.",V,numeral_system
a84f60fd,"In Alice's Wonderland, the gravitational constant has been secretly changed. Here are some example observations:
For t = 1.19s, distance = 13.69 m
For t = 2.74s, distance = 72.57 m
For t = 2.79s, distance = 75.24 m
For t = 1.21s, distance = 14.15 m
Now, determine the falling distance for t = 2.72s given d = 0.5*g*t^2.",71.51,gravity_constant
d50746e7,"In Alice's Wonderland, a secret bit manipulation rule transforms 8-bit binary numbers. The transformation involves operations like bit shifts, rotations, XOR, AND, OR, NOT, and possibly majority or choice functions.

Here are some examples of input -> output:
00110010 -> 00100011
11100011 -> 00111110
01100010 -> 00100110
00000001 -> 00010000
11000100 -> 01001100
11001110 -> 11001100
01011101 -> 10000101
01101101 -> 01000110

Now, determine the output for: 00101100",01000010,bit_manipulation
6789bfc2,"In Alice's Wonderland, numbers are secretly converted into a different numeral system. Some examples are given below:
20 -> XX
88 -> LXXXVIII
14 -> XIV
Now, write the number 86 in the Wonderland numeral system.",LXXXVI,numeral_system
2facfaa4,"In Alice's Wonderland, a secret bit manipulation rule transforms 8-bit binary numbers. The transformation involves operations like bit shifts, rotations, XOR, AND, OR, NOT, and possibly majority or choice functions.

Here are some examples of input -> output:
01111110 -> 11111101
00111110 -> 01111100
00110001 -> 01100010
10011100 -> 00111010
10110000 -> 01100010
10110111 -> 01101100
10001010 -> 00010110

Now, determine the output for: 10011110",00111110,bit_manipulation
cbd76ba8,"In Alice's Wonderland, the gravitational constant has been secretly changed. Here are some example observations:
For t = 4.89s, distance = 194.11 m
For t = 1.0s, distance = 8.12 m
For t = 2.06s, distance = 34.45 m
For t = 3.51s, distance = 100.01 m
Now, determine the falling distance for t = 3.26s given d = 0.5*g*t^2.",86.27,gravity_constant
44a43f6c,"In Alice's Wonderland, a secret unit conversion is applied to measurements. For example:
7.95 m becomes 11.25
38.14 m becomes 53.98
25.87 m becomes 36.61
46.92 m becomes 66.40
47.3 m becomes 66.94
Now, convert the following measurement: 24.85 m",35.17,unit_conversion
e4fc9ec8,"In Alice's Wonderland, the gravitational constant has been secretly changed. Here are some example observations:
For t = 1.85s, distance = 29.44 m
For t = 1.72s, distance = 25.44 m
For t = 1.94s, distance = 32.37 m
For t = 2.35s, distance = 47.5 m
Now, determine the falling distance for t = 2.01s given d = 0.5*g*t^2.",34.75,gravity_constant
7ac90433,"In Alice's Wonderland, a secret set of transformation rules is applied to equations. Below are a few examples:
02-23 = -21
33-66 = -33
75-58 = -82
Now, determine the result for: 48-25",-23,equation_transform
8abcff0f,"In Alice's Wonderland, a secret bit manipulation rule transforms 8-bit binary numbers. The transformation involves operations like bit shifts, rotations, XOR, AND, OR, NOT, and possibly majority or choice functions.

Here are some examples of input -> output:
10111100 -> 11001111
01011101 -> 11010111
10010110 -> 01101101
10010101 -> 01011101
10100001 -> 00011111
11000101 -> 01011110
01011111 -> 11110111
01010001 -> 00010111
10110101 -> 01011111
10000011 -> 00111100

Now, determine the output for: 01101111",11110111,bit_manipulation
02902eb3,"In Alice's Wonderland, a secret set of transformation rules is applied to equations. Below are a few examples:
!&*%% = }%>%
%&-/> = $)
$]*&& = }&&}
Now, determine the result for: !!+$>",>/,equation_transform
ddc5aefe,"In Alice's Wonderland, a secret bit manipulation rule transforms 8-bit binary numbers. The transformation involves operations like bit shifts, rotations, XOR, AND, OR, NOT, and possibly majority or choice functions.

Here are some examples of input -> output:
11001111 -> 10000001
01010010 -> 00000000
01011100 -> 10000000
01110001 -> 00100000
10000101 -> 00000001
11110000 -> 00000001
01110111 -> 11100000

Now, determine the output for: 10000011",00000001,bit_manipulation
0d90736f,"In Alice's Wonderland, a secret set of transformation rules is applied to equations. Below are a few examples:
[|*|` = \$()
!|-$) = )/
/$+|/ = :\
\/+): = [`
`$*|! = `[|`
Now, determine the result for: ::-)[",:,equation_transform
294453b5,"In Alice's Wonderland, a secret set of transformation rules is applied to equations. Below are a few examples:
@!->: = `
&@*:` = &`&(
@!-)! = !`
Now, determine the result for: ##-!)",&(,equation_transform
0e897e03,"In Alice's Wonderland, the gravitational constant has been secretly changed. Here are some example observations:
For t = 2.74s, distance = 36.92 m
For t = 2.63s, distance = 34.02 m
For t = 1.54s, distance = 11.66 m
For t = 4.63s, distance = 105.43 m
For t = 3.65s, distance = 65.52 m
Now, determine the falling distance for t = 2.5s given d = 0.5*g*t^2.",30.74,gravity_constant
fa106ea3,"In Alice's Wonderland, the gravitational constant has been secretly changed. Here are some example observations:
For t = 3.27s, distance = 54.11 m
For t = 1.14s, distance = 6.58 m
For t = 1.03s, distance = 5.37 m
Now, determine the falling distance for t = 4.87s given d = 0.5*g*t^2.",120.02,gravity_constant
75ecd32c,"In Alice's Wonderland, a secret bit manipulation rule transforms 8-bit binary numbers. The transformation involves operations like bit shifts, rotations, XOR, AND, OR, NOT, and possibly majority or choice functions.

Here are some examples of input -> output:
01111011 -> 11011110
11011000 -> 00110110
00011110 -> 10000111
00000100 -> 00000001
10011001 -> 01100110
01100110 -> 10011001
11011011 -> 11110110
11101001 -> 01111010
11111111 -> 11111111
11110101 -> 01111101

Now, determine the output for: 10001111",11100011,bit_manipulation
1ef440dc,"In Alice's Wonderland, the gravitational constant has been secretly changed. Here are some example observations:
For t = 3.36s, distance = 57.55 m
For t = 3.67s, distance = 68.65 m
For t = 4.98s, distance = 126.41 m
For t = 4.73s, distance = 114.04 m
Now, determine the falling distance for t = 1.78s given d = 0.5*g*t^2.",16.15,gravity_constant
cfe89737,"In Alice's Wonderland, numbers are secretly converted into a different numeral system. Some examples are given below:
99 -> XCIX
61 -> LXI
86 -> LXXXVI
51 -> LI
Now, write the number 91 in the Wonderland numeral system.",XCI,numeral_system
5092f0e0,"In Alice's Wonderland, numbers are secretly converted into a different numeral system. Some examples are given below:
51 -> LI
40 -> XL
30 -> XXX
15 -> XV
Now, write the number 29 in the Wonderland numeral system.",XXIX,numeral_system
5f135096,"In Alice's Wonderland, secret encryption rules are used on text. Here are some examples:
honhsu qrotb yteybu pjsjiu -> turtle found inside palace
hfu bjnm fjhhun bnjge -> the dark hatter draws
njllyh byeirvune euinuh -> rabbit discovers secret
hfu djcyijs jsyiu qrotb -> the magical alice found
ijh inujhue jnrotb drothjyt -> cat creates around mountain
Now, decrypt the following text: hfu ehnjtcu hujifun ukpsrnue",the strange teacher explores,text_encryption
dd2549dd,"In Alice's Wonderland, secret encryption rules are used on text. Here are some examples:
mysxgp wqqw cnq vgigybri mggy -> dragon sees the colorful door
hdesym hydcqw vykwcsi -> wizard writes crystal
cryciq bgrpm dpwdmq dwispm -> turtle found inside island
Now, decrypt the following text: ysffdc hscvnqw dpwdmq xsymqp",rabbit watches inside garden,text_encryption
72ab36fc,"In Alice's Wonderland, numbers are secretly converted into a different numeral system. Some examples are given below:
21 -> XXI
17 -> XVII
92 -> XCII
Now, write the number 9 in the Wonderland numeral system.",IX,numeral_system
12e0ac8c,"In Alice's Wonderland, a secret bit manipulation rule transforms 8-bit binary numbers. The transformation involves operations like bit shifts, rotations, XOR, AND, OR, NOT, and possibly majority or choice functions.

Here are some examples of input -> output:
11111101 -> 01110101
01010000 -> 10101011
11011001 -> 11101101
10001010 -> 01110101
01111110 -> 10011000
10110001 -> 01010111
10100100 -> 01000111
10100110 -> 11001111
01010111 -> 01110110
01011100 -> 10011000

Now, determine the output for: 10011100",10101001,bit_manipulation
a5ea81bb,"In Alice's Wonderland, a secret unit conversion is applied to measurements. For example:
9.61 m becomes 7.25
37.69 m becomes 28.43
17.24 m becomes 13.01
37.05 m becomes 27.95
Now, convert the following measurement: 17.62 m",13.29,unit_conversion
6b19d0fd,"In Alice's Wonderland, secret encryption rules are used on text. Here are some examples:
bhxf qyufhnq ykn ahqn wsxfne -> bird studies the wise garden
ykn fsxr ahtsxf gxnsynq -> the dark wizard creates
yuxydn fhqgpmnxq ykn ljqynxhpuq iuttdn -> turtle discovers the mysterious puzzle
ykn lswhgsd gsy cpuef -> the magical cat found
Now, decrypt the following text: xsbbhy qyufhnq rnj",rabbit studies key,text_encryption
7b1f2422,"In Alice's Wonderland, a secret unit conversion is applied to measurements. For example:
27.61 m becomes 41.36
35.99 m becomes 53.91
17.31 m becomes 25.93
43.15 m becomes 64.64
Now, convert the following measurement: 31.95 m",47.86,unit_conversion
1029ef5a,"In Alice's Wonderland, the gravitational constant has been secretly changed. Here are some example observations:
For t = 2.31s, distance = 47.1 m
For t = 2.86s, distance = 72.2 m
For t = 3.61s, distance = 115.04 m
For t = 2.73s, distance = 65.79 m
For t = 2.02s, distance = 36.02 m
Now, determine the falling distance for t = 1.94s given d = 0.5*g*t^2.",33.22,gravity_constant
386b6d03,"In Alice's Wonderland, a secret set of transformation rules is applied to equations. Below are a few examples:
47[35 = 2293
82-68 = -85
09[97 = 0117
Now, determine the result for: 79'97",671,equation_transform
2ead53dc,"In Alice's Wonderland, a secret bit manipulation rule transforms 8-bit binary numbers. The transformation involves operations like bit shifts, rotations, XOR, AND, OR, NOT, and possibly majority or choice functions.

Here are some examples of input -> output:
10001010 -> 00001000
10011111 -> 00001001
01101000 -> 00000110
11110001 -> 00001111
10011100 -> 00001001
11111011 -> 00001111
10101100 -> 00001010
00101101 -> 00000010
11000111 -> 00001100

Now, determine the output for: 01011010",00000101,bit_manipulation
00ed1836,"In Alice's Wonderland, the gravitational constant has been secretly changed. Here are some example observations:
For t = 3.28s, distance = 53.97 m
For t = 4.11s, distance = 84.74 m
For t = 3.11s, distance = 48.52 m
For t = 2.12s, distance = 22.55 m
For t = 4.66s, distance = 108.94 m
Now, determine the falling distance for t = 2.2s given d = 0.5*g*t^2.",24.28,gravity_constant
63491be4,"In Alice's Wonderland, secret encryption rules are used on text. Here are some examples:
jstv ygerz zgwygc -> king reads secret
cdg etwsgtc nmhzg ygerz -> the ancient mouse reads
elswg rygenz tgey osllevg -> alice dreams near village
deccgy rygenz ekmog bmtrgyletr -> hatter dreams above wonderland
Now, decrypt the following text: chyclg ryebz cdg wmlmyphl zgwygc",turtle draws the colorful secret,text_encryption
a7b9b0bf,"In Alice's Wonderland, numbers are secretly converted into a different numeral system. Some examples are given below:
31 -> XXXI
70 -> LXX
43 -> XLIII
Now, write the number 37 in the Wonderland numeral system.",XXXVII,numeral_system
57f6878e,"In Alice's Wonderland, a secret set of transformation rules is applied to equations. Below are a few examples:
/%<@{ = %(
$@&^) = /$
{@&|/ = @$
$:<:@ = ()
%:&@@ = /|&
Now, determine the result for: |@<:(",%{{,equation_transform
05ca617c,"In Alice's Wonderland, a secret bit manipulation rule transforms 8-bit binary numbers. The transformation involves operations like bit shifts, rotations, XOR, AND, OR, NOT, and possibly majority or choice functions.

Here are some examples of input -> output:
01111111 -> 10111111
01011101 -> 11101111
01001111 -> 11100111
01100001 -> 10111101
10001011 -> 01101101
01111100 -> 00111111
10111001 -> 01011100
01010000 -> 01111111

Now, determine the output for: 10010010",11011011,bit_manipulation
157f8266,"In Alice's Wonderland, secret encryption rules are used on text. Here are some examples:
yzh otaghl ulbndq txbntqho -> the silver dragon imagines
zbyyhl hfpadlho qhbl rdquhlabqu -> hatter explores near wonderland
oysuhqy oysutho wdlhoy -> student studies forest
mshhq lhbuo yzh ublk xbp -> queen reads the dark map
Now, decrypt the following text: vtlu rbyezho tqotuh toabqu",bird watches inside island,text_encryption
6890870d,"In Alice's Wonderland, a secret bit manipulation rule transforms 8-bit binary numbers. The transformation involves operations like bit shifts, rotations, XOR, AND, OR, NOT, and possibly majority or choice functions.

Here are some examples of input -> output:
01011000 -> 10110000
01010001 -> 10100010
10001110 -> 00011101
00010100 -> 00101000
11111111 -> 11111111
00000100 -> 00001000
11010100 -> 10101001
00110101 -> 01101010
10011111 -> 00111111

Now, determine the output for: 00111000",01110000,bit_manipulation
7104dd31,"In Alice's Wonderland, numbers are secretly converted into a different numeral system. Some examples are given below:
18 -> XVIII
6 -> VI
13 -> XIII
13 -> XIII
100 -> C
Now, write the number 27 in the Wonderland numeral system.",XXVII,numeral_system
1c566511,"In Alice's Wonderland, a secret bit manipulation rule transforms 8-bit binary numbers. The transformation involves operations like bit shifts, rotations, XOR, AND, OR, NOT, and possibly majority or choice functions.

Here are some examples of input -> output:
10100001 -> 10010000
11111011 -> 00111101
01000111 -> 01100011
01110000 -> 00111000
11011100 -> 01101110
10010110 -> 11001011
00000001 -> 11000000
01100101 -> 11110010
00001100 -> 00000110
11000100 -> 01100010

Now, determine the output for: 10100100",01010010,bit_manipulation
00efa37c,"In Alice's Wonderland, secret encryption rules are used on text. Here are some examples:
vmelt lyvutu wyt lfmfcaom keccfc -> alice chases the colorful mirror
lvw afobd wyt xfmdtb dffc -> cat found the golden door
wyt uemitc wtvlytc tnjmfctu -> the silver teacher explores
jcebltuu lctvwtu wyt locefou sffp -> princess creates the curious book
pbexyw hvwlytu wyt xfmdtb joggmt -> knight watches the golden puzzle
Now, decrypt the following text: wocwmt hvwlytu wyt kzuwtcefou xvcdtb",turtle watches the mysterious garden,text_encryption
bc83b0a1,"In Alice's Wonderland, a secret set of transformation rules is applied to equations. Below are a few examples:
!!*>( = !!>(
&{*!/ = &{!/
&{*{) = &{{)
&|?(& = &\{[
>)""&! = {/
Now, determine the result for: (/*&{",(/&{,equation_transform
03e3c7b6,"In Alice's Wonderland, a secret unit conversion is applied to measurements. For example:
37.35 m becomes 55.43
9.11 m becomes 13.52
8.17 m becomes 12.12
Now, convert the following measurement: 27.17 m",40.32,unit_conversion
d855f20e,"In Alice's Wonderland, the gravitational constant has been secretly changed. Here are some example observations:
For t = 2.53s, distance = 18.9 m
For t = 2.58s, distance = 19.66 m
For t = 3.42s, distance = 34.54 m
For t = 3.87s, distance = 44.23 m
Now, determine the falling distance for t = 1.24s given d = 0.5*g*t^2.",4.54,gravity_constant
f1d60ece,"In Alice's Wonderland, a secret unit conversion is applied to measurements. For example:
17.89 m becomes 27.40
18.54 m becomes 28.40
35.6 m becomes 54.53
Now, convert the following measurement: 46.58 m",71.35,unit_conversion
a361a1b7,"In Alice's Wonderland, a secret set of transformation rules is applied to equations. Below are a few examples:
90@12 = 9012
99@42 = 9942
88<41 = 3609
74<61 = 4515
64<35 = 2241
Now, determine the result for: 53:99",:46,equation_transform
4f655edc,"In Alice's Wonderland, the gravitational constant has been secretly changed. Here are some example observations:
For t = 2.42s, distance = 32.33 m
For t = 4.02s, distance = 89.22 m
For t = 3.02s, distance = 50.35 m
For t = 1.96s, distance = 21.21 m
For t = 2.51s, distance = 34.78 m
Now, determine the falling distance for t = 4.28s given d = 0.5*g*t^2.",101.14,gravity_constant
51309101,"In Alice's Wonderland, numbers are secretly converted into a different numeral system. Some examples are given below:
17 -> XVII
68 -> LXVIII
6 -> VI
30 -> XXX
75 -> LXXV
Now, write the number 100 in the Wonderland numeral system.",C,numeral_system
906f7b85,"In Alice's Wonderland, numbers are secretly converted into a different numeral system. Some examples are given below:
62 -> LXII
56 -> LVI
37 -> XXXVII
32 -> XXXII
94 -> XCIV
Now, write the number 64 in the Wonderland numeral system.",LXIV,numeral_system
34f49b7d,"In Alice's Wonderland, the gravitational constant has been secretly changed. Here are some example observations:
For t = 4.23s, distance = 165.32 m
For t = 3.35s, distance = 103.69 m
For t = 3.68s, distance = 125.12 m
Now, determine the falling distance for t = 3.38s given d = 0.5*g*t^2.",105.55,gravity_constant
04f569be,"In Alice's Wonderland, numbers are secretly converted into a different numeral system. Some examples are given below:
69 -> LXIX
30 -> XXX
82 -> LXXXII
25 -> XXV
8 -> VIII
Now, write the number 87 in the Wonderland numeral system.",LXXXVII,numeral_system
d911e8e1,"In Alice's Wonderland, a secret set of transformation rules is applied to equations. Below are a few examples:
""#)@& = :#:
}'('' = \'""}
:>$:} = $}
Now, determine the result for: @})<'",:\:,equation_transform
4353cd0b,"In Alice's Wonderland, a secret bit manipulation rule transforms 8-bit binary numbers. The transformation involves operations like bit shifts, rotations, XOR, AND, OR, NOT, and possibly majority or choice functions.

Here are some examples of input -> output:
01110010 -> 11000110
10001011 -> 00111101
11101110 -> 10100101
00101111 -> 10111001
11001100 -> 00101001
01011000 -> 01101011
00110011 -> 11001010

Now, determine the output for: 01001010",00100001,bit_manipulation
7688e06e,"In Alice's Wonderland, a secret set of transformation rules is applied to equations. Below are a few examples:
06-63 = 42
96-32 = 64
87-15 = 72
58-64 = 93
87-63 = 24
Now, determine the result for: 63-19",-55,equation_transform
30ba0cf4,"In Alice's Wonderland, a secret bit manipulation rule transforms 8-bit binary numbers. The transformation involves operations like bit shifts, rotations, XOR, AND, OR, NOT, and possibly majority or choice functions.

Here are some examples of input -> output:
10110110 -> 10101101
10101011 -> 11101011
00111011 -> 11001110
01001010 -> 10010010
11001001 -> 01110011
01100110 -> 10011001
11100010 -> 10111001
11011000 -> 00110111

Now, determine the output for: 10110101",01101101,bit_manipulation
dbd0e3c9,"In Alice's Wonderland, a secret set of transformation rules is applied to equations. Below are a few examples:
68*11 = 6811
31*85 = 3185
82`11 = 901
46#14 = 32
43`30 = 1289
Now, determine the result for: 56*31",5631,equation_transform
8fbd2477,"In Alice's Wonderland, a secret bit manipulation rule transforms 8-bit binary numbers. The transformation involves operations like bit shifts, rotations, XOR, AND, OR, NOT, and possibly majority or choice functions.

Here are some examples of input -> output:
01010101 -> 00000010
00111010 -> 10100100
01001001 -> 11011010
00110101 -> 11000010
01000100 -> 10101000
10011001 -> 11111011
10010110 -> 10011101
01100001 -> 11001010
10010000 -> 10100001

Now, determine the output for: 00001001",01011010,bit_manipulation
ba61b815,"In Alice's Wonderland, a secret bit manipulation rule transforms 8-bit binary numbers. The transformation involves operations like bit shifts, rotations, XOR, AND, OR, NOT, and possibly majority or choice functions.

Here are some examples of input -> output:
01001001 -> 10000100
10000001 -> 10001000
00001000 -> 00000000
00010010 -> 00000001
01011000 -> 00000101
11001011 -> 10001100
00111110 -> 00000011
00001110 -> 00000000

Now, determine the output for: 11010000",00001101,bit_manipulation
2e2d60b2,"In Alice's Wonderland, a secret set of transformation rules is applied to equations. Below are a few examples:
24*52 = 1501
31*51 = 691
05+52 = 67
41+52 = 04
Now, determine the result for: 85+11",07,equation_transform
5f9f0ed7,"In Alice's Wonderland, a secret set of transformation rules is applied to equations. Below are a few examples:
@/*`/ = }`]`
@]+}/ = }|
/]-[| = ->>
}!*@` = }`@]
[>*[] = @`!}
Now, determine the result for: |!*@[",}/!},equation_transform
333d93ec,"In Alice's Wonderland, a secret set of transformation rules is applied to equations. Below are a few examples:
85+27 = 131
16+97 = 141
16+76 = 921
86-28 = 41
63-52 = 11
Now, determine the result for: 44-73",7,equation_transform
74fff108,"In Alice's Wonderland, a secret set of transformation rules is applied to equations. Below are a few examples:
69-27 = 95
58^91 = 33
71?49 = 3479
41?10 = 410
26-82 = 107
Now, determine the result for: 65^16",49,equation_transform
c43b5a13,"In Alice's Wonderland, a secret set of transformation rules is applied to equations. Below are a few examples:
/:+<{ = |<
|&-/| = {|
$(+){ = |{
Now, determine the result for: $)+:$",)|,equation_transform
b0206bb7,"In Alice's Wonderland, a secret set of transformation rules is applied to equations. Below are a few examples:
){+&# = //
!/*&@ = /{@}
{)-&! = -/#
{}*)} = &#{#
]!-}{ = -@&
Now, determine the result for: ${*)}",]$!,equation_transform
638f93ca,"In Alice's Wonderland, a secret set of transformation rules is applied to equations. Below are a few examples:
#>*?? = /<@
$<*<' = ?<?'
$$*]` = ?]<?
$]-<@ = ?#
Now, determine the result for: $<-]$",@,equation_transform
12fe3d99,"In Alice's Wonderland, the gravitational constant has been secretly changed. Here are some example observations:
For t = 1.32s, distance = 14.16 m
For t = 2.33s, distance = 44.13 m
For t = 4.52s, distance = 166.06 m
For t = 3.25s, distance = 85.85 m
Now, determine the falling distance for t = 1.48s given d = 0.5*g*t^2.",17.8,gravity_constant
9bee3f4d,"In Alice's Wonderland, the gravitational constant has been secretly changed. Here are some example observations:
For t = 1.55s, distance = 19.81 m
For t = 3.73s, distance = 114.73 m
For t = 2.97s, distance = 72.74 m
For t = 3.06s, distance = 77.22 m
Now, determine the falling distance for t = 2.79s given d = 0.5*g*t^2.",64.19,gravity_constant
5b9964c7,"In Alice's Wonderland, a secret bit manipulation rule transforms 8-bit binary numbers. The transformation involves operations like bit shifts, rotations, XOR, AND, OR, NOT, and possibly majority or choice functions.

Here are some examples of input -> output:
00100011 -> 01101100
11011111 -> 11111111
11101001 -> 00111111
11110011 -> 01111110
10010011 -> 01110110
10000111 -> 11110001
00010010 -> 01000110

Now, determine the output for: 01001000",00011011,bit_manipulation
cff450fd,"In Alice's Wonderland, a secret unit conversion is applied to measurements. For example:
15.94 m becomes 28.25
47.63 m becomes 84.40
30.75 m becomes 54.49
32.21 m becomes 57.08
Now, convert the following measurement: 21.68 m",38.42,unit_conversion
a6f7139f,"In Alice's Wonderland, a secret bit manipulation rule transforms 8-bit binary numbers. The transformation involves operations like bit shifts, rotations, XOR, AND, OR, NOT, and possibly majority or choice functions.

Here are some examples of input -> output:
01101010 -> 10000110
10000010 -> 10001000
00100010 -> 10000010
11110010 -> 10001111
11001011 -> 11001100
10111010 -> 10001011
11110110 -> 10001111
11010100 -> 00001101

Now, determine the output for: 00000111",11000000,bit_manipulation
b2fb65cf,"In Alice's Wonderland, a secret bit manipulation rule transforms 8-bit binary numbers. The transformation involves operations like bit shifts, rotations, XOR, AND, OR, NOT, and possibly majority or choice functions.

Here are some examples of input -> output:
10101000 -> 01011111
00000000 -> 11111111
01101010 -> 11010111
01101111 -> 10000011
00000001 -> 10111011
00011111 -> 01000011
00001010 -> 01010111
00001001 -> 10011011
11000000 -> 11111111

Now, determine the output for: 01111111",11000011,bit_manipulation
52545905,"In Alice's Wonderland, a secret unit conversion is applied to measurements. For example:
33.06 m becomes 51.48
36.35 m becomes 56.60
48.15 m becomes 74.98
Now, convert the following measurement: 8.44 m",13.14,unit_conversion
4bfd095a,"In Alice's Wonderland, a secret set of transformation rules is applied to equations. Below are a few examples:
{%*)) = )){
)/*/"" = [^^{
)""-\[ = -\\
{)*[{ = \\@
Now, determine the result for: @/*[@",{<<<,equation_transform
7a422e17,"In Alice's Wonderland, a secret set of transformation rules is applied to equations. Below are a few examples:
"":@%# = %&{
'}+'' = &'""
'{-%! = }
``-#{ = -{:
Now, determine the result for: #`@{""",%'!,equation_transform
3dd5fcd2,"In Alice's Wonderland, the gravitational constant has been secretly changed. Here are some example observations:
For t = 1.54s, distance = 11.74 m
For t = 2.5s, distance = 30.93 m
For t = 3.91s, distance = 75.66 m
Now, determine the falling distance for t = 3.25s given d = 0.5*g*t^2.",52.28,gravity_constant
ba469498,"In Alice's Wonderland, a secret unit conversion is applied to measurements. For example:
12.78 m becomes 23.23
21.97 m becomes 39.94
32.32 m becomes 58.76
10.31 m becomes 18.74
Now, convert the following measurement: 25.78 m",46.87,unit_conversion
7192535b,"In Alice's Wonderland, a secret bit manipulation rule transforms 8-bit binary numbers. The transformation involves operations like bit shifts, rotations, XOR, AND, OR, NOT, and possibly majority or choice functions.

Here are some examples of input -> output:
01001000 -> 00000000
00101101 -> 00000010
10100100 -> 00001000
00011100 -> 00000001
00111011 -> 01100111
11010000 -> 00001000
10011000 -> 00010001
01001010 -> 00000100
11000110 -> 10001100

Now, determine the output for: 00100101",00000010,bit_manipulation
5b2523e6,"In Alice's Wonderland, a secret set of transformation rules is applied to equations. Below are a few examples:
?>+') = :<
!&*$< = &'\:
&\+\& = ><
?$+:! = ><
Now, determine the result for: ><-\$",&&,equation_transform
dbb611da,"In Alice's Wonderland, a secret bit manipulation rule transforms 8-bit binary numbers. The transformation involves operations like bit shifts, rotations, XOR, AND, OR, NOT, and possibly majority or choice functions.

Here are some examples of input -> output:
11111000 -> 00000001
00101100 -> 00000000
10011011 -> 00000100
01000101 -> 10000010
01001000 -> 00000000
11000011 -> 10000110
11101001 -> 10000011
10001101 -> 00000000
10010011 -> 00000100

Now, determine the output for: 10100000",00000001,bit_manipulation
0fe53bac,"In Alice's Wonderland, a secret set of transformation rules is applied to equations. Below are a few examples:
(@+!| = @""
}(-^} = }}
?""+): = ()@
@@-""@ = -)
Now, determine the result for: ^?+(|","(""",equation_transform
a1cc9071,"In Alice's Wonderland, secret encryption rules are used on text. Here are some examples:
oas bocurts auoosc fdwrq -> the strange hatter found
owcols csuqb uidhs leicucv -> turtle reads above library
zcerxsbb qcsugb oas bocurts zwppls -> princess dreams the strange puzzle
oas belhsc iecq bowqesb -> the silver bird studies
Now, decrypt the following text: yepucq yceosb oas bsxcso geccdc",wizard writes the secret mirror,text_encryption
acc0955e,"In Alice's Wonderland, secret encryption rules are used on text. Here are some examples:
jfeewy csbuhvwyb kncwy mfycwn -> hatter discovers under garden
ufe slfmsnwb ejw bwuywe rheshn -> cat imagines the secret potion
cyfmhn cywflb uygbefp -> dragon dreams crystal
Now, decrypt the following text: zsyc cywflb ejw cfyi eywfbkyw",bird dreams the dark treasure,text_encryption
07ceed47,"In Alice's Wonderland, a secret bit manipulation rule transforms 8-bit binary numbers. The transformation involves operations like bit shifts, rotations, XOR, AND, OR, NOT, and possibly majority or choice functions.

Here are some examples of input -> output:
10001010 -> 00010001
00100111 -> 10000100
00011011 -> 10000011
00101011 -> 10000101
00101101 -> 10000101
01000010 -> 00001000
00010111 -> 10000010

Now, determine the output for: 00101001",10000101,bit_manipulation
274def88,"In Alice's Wonderland, a secret set of transformation rules is applied to equations. Below are a few examples:
33*74 = 2551
29-79 = -5
17+69 = 861
01-72 = -71
42*38 = 3991
Now, determine the result for: 85-92",92,equation_transform
7aa4fdf0,"In Alice's Wonderland, a secret bit manipulation rule transforms 8-bit binary numbers. The transformation involves operations like bit shifts, rotations, XOR, AND, OR, NOT, and possibly majority or choice functions.

Here are some examples of input -> output:
11110001 -> 00010111
00111110 -> 00000011
01011100 -> 00000101
11110101 -> 01010111
11100001 -> 00010110
11001011 -> 10100100
11101111 -> 10000110
11110100 -> 01001111
00100001 -> 00010010

Now, determine the output for: 00010000",00000001,bit_manipulation
270c6986,"In Alice's Wonderland, numbers are secretly converted into a different numeral system. Some examples are given below:
3 -> III
40 -> XL
22 -> XXII
45 -> XLV
Now, write the number 29 in the Wonderland numeral system.",XXIX,numeral_system
9db72c8e,"In Alice's Wonderland, numbers are secretly converted into a different numeral system. Some examples are given below:
20 -> XX
77 -> LXXVII
97 -> XCVII
Now, write the number 9 in the Wonderland numeral system.",IX,numeral_system
357974d4,"In Alice's Wonderland, the gravitational constant has been secretly changed. Here are some example observations:
For t = 1.2s, distance = 8.56 m
For t = 3.2s, distance = 60.84 m
For t = 3.76s, distance = 84.0 m
For t = 2.16s, distance = 27.72 m
For t = 3.99s, distance = 94.59 m
Now, determine the falling distance for t = 2.29s given d = 0.5*g*t^2.",31.16,gravity_constant
03a3437f,"In Alice's Wonderland, a secret set of transformation rules is applied to equations. Below are a few examples:
/>-|/ = ':
'>+/! = '>/!
}!-'` = >'
Now, determine the result for: '}-/>",-!,equation_transform
d61269a7,"In Alice's Wonderland, the gravitational constant has been secretly changed. Here are some example observations:
For t = 1.36s, distance = 6.83 m
For t = 1.94s, distance = 13.9 m
For t = 4.14s, distance = 63.29 m
For t = 2.7s, distance = 26.92 m
Now, determine the falling distance for t = 4.82s given d = 0.5*g*t^2.",85.79,gravity_constant
327cb428,"In Alice's Wonderland, the gravitational constant has been secretly changed. Here are some example observations:
For t = 3.03s, distance = 25.78 m
For t = 1.27s, distance = 4.53 m
For t = 1.18s, distance = 3.91 m
Now, determine the falling distance for t = 4.65s given d = 0.5*g*t^2.",60.72,gravity_constant
67aa8dc6,"In Alice's Wonderland, secret encryption rules are used on text. Here are some examples:
msiih wfshb yqzfseq cdtohb -> queen found through island
yqi qcbbih ucnozb dysbcid -> the hidden wizard studies
yszyti igptfzid yqi bozr kop -> turtle explores the dark map
yqi qcbbih yszyti diid -> the hidden turtle sees
yszyti bziokd hioz aottix -> turtle dreams near valley
Now, decrypt the following text: yszyti bziokd vixfhb wfzidy",turtle dreams beyond forest,text_encryption
f2014638,"In Alice's Wonderland, a secret bit manipulation rule transforms 8-bit binary numbers. The transformation involves operations like bit shifts, rotations, XOR, AND, OR, NOT, and possibly majority or choice functions.

Here are some examples of input -> output:
10110001 -> 01101100
10100011 -> 11101000
11111111 -> 11111111
00100111 -> 11001001
00110100 -> 00001101
11000100 -> 00110001
01011011 -> 11010110
11101110 -> 10111011
10001010 -> 10100010

Now, determine the output for: 01101010",10011010,bit_manipulation
0d3974ba,"In Alice's Wonderland, a secret unit conversion is applied to measurements. For example:
47.83 m becomes 41.24
11.33 m becomes 9.77
19.38 m becomes 16.71
18.45 m becomes 15.91
Now, convert the following measurement: 46.52 m",40.11,unit_conversion
a72514a7,"In Alice's Wonderland, secret encryption rules are used on text. Here are some examples:
upg osfg zxsvg fggf -> the wise alice sees
mrggc oksugf ngyacq vztg -> queen writes beyond cave
vzu vpzfgf upg osfg dzh -> cat chases the wise map
upg dzwsvzx pzuugk qkzof -> the magical hatter draws
vzu fggf znatg tsxxzwg -> cat sees above village
Now, decrypt the following text: mrggc fggf fgvkgu",queen sees secret,text_encryption
a8ea0e29,"In Alice's Wonderland, a secret bit manipulation rule transforms 8-bit binary numbers. The transformation involves operations like bit shifts, rotations, XOR, AND, OR, NOT, and possibly majority or choice functions.

Here are some examples of input -> output:
00010110 -> 00000000
01110111 -> 10000000
00011111 -> 10000000
10011111 -> 10000000
11010111 -> 10000000
00011011 -> 10000000
01111011 -> 10000000
01110110 -> 00000000

Now, determine the output for: 00101000",00000000,bit_manipulation
1d32836c,"In Alice's Wonderland, the gravitational constant has been secretly changed. Here are some example observations:
For t = 2.75s, distance = 57.45 m
For t = 3.87s, distance = 113.78 m
For t = 2.03s, distance = 31.31 m
For t = 4.96s, distance = 186.9 m
For t = 4.6s, distance = 160.75 m
Now, determine the falling distance for t = 1.92s given d = 0.5*g*t^2.",28.01,gravity_constant
8995b70e,"In Alice's Wonderland, secret encryption rules are used on text. Here are some examples:
edcsjdg daobvgdn cgvlhz qubbcpd -> teacher explores around village
zgcpvh gdczn lhzdg tvgdne -> dragon reads under forest
ejd chsudhe ilddh uwcpuhdn -> the ancient queen imagines
edcsjdg gdczn ejd svbvgtlb wco -> teacher reads the colorful map
ejd juzzdh wvlnd fcesjdn -> the hidden mouse watches
Now, decrypt the following text: edcsjdg tvbbvfn ejd wcpuscb egdcnlgd",teacher follows the magical treasure,text_encryption
27282440,"In Alice's Wonderland, a secret unit conversion is applied to measurements. For example:
23.18 m becomes 21.51
34.92 m becomes 32.40
43.11 m becomes 40.00
25.89 m becomes 24.02
29.5 m becomes 27.37
Now, convert the following measurement: 47.11 m",43.72,unit_conversion
30ac5c8e,"In Alice's Wonderland, a secret set of transformation rules is applied to equations. Below are a few examples:
&}-@) = -\@
:/*/} = #/&?
}&*#"" = #&\}
\}*)@ = &&#?
""\+#\ = ::?
Now, determine the result for: @\+}?",)#?,equation_transform
bfcb26ab,"In Alice's Wonderland, secret encryption rules are used on text. Here are some examples:
xyvja hzxnr ika nvra jzcrixy -> alice draws the wise crystal
iaxjkaz nxijkar ika dqyhal jzcrixy -> teacher watches the golden crystal
ika rizxlda iaxjkaz raar -> the strange teacher sees
Now, decrypt the following text: ika jezvqer meaal riehvar",the curious queen studies,text_encryption
1564de32,"In Alice's Wonderland, numbers are secretly converted into a different numeral system. Some examples are given below:
65 -> LXV
38 -> XXXVIII
17 -> XVII
Now, write the number 8 in the Wonderland numeral system.",VIII,numeral_system
8d791e8b,"In Alice's Wonderland, a secret unit conversion is applied to measurements. For example:
15.37 m becomes 22.31
44.12 m becomes 64.05
26.47 m becomes 38.42
37.42 m becomes 54.32
22.03 m becomes 31.98
Now, convert the following measurement: 28.04 m",40.70,unit_conversion
ae554b7f,"In Alice's Wonderland, a secret unit conversion is applied to measurements. For example:
34.96 m becomes 56.65
8.22 m becomes 13.32
24.9 m becomes 40.35
32.49 m becomes 52.65
Now, convert the following measurement: 8.56 m",13.87,unit_conversion
53df550e,"In Alice's Wonderland, numbers are secretly converted into a different numeral system. Some examples are given below:
24 -> XXIV
86 -> LXXXVI
73 -> LXXIII
Now, write the number 25 in the Wonderland numeral system.",XXV,numeral_system
dd7893f2,"In Alice's Wonderland, a secret unit conversion is applied to measurements. For example:
8.04 m becomes 8.27
20.89 m becomes 21.50
6.33 m becomes 6.51
11.88 m becomes 12.23
43.05 m becomes 44.30
Now, convert the following measurement: 9.25 m",9.52,unit_conversion
3cfc5f9c,"In Alice's Wonderland, a secret bit manipulation rule transforms 8-bit binary numbers. The transformation involves operations like bit shifts, rotations, XOR, AND, OR, NOT, and possibly majority or choice functions.

Here are some examples of input -> output:
00100010 -> 11001111
00001000 -> 00111111
10001010 -> 00001111
11110101 -> 00000111
01001001 -> 00100111
01110100 -> 00011111
11101011 -> 00010111

Now, determine the output for: 11101111",01110111,bit_manipulation
7969952e,"In Alice's Wonderland, a secret unit conversion is applied to measurements. For example:
8.91 m becomes 10.69
36.2 m becomes 43.42
48.82 m becomes 58.56
21.81 m becomes 26.16
Now, convert the following measurement: 5.26 m",6.31,unit_conversion
e0ee5c99,"In Alice's Wonderland, secret encryption rules are used on text. Here are some examples:
mso juco hlufsm jimesoc -> the wise knight watches
moiesob gucedzobc ibdvlg advlmiul -> teacher discovers around mountain
iyueo cooc tondlg kdbocm -> alice sees beyond forest
Now, decrypt the following text: tubg gucedzobc fibgol",bird discovers garden,text_encryption
9cd69c91,"In Alice's Wonderland, numbers are secretly converted into a different numeral system. Some examples are given below:
30 -> XXX
28 -> XXVIII
51 -> LI
31 -> XXXI
31 -> XXXI
Now, write the number 19 in the Wonderland numeral system.",XIX,numeral_system
08d8d7e1,"In Alice's Wonderland, a secret set of transformation rules is applied to equations. Below are a few examples:
41+98 = 301
94+07 = 911
06*49 = 4906
95*27 = 2795
Now, determine the result for: 65+23",88,equation_transform
ff121f08,"In Alice's Wonderland, a secret set of transformation rules is applied to equations. Below are a few examples:
%`+^< = +<%
#!(!< = %#@
`^(%^ = %[`>
#^\!! = /#
`>\`` = #^`
Now, determine the result for: !%+<<",#<,equation_transform
5e5c4b8d,"In Alice's Wonderland, a secret unit conversion is applied to measurements. For example:
36.19 m becomes 27.62
13.09 m becomes 9.99
36.98 m becomes 28.22
28.43 m becomes 21.70
49.22 m becomes 37.56
Now, convert the following measurement: 27.17 m",20.73,unit_conversion
58e63752,"In Alice's Wonderland, the gravitational constant has been secretly changed. Here are some example observations:
For t = 1.23s, distance = 6.15 m
For t = 3.86s, distance = 60.59 m
For t = 2.9s, distance = 34.2 m
Now, determine the falling distance for t = 2.97s given d = 0.5*g*t^2.",35.87,gravity_constant
c5c16455,"In Alice's Wonderland, the gravitational constant has been secretly changed. Here are some example observations:
For t = 1.29s, distance = 8.51 m
For t = 4.17s, distance = 88.91 m
For t = 4.26s, distance = 92.79 m
For t = 4.99s, distance = 127.32 m
Now, determine the falling distance for t = 3.78s given d = 0.5*g*t^2.",73.06,gravity_constant
a4a91d08,"In Alice's Wonderland, the gravitational constant has been secretly changed. Here are some example observations:
For t = 4.5s, distance = 53.06 m
For t = 4.98s, distance = 64.98 m
For t = 1.89s, distance = 9.36 m
For t = 4.18s, distance = 45.78 m
For t = 2.55s, distance = 17.04 m
Now, determine the falling distance for t = 4.92s given d = 0.5*g*t^2.",63.43,gravity_constant
c83ef461,"In Alice's Wonderland, the gravitational constant has been secretly changed. Here are some example observations:
For t = 3.09s, distance = 55.11 m
For t = 2.83s, distance = 46.23 m
For t = 4.86s, distance = 136.34 m
For t = 1.24s, distance = 8.88 m
For t = 2.92s, distance = 49.22 m
Now, determine the falling distance for t = 3.91s given d = 0.5*g*t^2.",88.25,gravity_constant
114a7439,"In Alice's Wonderland, a secret bit manipulation rule transforms 8-bit binary numbers. The transformation involves operations like bit shifts, rotations, XOR, AND, OR, NOT, and possibly majority or choice functions.

Here are some examples of input -> output:
10101100 -> 01100101
00100011 -> 00011001
10111001 -> 10001101
01110100 -> 10100011
11000000 -> 00000110
00001110 -> 01110000
10011001 -> 10001100

Now, determine the output for: 00111110",01110001,bit_manipulation
9108ad00,"In Alice's Wonderland, secret encryption rules are used on text. Here are some examples:
pexkwey sbiibvn pwe oxthkxi abby -> teacher follows the magical door
lyhmkenn vxpkwen fer -> princess watches key
pgypie neen pwe vhne qbbf -> turtle sees the wise book
kxp ayexon pwe nhicey oennxte -> cat dreams the silver message
Now, decrypt the following text: pexkwey sbgma qerbma kxnpie",teacher found beyond castle,text_encryption
fd663423,"In Alice's Wonderland, the gravitational constant has been secretly changed. Here are some example observations:
For t = 2.4s, distance = 23.67 m
For t = 2.48s, distance = 25.27 m
For t = 3.62s, distance = 53.85 m
For t = 1.91s, distance = 14.99 m
For t = 4.06s, distance = 67.74 m
Now, determine the falling distance for t = 4.22s given d = 0.5*g*t^2.",73.18,gravity_constant
fc83f7b4,"In Alice's Wonderland, numbers are secretly converted into a different numeral system. Some examples are given below:
42 -> XLII
27 -> XXVII
52 -> LII
27 -> XXVII
Now, write the number 7 in the Wonderland numeral system.",VII,numeral_system
79c84e68,"In Alice's Wonderland, secret encryption rules are used on text. Here are some examples:
qhl gnccnbw vtonak wqjnnc -> cat follows beyond school
ljt wluhart iudaqtww wlykdtw -> the strange princess studies
qhl dehrdatw ljt khup quowlhc -> cat imagines the dark crystal
Now, decrypt the following text: enywt wttw ljt ehrdqhc quowlhc",mouse sees the magical crystal,text_encryption
343095d3,"In Alice's Wonderland, a secret bit manipulation rule transforms 8-bit binary numbers. The transformation involves operations like bit shifts, rotations, XOR, AND, OR, NOT, and possibly majority or choice functions.

Here are some examples of input -> output:
01100111 -> 10001110
11011100 -> 00111001
01101111 -> 00001110
10010010 -> 00000101
00101101 -> 00001010
01001001 -> 00000010
01000110 -> 10001100
00000001 -> 00000010
10101100 -> 00011001
01100011 -> 11000110

Now, determine the output for: 01111010",01010100,bit_manipulation
f598a715,"In Alice's Wonderland, secret encryption rules are used on text. Here are some examples:
ayerwm ufqtmqz mwq uhqcqf aqv -> knight creates the clever key
nfeyuqzz zqqz yqtf silymtey -> princess sees near mountain
mwq svzmqfeilz wtmmqf jihhigz -> the mysterious hatter follows
ayerwm xftgz tfilyx ezhtyx -> knight draws around island
Now, decrypt the following text: mwq xtfa defx xezuicqfz",the dark bird discovers,text_encryption
ddb4bc42,"In Alice's Wonderland, a secret unit conversion is applied to measurements. For example:
14.66 m becomes 13.17
36.51 m becomes 32.81
13.54 m becomes 12.17
Now, convert the following measurement: 35.63 m",32.01,unit_conversion
9da4282a,"In Alice's Wonderland, the gravitational constant has been secretly changed. Here are some example observations:
For t = 3.52s, distance = 33.86 m
For t = 4.43s, distance = 53.63 m
For t = 2.94s, distance = 23.62 m
For t = 1.18s, distance = 3.81 m
For t = 3.59s, distance = 35.22 m
Now, determine the falling distance for t = 3.91s given d = 0.5*g*t^2.",41.78,gravity_constant
e03315c8,"In Alice's Wonderland, numbers are secretly converted into a different numeral system. Some examples are given below:
13 -> XIII
96 -> XCVI
48 -> XLVIII
Now, write the number 7 in the Wonderland numeral system.",VII,numeral_system
cb2d7718,"In Alice's Wonderland, numbers are secretly converted into a different numeral system. Some examples are given below:
27 -> XXVII
60 -> LX
1 -> I
Now, write the number 52 in the Wonderland numeral system.",LII,numeral_system
81042133,"In Alice's Wonderland, the gravitational constant has been secretly changed. Here are some example observations:
For t = 1.5s, distance = 20.68 m
For t = 4.78s, distance = 209.99 m
For t = 4.54s, distance = 189.43 m
For t = 2.69s, distance = 66.5 m
For t = 4.04s, distance = 150.01 m
Now, determine the falling distance for t = 4.07s given d = 0.5*g*t^2.",152.24,gravity_constant
37d90651,"In Alice's Wonderland, a secret unit conversion is applied to measurements. For example:
23.89 m becomes 29.42
11.9 m becomes 14.65
32.31 m becomes 39.79
28.43 m becomes 35.01
Now, convert the following measurement: 14.14 m",17.41,unit_conversion
7672adf0,"In Alice's Wonderland, secret encryption rules are used on text. Here are some examples:
irqibz uqzkizs idz fqxpdi hraabz -> turtle creates the bright puzzle
kbxuz vqxizs kfgoz egrcikxc -> alice writes above mountain
idz dxllzc qkffxi szzs -> the hidden rabbit sees
jrzzc lxsugozqs exqqgq -> queen discovers mirror
tcxpdi ygrcl kfgoz ygqzsi -> knight found above forest
Now, decrypt the following text: jrzzc lxsugozqs fggt",queen discovers book,text_encryption
a4dd4cce,"In Alice's Wonderland, a secret bit manipulation rule transforms 8-bit binary numbers. The transformation involves operations like bit shifts, rotations, XOR, AND, OR, NOT, and possibly majority or choice functions.

Here are some examples of input -> output:
11010110 -> 01100110
10101111 -> 11110101
01011000 -> 10000010
11010010 -> 00100110
11110101 -> 01010111
11100011 -> 00110111
11110111 -> 01110111
01101010 -> 10100011

Now, determine the output for: 01001011",10110010,bit_manipulation
f7f91582,"In Alice's Wonderland, numbers are secretly converted into a different numeral system. Some examples are given below:
74 -> LXXIV
85 -> LXXXV
73 -> LXXIII
42 -> XLII
94 -> XCIV
Now, write the number 86 in the Wonderland numeral system.",LXXXVI,numeral_system
6b11c05f,"In Alice's Wonderland, a secret bit manipulation rule transforms 8-bit binary numbers. The transformation involves operations like bit shifts, rotations, XOR, AND, OR, NOT, and possibly majority or choice functions.

Here are some examples of input -> output:
10111110 -> 00001111
00001110 -> 10000011
00101101 -> 00000011
10110101 -> 01000101
00101110 -> 10001011
11101100 -> 00011011
11101110 -> 10001011

Now, determine the output for: 10001001",00100010,bit_manipulation
e9461e93,"In Alice's Wonderland, a secret unit conversion is applied to measurements. For example:
25.03 m becomes 28.93
23.91 m becomes 27.64
25.59 m becomes 29.58
Now, convert the following measurement: 29.08 m",33.61,unit_conversion
0da5e774,"In Alice's Wonderland, numbers are secretly converted into a different numeral system. Some examples are given below:
79 -> LXXIX
15 -> XV
1 -> I
99 -> XCIX
Now, write the number 89 in the Wonderland numeral system.",LXXXIX,numeral_system
42cb233d,"In Alice's Wonderland, a secret set of transformation rules is applied to equations. Below are a few examples:
81*84 = 368
17+26 = 431
41-94 = -53
Now, determine the result for: 59+29",881,equation_transform
eca3925a,"In Alice's Wonderland, the gravitational constant has been secretly changed. Here are some example observations:
For t = 2.06s, distance = 17.71 m
For t = 3.37s, distance = 47.39 m
For t = 3.72s, distance = 57.74 m
For t = 4.55s, distance = 86.38 m
For t = 1.3s, distance = 7.05 m
Now, determine the falling distance for t = 3.25s given d = 0.5*g*t^2.",44.07,gravity_constant
0e653f2b,"In Alice's Wonderland, a secret unit conversion is applied to measurements. For example:
42.89 m becomes 43.45
49.11 m becomes 49.75
37.76 m becomes 38.26
20.86 m becomes 21.13
48.22 m becomes 48.85
Now, convert the following measurement: 24.95 m",25.28,unit_conversion
ec8b4875,"In Alice's Wonderland, a secret set of transformation rules is applied to equations. Below are a few examples:
%?*:? = ?""::
""<*<% = <]]?
@:-:: = -""
Now, determine the result for: |@*<!","|""]",equation_transform
1950808e,"In Alice's Wonderland, secret encryption rules are used on text. Here are some examples:
axvfrb axvnh ibatx krxthm -> dragon draws under forest
met qvfdpvc mtvpetx xtvah -> the magical teacher reads
sdbf nvmpeth otzrba qribmvdb -> king watches beyond mountain
sdbf kriba dbhdat jdccvft -> king found inside village
Now, decrypt the following text: mixmct hmiadth btvx dhcvba",turtle studies near island,text_encryption
ad789984,"In Alice's Wonderland, numbers are secretly converted into a different numeral system. Some examples are given below:
23 -> XXIII
51 -> LI
92 -> XCII
Now, write the number 44 in the Wonderland numeral system.",XLIV,numeral_system
98f3c5cf,"In Alice's Wonderland, numbers are secretly converted into a different numeral system. Some examples are given below:
9 -> IX
84 -> LXXXIV
44 -> XLIV
Now, write the number 44 in the Wonderland numeral system.",XLIV,numeral_system
8f16da79,"In Alice's Wonderland, a secret unit conversion is applied to measurements. For example:
35.89 m becomes 26.17
21.79 m becomes 15.89
33.74 m becomes 24.61
Now, convert the following measurement: 22.67 m",16.53,unit_conversion
e3fbc768,"In Alice's Wonderland, a secret set of transformation rules is applied to equations. Below are a few examples:
??/:^ = ){)?
:'`^) = [
{!`)( = %
Now, determine the result for: {%/??",'(^),equation_transform
6cc5dafb,"In Alice's Wonderland, a secret set of transformation rules is applied to equations. Below are a few examples:
>&-'& = #%
)#\^( = ##']
))-&^ = "")
>#\""& = ^#)
Now, determine the result for: ^&!>)",)(,equation_transform
2764222d,"In Alice's Wonderland, secret encryption rules are used on text. Here are some examples:
awxxo jfiqzuxti sdr -> queen discovers map
khx iktdovx qdk ikwjfxi -> the strange cat studies
lfov ndkqhxi khtzwvh nzojxtmdoj -> king watches through wonderland
kwtkmx ixxi rzkfzo -> turtle sees potion
Now, decrypt the following text: eftj jtdni khx nfix ikztc",bird draws the wise story,text_encryption
d5a03a2e,"In Alice's Wonderland, a secret set of transformation rules is applied to equations. Below are a few examples:
?{+&% = @/^
!?)>^ = &
@{`&/ = ?!{
^{`?? = &>
Now, determine the result for: """")&&",>>,equation_transform
eea91b82,"In Alice's Wonderland, a secret bit manipulation rule transforms 8-bit binary numbers. The transformation involves operations like bit shifts, rotations, XOR, AND, OR, NOT, and possibly majority or choice functions.

Here are some examples of input -> output:
10110011 -> 10001111
11000010 -> 01011111
00001101 -> 11010100
10010000 -> 01011111
00101001 -> 11111101
10000100 -> 11111110
00111010 -> 10100001
00000000 -> 11111111
10100000 -> 11010111
11000001 -> 10000111

Now, determine the output for: 11110101",00101111,bit_manipulation
13912aeb,"In Alice's Wonderland, secret encryption rules are used on text. Here are some examples:
aofvwsll rjxvy tus bfls pca -> princess found the wise map
mxssv wosctsl cgjzs rjoslt -> queen creates above forest
gfoy rjkkjbl tus hjkysv hcoysv -> bird follows the golden garden
tus bfls mxssv snakjosl -> the wise queen explores
gfoy rjxvy tus cvwfsvt psllchs -> bird found the ancient message
Now, decrypt the following text: tus ycoi ckfws yflwjzsol",the dark alice discovers,text_encryption
4736daab,"In Alice's Wonderland, a secret bit manipulation rule transforms 8-bit binary numbers. The transformation involves operations like bit shifts, rotations, XOR, AND, OR, NOT, and possibly majority or choice functions.

Here are some examples of input -> output:
00111101 -> 11010001
11001101 -> 11010110
01100111 -> 01110011
01001011 -> 10110010
11101110 -> 11100111
00110010 -> 00100001
10111011 -> 10110101
10011011 -> 10110100
01000101 -> 01010010

Now, determine the output for: 11110100",01000111,bit_manipulation
288437a0,"In Alice's Wonderland, numbers are secretly converted into a different numeral system. Some examples are given below:
58 -> LVIII
67 -> LXVII
57 -> LVII
1 -> I
37 -> XXXVII
Now, write the number 1 in the Wonderland numeral system.",I,numeral_system
a919756f,"In Alice's Wonderland, numbers are secretly converted into a different numeral system. Some examples are given below:
14 -> XIV
16 -> XVI
61 -> LXI
5 -> V
71 -> LXXI
Now, write the number 93 in the Wonderland numeral system.",XCIII,numeral_system
96c231d2,"In Alice's Wonderland, secret encryption rules are used on text. Here are some examples:
thul luvai ykx coxexu bvq -> bird draws the clever map
luvsdm lhicdexui ykx ixcuxy qrwwox -> dragon discovers the secret puzzle
ykx sdolxm yruyox ixxi -> the golden turtle sees
Now, decrypt the following text: ahwvul luvai cupiyvo",wizard draws crystal,text_encryption
bdd2f990,"In Alice's Wonderland, the gravitational constant has been secretly changed. Here are some example observations:
For t = 4.72s, distance = 84.84 m
For t = 3.94s, distance = 59.12 m
For t = 3.63s, distance = 50.18 m
For t = 3.65s, distance = 50.73 m
Now, determine the falling distance for t = 2.47s given d = 0.5*g*t^2.",23.23,gravity_constant
8bebef83,"In Alice's Wonderland, a secret set of transformation rules is applied to equations. Below are a few examples:
55{76 = 4180
75{33 = 2475
95*43 = 9
73/97 = 169
Now, determine the result for: 44{77",3388,equation_transform
62daec42,"In Alice's Wonderland, secret encryption rules are used on text. Here are some examples:
bcal cvgmcdhj edlha pxahjq -> bird imagines under forest
jqelhdq uacqhj cdjclh mgalhd -> student writes inside garden
rgq jhhj jqxai -> cat sees story
gycrh cvgmcdhj qkh jcyzha mgalhd -> alice imagines the silver garden
wcdm pxedl qkh ryhzha vhjjgmh -> king found the clever message
Now, decrypt the following text: wcdm pxyyxuj whi",king follows key,text_encryption
ac2189ae,"In Alice's Wonderland, the gravitational constant has been secretly changed. Here are some example observations:
For t = 4.31s, distance = 141.51 m
For t = 4.9s, distance = 182.91 m
For t = 3.31s, distance = 83.46 m
For t = 2.76s, distance = 58.03 m
Now, determine the falling distance for t = 4.56s given d = 0.5*g*t^2.",158.41,gravity_constant
22045c05,"In Alice's Wonderland, secret encryption rules are used on text. Here are some examples:
utlfmo ztklqkw wqmtx -> dragon creates story
anof wqiunkw ummt -> king studies door
qdk etnfdq qklzdkt kycsmtkw -> the bright teacher explores
Now, decrypt the following text: pikko vmiou akx",queen found key,text_encryption
efc2b69d,"In Alice's Wonderland, a secret bit manipulation rule transforms 8-bit binary numbers. The transformation involves operations like bit shifts, rotations, XOR, AND, OR, NOT, and possibly majority or choice functions.

Here are some examples of input -> output:
00101110 -> 11000101
11101001 -> 00111101
11110000 -> 00011110
00100001 -> 00100100
00111111 -> 11100111
10001110 -> 11010001
11011101 -> 10111011

Now, determine the output for: 11100101",10111100,bit_manipulation
1b3891f3,"In Alice's Wonderland, secret encryption rules are used on text. Here are some examples:
cpr tyxig rmz cxqbyxd vzk -> cat found the curious key
jbqg tyxig rmz picbzir cpdrlz -> bird found the ancient castle
cpr qzpgd rmz cylyqtxl jyyv -> cat reads the colorful book
uqbiczdd qzpgd bi ryezq -> princess reads in tower
ebnpqg gqzpad gyyq -> wizard dreams door
Now, decrypt the following text: rmz clzhzq mprrzq bapobizd",the clever hatter imagines,text_encryption
44415184,"In Alice's Wonderland, the gravitational constant has been secretly changed. Here are some example observations:
For t = 3.79s, distance = 57.1 m
For t = 3.75s, distance = 55.9 m
For t = 3.36s, distance = 44.88 m
For t = 3.24s, distance = 41.73 m
For t = 2.3s, distance = 21.03 m
Now, determine the falling distance for t = 1.74s given d = 0.5*g*t^2.",12.04,gravity_constant
6799cb43,"In Alice's Wonderland, the gravitational constant has been secretly changed. Here are some example observations:
For t = 3.93s, distance = 92.56 m
For t = 2.71s, distance = 44.01 m
For t = 2.88s, distance = 49.71 m
For t = 1.16s, distance = 8.06 m
For t = 4.83s, distance = 139.81 m
Now, determine the falling distance for t = 1.01s given d = 0.5*g*t^2.",6.11,gravity_constant
a794d193,"In Alice's Wonderland, a secret bit manipulation rule transforms 8-bit binary numbers. The transformation involves operations like bit shifts, rotations, XOR, AND, OR, NOT, and possibly majority or choice functions.

Here are some examples of input -> output:
00011110 -> 00111100
11101010 -> 11010011
10111001 -> 01110111
10011011 -> 00110010
01011000 -> 10110010
10011010 -> 00110000
11111010 -> 11110011
01101100 -> 11011011

Now, determine the output for: 10101100",01011101,bit_manipulation
0f7ddd75,"In Alice's Wonderland, a secret bit manipulation rule transforms 8-bit binary numbers. The transformation involves operations like bit shifts, rotations, XOR, AND, OR, NOT, and possibly majority or choice functions.

Here are some examples of input -> output:
01110101 -> 11111111
10111001 -> 11110110
10110110 -> 11111110
01100100 -> 11011001
00100111 -> 11011110
00001100 -> 00111000
11011111 -> 11111111
01001100 -> 10111001
00101011 -> 11111110
01010010 -> 11101101

Now, determine the output for: 00111001",11110110,bit_manipulation
27cec7a9,"In Alice's Wonderland, a secret set of transformation rules is applied to equations. Below are a few examples:
62!34 = 95
17%40 = %23
52:35 = 5235
52%99 = %47
90:55 = 9055
Now, determine the result for: 33:41",3341,equation_transform
a6704625,"In Alice's Wonderland, a secret bit manipulation rule transforms 8-bit binary numbers. The transformation involves operations like bit shifts, rotations, XOR, AND, OR, NOT, and possibly majority or choice functions.

Here are some examples of input -> output:
00010001 -> 11001110
01111000 -> 10001111
01100101 -> 01101111
10111000 -> 00010111
10001000 -> 01110111
01111100 -> 11001111
10100100 -> 11111101
01100111 -> 01001111
01110101 -> 01001110
11010001 -> 01011010

Now, determine the output for: 01000111",00001101,bit_manipulation
6ff5f86d,"In Alice's Wonderland, numbers are secretly converted into a different numeral system. Some examples are given below:
69 -> LXIX
65 -> LXV
52 -> LII
Now, write the number 14 in the Wonderland numeral system.",XIV,numeral_system
19291958,"In Alice's Wonderland, numbers are secretly converted into a different numeral system. Some examples are given below:
62 -> LXII
25 -> XXV
29 -> XXIX
1 -> I
92 -> XCII
Now, write the number 87 in the Wonderland numeral system.",LXXXVII,numeral_system
d117113e,"In Alice's Wonderland, a secret bit manipulation rule transforms 8-bit binary numbers. The transformation involves operations like bit shifts, rotations, XOR, AND, OR, NOT, and possibly majority or choice functions.

Here are some examples of input -> output:
10010011 -> 00000000
00111111 -> 00001111
00001000 -> 00000000
10110110 -> 00001001
11011010 -> 00100100
00111100 -> 00001110
10001101 -> 00000010
00000110 -> 00000001

Now, determine the output for: 01010101",00000000,bit_manipulation
4aeed935,"In Alice's Wonderland, a secret set of transformation rules is applied to equations. Below are a few examples:
24*74 = 7424
75+78 = 7875
31+96 = 9631
07-19 = -12
Now, determine the result for: 55*14",1455,equation_transform
c04024c2,"In Alice's Wonderland, the gravitational constant has been secretly changed. Here are some example observations:
For t = 2.79s, distance = 46.29 m
For t = 4.15s, distance = 102.42 m
For t = 4.08s, distance = 98.99 m
Now, determine the falling distance for t = 4.93s given d = 0.5*g*t^2.",144.53,gravity_constant
6f7a9048,"In Alice's Wonderland, a secret bit manipulation rule transforms 8-bit binary numbers. The transformation involves operations like bit shifts, rotations, XOR, AND, OR, NOT, and possibly majority or choice functions.

Here are some examples of input -> output:
10111110 -> 10111111
01001000 -> 10100100
00011000 -> 10001100
01100010 -> 00010001
01111111 -> 11001111
11111110 -> 10011111
10001111 -> 10110111
00101110 -> 11110111
01101011 -> 10000101
01000110 -> 01000011

Now, determine the output for: 01010000",00101000,bit_manipulation
4246eb0b,"In Alice's Wonderland, the gravitational constant has been secretly changed. Here are some example observations:
For t = 1.39s, distance = 8.45 m
For t = 1.24s, distance = 6.72 m
For t = 3.5s, distance = 53.55 m
For t = 4.85s, distance = 102.82 m
Now, determine the falling distance for t = 1.32s given d = 0.5*g*t^2.",7.62,gravity_constant
8740ed31,"In Alice's Wonderland, a secret bit manipulation rule transforms 8-bit binary numbers. The transformation involves operations like bit shifts, rotations, XOR, AND, OR, NOT, and possibly majority or choice functions.

Here are some examples of input -> output:
00100110 -> 00010000
01010101 -> 10101010
01100011 -> 00011000
10011010 -> 01010001
10011011 -> 11011001
11010000 -> 00001000
00111101 -> 10001110

Now, determine the output for: 11001101",01101000,bit_manipulation
4688f0fa,"In Alice's Wonderland, the gravitational constant has been secretly changed. Here are some example observations:
For t = 4.81s, distance = 155.31 m
For t = 4.99s, distance = 167.16 m
For t = 3.53s, distance = 83.65 m
Now, determine the falling distance for t = 2.67s given d = 0.5*g*t^2.",47.86,gravity_constant
095b3eab,"In Alice's Wonderland, secret encryption rules are used on text. Here are some examples:
imwwlx hxlmfg fsxxax -> hatter dreams mirror
mrsvl xlmhg scgshl rszxmxe -> alice reads inside library
mrsvl xlmhg clmx umrrle -> alice reads near valley
fangl panch wil gwxmckl zaab -> mouse found the strange book
gwnhlcw hxlmfg dawsac -> student dreams potion
Now, decrypt the following text: bcskiw hxmjg wil vnxsang dawsac",knight draws the curious potion,text_encryption
522f94ac,"In Alice's Wonderland, secret encryption rules are used on text. Here are some examples:
qrxxvf vircvwkm crqpkw -> rabbit imagines garden
averqp mkkm fjk avmk zrmftk -> wizard sees the wise castle
fjk rwzvkwf qrxxvf qkrpm -> the ancient rabbit reads
rtvzk pvmzbhkqm rxbhk tvxqrqg -> alice discovers above library
Now, decrypt the following text: fjk prql pqrcbw dbttbam",the dark dragon follows,text_encryption
5473bb28,"In Alice's Wonderland, secret encryption rules are used on text. Here are some examples:
shaqnhg khhk eagyhi -> teacher sees garden
fgtiqhkk ytkqjchgk snh ejlyhi yjjg -> princess discovers the golden door
fgtiqhkk ojlljdk snh khqghs ksjgm -> princess follows the secret story
gabbts txaetihk snh ktlchg zhm -> rabbit imagines the silver key
ygaeji dgtshk xaf -> dragon writes map
Now, decrypt the following text: xjwkh ygadk bhmjiy kqnjjl",mouse draws beyond school,text_encryption
1cf8fadd,"In Alice's Wonderland, numbers are secretly converted into a different numeral system. Some examples are given below:
90 -> XC
70 -> LXX
96 -> XCVI
57 -> LVII
Now, write the number 51 in the Wonderland numeral system.",LI,numeral_system
fb623471,"In Alice's Wonderland, a secret set of transformation rules is applied to equations. Below are a few examples:
84*57 = 1063
67-37 = 3
77*65 = 3134
Now, determine the result for: 08-29",-21,equation_transform
b2285221,"In Alice's Wonderland, numbers are secretly converted into a different numeral system. Some examples are given below:
81 -> LXXXI
54 -> LIV
81 -> LXXXI
72 -> LXXII
83 -> LXXXIII
Now, write the number 47 in the Wonderland numeral system.",XLVII,numeral_system
88b43464,"In Alice's Wonderland, a secret set of transformation rules is applied to equations. Below are a few examples:
34*04 = 0271
85*32 = 4331
15-15 = 0
97*77 = 3806
76+05 = 0576
Now, determine the result for: 11+53",5311,equation_transform
209c43f0,"In Alice's Wonderland, a secret set of transformation rules is applied to equations. Below are a few examples:
10^12 = 21
92!90 = 8280
98^33 = 130
48:26 = 22
Now, determine the result for: 18^84",101,equation_transform
eee99d16,"In Alice's Wonderland, the gravitational constant has been secretly changed. Here are some example observations:
For t = 3.44s, distance = 63.78 m
For t = 4.17s, distance = 93.73 m
For t = 4.09s, distance = 90.17 m
For t = 4.07s, distance = 89.29 m
For t = 3.61s, distance = 70.24 m
Now, determine the falling distance for t = 3.93s given d = 0.5*g*t^2.",83.25,gravity_constant
af593008,"In Alice's Wonderland, secret encryption rules are used on text. Here are some examples:
auz ytiaxhori zlo ioaroz juryog -> cat discovers the secret garden
zlo axwxrnvw zvrzwo brtzoi -> the colorful turtle writes
uwtao yroufi ftrrxr -> alice dreams mirror
yrujxg izvytoi tg auho -> dragon studies in cave
Now, decrypt the following text: sgtjlz aluioi ioaroz",knight chases secret,text_encryption
cb7e15f1,"In Alice's Wonderland, secret encryption rules are used on text. Here are some examples:
knsvg htwyd sy nsiekej -> alice found in library
bxg vtntehwn knsvg pbwdsgp -> the colorful alice studies
xkbbge zesbgp bxg dkel qkm -> hatter writes the dark map
Now, decrypt the following text: bxg psnrge lysaxb degkqp",the silver knight dreams,text_encryption
3a221bb6,"In Alice's Wonderland, secret encryption rules are used on text. Here are some examples:
vuq yfwvtibhw kttj -> cat discovers book
qeb yuhj qbuvebh fzulfdbw -> the dark teacher imagines
yhultd nhfqbw qeb zawqbhftcw otqftd -> dragon writes the mysterious potion
vuq gtpptnw fdwfyb iuppba -> cat follows inside valley
Now, decrypt the following text: wqcybdq bsopthbw cdybh vuwqpb",student explores under castle,text_encryption
8ac52d78,"In Alice's Wonderland, a secret bit manipulation rule transforms 8-bit binary numbers. The transformation involves operations like bit shifts, rotations, XOR, AND, OR, NOT, and possibly majority or choice functions.

Here are some examples of input -> output:
00010110 -> 01000000
00000010 -> 00000000
01110011 -> 00100000
00111011 -> 00100000
11010101 -> 00010000
10011110 -> 11000000
10101101 -> 10010000
11101101 -> 10010000

Now, determine the output for: 11100001",00010000,bit_manipulation
677055ae,"In Alice's Wonderland, a secret unit conversion is applied to measurements. For example:
43.13 m becomes 23.31
38.17 m becomes 20.63
35.46 m becomes 19.17
5.94 m becomes 3.21
36.6 m becomes 19.78
Now, convert the following measurement: 46.38 m",25.07,unit_conversion
f507b7f1,"In Alice's Wonderland, a secret bit manipulation rule transforms 8-bit binary numbers. The transformation involves operations like bit shifts, rotations, XOR, AND, OR, NOT, and possibly majority or choice functions.

Here are some examples of input -> output:
11000100 -> 11011100
11101010 -> 00011101
00111011 -> 11001111
01000010 -> 11101110
10101000 -> 00011101
01101100 -> 00101111
10111100 -> 11111111

Now, determine the output for: 11000110",11001100,bit_manipulation
51ac2b8c,"In Alice's Wonderland, the gravitational constant has been secretly changed. Here are some example observations:
For t = 2.43s, distance = 29.29 m
For t = 1.26s, distance = 7.87 m
For t = 4.72s, distance = 110.51 m
For t = 3.51s, distance = 61.11 m
Now, determine the falling distance for t = 4.79s given d = 0.5*g*t^2.",113.81,gravity_constant
4c3c612c,"In Alice's Wonderland, a secret unit conversion is applied to measurements. For example:
20.18 m becomes 37.89
18.5 m becomes 34.73
23.16 m becomes 43.48
Now, convert the following measurement: 6.49 m",12.18,unit_conversion
606609ad,"In Alice's Wonderland, secret encryption rules are used on text. Here are some examples:
egyv nyfrdfz daf urignrk zfnyfd -> bird creates the magical secret
dsydkf nyfrdfz daf imkvfx nrzdkf -> turtle creates the golden castle
daf zgktfy oygxnfzz vyrwz -> the silver princess draws
nrd wygdfz daf wgzf bfl -> cat writes the wise key
daf agvvfx nrd pmsxv -> the hidden cat found
Now, decrypt the following text: daf nmkmypsk umszf zffz",the colorful mouse sees,text_encryption
fd5bb962,"In Alice's Wonderland, a secret unit conversion is applied to measurements. For example:
5.65 m becomes 11.20
38.16 m becomes 75.63
44.1 m becomes 87.40
15.39 m becomes 30.50
18.54 m becomes 36.74
Now, convert the following measurement: 37.06 m",73.45,unit_conversion
e040cfe6,"In Alice's Wonderland, secret encryption rules are used on text. Here are some examples:
cbz tuinmur vnip piedr -> the curious bird draws
cbz ehtnzhc becczi pizekr -> the ancient hatter dreams
cbz dnrz tec wmuhp -> the wise cat found
Now, decrypt the following text: ohnfbc piedr cbz kjrczinmur pmmi",knight draws the mysterious door,text_encryption
305e1cb5,"In Alice's Wonderland, a secret unit conversion is applied to measurements. For example:
31.32 m becomes 19.85
19.96 m becomes 12.65
18.81 m becomes 11.92
5.18 m becomes 3.28
14.44 m becomes 9.15
Now, convert the following measurement: 24.09 m",15.27,unit_conversion
0b1e1afc,"In Alice's Wonderland, the gravitational constant has been secretly changed. Here are some example observations:
For t = 2.13s, distance = 16.24 m
For t = 1.56s, distance = 8.71 m
For t = 1.12s, distance = 4.49 m
For t = 1.88s, distance = 12.65 m
For t = 1.26s, distance = 5.68 m
Now, determine the falling distance for t = 4.67s given d = 0.5*g*t^2.",78.08,gravity_constant
3fca2abc,"In Alice's Wonderland, numbers are secretly converted into a different numeral system. Some examples are given below:
1 -> I
62 -> LXII
15 -> XV
5 -> V
64 -> LXIV
Now, write the number 73 in the Wonderland numeral system.",LXXIII,numeral_system
37c4e709,"In Alice's Wonderland, a secret unit conversion is applied to measurements. For example:
38.82 m becomes 32.29
33.16 m becomes 27.58
42.2 m becomes 35.10
Now, convert the following measurement: 39.87 m",33.17,unit_conversion
90b06730,"In Alice's Wonderland, secret encryption rules are used on text. Here are some examples:
elssjm jdtuxmjn tarruj -> hatter explores puzzle
sej gxubjh sjliejm bmlcn -> the golden teacher draws
samsuj yxahb sej nkufjm ojz -> turtle found the silver key
ohkges yxuuxcn kh ukvmlmz -> knight follows in library
sej cknj okhg jdtuxmjn -> the wise king explores
Now, decrypt the following text: tmkhijnn nsabkjn lmxahb ilfj",princess studies around cave,text_encryption
d9a4924d,"In Alice's Wonderland, a secret unit conversion is applied to measurements. For example:
8.81 m becomes 12.95
39.14 m becomes 57.53
40.2 m becomes 59.09
49.96 m becomes 73.43
17.77 m becomes 26.12
Now, convert the following measurement: 36.21 m",53.22,unit_conversion
d129b085,"In Alice's Wonderland, a secret set of transformation rules is applied to equations. Below are a few examples:
@\+!"" = `$$
#\+>! = \@
<@*>"" = @#`]
!]*@] = #>``
Now, determine the result for: !>+`""",##$,equation_transform
050492a9,"In Alice's Wonderland, a secret unit conversion is applied to measurements. For example:
8.79 m becomes 16.10
29.18 m becomes 53.44
22.55 m becomes 41.30
37.35 m becomes 68.41
Now, convert the following measurement: 39.89 m",73.06,unit_conversion
e78796d3,"In Alice's Wonderland, the gravitational constant has been secretly changed. Here are some example observations:
For t = 3.53s, distance = 87.86 m
For t = 2.98s, distance = 62.61 m
For t = 2.94s, distance = 60.94 m
For t = 4.26s, distance = 127.95 m
For t = 4.08s, distance = 117.37 m
Now, determine the falling distance for t = 4.74s given d = 0.5*g*t^2.",158.41,gravity_constant
368f20dd,"In Alice's Wonderland, a secret bit manipulation rule transforms 8-bit binary numbers. The transformation involves operations like bit shifts, rotations, XOR, AND, OR, NOT, and possibly majority or choice functions.

Here are some examples of input -> output:
00000100 -> 00100000
11100110 -> 00111110
11000101 -> 00100100
00111101 -> 11101011
00101110 -> 01110010
10110111 -> 10110011
11101111 -> 01110110
00110111 -> 10111011
11111010 -> 11011111

Now, determine the output for: 01010000",10000101,bit_manipulation
7b060b56,"In Alice's Wonderland, the gravitational constant has been secretly changed. Here are some example observations:
For t = 3.72s, distance = 38.49 m
For t = 4.23s, distance = 49.77 m
For t = 4.46s, distance = 55.33 m
For t = 3.53s, distance = 34.66 m
Now, determine the falling distance for t = 2.85s given d = 0.5*g*t^2.",22.59,gravity_constant
0c4e7430,"In Alice's Wonderland, numbers are secretly converted into a different numeral system. Some examples are given below:
85 -> LXXXV
18 -> XVIII
4 -> IV
Now, write the number 46 in the Wonderland numeral system.",XLVI,numeral_system
1e6792e6,"In Alice's Wonderland, a secret unit conversion is applied to measurements. For example:
40.4 m becomes 25.40
10.9 m becomes 6.85
25.54 m becomes 16.06
Now, convert the following measurement: 48.19 m",30.30,unit_conversion
c87a87ec,"In Alice's Wonderland, a secret unit conversion is applied to measurements. For example:
48.64 m becomes 36.19
35.29 m becomes 26.26
23.96 m becomes 17.83
Now, convert the following measurement: 37.72 m",28.07,unit_conversion
8c352bcf,"In Alice's Wonderland, numbers are secretly converted into a different numeral system. Some examples are given below:
96 -> XCVI
45 -> XLV
74 -> LXXIV
39 -> XXXIX
Now, write the number 14 in the Wonderland numeral system.",XIV,numeral_system
e582df31,"In Alice's Wonderland, a secret set of transformation rules is applied to equations. Below are a few examples:
}#[""' = :@}'
]]!^"" = #""
]/?}] = ?@#
Now, determine the result for: ""'?]@",}@,equation_transform
f67b8172,"In Alice's Wonderland, the gravitational constant has been secretly changed. Here are some example observations:
For t = 2.07s, distance = 31.6 m
For t = 4.25s, distance = 133.21 m
For t = 4.45s, distance = 146.04 m
For t = 4.72s, distance = 164.3 m
Now, determine the falling distance for t = 1.81s given d = 0.5*g*t^2.",24.16,gravity_constant
826b7024,"In Alice's Wonderland, a secret unit conversion is applied to measurements. For example:
49.55 m becomes 38.30
12.64 m becomes 9.77
40.35 m becomes 31.19
20.29 m becomes 15.68
Now, convert the following measurement: 12.4 m",9.59,unit_conversion
98724121,"In Alice's Wonderland, secret encryption rules are used on text. Here are some examples:
kwj bfhg kjfiwjh ihjfkjl -> the dark teacher creates
kwj qhuxwk hfqquk bhjfml -> the bright rabbit dreams
wfkkjh buliodjhl gjn -> hatter discovers key
Now, decrypt the following text: kwj wubbjc wfkkjh ihjfkjl",the hidden hatter creates,text_encryption
f622a8c3,"In Alice's Wonderland, a secret unit conversion is applied to measurements. For example:
7.75 m becomes 11.28
45.2 m becomes 65.77
33.89 m becomes 49.32
42.46 m becomes 61.79
33.39 m becomes 48.59
Now, convert the following measurement: 32.05 m",46.64,unit_conversion
5e84cf1a,"In Alice's Wonderland, secret encryption rules are used on text. Here are some examples:
qdavbh arsvadyc nypkdf oanxsxp -> knight imagines beyond library
soaiy xysfc ixpchso -> alice reads crystal
hby fsxq soaiy facikgyxc -> the dark alice discovers
soaiy arsvadyc edfyx hklyx -> alice imagines under tower
Now, decrypt the following text: mxadiycc yjmokxyc mkhakd",princess explores potion,text_encryption
a77be9fa,"In Alice's Wonderland, a secret set of transformation rules is applied to equations. Below are a few examples:
(^&$"" = [}\
\^!^[ = {[}
""$|:^ = ^\
Now, determine the result for: {>|$[","[""",equation_transform
cd84db78,"In Alice's Wonderland, a secret unit conversion is applied to measurements. For example:
16.81 m becomes 21.85
44.65 m becomes 58.04
26.41 m becomes 34.33
33.52 m becomes 43.58
14.1 m becomes 18.33
Now, convert the following measurement: 22.63 m",29.42,unit_conversion
b7b61c0b,"In Alice's Wonderland, the gravitational constant has been secretly changed. Here are some example observations:
For t = 1.53s, distance = 8.36 m
For t = 3.1s, distance = 34.32 m
For t = 4.49s, distance = 72.0 m
Now, determine the falling distance for t = 3.02s given d = 0.5*g*t^2.",32.57,gravity_constant
5a19f71a,"In Alice's Wonderland, a secret bit manipulation rule transforms 8-bit binary numbers. The transformation involves operations like bit shifts, rotations, XOR, AND, OR, NOT, and possibly majority or choice functions.

Here are some examples of input -> output:
10001001 -> 01101100
00111100 -> 01100001
10110101 -> 00001101
01010000 -> 10000010
11000100 -> 10100110
11110101 -> 00001111
11000011 -> 01111110
01111000 -> 11000011

Now, determine the output for: 01001100",11100010,bit_manipulation
c455f908,"In Alice's Wonderland, secret encryption rules are used on text. Here are some examples:
lymmx emjiu unteh -> queen reads story
ndm atpimx unyimxn unyivmu -> the golden student studies
ndm atpimx lymmx wtpptru -> the golden queen follows
fvxa wtyxi btnvtx -> king found potion
Now, decrypt the following text: nyenpm gemjnmu fmh",turtle creates key,text_encryption
1a6c0053,"In Alice's Wonderland, the gravitational constant has been secretly changed. Here are some example observations:
For t = 2.16s, distance = 14.66 m
For t = 1.41s, distance = 6.25 m
For t = 1.93s, distance = 11.71 m
Now, determine the falling distance for t = 1.06s given d = 0.5*g*t^2.",3.53,gravity_constant
78d02fc5,"In Alice's Wonderland, a secret bit manipulation rule transforms 8-bit binary numbers. The transformation involves operations like bit shifts, rotations, XOR, AND, OR, NOT, and possibly majority or choice functions.

Here are some examples of input -> output:
01010011 -> 01110010
00010010 -> 00110111
00110011 -> 11110011
11101000 -> 01011101
11001010 -> 01010101
00101110 -> 11000111
00101011 -> 10010011
00011010 -> 00010111
11100100 -> 01101101

Now, determine the output for: 11011101",11001001,bit_manipulation
4166067c,"In Alice's Wonderland, a secret bit manipulation rule transforms 8-bit binary numbers. The transformation involves operations like bit shifts, rotations, XOR, AND, OR, NOT, and possibly majority or choice functions.

Here are some examples of input -> output:
01100101 -> 01011001
11110111 -> 01111101
01100110 -> 10011001
01110110 -> 10011101
11101101 -> 01111011
11000001 -> 01110000
00110101 -> 01001101

Now, determine the output for: 11011011",01110110,bit_manipulation
b2cbea0f,"In Alice's Wonderland, the gravitational constant has been secretly changed. Here are some example observations:
For t = 1.88s, distance = 25.57 m
For t = 2.52s, distance = 45.95 m
For t = 4.56s, distance = 150.45 m
For t = 2.21s, distance = 35.34 m
Now, determine the falling distance for t = 4.94s given d = 0.5*g*t^2.",176.57,gravity_constant
8e922a3a,"In Alice's Wonderland, the gravitational constant has been secretly changed. Here are some example observations:
For t = 1.23s, distance = 11.23 m
For t = 1.3s, distance = 12.54 m
For t = 3.71s, distance = 102.17 m
For t = 4.77s, distance = 168.9 m
For t = 1.18s, distance = 10.34 m
Now, determine the falling distance for t = 1.49s given d = 0.5*g*t^2.",16.48,gravity_constant
4027a3ae,"In Alice's Wonderland, secret encryption rules are used on text. Here are some examples:
txcv dupjazdo hgd ohzscvd lxzzaz -> king explores the strange mirror
hrzhjd izseo xc jxyzszk -> turtle draws in library
larod xlsvxcdo hzdsorzd -> mouse imagines treasure
Now, decrypt the following text: ohridch zdsio prmmjd",student reads puzzle,text_encryption
4601649f,"In Alice's Wonderland, the gravitational constant has been secretly changed. Here are some example observations:
For t = 4.29s, distance = 90.1 m
For t = 4.19s, distance = 85.95 m
For t = 1.62s, distance = 12.85 m
For t = 3.72s, distance = 67.75 m
For t = 3.38s, distance = 55.93 m
Now, determine the falling distance for t = 4.38s given d = 0.5*g*t^2.",93.92,gravity_constant
49fb46e8,"In Alice's Wonderland, a secret bit manipulation rule transforms 8-bit binary numbers. The transformation involves operations like bit shifts, rotations, XOR, AND, OR, NOT, and possibly majority or choice functions.

Here are some examples of input -> output:
00001100 -> 00110000
11001010 -> 00101110
01000110 -> 00011010
01100001 -> 10000111
01110010 -> 11001011
01100010 -> 10001011
11010111 -> 01011010

Now, determine the output for: 11010010",01001110,bit_manipulation
e3b8096e,"In Alice's Wonderland, the gravitational constant has been secretly changed. Here are some example observations:
For t = 4.67s, distance = 87.62 m
For t = 4.24s, distance = 72.23 m
For t = 3.68s, distance = 54.41 m
For t = 1.38s, distance = 7.65 m
Now, determine the falling distance for t = 2.7s given d = 0.5*g*t^2.",29.29,gravity_constant
63b63698,"In Alice's Wonderland, a secret unit conversion is applied to measurements. For example:
48.87 m becomes 92.28
6.4 m becomes 12.08
14.9 m becomes 28.13
Now, convert the following measurement: 9.62 m",18.16,unit_conversion
00208201,"In Alice's Wonderland, a secret unit conversion is applied to measurements. For example:
10.08 m becomes 6.69
17.83 m becomes 11.83
35.85 m becomes 23.79
17.06 m becomes 11.32
31.54 m becomes 20.93
Now, convert the following measurement: 25.09 m",16.65,unit_conversion
f7074a8f,"In Alice's Wonderland, numbers are secretly converted into a different numeral system. Some examples are given below:
53 -> LIII
30 -> XXX
45 -> XLV
Now, write the number 79 in the Wonderland numeral system.",LXXIX,numeral_system
105255db,"In Alice's Wonderland, numbers are secretly converted into a different numeral system. Some examples are given below:
3 -> III
98 -> XCVIII
56 -> LVI
Now, write the number 49 in the Wonderland numeral system.",XLIX,numeral_system
985ec868,"In Alice's Wonderland, a secret unit conversion is applied to measurements. For example:
25.54 m becomes 40.17
20.79 m becomes 32.70
13.6 m becomes 21.39
21.18 m becomes 33.31
43.48 m becomes 68.38
Now, convert the following measurement: 29.36 m",46.18,unit_conversion
779bb1f3,"In Alice's Wonderland, a secret bit manipulation rule transforms 8-bit binary numbers. The transformation involves operations like bit shifts, rotations, XOR, AND, OR, NOT, and possibly majority or choice functions.

Here are some examples of input -> output:
00010000 -> 00000000
00000010 -> 10000000
00010101 -> 01000000
00101110 -> 10000000
11110011 -> 11000001
10101010 -> 10000001
00011100 -> 00000000

Now, determine the output for: 10100010",10000001,bit_manipulation
2bd4edeb,"In Alice's Wonderland, secret encryption rules are used on text. Here are some examples:
fje qewnef nkvvpf wnekfeq -> the secret rabbit creates
kapwe xnekzq zkb -> alice dreams map
ftnfae wjkqeq pcqpxe dknxec -> turtle chases inside garden
rpcd goaaouq fje upqe bofpoc -> king follows the wise potion
Now, decrypt the following text: fje upqe jkffen xnkuq",the wise hatter draws,text_encryption
9a291cc3,"In Alice's Wonderland, a secret unit conversion is applied to measurements. For example:
49.09 m becomes 42.78
18.2 m becomes 15.86
22.25 m becomes 19.39
32.08 m becomes 27.95
46.44 m becomes 40.47
Now, convert the following measurement: 45.39 m",39.55,unit_conversion
e2b02e13,"In Alice's Wonderland, a secret bit manipulation rule transforms 8-bit binary numbers. The transformation involves operations like bit shifts, rotations, XOR, AND, OR, NOT, and possibly majority or choice functions.

Here are some examples of input -> output:
01111000 -> 00001111
10100011 -> 01110100
10110110 -> 11010110
00100111 -> 01100100
01000100 -> 10001000
10100100 -> 10010100
01111110 -> 11001111
01000001 -> 00101000
00110001 -> 00100110

Now, determine the output for: 11110011",01111110,bit_manipulation
354e4fb6,"In Alice's Wonderland, numbers are secretly converted into a different numeral system. Some examples are given below:
53 -> LIII
57 -> LVII
16 -> XVI
Now, write the number 89 in the Wonderland numeral system.",LXXXIX,numeral_system
ca9db731,"In Alice's Wonderland, a secret unit conversion is applied to measurements. For example:
24.51 m becomes 34.78
14.88 m becomes 21.12
27.73 m becomes 39.35
36.38 m becomes 51.63
Now, convert the following measurement: 25.61 m",36.34,unit_conversion
3dd50b34,"In Alice's Wonderland, numbers are secretly converted into a different numeral system. Some examples are given below:
19 -> XIX
4 -> IV
21 -> XXI
83 -> LXXXIII
Now, write the number 73 in the Wonderland numeral system.",LXXIII,numeral_system
dbc31a23,"In Alice's Wonderland, the gravitational constant has been secretly changed. Here are some example observations:
For t = 4.67s, distance = 78.78 m
For t = 4.81s, distance = 83.57 m
For t = 3.73s, distance = 50.26 m
Now, determine the falling distance for t = 2.79s given d = 0.5*g*t^2.",28.12,gravity_constant
f8d6abd1,"In Alice's Wonderland, a secret set of transformation rules is applied to equations. Below are a few examples:
36:34 = 1223
59:82 = 4837
34%21 = 55
Now, determine the result for: 63:88",5543,equation_transform
1d79fe85,"In Alice's Wonderland, secret encryption rules are used on text. Here are some examples:
xgbbdc hznuljdcn bxd qvnbdczlfn qdnngod -> hatter discovers the mysterious message
bxd ulylcefy izko elfkh -> the colorful king found
bxd xzhhdk xgbbdc hcdgqn -> the hidden hatter dreams
xgbbdc hcdgqn tlli -> hatter dreams book
Now, decrypt the following text: cgttzb uxgndn zk ogchdk",rabbit chases in garden,text_encryption
3d6a080f,"In Alice's Wonderland, the gravitational constant has been secretly changed. Here are some example observations:
For t = 1.05s, distance = 10.78 m
For t = 1.76s, distance = 30.28 m
For t = 2.44s, distance = 58.2 m
For t = 2.5s, distance = 61.1 m
Now, determine the falling distance for t = 1.92s given d = 0.5*g*t^2.",36.04,gravity_constant
21245d76,"In Alice's Wonderland, a secret bit manipulation rule transforms 8-bit binary numbers. The transformation involves operations like bit shifts, rotations, XOR, AND, OR, NOT, and possibly majority or choice functions.

Here are some examples of input -> output:
00101100 -> 01011011
11110101 -> 11011111
01111101 -> 10110111
11000010 -> 10011110
00000110 -> 11100100
11101110 -> 00111110
10011100 -> 11001001
11111000 -> 01101111

Now, determine the output for: 11011011",01111111,bit_manipulation
4ed6b56f,"In Alice's Wonderland, a secret set of transformation rules is applied to equations. Below are a few examples:
`'+:' = (`]
]:*}> = !""(/
:}*:' = :/(/
>]-(( = '!
Now, determine the result for: !:*`(","(""/""",equation_transform
1df786ed,"In Alice's Wonderland, secret encryption rules are used on text. Here are some examples:
wlmg telpzc ymhze aboozj -> king writes under valley
ibppze czzc rleene -> hatter sees mirror
cpyhzmp zxsonezc piz czfezp czfezp -> student explores the secret secret
qyzzm fibczc lm fbaz -> queen chases in cave
Now, decrypt the following text: piz rbglfbo cpyhzmp hebtc",the magical student draws,text_encryption
328f099c,"In Alice's Wonderland, a secret unit conversion is applied to measurements. For example:
16.01 m becomes 13.51
37.44 m becomes 31.60
33.37 m becomes 28.17
Now, convert the following measurement: 26.64 m",22.49,unit_conversion
0aaf8d39,"In Alice's Wonderland, numbers are secretly converted into a different numeral system. Some examples are given below:
51 -> LI
84 -> LXXXIV
20 -> XX
Now, write the number 61 in the Wonderland numeral system.",LXI,numeral_system
f1e4b165,"In Alice's Wonderland, a secret unit conversion is applied to measurements. For example:
14.37 m becomes 17.41
13.22 m becomes 16.02
33.87 m becomes 41.04
Now, convert the following measurement: 21.91 m",26.55,unit_conversion
e0eba119,"In Alice's Wonderland, a secret bit manipulation rule transforms 8-bit binary numbers. The transformation involves operations like bit shifts, rotations, XOR, AND, OR, NOT, and possibly majority or choice functions.

Here are some examples of input -> output:
01011001 -> 01001000
00111111 -> 10000001
10110001 -> 10001101
01010001 -> 00001000
11101001 -> 00001101
11101000 -> 00000111
00000010 -> 00010000

Now, determine the output for: 01010010",00010010,bit_manipulation
6df4b5e1,"In Alice's Wonderland, the gravitational constant has been secretly changed. Here are some example observations:
For t = 3.14s, distance = 37.8 m
For t = 1.59s, distance = 9.69 m
For t = 4.91s, distance = 92.42 m
For t = 4.63s, distance = 82.18 m
For t = 4.63s, distance = 82.18 m
Now, determine the falling distance for t = 4.87s given d = 0.5*g*t^2.",90.92,gravity_constant
55014a7a,"In Alice's Wonderland, a secret bit manipulation rule transforms 8-bit binary numbers. The transformation involves operations like bit shifts, rotations, XOR, AND, OR, NOT, and possibly majority or choice functions.

Here are some examples of input -> output:
10111100 -> 11000010
11110001 -> 00000111
01001100 -> 00000000
01000101 -> 00010100
10010101 -> 01010000
11010011 -> 00001101
11011000 -> 00000001
00001100 -> 00000000

Now, determine the output for: 00110101",01010000,bit_manipulation
c8d6d308,"In Alice's Wonderland, a secret unit conversion is applied to measurements. For example:
47.83 m becomes 61.99
22.28 m becomes 28.88
37.64 m becomes 48.78
33.12 m becomes 42.93
Now, convert the following measurement: 42.36 m",54.90,unit_conversion
73a82df5,"In Alice's Wonderland, the gravitational constant has been secretly changed. Here are some example observations:
For t = 3.88s, distance = 43.91 m
For t = 2.18s, distance = 13.86 m
For t = 1.11s, distance = 3.59 m
For t = 4.65s, distance = 63.07 m
Now, determine the falling distance for t = 3.76s given d = 0.5*g*t^2.",41.24,gravity_constant
8d5d4262,"In Alice's Wonderland, the gravitational constant has been secretly changed. Here are some example observations:
For t = 4.31s, distance = 158.17 m
For t = 1.93s, distance = 31.72 m
For t = 2.55s, distance = 55.37 m
For t = 1.86s, distance = 29.46 m
For t = 1.22s, distance = 12.67 m
Now, determine the falling distance for t = 2.5s given d = 0.5*g*t^2.",53.22,gravity_constant
eba7b40a,"In Alice's Wonderland, secret encryption rules are used on text. Here are some examples:
bdzcodg hzbcodv sdmeit ecdzi -> teacher watches beyond ocean
czb cgdzbdv bod zicydib xqffnd -> cat creates the ancient puzzle
kyij gdztv bgdzvqgd -> king reads treasure
reqvd vbqtydv sdmeit vcoeen -> mouse studies beyond school
Now, decrypt the following text: bod jentdi czb vddv",the golden cat sees,text_encryption
ef904eeb,"In Alice's Wonderland, a secret unit conversion is applied to measurements. For example:
40.99 m becomes 31.36
30.07 m becomes 23.01
18.83 m becomes 14.41
Now, convert the following measurement: 42.2 m",32.29,unit_conversion
0fe06e8c,"In Alice's Wonderland, a secret bit manipulation rule transforms 8-bit binary numbers. The transformation involves operations like bit shifts, rotations, XOR, AND, OR, NOT, and possibly majority or choice functions.

Here are some examples of input -> output:
11001000 -> 10000011
11101101 -> 11010011
01001101 -> 11010001
11010110 -> 01100011
11010101 -> 01010011
01011000 -> 10000001
01001010 -> 10100001
00001111 -> 11110000
11010000 -> 00000011
00000111 -> 01110000

Now, determine the output for: 10111001",10010010,bit_manipulation
f53719ce,"In Alice's Wonderland, a secret unit conversion is applied to measurements. For example:
35.59 m becomes 36.63
14.12 m becomes 14.53
32.72 m becomes 33.68
Now, convert the following measurement: 26.6 m",27.38,unit_conversion
75421960,"In Alice's Wonderland, numbers are secretly converted into a different numeral system. Some examples are given below:
57 -> LVII
56 -> LVI
93 -> XCIII
Now, write the number 34 in the Wonderland numeral system.",XXXIV,numeral_system
11a3d729,"In Alice's Wonderland, numbers are secretly converted into a different numeral system. Some examples are given below:
23 -> XXIII
86 -> LXXXVI
84 -> LXXXIV
12 -> XII
Now, write the number 32 in the Wonderland numeral system.",XXXII,numeral_system
8387401f,"In Alice's Wonderland, the gravitational constant has been secretly changed. Here are some example observations:
For t = 3.01s, distance = 83.32 m
For t = 3.5s, distance = 112.66 m
For t = 1.83s, distance = 30.8 m
For t = 1.32s, distance = 16.02 m
For t = 1.51s, distance = 20.97 m
Now, determine the falling distance for t = 4.39s given d = 0.5*g*t^2.",177.24,gravity_constant
5ba5b166,"In Alice's Wonderland, numbers are secretly converted into a different numeral system. Some examples are given below:
85 -> LXXXV
36 -> XXXVI
22 -> XXII
Now, write the number 49 in the Wonderland numeral system.",XLIX,numeral_system
e04f0fb4,"In Alice's Wonderland, numbers are secretly converted into a different numeral system. Some examples are given below:
38 -> XXXVIII
22 -> XXII
47 -> XLVII
Now, write the number 68 in the Wonderland numeral system.",LXVIII,numeral_system
4a7f0ede,"In Alice's Wonderland, numbers are secretly converted into a different numeral system. Some examples are given below:
60 -> LX
57 -> LVII
12 -> XII
Now, write the number 68 in the Wonderland numeral system.",LXVIII,numeral_system
b414004c,"In Alice's Wonderland, a secret unit conversion is applied to measurements. For example:
45.1 m becomes 62.50
46.77 m becomes 64.81
19.02 m becomes 26.36
8.5 m becomes 11.78
Now, convert the following measurement: 49.26 m",68.26,unit_conversion
89af5175,"In Alice's Wonderland, the gravitational constant has been secretly changed. Here are some example observations:
For t = 3.76s, distance = 125.71 m
For t = 1.35s, distance = 16.21 m
For t = 2.61s, distance = 60.57 m
For t = 3.2s, distance = 91.05 m
For t = 4.99s, distance = 221.4 m
Now, determine the falling distance for t = 1.83s given d = 0.5*g*t^2.",29.78,gravity_constant
476f0bb7,"In Alice's Wonderland, numbers are secretly converted into a different numeral system. Some examples are given below:
48 -> XLVIII
86 -> LXXXVI
36 -> XXXVI
51 -> LI
Now, write the number 76 in the Wonderland numeral system.",LXXVI,numeral_system
6e318a02,"In Alice's Wonderland, numbers are secretly converted into a different numeral system. Some examples are given below:
67 -> LXVII
99 -> XCIX
19 -> XIX
60 -> LX
62 -> LXII
Now, write the number 22 in the Wonderland numeral system.",XXII,numeral_system
8e715328,"In Alice's Wonderland, numbers are secretly converted into a different numeral system. Some examples are given below:
1 -> I
11 -> XI
66 -> LXVI
Now, write the number 49 in the Wonderland numeral system.",XLIX,numeral_system
539bea51,"In Alice's Wonderland, a secret unit conversion is applied to measurements. For example:
31.5 m becomes 30.52
41.1 m becomes 39.82
46.31 m becomes 44.86
Now, convert the following measurement: 41.92 m",40.61,unit_conversion
f8fc43d2,"In Alice's Wonderland, a secret bit manipulation rule transforms 8-bit binary numbers. The transformation involves operations like bit shifts, rotations, XOR, AND, OR, NOT, and possibly majority or choice functions.

Here are some examples of input -> output:
11101010 -> 01101101
10110110 -> 10011000
11111111 -> 11000000
01000111 -> 00101011
10000000 -> 00100100
11110111 -> 10000010
01101111 -> 01100000
10110101 -> 10000000

Now, determine the output for: 01111111",11100100,bit_manipulation
208d7838,"In Alice's Wonderland, a secret set of transformation rules is applied to equations. Below are a few examples:
#}+{% = }$$
%#*%[ = &:[[
}%-&[ = [$
<&+:$ = :#
}%*&# = }[$%
Now, determine the result for: [&-<>",[:,equation_transform
21bd1251,"In Alice's Wonderland, secret encryption rules are used on text. Here are some examples:
amxbg idxpgq pcg ixqg wsdgqp -> alice writes the wise forest
ysjqg iapbcgq ygqqafg -> mouse watches message
pgabcgd gtemsdgq adsjlz eamabg -> teacher explores around palace
pgabcgd dgazq adsjlz baqpmg -> teacher reads around castle
ixkadz bcaqgq hgnslz xqmalz -> wizard chases beyond island
Now, decrypt the following text: pjdpmg zxqbsrgdq ejkkmg",turtle discovers puzzle,text_encryption
58c099d2,"In Alice's Wonderland, a secret set of transformation rules is applied to equations. Below are a few examples:
`|+\& = &]
`]+|^ = &|
#&-]& = -)!
Now, determine the result for: ^!-#\",-)\,equation_transform
d40ce15d,"In Alice's Wonderland, a secret bit manipulation rule transforms 8-bit binary numbers. The transformation involves operations like bit shifts, rotations, XOR, AND, OR, NOT, and possibly majority or choice functions.

Here are some examples of input -> output:
01011011 -> 01100111
01101100 -> 10111101
11100011 -> 10010000
10011100 -> 01100011
10111100 -> 11100111
01110111 -> 11010010
11010011 -> 01010110
11111100 -> 11101111
10001010 -> 00111001

Now, determine the output for: 00000100",00010000,bit_manipulation
3cb3fd89,"In Alice's Wonderland, a secret set of transformation rules is applied to equations. Below are a few examples:
@)-@\ = -)
[$*$$ = [|{\
$]+!\ = |$|
$[*$& = &@![
Now, determine the result for: ]$*$)",[[&],equation_transform
45c0e0a1,"In Alice's Wonderland, numbers are secretly converted into a different numeral system. Some examples are given below:
78 -> LXXVIII
38 -> XXXVIII
90 -> XC
66 -> LXVI
Now, write the number 35 in the Wonderland numeral system.",XXXV,numeral_system
b80a1a12,"In Alice's Wonderland, a secret unit conversion is applied to measurements. For example:
46.14 m becomes 68.62
14.86 m becomes 22.10
33.29 m becomes 49.51
21.29 m becomes 31.66
Now, convert the following measurement: 9.72 m",14.46,unit_conversion
17d4aac4,"In Alice's Wonderland, a secret unit conversion is applied to measurements. For example:
43.12 m becomes 49.25
15.18 m becomes 17.34
8.98 m becomes 10.26
13.31 m becomes 15.20
14.86 m becomes 16.97
Now, convert the following measurement: 25.25 m",28.84,unit_conversion
8a2c5a6a,"In Alice's Wonderland, the gravitational constant has been secretly changed. Here are some example observations:
For t = 2.1s, distance = 18.71 m
For t = 1.62s, distance = 11.13 m
For t = 1.12s, distance = 5.32 m
For t = 4.65s, distance = 91.72 m
For t = 2.26s, distance = 21.67 m
Now, determine the falling distance for t = 2.5s given d = 0.5*g*t^2.",26.51,gravity_constant
331f4d30,"In Alice's Wonderland, the gravitational constant has been secretly changed. Here are some example observations:
For t = 3.1s, distance = 90.98 m
For t = 1.65s, distance = 25.77 m
For t = 3.59s, distance = 122.02 m
For t = 2.17s, distance = 44.58 m
Now, determine the falling distance for t = 2.46s given d = 0.5*g*t^2.",57.29,gravity_constant
f0bc64ea,"In Alice's Wonderland, a secret unit conversion is applied to measurements. For example:
45.95 m becomes 80.36
44.32 m becomes 77.51
29.14 m becomes 50.96
47.75 m becomes 83.51
42.49 m becomes 74.31
Now, convert the following measurement: 43.36 m",75.83,unit_conversion
c711f9dd,"In Alice's Wonderland, a secret bit manipulation rule transforms 8-bit binary numbers. The transformation involves operations like bit shifts, rotations, XOR, AND, OR, NOT, and possibly majority or choice functions.

Here are some examples of input -> output:
00101110 -> 01011100
10010011 -> 00100111
10101000 -> 01010001
00100110 -> 01001100
11011111 -> 00111111
01110110 -> 01101100
10110100 -> 01101001
01110011 -> 00100110
00111000 -> 01110000

Now, determine the output for: 01100000",11000000,bit_manipulation
a26065d4,"In Alice's Wonderland, a secret set of transformation rules is applied to equations. Below are a few examples:
[|+<$ = [&
<#-'# = '
<&-<$ = <
&|+&` = <@
[`+<] = [#$
Now, determine the result for: <&+<#",<',equation_transform
a06d06a4,"In Alice's Wonderland, secret encryption rules are used on text. Here are some examples:
xpi jmna olumnj gnimxif -> the dark wizard creates
dnlygiff nimjf xpi pljjiy zkka -> princess reads the hidden book
aylspx onlxif xpi gkbknteb hiffmsi -> knight writes the colorful message
xpi olfi mblgi jlfgkqinf -> the wise alice discovers
xenxbi irdbknif xpi gkbknteb hmd -> turtle explores the colorful map
Now, decrypt the following text: pmxxin jlfgkqinf xpi olfi jkkn",hatter discovers the wise door,text_encryption
2d4c4625,"In Alice's Wonderland, the gravitational constant has been secretly changed. Here are some example observations:
For t = 1.13s, distance = 4.14 m
For t = 4.69s, distance = 71.31 m
For t = 1.53s, distance = 7.59 m
Now, determine the falling distance for t = 3.76s given d = 0.5*g*t^2.",45.83,gravity_constant
ed43dd53,"In Alice's Wonderland, the gravitational constant has been secretly changed. Here are some example observations:
For t = 2.81s, distance = 45.54 m
For t = 3.12s, distance = 56.15 m
For t = 2.63s, distance = 39.9 m
For t = 3.17s, distance = 57.96 m
Now, determine the falling distance for t = 2.32s given d = 0.5*g*t^2.",31.05,gravity_constant
01a065bb,"In Alice's Wonderland, the gravitational constant has been secretly changed. Here are some example observations:
For t = 2.28s, distance = 21.1 m
For t = 1.22s, distance = 6.04 m
For t = 1.52s, distance = 9.38 m
For t = 4.51s, distance = 82.54 m
Now, determine the falling distance for t = 3.33s given d = 0.5*g*t^2.",45.0,gravity_constant
6e6db0ef,"In Alice's Wonderland, secret encryption rules are used on text. Here are some examples:
vjkgwm udxvesu dts uecqsj bsz -> dragon studies the silver key
vjkgwm ptkusu em hwjsud -> dragon chases in forest
vjkgwm vjknu xmvsj owxmdkem -> dragon draws under mountain
vjkgwm hwccwnu kjwxmv uptwwc -> dragon follows around school
Now, decrypt the following text: ijempsuu hwxmv mskj owxmdkem",princess found near mountain,text_encryption
c7a95fda,"In Alice's Wonderland, the gravitational constant has been secretly changed. Here are some example observations:
For t = 2.31s, distance = 33.7 m
For t = 2.68s, distance = 45.36 m
For t = 3.42s, distance = 73.86 m
For t = 2.91s, distance = 53.47 m
For t = 4.74s, distance = 141.88 m
Now, determine the falling distance for t = 1.9s given d = 0.5*g*t^2.",22.8,gravity_constant
55d834d1,"In Alice's Wonderland, a secret bit manipulation rule transforms 8-bit binary numbers. The transformation involves operations like bit shifts, rotations, XOR, AND, OR, NOT, and possibly majority or choice functions.

Here are some examples of input -> output:
10100000 -> 11110101
11110011 -> 01011110
11011111 -> 10011011
00110001 -> 01101110
10001100 -> 00110111
01000010 -> 11011011
01100000 -> 11111101

Now, determine the output for: 00011100",00111111,bit_manipulation
e0d2db0b,"In Alice's Wonderland, a secret unit conversion is applied to measurements. For example:
37.75 m becomes 38.62
38.85 m becomes 39.75
28.56 m becomes 29.22
44.79 m becomes 45.82
15.79 m becomes 16.15
Now, convert the following measurement: 8.81 m",9.01,unit_conversion
94934452,"In Alice's Wonderland, a secret unit conversion is applied to measurements. For example:
29.13 m becomes 35.47
47.55 m becomes 57.89
49.37 m becomes 60.11
24.09 m becomes 29.33
Now, convert the following measurement: 44.2 m",53.82,unit_conversion
90afd579,"In Alice's Wonderland, the gravitational constant has been secretly changed. Here are some example observations:
For t = 4.22s, distance = 145.22 m
For t = 1.73s, distance = 24.41 m
For t = 1.53s, distance = 19.09 m
For t = 3.18s, distance = 82.46 m
Now, determine the falling distance for t = 2.07s given d = 0.5*g*t^2.",34.94,gravity_constant
e513f990,"In Alice's Wonderland, secret encryption rules are used on text. Here are some examples:
aoisdz wduza pjb fkbxbo ypdom -> dragon found the clever story
ceoa wdkkdvy uzabo pdvbo -> bird follows under tower
pjb ybfobp venioa aobiry -> the secret wizard dreams
Now, decrypt the following text: puopkb wduza uzabo rduzpiez",turtle found under mountain,text_encryption
277cdbcf,"In Alice's Wonderland, the gravitational constant has been secretly changed. Here are some example observations:
For t = 2.13s, distance = 40.3 m
For t = 2.76s, distance = 67.67 m
For t = 3.11s, distance = 85.92 m
For t = 3.09s, distance = 84.82 m
For t = 4.68s, distance = 194.57 m
Now, determine the falling distance for t = 2.1s given d = 0.5*g*t^2.",39.18,gravity_constant
194695e8,"In Alice's Wonderland, a secret set of transformation rules is applied to equations. Below are a few examples:
{|*<\ = {%!|
]|*!] = {<|%
]$-<% = |!
Now, determine the result for: !\-{<",%,equation_transform
4ef88f92,"In Alice's Wonderland, a secret bit manipulation rule transforms 8-bit binary numbers. The transformation involves operations like bit shifts, rotations, XOR, AND, OR, NOT, and possibly majority or choice functions.

Here are some examples of input -> output:
01101101 -> 10010111
01000001 -> 01111101
11001110 -> 01011110
10011110 -> 10111011
01111010 -> 11100111
01110101 -> 11000111
00110100 -> 01000111
01101100 -> 10010111
10010101 -> 10001001
11011000 -> 00101111

Now, determine the output for: 00110011",01010111,bit_manipulation
5d77eff6,"In Alice's Wonderland, a secret bit manipulation rule transforms 8-bit binary numbers. The transformation involves operations like bit shifts, rotations, XOR, AND, OR, NOT, and possibly majority or choice functions.

Here are some examples of input -> output:
11111101 -> 10111111
01010010 -> 00011011
00100011 -> 11011101
00001000 -> 11101111
10111110 -> 01010111
11011000 -> 01011111
10110110 -> 01010110
11110101 -> 10111110
00010010 -> 10011011
01100111 -> 11011101

Now, determine the output for: 11100001",00011100,bit_manipulation
490884a0,"In Alice's Wonderland, secret encryption rules are used on text. Here are some examples:
gspo bayel yrwka kyffai -> king reads above valley
gpsoux zwffwml raiwpe wdayp -> knight follows beyond ocean
ebyowp dbayxal xua rbsoux rwwg -> dragon creates the bright book
gspo dbayxal zwbalx -> king creates forest
Now, decrypt the following text: gpsoux zwffwml vpeab dylxfa",knight follows under castle,text_encryption
fab7251a,"In Alice's Wonderland, secret encryption rules are used on text. Here are some examples:
enibtln rukete ilbtw rkqt -> student chases under cave
nut hkdarkx kxart rwtknte -> the magical alice creates
nut uabbtl gawb baeroqtwe -> the hidden bird discovers
enibtln bwkye nut doxbtl fowten -> student draws the golden forest
Now, decrypt the following text: nut hzentwaoie niwnxt wtkbe",the mysterious turtle reads,text_encryption
1a7c8520,"In Alice's Wonderland, a secret bit manipulation rule transforms 8-bit binary numbers. The transformation involves operations like bit shifts, rotations, XOR, AND, OR, NOT, and possibly majority or choice functions.

Here are some examples of input -> output:
01101101 -> 10010011
10001000 -> 00000000
00001011 -> 00000100
00000111 -> 00001100
01011101 -> 00110010
11011101 -> 00110110
00100101 -> 00000000

Now, determine the output for: 10111000",01100000,bit_manipulation
1c671acc,"In Alice's Wonderland, a secret bit manipulation rule transforms 8-bit binary numbers. The transformation involves operations like bit shifts, rotations, XOR, AND, OR, NOT, and possibly majority or choice functions.

Here are some examples of input -> output:
10110010 -> 11011101
10010011 -> 11011100
00100000 -> 10000001
01101100 -> 11110011
11110000 -> 11000111
00000111 -> 00111100
00011011 -> 11111100
11011101 -> 11111110
11111000 -> 11100111

Now, determine the output for: 00101011",11111101,bit_manipulation
21e2511d,"In Alice's Wonderland, the gravitational constant has been secretly changed. Here are some example observations:
For t = 2.59s, distance = 16.8 m
For t = 2.64s, distance = 17.46 m
For t = 2.98s, distance = 22.25 m
Now, determine the falling distance for t = 4.45s given d = 0.5*g*t^2.",49.61,gravity_constant
51ccb149,"In Alice's Wonderland, the gravitational constant has been secretly changed. Here are some example observations:
For t = 3.51s, distance = 112.28 m
For t = 2.59s, distance = 61.14 m
For t = 4.25s, distance = 164.62 m
Now, determine the falling distance for t = 4.81s given d = 0.5*g*t^2.",210.86,gravity_constant
499b6f06,"In Alice's Wonderland, numbers are secretly converted into a different numeral system. Some examples are given below:
84 -> LXXXIV
75 -> LXXV
93 -> XCIII
2 -> II
92 -> XCII
Now, write the number 8 in the Wonderland numeral system.",VIII,numeral_system
2f7b6e82,"In Alice's Wonderland, the gravitational constant has been secretly changed. Here are some example observations:
For t = 3.93s, distance = 103.47 m
For t = 2.73s, distance = 49.93 m
For t = 4.8s, distance = 154.35 m
For t = 2.86s, distance = 54.8 m
For t = 3.17s, distance = 67.32 m
Now, determine the falling distance for t = 1.45s given d = 0.5*g*t^2.",14.08,gravity_constant
5b30b755,"In Alice's Wonderland, the gravitational constant has been secretly changed. Here are some example observations:
For t = 2.77s, distance = 50.23 m
For t = 3.65s, distance = 87.21 m
For t = 4.48s, distance = 131.39 m
For t = 4.27s, distance = 119.36 m
Now, determine the falling distance for t = 1.36s given d = 0.5*g*t^2.",12.11,gravity_constant
5d499a7b,"In Alice's Wonderland, a secret unit conversion is applied to measurements. For example:
16.45 m becomes 29.60
31.86 m becomes 57.33
48.86 m becomes 87.93
Now, convert the following measurement: 42.98 m",77.34,unit_conversion
0b2877ce,"In Alice's Wonderland, numbers are secretly converted into a different numeral system. Some examples are given below:
58 -> LVIII
32 -> XXXII
20 -> XX
Now, write the number 40 in the Wonderland numeral system.",XL,numeral_system
ccff9e13,"In Alice's Wonderland, secret encryption rules are used on text. Here are some examples:
acskqoee hcpne jsccxc -> princess draws mirror
pisqo lxvkh eoqcow -> alice found secret
wuo hpcz hcprxk lxvkh -> the dark dragon found
nsypch ncswoe vkhoc seipkh -> wizard writes under island
Now, decrypt the following text: cpffsw lxiixne wuo eoqcow fxxz",rabbit follows the secret book,text_encryption
528ec0d8,"In Alice's Wonderland, a secret set of transformation rules is applied to equations. Below are a few examples:
38(96 = 3648
13(43 = 559
42#38 = 81
41(94 = 3854
Now, determine the result for: 11-50",-39,equation_transform
65044291,"In Alice's Wonderland, the gravitational constant has been secretly changed. Here are some example observations:
For t = 2.89s, distance = 64.6 m
For t = 4.97s, distance = 191.05 m
For t = 2.53s, distance = 49.51 m
For t = 2.46s, distance = 46.81 m
Now, determine the falling distance for t = 4.12s given d = 0.5*g*t^2.",131.29,gravity_constant
ad121190,"In Alice's Wonderland, numbers are secretly converted into a different numeral system. Some examples are given below:
28 -> XXVIII
3 -> III
63 -> LXIII
52 -> LII
99 -> XCIX
Now, write the number 77 in the Wonderland numeral system.",LXXVII,numeral_system
c9c5c755,"In Alice's Wonderland, numbers are secretly converted into a different numeral system. Some examples are given below:
72 -> LXXII
59 -> LIX
74 -> LXXIV
77 -> LXXVII
Now, write the number 42 in the Wonderland numeral system.",XLII,numeral_system
4bb8c6cd,"In Alice's Wonderland, a secret set of transformation rules is applied to equations. Below are a few examples:
`!-|: = -]!
]/-]: = `
'`-\' = -`/
]`+\| = ]`\|
]^-|/ = -`|
Now, determine the result for: ]}*\!",]}\!,equation_transform
b99c2ca0,"In Alice's Wonderland, the gravitational constant has been secretly changed. Here are some example observations:
For t = 3.31s, distance = 45.11 m
For t = 3.13s, distance = 40.34 m
For t = 4.72s, distance = 91.73 m
Now, determine the falling distance for t = 2.16s given d = 0.5*g*t^2.",19.21,gravity_constant
57712d01,"In Alice's Wonderland, a secret set of transformation rules is applied to equations. Below are a few examples:
$'+`` = ""`(
{<*/( = """"/(
!<-`` = -?
{""-'< = -{{
'<+""' = /?
Now, determine the result for: $/-'{",-/<,equation_transform
d0b6dc53,"In Alice's Wonderland, a secret unit conversion is applied to measurements. For example:
29.73 m becomes 54.76
11.18 m becomes 20.59
37.5 m becomes 69.08
43.77 m becomes 80.63
Now, convert the following measurement: 6.26 m",11.53,unit_conversion
42ebc277,"In Alice's Wonderland, secret encryption rules are used on text. Here are some examples:
qisxtovv eioufv ylo fmvyoiswjv tuvyro -> princess dreams the mysterious castle
qisxtovv odqrwiov ylo euia fuq -> princess explores the dark map
ylo trohoi yjiyro voov -> the clever turtle sees
Now, decrypt the following text: youtloi buytlov vywim",teacher watches story,text_encryption
ed5a4c11,"In Alice's Wonderland, secret encryption rules are used on text. Here are some examples:
yxobe akelyb cpbcae yxopdlcp -> mouse dreams inside mountain
die yubdekcxob qpcsid vxhhxzb -> the mysterious knight follows
die whemek klttcd acbwxmekb -> the clever rabbit discovers
Now, decrypt the following text: die wokcxob wld aklzb",the curious cat draws,text_encryption
3e60d8bf,"In Alice's Wonderland, secret encryption rules are used on text. Here are some examples:
dynix kbgixi dqffyf -> mouse chases mirror
mnxxw hynwe jbx iqlrxf pxc -> queen found the silver key
jbx aqix mnxxw qdgvqwxi -> the wise queen imagines
ijnexwj hynwe jbfynvb tglgkx -> student found through palace
Now, decrypt the following text: tfqwkxii qdgvqwxi jbx ixkfxj uyyp",princess imagines the secret book,text_encryption
d98d85c0,"In Alice's Wonderland, a secret set of transformation rules is applied to equations. Below are a few examples:
(#-`> = ''
|'-'# = ||
@&+'> = '&&&
Now, determine the result for: (@+@?",?(&@,equation_transform
b62f2e75,"In Alice's Wonderland, a secret bit manipulation rule transforms 8-bit binary numbers. The transformation involves operations like bit shifts, rotations, XOR, AND, OR, NOT, and possibly majority or choice functions.

Here are some examples of input -> output:
00100010 -> 00001000
10011111 -> 00100111
10001011 -> 00100010
11111100 -> 00111111
00111010 -> 00001110
10111010 -> 00101110
11101010 -> 00111010

Now, determine the output for: 11111101",00111111,bit_manipulation
eebbd231,"In Alice's Wonderland, a secret unit conversion is applied to measurements. For example:
13.15 m becomes 10.38
32.25 m becomes 25.46
8.71 m becomes 6.88
Now, convert the following measurement: 7.24 m",5.72,unit_conversion
7ed40e8a,"In Alice's Wonderland, a secret set of transformation rules is applied to equations. Below are a few examples:
56*48 = 2688
81/77 = /4
16&69 = 84
Now, determine the result for: 99&82",180,equation_transform
188111de,"In Alice's Wonderland, secret encryption rules are used on text. Here are some examples:
qfeoadf qfeowaq zykqfhg -> student studies crystal
twlhyo qfeowaq qfbyk -> wizard studies story
vywdzaqq oyhtq wd ihggak -> princess draws in valley
vywdzaqq qaaq wdqwoa qzpbbg -> princess sees inside school
Now, decrypt the following text: vywdzaqq thfzpaq fpybeup uhyoad",princess watches through garden,text_encryption
491b8ea5,"In Alice's Wonderland, a secret set of transformation rules is applied to equations. Below are a few examples:
!^+){ = |}
]/*|| = ]/||
]@-|] = !)
Now, determine the result for: @|-]!",)!,equation_transform
93e52b8a,"In Alice's Wonderland, numbers are secretly converted into a different numeral system. Some examples are given below:
74 -> LXXIV
19 -> XIX
39 -> XXXIX
2 -> II
91 -> XCI
Now, write the number 51 in the Wonderland numeral system.",LI,numeral_system
8463d65e,"In Alice's Wonderland, a secret unit conversion is applied to measurements. For example:
47.17 m becomes 44.17
38.51 m becomes 36.06
10.22 m becomes 9.57
21.55 m becomes 20.18
43.4 m becomes 40.64
Now, convert the following measurement: 20.31 m",19.02,unit_conversion
a24ec2e5,"In Alice's Wonderland, the gravitational constant has been secretly changed. Here are some example observations:
For t = 1.9s, distance = 11.04 m
For t = 2.94s, distance = 26.44 m
For t = 4.4s, distance = 59.23 m
For t = 3.47s, distance = 36.84 m
Now, determine the falling distance for t = 4.84s given d = 0.5*g*t^2.",71.67,gravity_constant
c82c0984,"In Alice's Wonderland, the gravitational constant has been secretly changed. Here are some example observations:
For t = 4.25s, distance = 98.39 m
For t = 1.43s, distance = 11.14 m
For t = 4.21s, distance = 96.55 m
For t = 4.84s, distance = 127.61 m
For t = 1.58s, distance = 13.6 m
Now, determine the falling distance for t = 1.62s given d = 0.5*g*t^2.",14.3,gravity_constant
eb1a62f7,"In Alice's Wonderland, a secret set of transformation rules is applied to equations. Below are a few examples:
)^-{! = -(@
>)+}@ = }}{
%%+?^ = )@{
Now, determine the result for: )}*>)",>!>},equation_transform
0bb591e6,"In Alice's Wonderland, a secret set of transformation rules is applied to equations. Below are a few examples:
)(-)( = ""
&(-(( = <
$(-(% = )<
<%-%$ = ??
Now, determine the result for: ""$+%%",%?<,equation_transform
b91f7b38,"In Alice's Wonderland, numbers are secretly converted into a different numeral system. Some examples are given below:
2 -> II
89 -> LXXXIX
39 -> XXXIX
Now, write the number 8 in the Wonderland numeral system.",VIII,numeral_system
91f639c4,"In Alice's Wonderland, a secret unit conversion is applied to measurements. For example:
18.54 m becomes 20.35
36.82 m becomes 40.42
32.17 m becomes 35.32
Now, convert the following measurement: 20.04 m",22.00,unit_conversion
c869b4f6,"In Alice's Wonderland, a secret bit manipulation rule transforms 8-bit binary numbers. The transformation involves operations like bit shifts, rotations, XOR, AND, OR, NOT, and possibly majority or choice functions.

Here are some examples of input -> output:
01110100 -> 00111010
11101100 -> 01110110
10001001 -> 00000100
00001010 -> 10000101
10110011 -> 10011001
10001011 -> 10000101
00100111 -> 11010011
00100001 -> 01010000
10011001 -> 00001100

Now, determine the output for: 10100011",10010001,bit_manipulation
3c424916,"In Alice's Wonderland, a secret set of transformation rules is applied to equations. Below are a few examples:
26*84 = 5792
22+78 = 901
49*64 = 3234
Now, determine the result for: 82*55",9351,equation_transform
fbe70ef5,"In Alice's Wonderland, secret encryption rules are used on text. Here are some examples:
preeis yprqm stk msprohk wpdmsrf -> rabbit draws the strange crystal
boihts yimwcjkpm spkrmapk -> knight discovers treasure
rfiwk ypkrxm stk tiyyko ucsico -> alice dreams the hidden potion
upiowkmm wtrmkm aoykp hrpyko -> princess chases under garden
Now, decrypt the following text: msaykos msayikm ucsico",student studies potion,text_encryption
c964ad34,"In Alice's Wonderland, numbers are secretly converted into a different numeral system. Some examples are given below:
42 -> XLII
84 -> LXXXIV
10 -> X
Now, write the number 20 in the Wonderland numeral system.",XX,numeral_system
575f9709,"In Alice's Wonderland, a secret bit manipulation rule transforms 8-bit binary numbers. The transformation involves operations like bit shifts, rotations, XOR, AND, OR, NOT, and possibly majority or choice functions.

Here are some examples of input -> output:
00101111 -> 01111011
01101000 -> 01011011
11110001 -> 10111111
00011001 -> 11001110
10111110 -> 11111111
10100011 -> 00111101
10010010 -> 10110100
10010000 -> 10100100
00001101 -> 01101011

Now, determine the output for: 10101011",01111111,bit_manipulation
691608b9,"In Alice's Wonderland, a secret bit manipulation rule transforms 8-bit binary numbers. The transformation involves operations like bit shifts, rotations, XOR, AND, OR, NOT, and possibly majority or choice functions.

Here are some examples of input -> output:
10010100 -> 00100101
01011100 -> 00010111
10000100 -> 00100001
00111010 -> 00001110
01010100 -> 00010101
11111010 -> 00111110
10100110 -> 00101001
00100001 -> 00001000
10001010 -> 00100010

Now, determine the output for: 10100000",00101000,bit_manipulation
6f59b884,"In Alice's Wonderland, the gravitational constant has been secretly changed. Here are some example observations:
For t = 1.79s, distance = 8.55 m
For t = 3.82s, distance = 38.94 m
For t = 2.62s, distance = 18.32 m
Now, determine the falling distance for t = 2.96s given d = 0.5*g*t^2.",23.38,gravity_constant
7d54dff5,"In Alice's Wonderland, numbers are secretly converted into a different numeral system. Some examples are given below:
51 -> LI
16 -> XVI
48 -> XLVIII
69 -> LXIX
Now, write the number 29 in the Wonderland numeral system.",XXIX,numeral_system
09eb1f7e,"In Alice's Wonderland, a secret unit conversion is applied to measurements. For example:
31.36 m becomes 33.72
25.52 m becomes 27.44
25.64 m becomes 27.57
38.45 m becomes 41.35
27.52 m becomes 29.59
Now, convert the following measurement: 28.49 m",30.64,unit_conversion
016482c8,"In Alice's Wonderland, a secret unit conversion is applied to measurements. For example:
48.1 m becomes 62.12
25.84 m becomes 33.37
24.4 m becomes 31.51
9.65 m becomes 12.46
Now, convert the following measurement: 48.26 m",62.33,unit_conversion
a2bfdf29,"In Alice's Wonderland, secret encryption rules are used on text. Here are some examples:
kgz tvrqlvs cvwwqk qtvrqazp -> the magical rabbit imagines
lvk zoisfczp wzmfay sqwcvcm -> cat explores beyond library
kzvlgzc pknyqzp azvc kfhzc -> teacher studies near tower
kncksz pknyqzp vwfuz qpsvay -> turtle studies above island
kncksz ycvhp yffc -> turtle draws door
Now, decrypt the following text: vsqlz lczvkzp kgz yvcx pzlczk",alice creates the dark secret,text_encryption
9e25daf9,"In Alice's Wonderland, secret encryption rules are used on text. Here are some examples:
ntegjk xyqlo isyzok -> knight draws forest
kjz hvyesvo ntegjk edqgetzo -> the curious knight imagines
kjz xqyn dsvoz lqkhjzo -> the dark mouse watches
ntegjk xyzqdo xssy -> knight dreams door
jqkkzy xeohsbzyo kjz dqgehqm deyysy -> hatter discovers the magical mirror
Now, decrypt the following text: kzqhjzy yzqxo kjysvgj lstxzymqtx",teacher reads through wonderland,text_encryption
f9483351,"In Alice's Wonderland, secret encryption rules are used on text. Here are some examples:
htlfztr fzliti hzrwauz ulrytm -> teacher chases through garden
rlbbnh fzliti mtlr wftlm -> rabbit chases near ocean
crnmftii yrlji nm ulrytm -> princess draws in garden
emnuzh jlhfzti amytr wftlm -> knight watches under ocean
Now, decrypt the following text: crnmftii fzliti btkwmy clqlft",princess chases beyond palace,text_encryption
9b9ccb27,"In Alice's Wonderland, the gravitational constant has been secretly changed. Here are some example observations:
For t = 4.63s, distance = 75.24 m
For t = 1.37s, distance = 6.59 m
For t = 1.62s, distance = 9.21 m
For t = 1.78s, distance = 11.12 m
For t = 4.99s, distance = 87.39 m
Now, determine the falling distance for t = 1.81s given d = 0.5*g*t^2.",11.5,gravity_constant
427d4619,"In Alice's Wonderland, a secret unit conversion is applied to measurements. For example:
25.53 m becomes 36.55
43.49 m becomes 62.26
9.86 m becomes 14.12
42.25 m becomes 60.48
Now, convert the following measurement: 35.25 m",50.46,unit_conversion
72336119,"In Alice's Wonderland, a secret set of transformation rules is applied to equations. Below are a few examples:
77>12 = 925
99?83 = 9983
92*43 = 49
69>92 = 6349
Now, determine the result for: 85>39",3316,equation_transform
42716da3,"In Alice's Wonderland, numbers are secretly converted into a different numeral system. Some examples are given below:
18 -> XVIII
42 -> XLII
73 -> LXXIII
51 -> LI
59 -> LIX
Now, write the number 10 in the Wonderland numeral system.",X,numeral_system
202af98d,"In Alice's Wonderland, a secret bit manipulation rule transforms 8-bit binary numbers. The transformation involves operations like bit shifts, rotations, XOR, AND, OR, NOT, and possibly majority or choice functions.

Here are some examples of input -> output:
01000101 -> 01111111
00000110 -> 11000011
01000100 -> 01110111
10011001 -> 01001101
10101111 -> 11011111
10101011 -> 11110101
10001000 -> 11101111
10111001 -> 01011100
01001001 -> 00100111

Now, determine the output for: 11110010",11111101,bit_manipulation
d8b028ad,"In Alice's Wonderland, a secret unit conversion is applied to measurements. For example:
22.18 m becomes 14.01
39.4 m becomes 24.89
12.41 m becomes 7.84
10.76 m becomes 6.80
Now, convert the following measurement: 43.36 m",27.39,unit_conversion
a992d5f1,"In Alice's Wonderland, a secret unit conversion is applied to measurements. For example:
17.98 m becomes 12.84
14.35 m becomes 10.25
39.75 m becomes 28.38
Now, convert the following measurement: 18.64 m",13.31,unit_conversion
f304e11f,"In Alice's Wonderland, numbers are secretly converted into a different numeral system. Some examples are given below:
14 -> XIV
35 -> XXXV
79 -> LXXIX
75 -> LXXV
85 -> LXXXV
Now, write the number 8 in the Wonderland numeral system.",VIII,numeral_system
519b702d,"In Alice's Wonderland, a secret unit conversion is applied to measurements. For example:
8.09 m becomes 5.30
25.56 m becomes 16.74
44.12 m becomes 28.90
Now, convert the following measurement: 46.46 m",30.43,unit_conversion
3ace787f,"In Alice's Wonderland, a secret bit manipulation rule transforms 8-bit binary numbers. The transformation involves operations like bit shifts, rotations, XOR, AND, OR, NOT, and possibly majority or choice functions.

Here are some examples of input -> output:
11101100 -> 10100111
11011000 -> 00001111
11010101 -> 00100110
00101111 -> 01001101
01011001 -> 01100011
11110101 -> 00101111
11100101 -> 10101111
01100101 -> 10001111

Now, determine the output for: 01111011",11111011,bit_manipulation
084757f1,"In Alice's Wonderland, numbers are secretly converted into a different numeral system. Some examples are given below:
6 -> VI
39 -> XXXIX
3 -> III
2 -> II
61 -> LXI
Now, write the number 86 in the Wonderland numeral system.",LXXXVI,numeral_system
9a19fc2d,"In Alice's Wonderland, a secret set of transformation rules is applied to equations. Below are a few examples:
{{-># = {#
[!-)[ = !{
}/+&{ = &'
[[+') = >&
/'+// = &[[
Now, determine the result for: !&+)#",#>[,equation_transform
dc7f150a,"In Alice's Wonderland, a secret bit manipulation rule transforms 8-bit binary numbers. The transformation involves operations like bit shifts, rotations, XOR, AND, OR, NOT, and possibly majority or choice functions.

Here are some examples of input -> output:
11101001 -> 11110100
00000011 -> 10000001
11111001 -> 11111100
01001000 -> 00100100
01001110 -> 00100111
01110111 -> 10111011
10101010 -> 01010101

Now, determine the output for: 10010111",11001011,bit_manipulation
6cc637ea,"In Alice's Wonderland, secret encryption rules are used on text. Here are some examples:
zhbgk ptkmzg fmtpkv -> mouse dreams garden
gobpkvo rhbvp gohtx -> student found story
wlsmtp lzmflvkg oqk zmflemy fmtpkv -> wizard imagines the magical garden
Now, decrypt the following text: emo gobplkg oqk gotmvfk dhha",cat studies the strange book,text_encryption
5e5a5245,"In Alice's Wonderland, numbers are secretly converted into a different numeral system. Some examples are given below:
66 -> LXVI
93 -> XCIII
86 -> LXXXVI
Now, write the number 21 in the Wonderland numeral system.",XXI,numeral_system
aa248cfd,"In Alice's Wonderland, numbers are secretly converted into a different numeral system. Some examples are given below:
22 -> XXII
98 -> XCVIII
99 -> XCIX
47 -> XLVII
40 -> XL
Now, write the number 30 in the Wonderland numeral system.",XXX,numeral_system
eb6a20e4,"In Alice's Wonderland, secret encryption rules are used on text. Here are some examples:
oin ixhhnt onwyinp swoyinc -> the hidden teacher watches
oin ixhhnt zxph hpnwac -> the hidden bird dreams
oin cnypno qunnt hxcyfrnpc -> the secret queen discovers
Now, decrypt the following text: hpwbft yiwcnc xtcxhn ywrn",dragon chases inside cave,text_encryption
02356cb8,"In Alice's Wonderland, a secret unit conversion is applied to measurements. For example:
14.95 m becomes 17.94
15.99 m becomes 19.19
24.97 m becomes 29.97
15.3 m becomes 18.36
Now, convert the following measurement: 23.52 m",28.23,unit_conversion
201255d5,"In Alice's Wonderland, secret encryption rules are used on text. Here are some examples:
btnfz mtnoi pswfdja -> mouse found crystal
qeog iszjbf drz pazyzs mtszfd -> king dreams the clever forest
dnsdaz fzzf bjh -> turtle sees map
Now, decrypt the following text: drz feayzs sjuued iefptyzsf",the silver rabbit discovers,text_encryption
12e947ca,"In Alice's Wonderland, a secret bit manipulation rule transforms 8-bit binary numbers. The transformation involves operations like bit shifts, rotations, XOR, AND, OR, NOT, and possibly majority or choice functions.

Here are some examples of input -> output:
10010001 -> 00001000
00011101 -> 01001110
10010101 -> 00001010
11110001 -> 00111000
01001000 -> 00100100
01010100 -> 00101010
00010010 -> 10001001
11100101 -> 00110010
11101100 -> 01110110
10110001 -> 00011000

Now, determine the output for: 11111101",00111110,bit_manipulation
a3af84eb,"In Alice's Wonderland, numbers are secretly converted into a different numeral system. Some examples are given below:
60 -> LX
7 -> VII
100 -> C
7 -> VII
71 -> LXXI
Now, write the number 76 in the Wonderland numeral system.",LXXVI,numeral_system
2a5d4790,"In Alice's Wonderland, a secret bit manipulation rule transforms 8-bit binary numbers. The transformation involves operations like bit shifts, rotations, XOR, AND, OR, NOT, and possibly majority or choice functions.

Here are some examples of input -> output:
00000111 -> 01110011
11011110 -> 11101111
01000000 -> 00100100
01111100 -> 11111111
11100110 -> 01111111
10111100 -> 11011111
00000011 -> 00110001
00101100 -> 11010110

Now, determine the output for: 01111111",11111111,bit_manipulation
adb33564,"In Alice's Wonderland, the gravitational constant has been secretly changed. Here are some example observations:
For t = 4.92s, distance = 195.84 m
For t = 1.37s, distance = 15.19 m
For t = 4.44s, distance = 159.49 m
For t = 4.66s, distance = 175.69 m
Now, determine the falling distance for t = 3.99s given d = 0.5*g*t^2.",128.8,gravity_constant
bdc10997,"In Alice's Wonderland, numbers are secretly converted into a different numeral system. Some examples are given below:
11 -> XI
30 -> XXX
35 -> XXXV
Now, write the number 95 in the Wonderland numeral system.",XCV,numeral_system
059bced5,"In Alice's Wonderland, numbers are secretly converted into a different numeral system. Some examples are given below:
62 -> LXII
12 -> XII
94 -> XCIV
Now, write the number 63 in the Wonderland numeral system.",LXIII,numeral_system
4b9e883a,"In Alice's Wonderland, the gravitational constant has been secretly changed. Here are some example observations:
For t = 3.63s, distance = 85.83 m
For t = 4.06s, distance = 107.36 m
For t = 4.76s, distance = 147.58 m
For t = 2.5s, distance = 40.71 m
For t = 2.2s, distance = 31.53 m
Now, determine the falling distance for t = 4.08s given d = 0.5*g*t^2.",108.43,gravity_constant
59bee375,"In Alice's Wonderland, a secret bit manipulation rule transforms 8-bit binary numbers. The transformation involves operations like bit shifts, rotations, XOR, AND, OR, NOT, and possibly majority or choice functions.

Here are some examples of input -> output:
11001100 -> 10111011
11001101 -> 10011011
01110000 -> 11111110
10000110 -> 01010111
00100001 -> 11001101
10111110 -> 11010111
00110000 -> 11111110

Now, determine the output for: 10101101",10010101,bit_manipulation
528b694b,"In Alice's Wonderland, a secret set of transformation rules is applied to equations. Below are a few examples:
@>+^\ = @@^>
]@<@\ = <')
'>+^$ = @]{)
@'<)> = "")
Now, determine the result for: >]<])","""'",equation_transform
c36667cc,"In Alice's Wonderland, secret encryption rules are used on text. Here are some examples:
aupld ewsvfdl wnupyq gltwyq -> mouse watches around island
qnwzuy vndwsdl gy gltwyq -> dragon creates in island
sfd wyvgdys egjwnq outtuel -> the ancient wizard follows
fwssdn qglvuidnl sfd arlsdngupl vwlstd -> hatter discovers the mysterious castle
Now, decrypt the following text: lspqdys lspqgdl huux",student studies book,text_encryption
68450646,"In Alice's Wonderland, the gravitational constant has been secretly changed. Here are some example observations:
For t = 3.27s, distance = 41.75 m
For t = 2.5s, distance = 24.4 m
For t = 2.75s, distance = 29.53 m
Now, determine the falling distance for t = 1.97s given d = 0.5*g*t^2.",15.15,gravity_constant
3860736d,"In Alice's Wonderland, secret encryption rules are used on text. Here are some examples:
nmx gzdzewfd gbn subjsoxh -> the colorful cat imagines
cesogxhh tesnxh cznszo -> princess writes potion
nmx gdxvxe yebjzo yexbuh -> the clever dragon dreams
Now, decrypt the following text: nmx tshx nxbgmxe tesnxh",the wise teacher writes,text_encryption
ff1518be,"In Alice's Wonderland, numbers are secretly converted into a different numeral system. Some examples are given below:
46 -> XLVI
69 -> LXIX
34 -> XXXIV
79 -> LXXIX
24 -> XXIV
Now, write the number 37 in the Wonderland numeral system.",XXXVII,numeral_system
c8a8aaab,"In Alice's Wonderland, numbers are secretly converted into a different numeral system. Some examples are given below:
78 -> LXXVIII
30 -> XXX
60 -> LX
86 -> LXXXVI
92 -> XCII
Now, write the number 32 in the Wonderland numeral system.",XXXII,numeral_system
d3b20e29,"In Alice's Wonderland, a secret set of transformation rules is applied to equations. Below are a few examples:
59-11 = 48
91-22 = -3
03+35 = 3503
15+69 = 6915
Now, determine the result for: 22+39",3922,equation_transform
e125822b,"In Alice's Wonderland, numbers are secretly converted into a different numeral system. Some examples are given below:
63 -> LXIII
1 -> I
6 -> VI
88 -> LXXXVIII
Now, write the number 17 in the Wonderland numeral system.",XVII,numeral_system
e918d7a0,"In Alice's Wonderland, numbers are secretly converted into a different numeral system. Some examples are given below:
8 -> VIII
28 -> XXVIII
26 -> XXVI
33 -> XXXIII
Now, write the number 73 in the Wonderland numeral system.",LXXIII,numeral_system
d1bd7478,"In Alice's Wonderland, a secret set of transformation rules is applied to equations. Below are a few examples:
89$90 = 8010
88:77 = 11
10|87 = 98
41|87 = 129
Now, determine the result for: 37:67",30,equation_transform
21519be7,"In Alice's Wonderland, a secret set of transformation rules is applied to equations. Below are a few examples:
58@52 = 011
31>55 = 24
85>27 = 41
Now, determine the result for: 82@52",35,equation_transform
fe6d3aa3,"In Alice's Wonderland, a secret bit manipulation rule transforms 8-bit binary numbers. The transformation involves operations like bit shifts, rotations, XOR, AND, OR, NOT, and possibly majority or choice functions.

Here are some examples of input -> output:
11011001 -> 10100110
01011000 -> 10010110
01110110 -> 01111101
00001011 -> 10110010
11111001 -> 10101110
00010001 -> 00010100
10110111 -> 01011101
11010100 -> 01110101
10111011 -> 10011110
10101101 -> 11111011

Now, determine the output for: 11001001",10100010,bit_manipulation
a1d4a894,"In Alice's Wonderland, secret encryption rules are used on text. Here are some examples:
mftj dtfoyl pyllery -> bird writes message
ouy sctfbcl locjyio tyejl -> the curious student reads
zcyyi lyyl pyllery -> queen sees message
Now, decrypt the following text: ouy rbvjyi gifruo wbvvbdl",the golden knight follows,text_encryption
fb81a733,"In Alice's Wonderland, the gravitational constant has been secretly changed. Here are some example observations:
For t = 3.11s, distance = 32.4 m
For t = 2.33s, distance = 18.18 m
For t = 3.93s, distance = 51.73 m
For t = 2.23s, distance = 16.66 m
Now, determine the falling distance for t = 2.82s given d = 0.5*g*t^2.",26.64,gravity_constant
96a607cc,"In Alice's Wonderland, a secret unit conversion is applied to measurements. For example:
28.73 m becomes 39.13
31.37 m becomes 42.72
13.78 m becomes 18.77
26.27 m becomes 35.78
Now, convert the following measurement: 16.65 m",22.68,unit_conversion
3a36841a,"In Alice's Wonderland, the gravitational constant has been secretly changed. Here are some example observations:
For t = 1.58s, distance = 8.68 m
For t = 3.4s, distance = 40.21 m
For t = 1.47s, distance = 7.52 m
For t = 3.56s, distance = 44.08 m
Now, determine the falling distance for t = 3.85s given d = 0.5*g*t^2.",51.56,gravity_constant
8b929fd5,"In Alice's Wonderland, the gravitational constant has been secretly changed. Here are some example observations:
For t = 4.49s, distance = 68.18 m
For t = 5.0s, distance = 84.55 m
For t = 2.43s, distance = 19.97 m
For t = 3.83s, distance = 49.61 m
For t = 4.06s, distance = 55.75 m
Now, determine the falling distance for t = 1.59s given d = 0.5*g*t^2.",8.55,gravity_constant
42e06571,"In Alice's Wonderland, secret encryption rules are used on text. Here are some examples:
bhaagl jlqags mhsaxg -> hatter writes castle
aghmbgl klghfs wrkgl dhxhmg -> teacher dreams under palace
aghmbgl klghfs wrkgl fywrahqr -> teacher dreams under mountain
Now, decrypt the following text: prqcba sggs abg cyxkgr pgz",knight sees the golden key,text_encryption
9be2a93a,"In Alice's Wonderland, the gravitational constant has been secretly changed. Here are some example observations:
For t = 4.4s, distance = 110.83 m
For t = 2.42s, distance = 33.53 m
For t = 3.86s, distance = 85.29 m
For t = 2.68s, distance = 41.12 m
For t = 1.05s, distance = 6.31 m
Now, determine the falling distance for t = 4.12s given d = 0.5*g*t^2.",97.17,gravity_constant
ba285d3d,"In Alice's Wonderland, a secret unit conversion is applied to measurements. For example:
47.23 m becomes 56.46
5.52 m becomes 6.60
30.23 m becomes 36.14
22.38 m becomes 26.75
39.86 m becomes 47.65
Now, convert the following measurement: 12.15 m",14.52,unit_conversion
83cdf5f5,"In Alice's Wonderland, a secret unit conversion is applied to measurements. For example:
19.79 m becomes 13.45
49.8 m becomes 33.86
14.93 m becomes 10.15
Now, convert the following measurement: 43.55 m",29.61,unit_conversion
85610cf5,"In Alice's Wonderland, a secret unit conversion is applied to measurements. For example:
11.51 m becomes 12.61
28.22 m becomes 30.92
43.64 m becomes 47.81
Now, convert the following measurement: 35.58 m",38.98,unit_conversion
01248b76,"In Alice's Wonderland, a secret bit manipulation rule transforms 8-bit binary numbers. The transformation involves operations like bit shifts, rotations, XOR, AND, OR, NOT, and possibly majority or choice functions.

Here are some examples of input -> output:
01101100 -> 00011000
01010011 -> 10010110
00000000 -> 00000000
11011010 -> 00010101
00011010 -> 10010100
00000001 -> 00010010
11110110 -> 10001101
01100110 -> 10101100

Now, determine the output for: 11110010",11000101,bit_manipulation
0dfd7674,"In Alice's Wonderland, a secret bit manipulation rule transforms 8-bit binary numbers. The transformation involves operations like bit shifts, rotations, XOR, AND, OR, NOT, and possibly majority or choice functions.

Here are some examples of input -> output:
00110100 -> 01100101
00010001 -> 01100110
10011000 -> 00010110
00101111 -> 10010101
00001010 -> 10010110
01111111 -> 00100001
11001110 -> 00101111
11111001 -> 10001100
11010110 -> 00011001
00110011 -> 10101010

Now, determine the output for: 01101010",01001110,bit_manipulation
7306613b,"In Alice's Wonderland, a secret set of transformation rules is applied to equations. Below are a few examples:
59+02 = 411
91+62 = 44
94+64 = 49
86-82 = 04
39*01 = 139
Now, determine the result for: 79+65",251,equation_transform
297c5a69,"In Alice's Wonderland, secret encryption rules are used on text. Here are some examples:
uhrrj xihbkrx xrvzri -> queen studies secret
irgvcrz rqmwnzrx yrt -> teacher explores key
bzgenj rqmwnzrx icr xrvzri xrvzri -> dragon explores the secret secret
mzkjvrxx bzrgpx mniknj -> princess dreams potion
Now, decrypt the following text: uhrrj xrrx icr xizgjer bnnz",queen sees the strange door,text_encryption
539bfe7c,"In Alice's Wonderland, numbers are secretly converted into a different numeral system. Some examples are given below:
6 -> VI
90 -> XC
72 -> LXXII
Now, write the number 47 in the Wonderland numeral system.",XLVII,numeral_system
8243c91e,"In Alice's Wonderland, a secret bit manipulation rule transforms 8-bit binary numbers. The transformation involves operations like bit shifts, rotations, XOR, AND, OR, NOT, and possibly majority or choice functions.

Here are some examples of input -> output:
11011010 -> 10100100
01010100 -> 00000000
11110001 -> 00000011
10101100 -> 01000001
00000111 -> 00000000
11010010 -> 00100100
10000010 -> 00000100
11010110 -> 00100100
00000001 -> 00000000

Now, determine the output for: 10100110",01000101,bit_manipulation
fba40625,"In Alice's Wonderland, a secret set of transformation rules is applied to equations. Below are a few examples:
?>/)] = ?>)]
#?'{% = {?
>{'#^ = '&&
>>`#] = {#?>
Now, determine the result for: {>'?#",'>&,equation_transform
76983293,"In Alice's Wonderland, the gravitational constant has been secretly changed. Here are some example observations:
For t = 3.23s, distance = 100.35 m
For t = 1.88s, distance = 34.0 m
For t = 3.8s, distance = 138.89 m
Now, determine the falling distance for t = 2.82s given d = 0.5*g*t^2.",76.49,gravity_constant
9aa8dc92,"In Alice's Wonderland, a secret set of transformation rules is applied to equations. Below are a few examples:
\|+<# = \|<#
#:+#: = #:#:
/@-{/ = -\""
Now, determine the result for: /#+</",/#</,equation_transform
ef2fe526,"In Alice's Wonderland, a secret bit manipulation rule transforms 8-bit binary numbers. The transformation involves operations like bit shifts, rotations, XOR, AND, OR, NOT, and possibly majority or choice functions.

Here are some examples of input -> output:
10011100 -> 00001000
11000111 -> 00001100
01101011 -> 10010110
10010110 -> 00101000
11000100 -> 00001000
10000101 -> 00001000
11110110 -> 01101100
10000011 -> 00000000
11011101 -> 10011000

Now, determine the output for: 10101101",01011010,bit_manipulation
fc027060,"In Alice's Wonderland, a secret unit conversion is applied to measurements. For example:
47.74 m becomes 91.57
10.99 m becomes 21.08
34.71 m becomes 66.58
Now, convert the following measurement: 7.53 m",14.44,unit_conversion
c5b058d6,"In Alice's Wonderland, a secret set of transformation rules is applied to equations. Below are a few examples:
72)27 = 99
26#48 = 22
42#45 = 3
24#14 = 10
Now, determine the result for: 94)40",134,equation_transform
bae87600,"In Alice's Wonderland, secret encryption rules are used on text. Here are some examples:
ouwwa srxbwz awcr myrwzb -> queen writes near forest
bwcilwr mykkysz blw ikwpwr vxrryr -> teacher follows the clever mirror
blw vqzbwrxyuz lcbbwr xvcfxawz -> the mysterious hatter imagines
Now, decrypt the following text: gxaf srxbwz awcr myrwzb",king writes near forest,text_encryption
2e6cf33f,"In Alice's Wonderland, a secret unit conversion is applied to measurements. For example:
16.7 m becomes 24.89
9.22 m becomes 13.74
49.59 m becomes 73.90
Now, convert the following measurement: 42.27 m",62.99,unit_conversion
b4342b90,"In Alice's Wonderland, a secret set of transformation rules is applied to equations. Below are a few examples:
64\49 = 114
66%87 = 21
30%84 = 54
77\30 = 108
81)74 = 5994
Now, determine the result for: 40\25",66,equation_transform
837a6ae7,"In Alice's Wonderland, a secret set of transformation rules is applied to equations. Below are a few examples:
:@-&# = <:
&>-:< = -<:
&#+{{ = @<""
%>+&& = @@:
""#-<> = %""
Now, determine the result for: <{*:""",<>\>,equation_transform
e6de0ad5,"In Alice's Wonderland, secret encryption rules are used on text. Here are some examples:
hxrudkx qyssyvh kdnt qytdhx -> student follows near forest
xcd nkbpdkx bnx qyrku -> the ancient cat found
xcd anwpbns ayrhd panwpkdh -> the magical mouse imagines
vpontu qyrku xcd bsdedt qytdhx -> wizard found the clever forest
Now, decrypt the following text: xrtxsd uphbyedth xctyrwc ayrkxnpk",turtle discovers through mountain,text_encryption
9d3e7f1a,"In Alice's Wonderland, a secret bit manipulation rule transforms 8-bit binary numbers. The transformation involves operations like bit shifts, rotations, XOR, AND, OR, NOT, and possibly majority or choice functions.

Here are some examples of input -> output:
10111100 -> 11100010
00100001 -> 00001000
00101111 -> 01111000
11111001 -> 11001011
00111101 -> 11101000
11101001 -> 01001011
10010111 -> 10111010
10001110 -> 01110010
01101100 -> 01100001

Now, determine the output for: 10101101",01101010,bit_manipulation
00fdc0be,"In Alice's Wonderland, a secret bit manipulation rule transforms 8-bit binary numbers. The transformation involves operations like bit shifts, rotations, XOR, AND, OR, NOT, and possibly majority or choice functions.

Here are some examples of input -> output:
01101111 -> 10111111
01001110 -> 00111111
01111101 -> 11111110
10111111 -> 11111111
01101011 -> 10111101
00010101 -> 11011110
11011111 -> 11111111

Now, determine the output for: 10101111",11111111,bit_manipulation
3a7dd604,"In Alice's Wonderland, a secret bit manipulation rule transforms 8-bit binary numbers. The transformation involves operations like bit shifts, rotations, XOR, AND, OR, NOT, and possibly majority or choice functions.

Here are some examples of input -> output:
00001011 -> 10111010
01110001 -> 00000111
00110011 -> 10100110
10111111 -> 11100001
11110011 -> 11000111
00101100 -> 11101001
00000011 -> 10111110

Now, determine the output for: 01101010",01001010,bit_manipulation
d0e1010b,"In Alice's Wonderland, a secret set of transformation rules is applied to equations. Below are a few examples:
''+^> = !^&
>^+>! = !%^
'#*>| = >}&$
^'*%| = !$^#
Now, determine the result for: |&*$|",!&&},equation_transform
59aa67c2,"In Alice's Wonderland, the gravitational constant has been secretly changed. Here are some example observations:
For t = 4.89s, distance = 121.31 m
For t = 4.19s, distance = 89.06 m
For t = 2.13s, distance = 23.02 m
Now, determine the falling distance for t = 4.14s given d = 0.5*g*t^2.",86.95,gravity_constant
996b88d6,"In Alice's Wonderland, the gravitational constant has been secretly changed. Here are some example observations:
For t = 3.21s, distance = 67.03 m
For t = 1.98s, distance = 25.5 m
For t = 4.73s, distance = 145.54 m
For t = 1.04s, distance = 7.04 m
Now, determine the falling distance for t = 1.54s given d = 0.5*g*t^2.",15.43,gravity_constant
f4f41e1c,"In Alice's Wonderland, numbers are secretly converted into a different numeral system. Some examples are given below:
13 -> XIII
56 -> LVI
60 -> LX
58 -> LVIII
22 -> XXII
Now, write the number 81 in the Wonderland numeral system.",LXXXI,numeral_system
3feeabea,"In Alice's Wonderland, a secret bit manipulation rule transforms 8-bit binary numbers. The transformation involves operations like bit shifts, rotations, XOR, AND, OR, NOT, and possibly majority or choice functions.

Here are some examples of input -> output:
10000001 -> 00010010
11010000 -> 00000011
10110011 -> 00110010
11111011 -> 10110011
01001111 -> 11110001
00100101 -> 01010000
01001000 -> 10000001
10010000 -> 00000010
01010010 -> 00100001

Now, determine the output for: 10101001",10010010,bit_manipulation
3685d906,"In Alice's Wonderland, the gravitational constant has been secretly changed. Here are some example observations:
For t = 1.41s, distance = 15.2 m
For t = 2.69s, distance = 55.34 m
For t = 1.61s, distance = 19.82 m
For t = 3.36s, distance = 86.34 m
For t = 1.83s, distance = 25.61 m
Now, determine the falling distance for t = 1.07s given d = 0.5*g*t^2.",8.76,gravity_constant
c67e461d,"In Alice's Wonderland, secret encryption rules are used on text. Here are some examples:
amhir fcpes fctrbj -> alice found forest
jwr aeihrej iaj iwabrb -> the ancient cat chases
kcpbr bjpshrb kax -> mouse studies map
kcpbr itrajrb erat hbmaes -> mouse creates near island
dhts staqb britrj -> bird draws secret
Now, decrypt the following text: wajjrt bjpshrb grv",hatter studies key,text_encryption
3a322ba8,"In Alice's Wonderland, the gravitational constant has been secretly changed. Here are some example observations:
For t = 4.53s, distance = 51.97 m
For t = 4.01s, distance = 40.72 m
For t = 3.95s, distance = 39.51 m
For t = 1.12s, distance = 3.18 m
Now, determine the falling distance for t = 1.98s given d = 0.5*g*t^2.",9.93,gravity_constant
d102679b,"In Alice's Wonderland, a secret unit conversion is applied to measurements. For example:
44.72 m becomes 50.06
34.87 m becomes 39.03
10.35 m becomes 11.59
10.97 m becomes 12.28
14.59 m becomes 16.33
Now, convert the following measurement: 19.63 m",21.97,unit_conversion
0e19e1bb,"In Alice's Wonderland, a secret unit conversion is applied to measurements. For example:
44.64 m becomes 67.20
8.84 m becomes 13.31
7.77 m becomes 11.70
Now, convert the following measurement: 32.5 m",48.92,unit_conversion
3d508e3b,"In Alice's Wonderland, numbers are secretly converted into a different numeral system. Some examples are given below:
5 -> V
12 -> XII
94 -> XCIV
Now, write the number 49 in the Wonderland numeral system.",XLIX,numeral_system
9ca96a88,"In Alice's Wonderland, secret encryption rules are used on text. Here are some examples:
voasb dbqms qwojb shkooc -> mouse reads above school
zuntkl mnshojbds qdoaum tqdmbu -> knight discovers around garden
voasb slamnbs lkb hocodeac hdfslqc -> mouse studies the colorful crystal
lkb knmmbu lbqhkbd hkqsbs -> the hidden teacher chases
Now, decrypt the following text: mdqtou dbqms lkb sldqutb ldbqsadb",dragon reads the strange treasure,text_encryption
78e6dfa5,"In Alice's Wonderland, secret encryption rules are used on text. Here are some examples:
adi rcgdwu ipg aymycsxm wdv -> cat dreams the colorful map
wyxug rcgdwu ipg uqmhgc jgo -> mouse dreams the silver key
ipg rdcj zqcr cgdru -> the dark bird reads
igdapgc uixrqgu ipg kqug wqccyc -> teacher studies the wise mirror
Now, decrypt the following text: igdapgc syxfr ipg uqmhgc zyyj",teacher found the silver book,text_encryption
13c36657,"In Alice's Wonderland, the gravitational constant has been secretly changed. Here are some example observations:
For t = 2.19s, distance = 44.59 m
For t = 2.08s, distance = 40.22 m
For t = 4.8s, distance = 214.19 m
For t = 3.67s, distance = 125.21 m
Now, determine the falling distance for t = 1.03s given d = 0.5*g*t^2.",9.86,gravity_constant
f0ccc56e,"In Alice's Wonderland, the gravitational constant has been secretly changed. Here are some example observations:
For t = 2.38s, distance = 18.22 m
For t = 3.34s, distance = 35.89 m
For t = 4.57s, distance = 67.18 m
Now, determine the falling distance for t = 2.67s given d = 0.5*g*t^2.",22.93,gravity_constant
cf6dcfce,"In Alice's Wonderland, numbers are secretly converted into a different numeral system. Some examples are given below:
52 -> LII
83 -> LXXXIII
45 -> XLV
19 -> XIX
18 -> XVIII
Now, write the number 51 in the Wonderland numeral system.",LI,numeral_system
c7178491,"In Alice's Wonderland, a secret unit conversion is applied to measurements. For example:
37.95 m becomes 75.89
19.65 m becomes 39.30
12.51 m becomes 25.02
Now, convert the following measurement: 5.89 m",11.78,unit_conversion
b0e8cd3e,"In Alice's Wonderland, a secret unit conversion is applied to measurements. For example:
14.28 m becomes 19.96
23.22 m becomes 32.46
26.62 m becomes 37.21
Now, convert the following measurement: 29.35 m",41.03,unit_conversion
a33efcb6,"In Alice's Wonderland, the gravitational constant has been secretly changed. Here are some example observations:
For t = 1.78s, distance = 25.38 m
For t = 1.13s, distance = 10.23 m
For t = 3.62s, distance = 104.99 m
Now, determine the falling distance for t = 2.62s given d = 0.5*g*t^2.",55.0,gravity_constant
04f03c7e,"In Alice's Wonderland, numbers are secretly converted into a different numeral system. Some examples are given below:
54 -> LIV
85 -> LXXXV
96 -> XCVI
68 -> LXVIII
50 -> L
Now, write the number 82 in the Wonderland numeral system.",LXXXII,numeral_system
34c563c5,"In Alice's Wonderland, a secret set of transformation rules is applied to equations. Below are a few examples:
28`44 = 83`
77\54 = 221
84\34 = 19
Now, determine the result for: 45`41",04`,equation_transform
5a0d5d2a,"In Alice's Wonderland, a secret set of transformation rules is applied to equations. Below are a few examples:
27-65 = 61
47*42 = 7771
81-09 = -27
Now, determine the result for: 39+94",341,equation_transform
5a9fcf68,"In Alice's Wonderland, a secret set of transformation rules is applied to equations. Below are a few examples:
36?55 = 8?
97?14 = 83?
23?74 = 51?
Now, determine the result for: 24@28",4443,equation_transform
fad3219a,"In Alice's Wonderland, secret encryption rules are used on text. Here are some examples:
rnuyhj tipno jhf clfvfz czexjql -> knight found the clever crystal
ozqyin azujfx oiiz -> dragon writes door
aumqzo ouxcivfzx jhf qncufnj jzfqxpzf -> wizard discovers the ancient treasure
Now, decrypt the following text: xjpofnj czfqjfx oiiz",student creates door,text_encryption
6e56b39a,"In Alice's Wonderland, a secret set of transformation rules is applied to equations. Below are a few examples:
)>-]] = -#/
]&-%^ = -]>
[!-]) = -]/
!>-%/ = -[]
Now, determine the result for: &#-!]",-/#,equation_transform
888c8e78,"In Alice's Wonderland, numbers are secretly converted into a different numeral system. Some examples are given below:
85 -> LXXXV
5 -> V
12 -> XII
11 -> XI
Now, write the number 71 in the Wonderland numeral system.",LXXI,numeral_system
7bca3456,"In Alice's Wonderland, secret encryption rules are used on text. Here are some examples:
kqhfbinn eqhjin aqgvfp uhcqaqy -> princess writes around library
njvpifj pqaen fiaq hnuafp -> student draws near island
ehtaqp bqiajin cggz -> wizard creates book
zfhdxj njvphin ziy -> knight studies key
Now, decrypt the following text: mviif eajbxin hfnhpi gbiaf",queen watches inside ocean,text_encryption
9e5a758b,"In Alice's Wonderland, secret encryption rules are used on text. Here are some examples:
hzqa gwvrlvi lsv cjilvwzdpi oddh -> king creates the mysterious book
lsv gdtdwxpt lvrgsvw wvrbi -> the colorful teacher reads
bwradq vkutdwvi czwwdw -> dragon explores mirror
mpvvq xdttdei xdwvil -> queen follows forest
lsv ilwrqav lvrgsvw bwvrci -> the strange teacher dreams
Now, decrypt the following text: uwzqgvii bzigdfvwi lsv gpwzdpi gwjilrt",princess discovers the curious crystal,text_encryption
4ada9150,"In Alice's Wonderland, a secret bit manipulation rule transforms 8-bit binary numbers. The transformation involves operations like bit shifts, rotations, XOR, AND, OR, NOT, and possibly majority or choice functions.

Here are some examples of input -> output:
10001111 -> 11111110
01000100 -> 01010001
10111100 -> 11110010
10000001 -> 00010110
01011100 -> 11110001
10110110 -> 11111010
10000010 -> 00101010
00100101 -> 11010100
11000011 -> 00111111
00100111 -> 11111100

Now, determine the output for: 11000110",01111011,bit_manipulation
2f671c98,"In Alice's Wonderland, numbers are secretly converted into a different numeral system. Some examples are given below:
46 -> XLVI
65 -> LXV
80 -> LXXX
57 -> LVII
Now, write the number 55 in the Wonderland numeral system.",LV,numeral_system
732ac4b4,"In Alice's Wonderland, a secret unit conversion is applied to measurements. For example:
40.5 m becomes 33.05
7.39 m becomes 6.03
37.32 m becomes 30.45
41.49 m becomes 33.86
22.01 m becomes 17.96
Now, convert the following measurement: 29.31 m",23.92,unit_conversion
a5f1991c,"In Alice's Wonderland, a secret set of transformation rules is applied to equations. Below are a few examples:
'>""&' = '>&'
&?/?} = '?
@'[!' = ''!
?&""|| = ?&||
>^""@@ = >^@@
Now, determine the result for: !?/&&",/|',equation_transform
e9675928,"In Alice's Wonderland, numbers are secretly converted into a different numeral system. Some examples are given below:
58 -> LVIII
45 -> XLV
78 -> LXXVIII
Now, write the number 64 in the Wonderland numeral system.",LXIV,numeral_system
a4679943,"In Alice's Wonderland, numbers are secretly converted into a different numeral system. Some examples are given below:
25 -> XXV
60 -> LX
1 -> I
Now, write the number 53 in the Wonderland numeral system.",LIII,numeral_system
455b6b61,"In Alice's Wonderland, a secret bit manipulation rule transforms 8-bit binary numbers. The transformation involves operations like bit shifts, rotations, XOR, AND, OR, NOT, and possibly majority or choice functions.

Here are some examples of input -> output:
11001111 -> 00001100
11001101 -> 00000100
00101010 -> 10100010
11101000 -> 10011001
10101011 -> 10000100
01101000 -> 10111011
10110011 -> 11100010
01101010 -> 10110011

Now, determine the output for: 00001110",00111011,bit_manipulation
2087df86,"In Alice's Wonderland, numbers are secretly converted into a different numeral system. Some examples are given below:
14 -> XIV
95 -> XCV
15 -> XV
96 -> XCVI
Now, write the number 36 in the Wonderland numeral system.",XXXVI,numeral_system
91cd33f5,"In Alice's Wonderland, numbers are secretly converted into a different numeral system. Some examples are given below:
24 -> XXIV
51 -> LI
28 -> XXVIII
33 -> XXXIII
Now, write the number 61 in the Wonderland numeral system.",LXI,numeral_system
9443e78b,"In Alice's Wonderland, secret encryption rules are used on text. Here are some examples:
vmy jctqa emuanq -> cat found garden
rytanqy rytasnr vubryml -> student studies crystal
dqsegy vgmrnr rnvuny -> knight chases secret
hctrn jcllcfr yunmrtun -> mouse follows treasure
Now, decrypt the following text: ygn ryumqen aumecq vgmrnr",the strange dragon chases,text_encryption
76c43525,"In Alice's Wonderland, a secret unit conversion is applied to measurements. For example:
18.58 m becomes 17.44
10.44 m becomes 9.80
28.95 m becomes 27.17
11.71 m becomes 10.99
Now, convert the following measurement: 35.56 m",33.37,unit_conversion
1d08947a,"In Alice's Wonderland, a secret bit manipulation rule transforms 8-bit binary numbers. The transformation involves operations like bit shifts, rotations, XOR, AND, OR, NOT, and possibly majority or choice functions.

Here are some examples of input -> output:
00111110 -> 11111000
11110110 -> 11011000
11100110 -> 10011000
10101100 -> 10110000
11111010 -> 11101000
10001111 -> 00111100
00010011 -> 01001100

Now, determine the output for: 01100101",10010100,bit_manipulation
7958e2ea,"In Alice's Wonderland, a secret unit conversion is applied to measurements. For example:
12.11 m becomes 20.55
24.5 m becomes 41.57
7.7 m becomes 13.07
Now, convert the following measurement: 27.05 m",45.90,unit_conversion
db88075e,"In Alice's Wonderland, secret encryption rules are used on text. Here are some examples:
nipbjr khlex rjh flbpglt fpkkwk -> knight reads the magical mirror
rjh xptzhk eklbwi gkhlrhx -> the silver dragon creates
fwmxh hoctwkhx vhywie uwkhxr -> mouse explores beyond forest
npib alrgjhx rjh elkn flc -> king watches the dark map
Now, decrypt the following text: vpke uwmie rjh xptzhk fhxxlbh",bird found the silver message,text_encryption
cda3796e,"In Alice's Wonderland, a secret unit conversion is applied to measurements. For example:
37.73 m becomes 69.99
23.28 m becomes 43.18
37.47 m becomes 69.51
Now, convert the following measurement: 25.11 m",46.58,unit_conversion
4ccc4137,"In Alice's Wonderland, secret encryption rules are used on text. Here are some examples:
iwb nerqg bmy phdbyflerd iwdbjy -> cat found the mysterious castle
bmy dbfwqcy tflqiydd kflbyd -> the strange princess writes
mwbbyf ifywbyd bfywdrfy -> hatter creates treasure
Now, decrypt the following text: perdy yztjefyd vyheqg keqgyfjwqg",mouse explores beyond wonderland,text_encryption
d9a46958,"In Alice's Wonderland, numbers are secretly converted into a different numeral system. Some examples are given below:
15 -> XV
24 -> XXIV
71 -> LXXI
57 -> LVII
Now, write the number 86 in the Wonderland numeral system.",LXXXVI,numeral_system
bf6249ea,"In Alice's Wonderland, the gravitational constant has been secretly changed. Here are some example observations:
For t = 1.79s, distance = 17.82 m
For t = 1.18s, distance = 7.75 m
For t = 4.98s, distance = 137.96 m
For t = 1.46s, distance = 11.86 m
For t = 1.5s, distance = 12.52 m
Now, determine the falling distance for t = 3.48s given d = 0.5*g*t^2.",67.37,gravity_constant
0866671e,"In Alice's Wonderland, secret encryption rules are used on text. Here are some examples:
yzlwcb ibmslai bca nlia yao -> knight studies the wise key
xmaaz kvqqvni yao -> queen follows key
hvmia apjqveai bca htwlutq beatimea -> mouse explores the magical treasure
Now, decrypt the following text: bca ibetzwa tqlua kvqqvni",the strange alice follows,text_encryption
7d301a45,"In Alice's Wonderland, secret encryption rules are used on text. Here are some examples:
rub crfhlyb sefn bdomifbc -> the strange bird explores
jhr jfbhrbc tlnbf pemmhyb -> cat creates under village
ofeljbcc bdomifbc jhcrmb -> princess explores castle
gtbbl juhcbc rub cbjfbr aeffif -> queen chases the secret mirror
nfhyil khrjubc rub sfeyur oireil -> dragon watches the bright potion
Now, decrypt the following text: xely fbhnc hfitln jhcrmb",king reads around castle,text_encryption
d26f22c3,"In Alice's Wonderland, a secret bit manipulation rule transforms 8-bit binary numbers. The transformation involves operations like bit shifts, rotations, XOR, AND, OR, NOT, and possibly majority or choice functions.

Here are some examples of input -> output:
11011000 -> 11001110
01010100 -> 00010111
00011101 -> 00010101
10010110 -> 10110110
01010000 -> 01011111
10111110 -> 01100111
00111010 -> 00101011

Now, determine the output for: 10010011",11101100,bit_manipulation
c7aae192,"In Alice's Wonderland, a secret set of transformation rules is applied to equations. Below are a few examples:
""}+{"" = ``
#{-{# = >}
{>*(# = {`{\
Now, determine the result for: \""*}}",">""(",equation_transform
a6192d29,"In Alice's Wonderland, a secret bit manipulation rule transforms 8-bit binary numbers. The transformation involves operations like bit shifts, rotations, XOR, AND, OR, NOT, and possibly majority or choice functions.

Here are some examples of input -> output:
00101010 -> 00010100
10011011 -> 01100110
00110001 -> 01001000
11100011 -> 11110000
00011001 -> 00000110
10100111 -> 01001011
10000000 -> 00000000
01101100 -> 00011010
10001110 -> 00000111
11011001 -> 01110110

Now, determine the output for: 00110000",00001000,bit_manipulation
326532e7,"In Alice's Wonderland, secret encryption rules are used on text. Here are some examples:
ukhajr fghafrmw ahkumr -> dragon imagines garden
kheefy bhyizmw frwfum fwphru -> rabbit watches inside island
qkfrimww ukhbw ujjk -> princess draws door
trfazy fghafrmw qjyfjr -> knight imagines potion
Now, decrypt the following text: ynkypm kmhuw frwfum gjnryhfr",turtle reads inside mountain,text_encryption
e4cc7639,"In Alice's Wonderland, a secret set of transformation rules is applied to equations. Below are a few examples:
62[83 = 5146
99[39 = 3861
14[53 = 742
33[43 = 1419
80!25 = 5
Now, determine the result for: 48*64",113,equation_transform
29a8ac06,"In Alice's Wonderland, the gravitational constant has been secretly changed. Here are some example observations:
For t = 4.96s, distance = 151.56 m
For t = 4.25s, distance = 111.28 m
For t = 4.35s, distance = 116.57 m
Now, determine the falling distance for t = 2.31s given d = 0.5*g*t^2.",32.87,gravity_constant
c51cfc80,"In Alice's Wonderland, secret encryption rules are used on text. Here are some examples:
gejmaeo rjgmaev yejo mjte -> teacher watches near cave
cysqag veev syvsie lkoevg -> knight sees inside forest
cysqag sujqsyev gaokpqa mjte -> knight imagines through cave
Now, decrypt the following text: iojqky majvev gae mheteo vgkof",dragon chases the clever story,text_encryption
eeb60061,"In Alice's Wonderland, a secret bit manipulation rule transforms 8-bit binary numbers. The transformation involves operations like bit shifts, rotations, XOR, AND, OR, NOT, and possibly majority or choice functions.

Here are some examples of input -> output:
11011110 -> 11101101
00011000 -> 10000001
11100011 -> 10111110
11001011 -> 00111100
10011001 -> 00011001
11101101 -> 01011110
11000110 -> 01101100
11100110 -> 01101110
01000100 -> 01000100

Now, determine the output for: 01010000",00000101,bit_manipulation
67e7b96d,"In Alice's Wonderland, a secret unit conversion is applied to measurements. For example:
49.72 m becomes 46.26
18.72 m becomes 17.42
29.04 m becomes 27.02
23.31 m becomes 21.69
49.67 m becomes 46.21
Now, convert the following measurement: 5.98 m",5.56,unit_conversion
c4d9c1cb,"In Alice's Wonderland, a secret unit conversion is applied to measurements. For example:
43.08 m becomes 31.75
49.14 m becomes 36.21
38.5 m becomes 28.37
Now, convert the following measurement: 33.85 m",24.94,unit_conversion
0d10d1ae,"In Alice's Wonderland, a secret unit conversion is applied to measurements. For example:
18.59 m becomes 31.08
28.32 m becomes 47.35
43.69 m becomes 73.05
26.48 m becomes 44.27
Now, convert the following measurement: 43.74 m",73.13,unit_conversion
844f826c,"In Alice's Wonderland, a secret set of transformation rules is applied to equations. Below are a few examples:
>#$@"" = >#@""
>`$@> = >`@>
)/*#` = >)
^""-`> = @/]""
/@$/) = /@/)
Now, determine the result for: `@*>`","/""",equation_transform
c14582f7,"In Alice's Wonderland, the gravitational constant has been secretly changed. Here are some example observations:
For t = 2.01s, distance = 30.18 m
For t = 1.5s, distance = 16.81 m
For t = 1.39s, distance = 14.43 m
For t = 3.39s, distance = 85.84 m
Now, determine the falling distance for t = 3.77s given d = 0.5*g*t^2.",106.16,gravity_constant
6606d605,"In Alice's Wonderland, the gravitational constant has been secretly changed. Here are some example observations:
For t = 2.15s, distance = 43.58 m
For t = 3.4s, distance = 109.0 m
For t = 1.97s, distance = 36.59 m
For t = 3.16s, distance = 94.15 m
For t = 3.85s, distance = 139.76 m
Now, determine the falling distance for t = 4.61s given d = 0.5*g*t^2.",200.38,gravity_constant
d1e79ef8,"In Alice's Wonderland, secret encryption rules are used on text. Here are some examples:
yonrkjo tdnjr oek gayokpvdny yodpa -> student found the mysterious story
yonrkjo vgwcvjky gkyywck -> student imagines message
hwo rpwiy jkwp dhkwj -> cat draws near ocean
onpolk rvyhdskpy jkwp hwsk -> turtle discovers near cave
Now, decrypt the following text: oek hdldptnl yonrkjo pkwry",the colorful student reads,text_encryption
867b8d6c,"In Alice's Wonderland, secret encryption rules are used on text. Here are some examples:
yfsp vmmv brm qwzwhnoz nwhmvb -> king sees the colorful forest
gomms lhfbmv qhxvbuz -> queen writes crystal
khupws nwzzwlv awbfws -> dragon follows potion
Now, decrypt the following text: dwovm khulv brm dxvbmhfwov dfhhwh",mouse draws the mysterious mirror,text_encryption
f0039d4e,"In Alice's Wonderland, secret encryption rules are used on text. Here are some examples:
gom jatzxaw byztog hseyd -> the magical knight found
iuzyxmqq umadq gom qguaytm jmqqatm -> princess reads the strange message
gom xeuzseq bzyt umadq -> the curious king reads
gom xswsuhew awzxm duafq -> the colorful alice draws
Now, decrypt the following text: kzud umadq jmqqatm",bird reads message,text_encryption
048cc279,"In Alice's Wonderland, a secret bit manipulation rule transforms 8-bit binary numbers. The transformation involves operations like bit shifts, rotations, XOR, AND, OR, NOT, and possibly majority or choice functions.

Here are some examples of input -> output:
10000110 -> 00100001
11111111 -> 11111111
01011100 -> 10110000
11011010 -> 10110100
11110101 -> 10101001
00011001 -> 00000010
11110010 -> 10110100
01011101 -> 10111010

Now, determine the output for: 11101010",01010000,bit_manipulation
73955ecf,"In Alice's Wonderland, the gravitational constant has been secretly changed. Here are some example observations:
For t = 3.98s, distance = 63.42 m
For t = 3.19s, distance = 40.74 m
For t = 3.41s, distance = 46.55 m
Now, determine the falling distance for t = 2.29s given d = 0.5*g*t^2.",20.99,gravity_constant
20052c2f,"In Alice's Wonderland, a secret bit manipulation rule transforms 8-bit binary numbers. The transformation involves operations like bit shifts, rotations, XOR, AND, OR, NOT, and possibly majority or choice functions.

Here are some examples of input -> output:
10010110 -> 11010011
01110011 -> 01101110
11110011 -> 01111111
10010011 -> 01110011
11010001 -> 00111011
11001000 -> 00011001
11101100 -> 10011101
11011000 -> 00011011
01111010 -> 01001111

Now, determine the output for: 00110011",01100110,bit_manipulation
1bf3f0f1,"In Alice's Wonderland, a secret unit conversion is applied to measurements. For example:
17.01 m becomes 19.11
6.37 m becomes 7.16
10.74 m becomes 12.07
Now, convert the following measurement: 6.2 m",6.97,unit_conversion
63500e84,"In Alice's Wonderland, secret encryption rules are used on text. Here are some examples:
jhmz ncgqb wcvfmq uhrrgzc -> king reads beyond village
qngzfm qngib xteerc -> dragon draws puzzle
whnq inhlcb shnnfn -> bird writes mirror
dgl inhlcb afncbl -> cat writes forest
Now, decrypt the following text: jmhzkl cyxrfncb hmbhqc bdkffr",knight explores inside school,text_encryption
26e2d26a,"In Alice's Wonderland, the gravitational constant has been secretly changed. Here are some example observations:
For t = 2.78s, distance = 46.94 m
For t = 2.02s, distance = 24.78 m
For t = 2.99s, distance = 54.3 m
For t = 4.64s, distance = 130.76 m
For t = 3.37s, distance = 68.98 m
Now, determine the falling distance for t = 3.94s given d = 0.5*g*t^2.",94.29,gravity_constant
ce3b9926,"In Alice's Wonderland, the gravitational constant has been secretly changed. Here are some example observations:
For t = 1.61s, distance = 22.02 m
For t = 3.11s, distance = 82.18 m
For t = 1.4s, distance = 16.65 m
Now, determine the falling distance for t = 2.45s given d = 0.5*g*t^2.",51.0,gravity_constant
023739fe,"In Alice's Wonderland, a secret unit conversion is applied to measurements. For example:
31.12 m becomes 46.71
37.24 m becomes 55.89
27.81 m becomes 41.74
34.79 m becomes 52.21
Now, convert the following measurement: 14.05 m",21.09,unit_conversion
c2ef4b48,"In Alice's Wonderland, numbers are secretly converted into a different numeral system. Some examples are given below:
13 -> XIII
39 -> XXXIX
43 -> XLIII
Now, write the number 21 in the Wonderland numeral system.",XXI,numeral_system
89dfa4c2,"In Alice's Wonderland, a secret bit manipulation rule transforms 8-bit binary numbers. The transformation involves operations like bit shifts, rotations, XOR, AND, OR, NOT, and possibly majority or choice functions.

Here are some examples of input -> output:
01001010 -> 00101001
01110000 -> 11000001
01101001 -> 10100101
00001010 -> 00101000
00101010 -> 00101000
10100000 -> 10000010
01100001 -> 10000101
01111101 -> 10110101
00000111 -> 00011100
10011010 -> 01101010

Now, determine the output for: 10101110",00111010,bit_manipulation
53329505,"In Alice's Wonderland, a secret bit manipulation rule transforms 8-bit binary numbers. The transformation involves operations like bit shifts, rotations, XOR, AND, OR, NOT, and possibly majority or choice functions.

Here are some examples of input -> output:
01111101 -> 11111011
01110010 -> 11100101
01000111 -> 10001111
00110100 -> 01101000
00101100 -> 01011000
11011000 -> 10110011
00010000 -> 00100000
00001111 -> 00011110
00101111 -> 01011110

Now, determine the output for: 01101111",11011111,bit_manipulation
93e6fcf8,"In Alice's Wonderland, numbers are secretly converted into a different numeral system. Some examples are given below:
20 -> XX
49 -> XLIX
77 -> LXXVII
89 -> LXXXIX
82 -> LXXXII
Now, write the number 13 in the Wonderland numeral system.",XIII,numeral_system
0c2243ff,"In Alice's Wonderland, secret encryption rules are used on text. Here are some examples:
qhfeldgg dpqijhdg fe qoiold -> princess explores in palace
kcd yzgkdhfjrg yjrgd vhdoyg -> the mysterious mouse dreams
afuohv vhoag ohjrev kjadh -> wizard draws around tower
kcd gkhoewd mfew gkrvfdg -> the strange king studies
Now, decrypt the following text: tfhv ahfkdg fegfvd wohvde",bird writes inside garden,text_encryption
daae01eb,"In Alice's Wonderland, numbers are secretly converted into a different numeral system. Some examples are given below:
11 -> XI
47 -> XLVII
40 -> XL
Now, write the number 95 in the Wonderland numeral system.",XCV,numeral_system
46219232,"In Alice's Wonderland, a secret unit conversion is applied to measurements. For example:
38.52 m becomes 58.36
34.66 m becomes 52.51
21.53 m becomes 32.62
5.13 m becomes 7.77
45.84 m becomes 69.45
Now, convert the following measurement: 9.18 m",13.91,unit_conversion
127b232a,"In Alice's Wonderland, the gravitational constant has been secretly changed. Here are some example observations:
For t = 3.46s, distance = 75.68 m
For t = 1.49s, distance = 14.03 m
For t = 1.16s, distance = 8.51 m
For t = 4.04s, distance = 103.18 m
For t = 1.56s, distance = 15.38 m
Now, determine the falling distance for t = 2.61s given d = 0.5*g*t^2.",43.06,gravity_constant
6bf09c5e,"In Alice's Wonderland, the gravitational constant has been secretly changed. Here are some example observations:
For t = 3.38s, distance = 43.23 m
For t = 2.63s, distance = 26.18 m
For t = 1.42s, distance = 7.63 m
For t = 4.19s, distance = 66.44 m
For t = 4.22s, distance = 67.39 m
Now, determine the falling distance for t = 3.11s given d = 0.5*g*t^2.",36.6,gravity_constant
56acd7ad,"In Alice's Wonderland, a secret unit conversion is applied to measurements. For example:
44.09 m becomes 47.02
15.79 m becomes 16.84
21.26 m becomes 22.67
34.57 m becomes 36.87
Now, convert the following measurement: 28.31 m",30.19,unit_conversion
507c634f,"In Alice's Wonderland, the gravitational constant has been secretly changed. Here are some example observations:
For t = 1.86s, distance = 25.25 m
For t = 3.24s, distance = 76.63 m
For t = 1.7s, distance = 21.1 m
Now, determine the falling distance for t = 4.49s given d = 0.5*g*t^2.",147.16,gravity_constant
b360e5fe,"In Alice's Wonderland, a secret unit conversion is applied to measurements. For example:
23.65 m becomes 43.75
22.66 m becomes 41.92
10.72 m becomes 19.83
25.63 m becomes 47.41
Now, convert the following measurement: 30.62 m",56.64,unit_conversion
360b11e2,"In Alice's Wonderland, numbers are secretly converted into a different numeral system. Some examples are given below:
66 -> LXVI
90 -> XC
47 -> XLVII
99 -> XCIX
Now, write the number 94 in the Wonderland numeral system.",XCIV,numeral_system
07c96a99,"In Alice's Wonderland, the gravitational constant has been secretly changed. Here are some example observations:
For t = 3.91s, distance = 47.61 m
For t = 3.71s, distance = 42.87 m
For t = 1.83s, distance = 10.43 m
For t = 1.05s, distance = 3.43 m
Now, determine the falling distance for t = 3.56s given d = 0.5*g*t^2.",39.47,gravity_constant
ced947c8,"In Alice's Wonderland, a secret bit manipulation rule transforms 8-bit binary numbers. The transformation involves operations like bit shifts, rotations, XOR, AND, OR, NOT, and possibly majority or choice functions.

Here are some examples of input -> output:
00000111 -> 00001000
00011101 -> 00101000
11001100 -> 00100110
01110011 -> 10001011
11000011 -> 00001110
01110010 -> 10010011
10001111 -> 00001100
10111001 -> 01001101
10001000 -> 01000100
00111111 -> 00001001

Now, determine the output for: 01101011",01001011,bit_manipulation
0440e6ab,"In Alice's Wonderland, a secret bit manipulation rule transforms 8-bit binary numbers. The transformation involves operations like bit shifts, rotations, XOR, AND, OR, NOT, and possibly majority or choice functions.

Here are some examples of input -> output:
00101101 -> 10100000
00001011 -> 01100000
11011000 -> 00000001
00111000 -> 00000000
11110100 -> 10000001
10001110 -> 11000001
01001000 -> 00000000
00101111 -> 11100000

Now, determine the output for: 01110011",01100000,bit_manipulation
6d4c44d1,"In Alice's Wonderland, the gravitational constant has been secretly changed. Here are some example observations:
For t = 4.55s, distance = 126.2 m
For t = 2.74s, distance = 45.77 m
For t = 4.98s, distance = 151.18 m
For t = 2.18s, distance = 28.97 m
Now, determine the falling distance for t = 1.4s given d = 0.5*g*t^2.",11.95,gravity_constant
119fa9e1,"In Alice's Wonderland, numbers are secretly converted into a different numeral system. Some examples are given below:
16 -> XVI
32 -> XXXII
53 -> LIII
77 -> LXXVII
49 -> XLIX
Now, write the number 93 in the Wonderland numeral system.",XCIII,numeral_system
e641791f,"In Alice's Wonderland, a secret bit manipulation rule transforms 8-bit binary numbers. The transformation involves operations like bit shifts, rotations, XOR, AND, OR, NOT, and possibly majority or choice functions.

Here are some examples of input -> output:
11111100 -> 11100110
00111110 -> 01111011
11010001 -> 10111001
10110010 -> 01110011
11110101 -> 11110101
00100100 -> 01001100
01100011 -> 11001010
01010010 -> 10101110

Now, determine the output for: 10000000",00010001,bit_manipulation
bcdf9198,"In Alice's Wonderland, a secret bit manipulation rule transforms 8-bit binary numbers. The transformation involves operations like bit shifts, rotations, XOR, AND, OR, NOT, and possibly majority or choice functions.

Here are some examples of input -> output:
10001011 -> 11111111
00011111 -> 11111111
01011100 -> 11111111
10101000 -> 11111111
11110010 -> 11111111
10111000 -> 11111111
01111100 -> 11111111
11011010 -> 11111111
10101111 -> 11111111

Now, determine the output for: 01100010",11111111,bit_manipulation
094b8eea,"In Alice's Wonderland, numbers are secretly converted into a different numeral system. Some examples are given below:
22 -> XXII
7 -> VII
51 -> LI
81 -> LXXXI
40 -> XL
Now, write the number 86 in the Wonderland numeral system.",LXXXVI,numeral_system
ce5e0fc1,"In Alice's Wonderland, a secret unit conversion is applied to measurements. For example:
7.97 m becomes 5.07
11.05 m becomes 7.02
22.1 m becomes 14.05
16.56 m becomes 10.53
40.2 m becomes 25.55
Now, convert the following measurement: 20.63 m",13.11,unit_conversion
b69391b8,"In Alice's Wonderland, a secret set of transformation rules is applied to equations. Below are a few examples:
30{78 = 2339
66'98 = 164
96{56 = 5375
87{88 = 7655
Now, determine the result for: 52'14",66,equation_transform
8193e7e0,"In Alice's Wonderland, a secret set of transformation rules is applied to equations. Below are a few examples:
'{*#/ = #!''
`]-#` = ]{
&!*]! = ?&!!
?!+// = ?!//
Now, determine the result for: #?*&`",??{`,equation_transform
76de5b28,"In Alice's Wonderland, a secret unit conversion is applied to measurements. For example:
20.09 m becomes 18.24
43.96 m becomes 39.91
6.53 m becomes 5.93
Now, convert the following measurement: 19.44 m",17.65,unit_conversion
e11a18af,"In Alice's Wonderland, secret encryption rules are used on text. Here are some examples:
qtma atpcjyomp qogjwa yrhhog -> bird discovers beyond valley
krddom amrxp urz -> hatter draws map
xtsrma xmtdop qogjwa ythhrfo -> wizard writes beyond village
vwtfkd ejiwa qjjv -> knight found book
vwtfkd poop qogjwa pckjjh -> knight sees beyond school
Now, decrypt the following text: pdiaowd ejiwa tw htqmrmg",student found in library,text_encryption
20cdbdb1,"In Alice's Wonderland, a secret bit manipulation rule transforms 8-bit binary numbers. The transformation involves operations like bit shifts, rotations, XOR, AND, OR, NOT, and possibly majority or choice functions.

Here are some examples of input -> output:
01100110 -> 01100000
11001101 -> 11010001
10101000 -> 10000001
00100001 -> 00010000
10100010 -> 00100001
10101111 -> 11110001
11111000 -> 10000001
01101100 -> 11000000
11110011 -> 00110001
00111010 -> 10100000

Now, determine the output for: 10001110",11100001,bit_manipulation
15e79ae0,"In Alice's Wonderland, the gravitational constant has been secretly changed. Here are some example observations:
For t = 1.01s, distance = 9.96 m
For t = 2.33s, distance = 53.0 m
For t = 4.19s, distance = 171.4 m
Now, determine the falling distance for t = 1.27s given d = 0.5*g*t^2.",15.75,gravity_constant
a7f5d296,"In Alice's Wonderland, numbers are secretly converted into a different numeral system. Some examples are given below:
68 -> LXVIII
61 -> LXI
67 -> LXVII
39 -> XXXIX
73 -> LXXIII
Now, write the number 64 in the Wonderland numeral system.",LXIV,numeral_system
48ae04f6,"In Alice's Wonderland, a secret bit manipulation rule transforms 8-bit binary numbers. The transformation involves operations like bit shifts, rotations, XOR, AND, OR, NOT, and possibly majority or choice functions.

Here are some examples of input -> output:
11000001 -> 00010000
00011011 -> 00100000
11000111 -> 01110000
10110101 -> 00010100
00001101 -> 10000000
11110111 -> 01110110
10111101 -> 10010101
11010110 -> 01000010
01101011 -> 00100001
11001000 -> 00000000

Now, determine the output for: 01011001",00000010,bit_manipulation
3595c82c,"In Alice's Wonderland, a secret bit manipulation rule transforms 8-bit binary numbers. The transformation involves operations like bit shifts, rotations, XOR, AND, OR, NOT, and possibly majority or choice functions.

Here are some examples of input -> output:
11110110 -> 01111101
10100001 -> 10100111
11100011 -> 00000111
01011110 -> 10100110
10010100 -> 10011111
10011100 -> 00001111
00011111 -> 00110000

Now, determine the output for: 10000110",10011011,bit_manipulation
3fc1c520,"In Alice's Wonderland, a secret unit conversion is applied to measurements. For example:
10.3 m becomes 13.98
30.26 m becomes 41.07
9.34 m becomes 12.68
Now, convert the following measurement: 7.77 m",10.55,unit_conversion
daa00e4c,"In Alice's Wonderland, numbers are secretly converted into a different numeral system. Some examples are given below:
90 -> XC
93 -> XCIII
12 -> XII
55 -> LV
14 -> XIV
Now, write the number 89 in the Wonderland numeral system.",LXXXIX,numeral_system
5bcb572e,"In Alice's Wonderland, a secret set of transformation rules is applied to equations. Below are a few examples:
)!*]( = /{!!
""(+""{ = ){{
])-([ = ({
Now, determine the result for: ""{-{!",-!#,equation_transform
8c1529e1,"In Alice's Wonderland, a secret set of transformation rules is applied to equations. Below are a few examples:
71-86 = -15
62*67 = 7791
02+49 = 311
Now, determine the result for: 65-18",-52,equation_transform
8fea2d50,"In Alice's Wonderland, the gravitational constant has been secretly changed. Here are some example observations:
For t = 3.32s, distance = 27.92 m
For t = 2.16s, distance = 11.82 m
For t = 3.4s, distance = 29.28 m
For t = 4.76s, distance = 57.39 m
For t = 3.15s, distance = 25.13 m
Now, determine the falling distance for t = 2.08s given d = 0.5*g*t^2.",10.96,gravity_constant
cdec898a,"In Alice's Wonderland, a secret set of transformation rules is applied to equations. Below are a few examples:
)>-}] = -<%
%`-/` = /
`>+%/ = )?
<}+)] = }?/
Now, determine the result for: >}+]?",<?/,equation_transform
6d32ffae,"In Alice's Wonderland, the gravitational constant has been secretly changed. Here are some example observations:
For t = 4.0s, distance = 138.45 m
For t = 3.78s, distance = 123.64 m
For t = 4.09s, distance = 144.75 m
Now, determine the falling distance for t = 2.65s given d = 0.5*g*t^2.",60.77,gravity_constant
56e1dfa5,"In Alice's Wonderland, a secret unit conversion is applied to measurements. For example:
7.01 m becomes 11.93
17.2 m becomes 29.26
15.74 m becomes 26.78
10.17 m becomes 17.30
33.0 m becomes 56.14
Now, convert the following measurement: 19.68 m",33.48,unit_conversion
bca238ee,"In Alice's Wonderland, a secret bit manipulation rule transforms 8-bit binary numbers. The transformation involves operations like bit shifts, rotations, XOR, AND, OR, NOT, and possibly majority or choice functions.

Here are some examples of input -> output:
01111110 -> 10000000
10101000 -> 00000001
10110110 -> 10000001
10000011 -> 00000000
11111010 -> 10000001
01101001 -> 01000000
01011111 -> 11000000
11110010 -> 10000001

Now, determine the output for: 00100111",00000000,bit_manipulation
00d9f682,"In Alice's Wonderland, numbers are secretly converted into a different numeral system. Some examples are given below:
4 -> IV
42 -> XLII
59 -> LIX
77 -> LXXVII
55 -> LV
Now, write the number 100 in the Wonderland numeral system.",C,numeral_system
5dffe751,"In Alice's Wonderland, a secret bit manipulation rule transforms 8-bit binary numbers. The transformation involves operations like bit shifts, rotations, XOR, AND, OR, NOT, and possibly majority or choice functions.

Here are some examples of input -> output:
00010110 -> 01100000
00101111 -> 11110000
01101000 -> 10000000
01011100 -> 11000000
01111001 -> 10010000
11101110 -> 11100000
10111000 -> 10000000

Now, determine the output for: 11010110",01100000,bit_manipulation
44398869,"In Alice's Wonderland, a secret set of transformation rules is applied to equations. Below are a few examples:
09^83 = 0243
97^26 = 8984
37^04 = 0292
77^69 = 2937
67+97 = 551
Now, determine the result for: 54^17",5913,equation_transform
cf463245,"In Alice's Wonderland, numbers are secretly converted into a different numeral system. Some examples are given below:
76 -> LXXVI
54 -> LIV
37 -> XXXVII
80 -> LXXX
39 -> XXXIX
Now, write the number 56 in the Wonderland numeral system.",LVI,numeral_system
e9096a58,"In Alice's Wonderland, a secret unit conversion is applied to measurements. For example:
29.88 m becomes 49.04
16.27 m becomes 26.70
28.64 m becomes 47.00
16.48 m becomes 27.04
11.71 m becomes 19.22
Now, convert the following measurement: 9.16 m",15.03,unit_conversion
06120e47,"In Alice's Wonderland, a secret bit manipulation rule transforms 8-bit binary numbers. The transformation involves operations like bit shifts, rotations, XOR, AND, OR, NOT, and possibly majority or choice functions.

Here are some examples of input -> output:
01010100 -> 11101111
10000011 -> 11111101
11110110 -> 11100101
10010111 -> 11111001
10101101 -> 11011111
00111010 -> 11110111
11101111 -> 11000111
00100110 -> 11110111
01001000 -> 11111110

Now, determine the output for: 01110011",11110010,bit_manipulation
1f7407ed,"In Alice's Wonderland, a secret bit manipulation rule transforms 8-bit binary numbers. The transformation involves operations like bit shifts, rotations, XOR, AND, OR, NOT, and possibly majority or choice functions.

Here are some examples of input -> output:
11010110 -> 10001011
10101000 -> 10111010
01010011 -> 00000101
00110101 -> 11110110
11101000 -> 10111011
00010101 -> 11110111
11111101 -> 10110011
01110000 -> 01111101
00000001 -> 11010111

Now, determine the output for: 01110010",00101101,bit_manipulation
31c04c70,"In Alice's Wonderland, the gravitational constant has been secretly changed. Here are some example observations:
For t = 2.03s, distance = 22.81 m
For t = 2.32s, distance = 29.79 m
For t = 1.09s, distance = 6.58 m
Now, determine the falling distance for t = 3.76s given d = 0.5*g*t^2.",78.26,gravity_constant
cf4de024,"In Alice's Wonderland, numbers are secretly converted into a different numeral system. Some examples are given below:
5 -> V
63 -> LXIII
73 -> LXXIII
81 -> LXXXI
Now, write the number 61 in the Wonderland numeral system.",LXI,numeral_system
46dd0f22,"In Alice's Wonderland, a secret bit manipulation rule transforms 8-bit binary numbers. The transformation involves operations like bit shifts, rotations, XOR, AND, OR, NOT, and possibly majority or choice functions.

Here are some examples of input -> output:
11011110 -> 10111101
11011010 -> 10110100
01001100 -> 10011000
00111100 -> 01111000
11111010 -> 11110100
00111111 -> 01111110
01010111 -> 10101110
01010000 -> 10100000
00110001 -> 01100010

Now, determine the output for: 00101000",01010000,bit_manipulation
15b1b62e,"In Alice's Wonderland, a secret unit conversion is applied to measurements. For example:
24.14 m becomes 21.08
16.39 m becomes 14.31
40.18 m becomes 35.08
47.18 m becomes 41.20
11.91 m becomes 10.40
Now, convert the following measurement: 10.54 m",9.20,unit_conversion
59b42cc4,"In Alice's Wonderland, a secret unit conversion is applied to measurements. For example:
12.96 m becomes 22.86
33.7 m becomes 59.45
49.91 m becomes 88.04
41.69 m becomes 73.54
Now, convert the following measurement: 46.06 m",81.25,unit_conversion
edf364da,"In Alice's Wonderland, a secret set of transformation rules is applied to equations. Below are a few examples:
[!+$! = {:$
??*!{ = {:[?
{|+?] = ][
Now, determine the result for: ::*{[",$(%,equation_transform
7a9561b2,"In Alice's Wonderland, secret encryption rules are used on text. Here are some examples:
zxltwxd twlnxn ibbd -> teacher chases door
zwx nxtdxz dlppjz dxlin -> the secret rabbit reads
pjdi vbqqbun kxg -> bird follows key
crxxe udjzxn mrooqx -> queen writes puzzle
wlzzxd twlnxn je qjpdldg -> hatter chases in library
Now, decrypt the following text: ujoldi nxxn exld tlsx",wizard sees near cave,text_encryption
d6e5cd59,"In Alice's Wonderland, a secret bit manipulation rule transforms 8-bit binary numbers. The transformation involves operations like bit shifts, rotations, XOR, AND, OR, NOT, and possibly majority or choice functions.

Here are some examples of input -> output:
00001000 -> 11101111
10110100 -> 10010111
00011111 -> 00000001
11100001 -> 01111101
00100111 -> 01110001
10110011 -> 01011001
00110001 -> 11011101
11000010 -> 11111011
01110001 -> 01011101

Now, determine the output for: 01001000",01101111,bit_manipulation
cad363de,"In Alice's Wonderland, numbers are secretly converted into a different numeral system. Some examples are given below:
41 -> XLI
94 -> XCIV
33 -> XXXIII
21 -> XXI
49 -> XLIX
Now, write the number 74 in the Wonderland numeral system.",LXXIV,numeral_system
1a2ac571,"In Alice's Wonderland, the gravitational constant has been secretly changed. Here are some example observations:
For t = 4.04s, distance = 155.41 m
For t = 1.0s, distance = 9.52 m
For t = 4.28s, distance = 174.43 m
For t = 2.93s, distance = 81.74 m
Now, determine the falling distance for t = 1.21s given d = 0.5*g*t^2.",13.94,gravity_constant
339149c9,"In Alice's Wonderland, a secret set of transformation rules is applied to equations. Below are a few examples:
34-93 = 4
53+23 = 2353
81*69 = 8271
99-34 = 31
34-63 = 7
Now, determine the result for: 32-62",3,equation_transform
290cc78d,"In Alice's Wonderland, secret encryption rules are used on text. Here are some examples:
gjt fcnd lnsaptoo pntcgto -> the dark princess creates
ncwwsg znsgto atcn uyntog -> rabbit writes near forest
gjt capstag pcg znsgto -> the ancient cat writes
gtcpjtn ogbfsto pnkogci -> teacher studies crystal
Now, decrypt the following text: gtcpjtn fnczo gjnybmj pcogit",teacher draws through castle,text_encryption
e1f3ffbb,"In Alice's Wonderland, a secret bit manipulation rule transforms 8-bit binary numbers. The transformation involves operations like bit shifts, rotations, XOR, AND, OR, NOT, and possibly majority or choice functions.

Here are some examples of input -> output:
11110011 -> 11111001
10000001 -> 11111110
00101111 -> 11111101
00101010 -> 11111111
01111101 -> 11111101
00110000 -> 11111111
11101000 -> 11111110

Now, determine the output for: 11000010",11111010,bit_manipulation
a989f88c,"In Alice's Wonderland, numbers are secretly converted into a different numeral system. Some examples are given below:
26 -> XXVI
87 -> LXXXVII
79 -> LXXIX
90 -> XC
Now, write the number 97 in the Wonderland numeral system.",XCVII,numeral_system
336399f4,"In Alice's Wonderland, numbers are secretly converted into a different numeral system. Some examples are given below:
61 -> LXI
48 -> XLVIII
4 -> IV
Now, write the number 74 in the Wonderland numeral system.",LXXIV,numeral_system
3051bffe,"In Alice's Wonderland, secret encryption rules are used on text. Here are some examples:
wyjjz hjmns faj lyhceys oefcez -> queen reads the curious potion
fyhftj bmflajs sjlhjf -> turtle watches secret
bcdmhn lhjmfjs faj nmhk oyddtj -> wizard creates the dark puzzle
lmf ncslexjhs zjmh lmxj -> cat discovers near cave
Now, decrypt the following text: amffjh geyzn lhusfmt",hatter found crystal,text_encryption
4c327b55,"In Alice's Wonderland, a secret bit manipulation rule transforms 8-bit binary numbers. The transformation involves operations like bit shifts, rotations, XOR, AND, OR, NOT, and possibly majority or choice functions.

Here are some examples of input -> output:
10001000 -> 00011000
10100110 -> 01000110
00101110 -> 01011110
10011010 -> 00111101
10100001 -> 01001000
00000000 -> 00000000
10101110 -> 01010110
11010010 -> 10101001

Now, determine the output for: 01101101",11011100,bit_manipulation
ab9e5b48,"In Alice's Wonderland, the gravitational constant has been secretly changed. Here are some example observations:
For t = 2.46s, distance = 35.82 m
For t = 3.41s, distance = 68.82 m
For t = 4.41s, distance = 115.1 m
For t = 4.82s, distance = 137.5 m
Now, determine the falling distance for t = 1.64s given d = 0.5*g*t^2.",15.92,gravity_constant
0429104b,"In Alice's Wonderland, a secret unit conversion is applied to measurements. For example:
27.87 m becomes 35.12
29.32 m becomes 36.95
38.37 m becomes 48.35
12.75 m becomes 16.07
46.62 m becomes 58.75
Now, convert the following measurement: 23.5 m",29.61,unit_conversion
f82a6f1c,"In Alice's Wonderland, numbers are secretly converted into a different numeral system. Some examples are given below:
58 -> LVIII
95 -> XCV
85 -> LXXXV
55 -> LV
Now, write the number 85 in the Wonderland numeral system.",LXXXV,numeral_system
0f2dec86,"In Alice's Wonderland, a secret bit manipulation rule transforms 8-bit binary numbers. The transformation involves operations like bit shifts, rotations, XOR, AND, OR, NOT, and possibly majority or choice functions.

Here are some examples of input -> output:
00011011 -> 01100001
11110001 -> 10111100
11101011 -> 11011001
11010111 -> 00110111
10111000 -> 10111100
00011101 -> 01111010
11100111 -> 11101111

Now, determine the output for: 11110000",10111000,bit_manipulation
14cca3a2,"In Alice's Wonderland, a secret unit conversion is applied to measurements. For example:
34.37 m becomes 57.86
38.56 m becomes 64.91
36.84 m becomes 62.01
44.32 m becomes 74.61
19.46 m becomes 32.76
Now, convert the following measurement: 46.68 m",78.58,unit_conversion
e36a0065,"In Alice's Wonderland, a secret bit manipulation rule transforms 8-bit binary numbers. The transformation involves operations like bit shifts, rotations, XOR, AND, OR, NOT, and possibly majority or choice functions.

Here are some examples of input -> output:
00001000 -> 00100000
11010011 -> 01001111
01101110 -> 10111001
10110110 -> 11011010
10110010 -> 11001010
00101010 -> 10101000
10100110 -> 10011010
10101001 -> 10100110
11110111 -> 11011111

Now, determine the output for: 10011101",01110110,bit_manipulation
c7844441,"In Alice's Wonderland, a secret set of transformation rules is applied to equations. Below are a few examples:
^%|:> = |%<
<:|/: = |&`
/&|<: = @$
&>}%% = $@
:`}>$ = %<$
Now, determine the result for: :/[$^",:/$^,equation_transform
7e47c718,"In Alice's Wonderland, the gravitational constant has been secretly changed. Here are some example observations:
For t = 2.02s, distance = 32.82 m
For t = 1.84s, distance = 27.23 m
For t = 5.0s, distance = 201.09 m
Now, determine the falling distance for t = 2.79s given d = 0.5*g*t^2.",62.61,gravity_constant
84437fac,"In Alice's Wonderland, a secret unit conversion is applied to measurements. For example:
39.01 m becomes 24.22
17.86 m becomes 11.09
34.57 m becomes 21.46
Now, convert the following measurement: 12.81 m",7.95,unit_conversion
5201041d,"In Alice's Wonderland, numbers are secretly converted into a different numeral system. Some examples are given below:
39 -> XXXIX
55 -> LV
90 -> XC
25 -> XXV
Now, write the number 7 in the Wonderland numeral system.",VII,numeral_system
005ad22a,"In Alice's Wonderland, secret encryption rules are used on text. Here are some examples:
hmxad apdhvdq vid ohexahm apwqvhm -> alice creates the magical crystal
zxuhpl zhvaidq xyqxld txmmhed -> wizard watches inside village
nfddy xohexydq xy ehpldy -> queen imagines in garden
osfqd qddq lssp -> mouse sees door
vid amdtdp zxuhpl dgjmspdq -> the clever wizard explores
Now, decrypt the following text: bxye aihqdq ahqvmd",king chases castle,text_encryption
c3fb6417,"In Alice's Wonderland, the gravitational constant has been secretly changed. Here are some example observations:
For t = 1.25s, distance = 7.63 m
For t = 4.7s, distance = 107.91 m
For t = 3.53s, distance = 60.87 m
For t = 1.34s, distance = 8.77 m
Now, determine the falling distance for t = 3.44s given d = 0.5*g*t^2.",57.81,gravity_constant
16d0c65e,"In Alice's Wonderland, the gravitational constant has been secretly changed. Here are some example observations:
For t = 3.94s, distance = 61.22 m
For t = 4.45s, distance = 78.1 m
For t = 2.04s, distance = 16.41 m
For t = 2.64s, distance = 27.49 m
Now, determine the falling distance for t = 4.32s given d = 0.5*g*t^2.",73.6,gravity_constant
017a161b,"In Alice's Wonderland, secret encryption rules are used on text. Here are some examples:
tfsu lsjimjx xjlsjm -> bird creates secret
sittfm pnvvngx mqj ihlfjhm unns -> rabbit follows the ancient door
zndxj jabvnsjx wisujh -> mouse explores garden
Now, decrypt the following text: sittfm lsjimjx fh nljih",rabbit creates in ocean,text_encryption
fdada8cd,"In Alice's Wonderland, numbers are secretly converted into a different numeral system. Some examples are given below:
2 -> II
7 -> VII
3 -> III
Now, write the number 23 in the Wonderland numeral system.",XXIII,numeral_system
3a5c564c,"In Alice's Wonderland, numbers are secretly converted into a different numeral system. Some examples are given below:
64 -> LXIV
100 -> C
45 -> XLV
24 -> XXIV
Now, write the number 78 in the Wonderland numeral system.",LXXVIII,numeral_system
21261dc6,"In Alice's Wonderland, a secret set of transformation rules is applied to equations. Below are a few examples:
05-25 = -2
74*67 = 2753
89-85 = -04
Now, determine the result for: 02-27",-25,equation_transform
53aca3d8,"In Alice's Wonderland, the gravitational constant has been secretly changed. Here are some example observations:
For t = 3.54s, distance = 54.86 m
For t = 4.79s, distance = 100.44 m
For t = 1.93s, distance = 16.31 m
For t = 1.71s, distance = 12.8 m
For t = 1.34s, distance = 7.86 m
Now, determine the falling distance for t = 3.41s given d = 0.5*g*t^2.",50.9,gravity_constant
1c4fe8b4,"In Alice's Wonderland, a secret unit conversion is applied to measurements. For example:
17.02 m becomes 10.53
34.53 m becomes 21.36
15.53 m becomes 9.61
49.56 m becomes 30.66
Now, convert the following measurement: 37.59 m",23.25,unit_conversion
c0d3279f,"In Alice's Wonderland, numbers are secretly converted into a different numeral system. Some examples are given below:
17 -> XVII
21 -> XXI
43 -> XLIII
Now, write the number 73 in the Wonderland numeral system.",LXXIII,numeral_system
0e3d5b3d,"In Alice's Wonderland, numbers are secretly converted into a different numeral system. Some examples are given below:
92 -> XCII
23 -> XXIII
84 -> LXXXIV
Now, write the number 47 in the Wonderland numeral system.",XLVII,numeral_system
6eadf9a5,"In Alice's Wonderland, numbers are secretly converted into a different numeral system. Some examples are given below:
93 -> XCIII
45 -> XLV
46 -> XLVI
Now, write the number 11 in the Wonderland numeral system.",XI,numeral_system
5f06f595,"In Alice's Wonderland, the gravitational constant has been secretly changed. Here are some example observations:
For t = 2.17s, distance = 19.58 m
For t = 4.72s, distance = 92.63 m
For t = 4.96s, distance = 102.29 m
Now, determine the falling distance for t = 1.37s given d = 0.5*g*t^2.",7.8,gravity_constant
cce4b469,"In Alice's Wonderland, numbers are secretly converted into a different numeral system. Some examples are given below:
96 -> XCVI
71 -> LXXI
24 -> XXIV
91 -> XCI
63 -> LXIII
Now, write the number 1 in the Wonderland numeral system.",I,numeral_system
79a02d7d,"In Alice's Wonderland, secret encryption rules are used on text. Here are some examples:
zospjv acnrvnh vjcbepj fbowncgrow -> knight creates through wonderland
crqqsv ajrhnh vjn wrcz tbvsbo -> rabbit chases the dark potion
fslrcw hvewsnh vjn qcspjv yrt -> wizard studies the bright map
vjn aecsbeh tcsoanhh syrpsonh -> the curious princess imagines
jrvvnc wcnryh vjn hnacnv prcwno -> hatter dreams the secret garden
Now, decrypt the following text: crqqsv wcnryh vjn fshn yrt",rabbit dreams the wise map,text_encryption
0978d9f3,"In Alice's Wonderland, the gravitational constant has been secretly changed. Here are some example observations:
For t = 2.3s, distance = 48.1 m
For t = 1.89s, distance = 32.48 m
For t = 3.37s, distance = 103.27 m
For t = 3.21s, distance = 93.7 m
Now, determine the falling distance for t = 2.4s given d = 0.5*g*t^2.",52.38,gravity_constant
70bc42af,"In Alice's Wonderland, a secret bit manipulation rule transforms 8-bit binary numbers. The transformation involves operations like bit shifts, rotations, XOR, AND, OR, NOT, and possibly majority or choice functions.

Here are some examples of input -> output:
10001100 -> 11110001
11110111 -> 11111110
10011000 -> 11010011
10000111 -> 11111000
00110011 -> 11111110
10110010 -> 11010110
00100001 -> 00101100
11010010 -> 11011010
01101000 -> 01001101

Now, determine the output for: 01010001",10101010,bit_manipulation
0848cbc0,"In Alice's Wonderland, the gravitational constant has been secretly changed. Here are some example observations:
For t = 2.59s, distance = 44.43 m
For t = 3.19s, distance = 67.4 m
For t = 1.28s, distance = 10.85 m
For t = 1.03s, distance = 7.03 m
Now, determine the falling distance for t = 4.38s given d = 0.5*g*t^2.",127.07,gravity_constant
4dbec546,"In Alice's Wonderland, a secret set of transformation rules is applied to equations. Below are a few examples:
61-22 = -6
51+72 = 24
63*47 = 4763
18*63 = 6318
08*67 = 6708
Now, determine the result for: 06+65",611,equation_transform
4f8d87f5,"In Alice's Wonderland, numbers are secretly converted into a different numeral system. Some examples are given below:
99 -> XCIX
81 -> LXXXI
29 -> XXIX
74 -> LXXIV
Now, write the number 13 in the Wonderland numeral system.",XIII,numeral_system
0c2407ef,"In Alice's Wonderland, a secret bit manipulation rule transforms 8-bit binary numbers. The transformation involves operations like bit shifts, rotations, XOR, AND, OR, NOT, and possibly majority or choice functions.

Here are some examples of input -> output:
11001100 -> 00010001
01101001 -> 01001000
11101000 -> 00011000
11111001 -> 01011110
01101111 -> 11001001
00110110 -> 10000100
01011001 -> 01000010
10110111 -> 11000100
01010000 -> 00000000

Now, determine the output for: 10011111",11000011,bit_manipulation
18ad64a2,"In Alice's Wonderland, a secret unit conversion is applied to measurements. For example:
25.94 m becomes 25.37
40.79 m becomes 39.89
45.44 m becomes 44.44
Now, convert the following measurement: 37.26 m",36.44,unit_conversion
939273d7,"In Alice's Wonderland, a secret bit manipulation rule transforms 8-bit binary numbers. The transformation involves operations like bit shifts, rotations, XOR, AND, OR, NOT, and possibly majority or choice functions.

Here are some examples of input -> output:
11100011 -> 10110111
11010011 -> 10110111
01100000 -> 11110011
11001100 -> 10100110
00100110 -> 01011011
11000111 -> 01110111
10011111 -> 11111100
11001110 -> 11000110

Now, determine the output for: 01001111",11100110,bit_manipulation
8082a958,"In Alice's Wonderland, a secret bit manipulation rule transforms 8-bit binary numbers. The transformation involves operations like bit shifts, rotations, XOR, AND, OR, NOT, and possibly majority or choice functions.

Here are some examples of input -> output:
01110001 -> 00000000
01100000 -> 00000000
11111111 -> 00000001
10011100 -> 00000000
10111010 -> 00000001
11000010 -> 00000000
11000011 -> 00000000
01000011 -> 00000000
01110000 -> 00000000

Now, determine the output for: 11010001",00000000,bit_manipulation
fd48ee2f,"In Alice's Wonderland, a secret bit manipulation rule transforms 8-bit binary numbers. The transformation involves operations like bit shifts, rotations, XOR, AND, OR, NOT, and possibly majority or choice functions.

Here are some examples of input -> output:
10111101 -> 11110100
11110010 -> 11001000
10011100 -> 01110000
01010101 -> 01010100
01101001 -> 10100100
10101100 -> 10110000
11010000 -> 01000000
11000100 -> 00010000
10010011 -> 01001100
10111000 -> 11100000

Now, determine the output for: 01101101",10110100,bit_manipulation
c7e1ae7d,"In Alice's Wonderland, the gravitational constant has been secretly changed. Here are some example observations:
For t = 2.33s, distance = 34.21 m
For t = 1.67s, distance = 17.57 m
For t = 3.04s, distance = 58.23 m
Now, determine the falling distance for t = 3.98s given d = 0.5*g*t^2.",99.81,gravity_constant
65a42d6a,"In Alice's Wonderland, the gravitational constant has been secretly changed. Here are some example observations:
For t = 3.55s, distance = 63.81 m
For t = 1.11s, distance = 6.24 m
For t = 4.91s, distance = 122.06 m
For t = 4.07s, distance = 83.87 m
Now, determine the falling distance for t = 4.16s given d = 0.5*g*t^2.",87.62,gravity_constant
1dd697e1,"In Alice's Wonderland, secret encryption rules are used on text. Here are some examples:
rib txyxskey tzr lsprbn -> the colorful cat writes
rib tybvbs zyptb tsbzrbn -> the clever alice creates
msphtbnn kxyyxln rib tespxen mxrpxh -> princess follows the curious potion
dhpgir oszln rib wzgptzy qxxd -> knight draws the magical book
Now, decrypt the following text: rib tespxen qpso tsbzrbn",the curious bird creates,text_encryption
4eb990f6,"In Alice's Wonderland, a secret bit manipulation rule transforms 8-bit binary numbers. The transformation involves operations like bit shifts, rotations, XOR, AND, OR, NOT, and possibly majority or choice functions.

Here are some examples of input -> output:
10001110 -> 01000111
01010111 -> 00101011
00100010 -> 00010001
11010100 -> 01101010
11000011 -> 01100001
11100010 -> 01110001
11011101 -> 01101110
00010100 -> 00001010
00000001 -> 00000000

Now, determine the output for: 00000011",00000001,bit_manipulation
85af23eb,"In Alice's Wonderland, a secret bit manipulation rule transforms 8-bit binary numbers. The transformation involves operations like bit shifts, rotations, XOR, AND, OR, NOT, and possibly majority or choice functions.

Here are some examples of input -> output:
00010011 -> 11100111
00000110 -> 11001111
00010100 -> 01011111
01000011 -> 01100111
10000000 -> 11111111
11011111 -> 10000111
10110100 -> 01011111
00111000 -> 00111111

Now, determine the output for: 11111110",00001111,bit_manipulation
2f18b11f,"In Alice's Wonderland, the gravitational constant has been secretly changed. Here are some example observations:
For t = 4.63s, distance = 140.63 m
For t = 2.24s, distance = 32.92 m
For t = 3.6s, distance = 85.02 m
For t = 1.49s, distance = 14.56 m
For t = 2.55s, distance = 42.66 m
Now, determine the falling distance for t = 4.25s given d = 0.5*g*t^2.",118.49,gravity_constant
30227ca4,"In Alice's Wonderland, the gravitational constant has been secretly changed. Here are some example observations:
For t = 4.98s, distance = 189.33 m
For t = 3.09s, distance = 72.89 m
For t = 1.34s, distance = 13.71 m
For t = 2.45s, distance = 45.82 m
Now, determine the falling distance for t = 1.43s given d = 0.5*g*t^2.",15.61,gravity_constant
9147f188,"In Alice's Wonderland, a secret unit conversion is applied to measurements. For example:
30.71 m becomes 47.01
22.35 m becomes 34.21
5.75 m becomes 8.80
48.98 m becomes 74.97
Now, convert the following measurement: 26.49 m",40.55,unit_conversion
56693c1b,"In Alice's Wonderland, a secret unit conversion is applied to measurements. For example:
29.65 m becomes 50.00
48.21 m becomes 81.30
8.87 m becomes 14.96
31.95 m becomes 53.88
26.45 m becomes 44.61
Now, convert the following measurement: 46.61 m",78.61,unit_conversion
0e009c6d,"In Alice's Wonderland, a secret set of transformation rules is applied to equations. Below are a few examples:
>@'>> = )?>
\%*\` = #!
\>'@\ = \!?>
`\*)> = @/
Now, determine the result for: @?'`?",`?\!,equation_transform
7e184ef2,"In Alice's Wonderland, numbers are secretly converted into a different numeral system. Some examples are given below:
67 -> LXVII
34 -> XXXIV
79 -> LXXIX
2 -> II
Now, write the number 53 in the Wonderland numeral system.",LIII,numeral_system
b0bf8ae4,"In Alice's Wonderland, numbers are secretly converted into a different numeral system. Some examples are given below:
96 -> XCVI
91 -> XCI
98 -> XCVIII
28 -> XXVIII
Now, write the number 4 in the Wonderland numeral system.",IV,numeral_system
c143db59,"In Alice's Wonderland, the gravitational constant has been secretly changed. Here are some example observations:
For t = 4.36s, distance = 61.94 m
For t = 4.86s, distance = 76.96 m
For t = 4.37s, distance = 62.23 m
For t = 1.01s, distance = 3.32 m
For t = 3.5s, distance = 39.92 m
Now, determine the falling distance for t = 2.84s given d = 0.5*g*t^2.",26.28,gravity_constant
d2ac699b,"In Alice's Wonderland, a secret bit manipulation rule transforms 8-bit binary numbers. The transformation involves operations like bit shifts, rotations, XOR, AND, OR, NOT, and possibly majority or choice functions.

Here are some examples of input -> output:
10000010 -> 00011000
10111111 -> 11110011
01001110 -> 01110100
11110010 -> 10011111
00100010 -> 00010010
00101110 -> 01110010
00101011 -> 01011010
00101111 -> 01111010
11011101 -> 11100101

Now, determine the output for: 00110001",10001011,bit_manipulation
b4b73143,"In Alice's Wonderland, a secret set of transformation rules is applied to equations. Below are a few examples:
?{%["" = ?\!{
:!*""{ = ?##
/#*{# = #/
Now, determine the result for: >!%!/",>\:,equation_transform
7faeba59,"In Alice's Wonderland, secret encryption rules are used on text. Here are some examples:
jbofq giozqm mztip -> alice writes story
xoek iqjam zlq wjkofjb cttx -> king reads the magical book
jbofq rtbbtgm oemoaq ombjea -> alice follows inside island
Now, decrypt the following text: zqjflqi mzsaoqm oemoaq rtiqmz",teacher studies inside forest,text_encryption
8f1887d6,"In Alice's Wonderland, a secret unit conversion is applied to measurements. For example:
13.43 m becomes 19.91
16.81 m becomes 24.93
30.71 m becomes 45.54
Now, convert the following measurement: 18.83 m",27.92,unit_conversion
411a11d5,"In Alice's Wonderland, the gravitational constant has been secretly changed. Here are some example observations:
For t = 2.0s, distance = 20.5 m
For t = 4.73s, distance = 114.63 m
For t = 1.35s, distance = 9.34 m
For t = 2.59s, distance = 34.37 m
For t = 1.25s, distance = 8.01 m
Now, determine the falling distance for t = 3.75s given d = 0.5*g*t^2.",72.05,gravity_constant
53db9c58,"In Alice's Wonderland, a secret unit conversion is applied to measurements. For example:
42.93 m becomes 85.55
23.95 m becomes 47.73
30.78 m becomes 61.34
36.09 m becomes 71.92
41.4 m becomes 82.50
Now, convert the following measurement: 33.92 m",67.60,unit_conversion
3a148f6a,"In Alice's Wonderland, a secret bit manipulation rule transforms 8-bit binary numbers. The transformation involves operations like bit shifts, rotations, XOR, AND, OR, NOT, and possibly majority or choice functions.

Here are some examples of input -> output:
00100011 -> 00101000
10100000 -> 11101111
10011000 -> 10000011
11001010 -> 00001111
00111000 -> 10010011
01001011 -> 11001100
10000111 -> 00110011
00110001 -> 00000101
00000100 -> 11110101
01111101 -> 10111011

Now, determine the output for: 10001111",00100111,bit_manipulation
51c682af,"In Alice's Wonderland, secret encryption rules are used on text. Here are some examples:
zvg veqqgm xjewg gksjubgc -> the hidden alice explores
zvg ibenvz bxiiez bgxqc -> the bright rabbit reads
zvg xmwegmz zabzjg bgxqc -> the ancient turtle reads
Now, decrypt the following text: laggm cggc quub",queen sees door,text_encryption
0e467c7b,"In Alice's Wonderland, a secret unit conversion is applied to measurements. For example:
22.05 m becomes 28.58
14.69 m becomes 19.04
25.24 m becomes 32.72
17.22 m becomes 22.32
36.08 m becomes 46.77
Now, convert the following measurement: 41.11 m",53.29,unit_conversion
468ea73b,"In Alice's Wonderland, secret encryption rules are used on text. Here are some examples:
eonnqt konceqv neq vntogbq sittyt -> hatter watches the strange mirror
xfqqg divcyzqtv fgdqt vceyyw -> queen discovers under school
xfqqg qlpwytqv ohyzq vceyyw -> queen explores above school
neq ogciqgn owicq myfgd -> the ancient alice found
vnfdqgn divcyzqtv ctuvnow -> student discovers crystal
Now, decrypt the following text: hitd ktinqv neq kivq covnwq",bird writes the wise castle,text_encryption
0047365c,"In Alice's Wonderland, a secret unit conversion is applied to measurements. For example:
32.58 m becomes 26.62
10.9 m becomes 8.90
17.86 m becomes 14.59
Now, convert the following measurement: 13.0 m",10.62,unit_conversion
66c64e8f,"In Alice's Wonderland, a secret unit conversion is applied to measurements. For example:
39.16 m becomes 34.73
42.69 m becomes 37.86
13.74 m becomes 12.19
43.18 m becomes 38.30
Now, convert the following measurement: 21.77 m",19.31,unit_conversion
7b8e4432,"In Alice's Wonderland, secret encryption rules are used on text. Here are some examples:
tdpph vndrfpv lokyp ilvnup -> queen studies above castle
rmlskh vppv nqp omfsqn edzzup -> dragon sees the bright puzzle
rmlskh amfnpv okkc -> dragon writes book
Now, decrypt the following text: tdpph implnpv nmplvdmp",queen creates treasure,text_encryption
861cb154,"In Alice's Wonderland, a secret set of transformation rules is applied to equations. Below are a few examples:
69(06 = 63(
77`94 = 621
76(36 = 4(
Now, determine the result for: 14!24",2271,equation_transform
90feb0c5,"In Alice's Wonderland, a secret set of transformation rules is applied to equations. Below are a few examples:
\}+)` = \})`
:>'>} = :``
])+)\ = ]))\
Now, determine the result for: ?>'>>",:<],equation_transform
e43520a7,"In Alice's Wonderland, the gravitational constant has been secretly changed. Here are some example observations:
For t = 3.14s, distance = 34.78 m
For t = 2.88s, distance = 29.26 m
For t = 4.18s, distance = 61.64 m
For t = 4.25s, distance = 63.72 m
For t = 3.68s, distance = 47.77 m
Now, determine the falling distance for t = 1.05s given d = 0.5*g*t^2.",3.89,gravity_constant
c541eb82,"In Alice's Wonderland, a secret set of transformation rules is applied to equations. Below are a few examples:
68-93 = 74
39-26 = 13
93-46 = -52
81-67 = -85
Now, determine the result for: 47-48",-01,equation_transform
70a270e6,"In Alice's Wonderland, numbers are secretly converted into a different numeral system. Some examples are given below:
31 -> XXXI
30 -> XXX
57 -> LVII
Now, write the number 8 in the Wonderland numeral system.",VIII,numeral_system
54892cac,"In Alice's Wonderland, a secret unit conversion is applied to measurements. For example:
33.18 m becomes 63.44
35.48 m becomes 67.84
48.1 m becomes 91.96
Now, convert the following measurement: 37.61 m",71.91,unit_conversion
ddc0b4e2,"In Alice's Wonderland, numbers are secretly converted into a different numeral system. Some examples are given below:
8 -> VIII
33 -> XXXIII
35 -> XXXV
17 -> XVII
Now, write the number 13 in the Wonderland numeral system.",XIII,numeral_system
a42848d1,"In Alice's Wonderland, secret encryption rules are used on text. Here are some examples:
kdhgeott iasgn tpadv -> princess found story
elp toot ldasgn iadotp -> cat sees around forest
tpsnogp edolpot qldnog -> student creates garden
tpsnogp ndolct pmo eaxadisx waaj -> student dreams the colorful book
jghqmp hclqhgot hg ylxxov -> knight imagines in valley
Now, decrypt the following text: fhbldn nhteayodt pmo tpdlgqo jov",wizard discovers the strange key,text_encryption
755b92f8,"In Alice's Wonderland, a secret unit conversion is applied to measurements. For example:
36.6 m becomes 66.24
41.94 m becomes 75.91
36.24 m becomes 65.59
11.27 m becomes 20.40
Now, convert the following measurement: 33.73 m",61.05,unit_conversion
ec466776,"In Alice's Wonderland, secret encryption rules are used on text. Here are some examples:
xnjuzm bdaxyib wzdyzm -> dragon studies potion
rjddin grjbib kipzmx dzhin -> hatter chases beyond tower
fymu grjbib dnijbani -> king chases treasure
Now, decrypt the following text: dijgrin gnijdib dri qjuygjo gjbdoi",teacher creates the magical castle,text_encryption
17a00c5a,"In Alice's Wonderland, numbers are secretly converted into a different numeral system. Some examples are given below:
32 -> XXXII
80 -> LXXX
14 -> XIV
Now, write the number 61 in the Wonderland numeral system.",LXI,numeral_system
b0dc045a,"In Alice's Wonderland, numbers are secretly converted into a different numeral system. Some examples are given below:
44 -> XLIV
29 -> XXIX
29 -> XXIX
57 -> LVII
Now, write the number 99 in the Wonderland numeral system.",XCIX,numeral_system
190b9dad,"In Alice's Wonderland, secret encryption rules are used on text. Here are some examples:
zuv mjyavjz ojaluz dmzyuvn -> the ancient knight watches
gkvvj aemlajvn yhxnzmq -> queen imagines crystal
dasmhf dhazvn aj lmhfvj -> wizard writes in garden
Now, decrypt the following text: hmbbaz nzkfavn zuv ycqchtkq yhxnzmq",rabbit studies the colorful crystal,text_encryption
f9e92cb2,"In Alice's Wonderland, a secret unit conversion is applied to measurements. For example:
17.35 m becomes 21.21
23.1 m becomes 28.24
23.64 m becomes 28.90
15.48 m becomes 18.92
15.44 m becomes 18.87
Now, convert the following measurement: 47.71 m",58.32,unit_conversion
b9f1d959,"In Alice's Wonderland, a secret set of transformation rules is applied to equations. Below are a few examples:
:>+(( = [&[
{{-(: = `\
>[-:( = -\>
[\+{[ = ""`
&`+""[ = "">
Now, determine the result for: $\+""[",:>,equation_transform
215fda9c,"In Alice's Wonderland, the gravitational constant has been secretly changed. Here are some example observations:
For t = 4.79s, distance = 159.9 m
For t = 3.37s, distance = 79.15 m
For t = 3.83s, distance = 102.23 m
For t = 1.92s, distance = 25.69 m
Now, determine the falling distance for t = 1.62s given d = 0.5*g*t^2.",18.29,gravity_constant
66e4acb6,"In Alice's Wonderland, the gravitational constant has been secretly changed. Here are some example observations:
For t = 3.59s, distance = 77.86 m
For t = 2.46s, distance = 36.56 m
For t = 2.57s, distance = 39.9 m
Now, determine the falling distance for t = 2.05s given d = 0.5*g*t^2.",25.39,gravity_constant
5374b4ba,"In Alice's Wonderland, a secret bit manipulation rule transforms 8-bit binary numbers. The transformation involves operations like bit shifts, rotations, XOR, AND, OR, NOT, and possibly majority or choice functions.

Here are some examples of input -> output:
10111101 -> 10101011
01001111 -> 11100100
11010110 -> 11001101
10011101 -> 10101001
11010000 -> 00001101
00010101 -> 10100001
00011010 -> 01000001
00100000 -> 00000010
10101111 -> 11101010
01010000 -> 00000101

Now, determine the output for: 11000101",10101100,bit_manipulation
b318276f,"In Alice's Wonderland, secret encryption rules are used on text. Here are some examples:
dmsxvmt mfyqatmb dvm bdtsgkm yuwwqm -> teacher explores the strange puzzle
sqixm xvsbmb osy -> alice chases map
dvm kaqzmg xsd csdxvmb -> the golden cat watches
xsd ztmsob gmst bxvaaq -> cat dreams near school
ciwstz bduzimb staugz esqqmr -> wizard studies around valley
Now, decrypt the following text: lummg paqqacb gmst ysqsxm",queen follows near palace,text_encryption
05195c8e,"In Alice's Wonderland, numbers are secretly converted into a different numeral system. Some examples are given below:
15 -> XV
45 -> XLV
39 -> XXXIX
99 -> XCIX
87 -> LXXXVII
Now, write the number 94 in the Wonderland numeral system.",XCIV,numeral_system
ca5db1c0,"In Alice's Wonderland, a secret set of transformation rules is applied to equations. Below are a few examples:
^%-""` = ""|
""@*?` = ?""^
%@*`) = ""%""
Now, determine the result for: (""-'|",^,equation_transform
8eaf760c,"In Alice's Wonderland, the gravitational constant has been secretly changed. Here are some example observations:
For t = 1.91s, distance = 27.29 m
For t = 2.15s, distance = 34.58 m
For t = 1.62s, distance = 19.63 m
For t = 3.52s, distance = 92.69 m
For t = 1.02s, distance = 7.78 m
Now, determine the falling distance for t = 2.78s given d = 0.5*g*t^2.",57.81,gravity_constant
16e73f0e,"In Alice's Wonderland, a secret bit manipulation rule transforms 8-bit binary numbers. The transformation involves operations like bit shifts, rotations, XOR, AND, OR, NOT, and possibly majority or choice functions.

Here are some examples of input -> output:
00001010 -> 00000000
00001000 -> 00000000
11000011 -> 00000000
00001011 -> 00000000
11110011 -> 00001100
01011100 -> 00000101
01000111 -> 00000000
10001011 -> 00000000
00010000 -> 00000000
10100011 -> 00001000

Now, determine the output for: 10011100",00000001,bit_manipulation
e8e3924d,"In Alice's Wonderland, secret encryption rules are used on text. Here are some examples:
stjyd zmsvr scfed asmzdn -> alice draws above garden
xswwdm zmsvr wxd rjtedm bdq -> hatter draws the silver key
wxd rwmsnad bjna jusajndr -> the strange king imagines
wxd cmjaxw klddn vswyxdr -> the bright queen watches
Now, decrypt the following text: zmsafn zjryfedmr wxd usajyst udrrsad",dragon discovers the magical message,text_encryption
684013e1,"In Alice's Wonderland, secret encryption rules are used on text. Here are some examples:
dih jhanhd jdtghmd lnvdhj -> the secret student writes
svmc lnvdhj dih crkghm phjjfch -> king writes the golden message
xthhm vpfcvmhj vm prtmdfvm -> queen imagines in mountain
jdtghmd lfdaihj urnhjd -> student watches forest
onvmahjj jhhj tmghn ofkfah -> princess sees under palace
Now, decrypt the following text: jdtghmd hyokrnhj dih znvcid anejdfk",student explores the bright crystal,text_encryption
87007054,"In Alice's Wonderland, a secret bit manipulation rule transforms 8-bit binary numbers. The transformation involves operations like bit shifts, rotations, XOR, AND, OR, NOT, and possibly majority or choice functions.

Here are some examples of input -> output:
10111101 -> 10001111
10110001 -> 11001111
00001100 -> 10111111
01001101 -> 10001111
11011010 -> 00011111
11101011 -> 00101111
00010111 -> 01101111
11110111 -> 01101111
11000011 -> 10101111

Now, determine the output for: 01001100",10111111,bit_manipulation
b8aa3072,"In Alice's Wonderland, a secret bit manipulation rule transforms 8-bit binary numbers. The transformation involves operations like bit shifts, rotations, XOR, AND, OR, NOT, and possibly majority or choice functions.

Here are some examples of input -> output:
11001101 -> 11000110
01111111 -> 00000111
00110010 -> 00010001
11110100 -> 00101010
00110110 -> 00000011
10100010 -> 01011001
00111010 -> 00010101

Now, determine the output for: 00101111",00000011,bit_manipulation
5b43f7fc,"In Alice's Wonderland, the gravitational constant has been secretly changed. Here are some example observations:
For t = 3.26s, distance = 78.6 m
For t = 4.51s, distance = 150.44 m
For t = 1.11s, distance = 9.11 m
Now, determine the falling distance for t = 3.53s given d = 0.5*g*t^2.",92.16,gravity_constant
5b90765a,"In Alice's Wonderland, numbers are secretly converted into a different numeral system. Some examples are given below:
51 -> LI
35 -> XXXV
91 -> XCI
Now, write the number 21 in the Wonderland numeral system.",XXI,numeral_system
5e5ebad6,"In Alice's Wonderland, secret encryption rules are used on text. Here are some examples:
dbfyia qievtv ait meld uood -> knight chases the dark book
kcttb qlteatv ntvveyt -> queen creates message
ait qoholpch sfxelm slfatv -> the colorful wizard writes
Now, decrypt the following text: ait neyfqeh dfby pohhosv",the magical king follows,text_encryption
9f1ff166,"In Alice's Wonderland, a secret set of transformation rules is applied to equations. Below are a few examples:
}#-'> = >""
?""-#' = /
""'*'] = '""}""
'/*>' = /'#""
Now, determine the result for: ""]-'/",[,equation_transform
0a3c8962,"In Alice's Wonderland, the gravitational constant has been secretly changed. Here are some example observations:
For t = 2.48s, distance = 37.4 m
For t = 2.32s, distance = 32.73 m
For t = 1.33s, distance = 10.76 m
For t = 4.16s, distance = 105.23 m
For t = 3.84s, distance = 89.66 m
Now, determine the falling distance for t = 2.99s given d = 0.5*g*t^2.",54.36,gravity_constant
9916e79d,"In Alice's Wonderland, a secret unit conversion is applied to measurements. For example:
45.24 m becomes 50.34
11.66 m becomes 12.97
40.69 m becomes 45.27
46.91 m becomes 52.19
24.37 m becomes 27.11
Now, convert the following measurement: 47.87 m",53.26,unit_conversion
82ae858c,"In Alice's Wonderland, a secret bit manipulation rule transforms 8-bit binary numbers. The transformation involves operations like bit shifts, rotations, XOR, AND, OR, NOT, and possibly majority or choice functions.

Here are some examples of input -> output:
10001001 -> 11101010
11011010 -> 11111110
00010111 -> 01000101
10101011 -> 00101110
00100000 -> 01111011
11110111 -> 11111101
10000111 -> 00110011
10010100 -> 00111101
10111011 -> 01101110
11010001 -> 10110101

Now, determine the output for: 00110111",11001101,bit_manipulation
a189d177,"In Alice's Wonderland, secret encryption rules are used on text. Here are some examples:
jsllk fcbmlm dcl uaml tbv -> queen chases the wise map
tzsml xlbrm tbv -> mouse reads map
xbhhad fxlbdlm hlezkr iahxbxe -> rabbit creates beyond library
Now, decrypt the following text: dlbfclx ubdfclm hlezkr uzkrlxibkr",teacher watches beyond wonderland,text_encryption
1282c5c5,"In Alice's Wonderland, a secret bit manipulation rule transforms 8-bit binary numbers. The transformation involves operations like bit shifts, rotations, XOR, AND, OR, NOT, and possibly majority or choice functions.

Here are some examples of input -> output:
11110000 -> 10001111
11000111 -> 11111100
00101000 -> 11101011
10100010 -> 11101110
11000100 -> 00011101
01001010 -> 10011110
10001110 -> 01111000
00010011 -> 00010111

Now, determine the output for: 01101110",00001110,bit_manipulation
2ffd3f41,"In Alice's Wonderland, numbers are secretly converted into a different numeral system. Some examples are given below:
59 -> LIX
55 -> LV
59 -> LIX
23 -> XXIII
60 -> LX
Now, write the number 35 in the Wonderland numeral system.",XXXV,numeral_system
b61bb6c6,"In Alice's Wonderland, the gravitational constant has been secretly changed. Here are some example observations:
For t = 1.29s, distance = 5.37 m
For t = 2.16s, distance = 15.05 m
For t = 4.9s, distance = 77.47 m
For t = 3.89s, distance = 48.82 m
Now, determine the falling distance for t = 1.55s given d = 0.5*g*t^2.",7.75,gravity_constant
4f8039dc,"In Alice's Wonderland, secret encryption rules are used on text. Here are some examples:
tfs ylwmsn hlajne yssy -> the silver wizard sees
tfs inlxft ytdesvt hnltsy -> the bright student writes
hlajne scpwunsy lv oudvtjlv -> wizard explores in mountain
Now, decrypt the following text: oudys scpwunsy tfs fleesv olnnun",mouse explores the hidden mirror,text_encryption
432b1110,"In Alice's Wonderland, a secret set of transformation rules is applied to equations. Below are a few examples:
]{+/] = ]{/]
/[+%\ = /[%\
@[+{@ = @[{@
%/+]% = %/]%
Now, determine the result for: \{*<?",%[:?,equation_transform
3ee352fa,"In Alice's Wonderland, a secret unit conversion is applied to measurements. For example:
33.38 m becomes 19.46
36.98 m becomes 21.56
47.82 m becomes 27.88
17.83 m becomes 10.40
7.56 m becomes 4.41
Now, convert the following measurement: 20.89 m",12.18,unit_conversion
8273103b,"In Alice's Wonderland, a secret unit conversion is applied to measurements. For example:
21.42 m becomes 30.30
14.89 m becomes 21.07
5.31 m becomes 7.51
8.86 m becomes 12.53
41.13 m becomes 58.19
Now, convert the following measurement: 38.95 m",55.10,unit_conversion
f333b67f,"In Alice's Wonderland, a secret set of transformation rules is applied to equations. Below are a few examples:
36^58 = ^22
35$47 = 1644
59^79 = ^20
90<20 = 111
Now, determine the result for: 48<51",100,equation_transform
f7d26b8d,"In Alice's Wonderland, a secret set of transformation rules is applied to equations. Below are a few examples:
%[-]% = }\
\}-%` = -\}
/[+}[ = [`@
``*$] = /$\]
$}*}\ = $[/@
Now, determine the result for: [}-}\",/@,equation_transform
e89c56a6,"In Alice's Wonderland, numbers are secretly converted into a different numeral system. Some examples are given below:
17 -> XVII
69 -> LXIX
12 -> XII
46 -> XLVI
Now, write the number 11 in the Wonderland numeral system.",XI,numeral_system
30196117,"In Alice's Wonderland, numbers are secretly converted into a different numeral system. Some examples are given below:
62 -> LXII
45 -> XLV
12 -> XII
Now, write the number 79 in the Wonderland numeral system.",LXXIX,numeral_system
c2b9bbcf,"In Alice's Wonderland, a secret unit conversion is applied to measurements. For example:
23.74 m becomes 33.48
9.4 m becomes 13.26
18.75 m becomes 26.44
27.01 m becomes 38.09
Now, convert the following measurement: 23.41 m",33.01,unit_conversion
f5631f08,"In Alice's Wonderland, a secret unit conversion is applied to measurements. For example:
11.06 m becomes 21.94
40.2 m becomes 79.75
35.89 m becomes 71.20
Now, convert the following measurement: 31.21 m",61.92,unit_conversion
5ba26f21,"In Alice's Wonderland, a secret bit manipulation rule transforms 8-bit binary numbers. The transformation involves operations like bit shifts, rotations, XOR, AND, OR, NOT, and possibly majority or choice functions.

Here are some examples of input -> output:
00110011 -> 00010001
01010011 -> 00110001
00001101 -> 11000010
10000010 -> 00101000
01011101 -> 01101111
11000010 -> 00101000
01010100 -> 01101101
10110010 -> 01001011

Now, determine the output for: 11101001",01011100,bit_manipulation
a00fe76a,"In Alice's Wonderland, a secret bit manipulation rule transforms 8-bit binary numbers. The transformation involves operations like bit shifts, rotations, XOR, AND, OR, NOT, and possibly majority or choice functions.

Here are some examples of input -> output:
11010011 -> 11110100
10010001 -> 01100100
00100001 -> 01001000
10101011 -> 11101010
10010111 -> 11100101
11010010 -> 10110100
01100110 -> 10011001
10101010 -> 10101010
00111101 -> 01001111

Now, determine the output for: 11101110",10111011,bit_manipulation
8e56a42e,"In Alice's Wonderland, a secret set of transformation rules is applied to equations. Below are a few examples:
<$@}\ = \%{
{%[$} = {%$}
<$^>> = ""\
Now, determine the result for: %/[<>",%/<>,equation_transform
ef6b6bc3,"In Alice's Wonderland, secret encryption rules are used on text. Here are some examples:
oye kfcn fhale kazlbtecz -> the dark alice discovers
zogkepo xbhhbsz qedbpk blefp -> student follows beyond ocean
zogkepo amfvapez oye lgcabgz ocefzgce -> student imagines the curious treasure
zogkepo zogkaez oye vbhkep vfckep -> student studies the golden garden
zogkepo erjhbcez qedbpk zlybbh -> student explores beyond school
Now, decrypt the following text: fhale scaoez mezzfve",alice writes message,text_encryption
22844f06,"In Alice's Wonderland, secret encryption rules are used on text. Here are some examples:
nofnij xfjgnjd mbfjdn -> turtle creates forest
nofnij mbose ntj qwdj vwffbf -> turtle found the wise mirror
lwsp wvgpwsjd ntj vgpwxgi vwffbf -> king imagines the magical mirror
Now, decrypt the following text: qwugfe mbose vwffbf",wizard found mirror,text_encryption
fab9831d,"In Alice's Wonderland, the gravitational constant has been secretly changed. Here are some example observations:
For t = 1.77s, distance = 25.03 m
For t = 3.69s, distance = 108.79 m
For t = 4.71s, distance = 177.25 m
For t = 1.23s, distance = 12.09 m
For t = 4.11s, distance = 134.97 m
Now, determine the falling distance for t = 4.77s given d = 0.5*g*t^2.",181.79,gravity_constant
c42412f4,"In Alice's Wonderland, numbers are secretly converted into a different numeral system. Some examples are given below:
24 -> XXIV
51 -> LI
6 -> VI
7 -> VII
80 -> LXXX
Now, write the number 74 in the Wonderland numeral system.",LXXIV,numeral_system
5eb5a358,"In Alice's Wonderland, the gravitational constant has been secretly changed. Here are some example observations:
For t = 4.56s, distance = 117.55 m
For t = 3.09s, distance = 53.98 m
For t = 2.9s, distance = 47.54 m
Now, determine the falling distance for t = 1.22s given d = 0.5*g*t^2.",8.41,gravity_constant
03ed28b0,"In Alice's Wonderland, numbers are secretly converted into a different numeral system. Some examples are given below:
2 -> II
97 -> XCVII
77 -> LXXVII
92 -> XCII
Now, write the number 94 in the Wonderland numeral system.",XCIV,numeral_system
77393a4b,"In Alice's Wonderland, numbers are secretly converted into a different numeral system. Some examples are given below:
96 -> XCVI
21 -> XXI
98 -> XCVIII
Now, write the number 54 in the Wonderland numeral system.",LIV,numeral_system
0e3962f6,"In Alice's Wonderland, a secret bit manipulation rule transforms 8-bit binary numbers. The transformation involves operations like bit shifts, rotations, XOR, AND, OR, NOT, and possibly majority or choice functions.

Here are some examples of input -> output:
00101110 -> 01110001
00100110 -> 00110001
01101001 -> 01001011
01110111 -> 10111011
01001011 -> 01011010
11000010 -> 00010110
10000100 -> 00100100
01010111 -> 10111010
11001010 -> 01010110

Now, determine the output for: 11011111",11111110,bit_manipulation
20f0fac9,"In Alice's Wonderland, a secret set of transformation rules is applied to equations. Below are a few examples:
78]18 = 6
95]24 = 23
52*94 = 145
21]91 = 7
Now, determine the result for: 31%96",2976,equation_transform
26e48e98,"In Alice's Wonderland, a secret set of transformation rules is applied to equations. Below are a few examples:
%]`]< = ]""<%
""#/|< = {""%
]@)@| = @
#|`({ = {<@#
#|){( = )#]
Now, determine the result for: ""])%{",){|,equation_transform
80a09335,"In Alice's Wonderland, numbers are secretly converted into a different numeral system. Some examples are given below:
92 -> XCII
44 -> XLIV
2 -> II
44 -> XLIV
94 -> XCIV
Now, write the number 86 in the Wonderland numeral system.",LXXXVI,numeral_system
a2c36fcf,"In Alice's Wonderland, numbers are secretly converted into a different numeral system. Some examples are given below:
56 -> LVI
10 -> X
5 -> V
77 -> LXXVII
74 -> LXXIV
Now, write the number 32 in the Wonderland numeral system.",XXXII,numeral_system
0290f51a,"In Alice's Wonderland, a secret bit manipulation rule transforms 8-bit binary numbers. The transformation involves operations like bit shifts, rotations, XOR, AND, OR, NOT, and possibly majority or choice functions.

Here are some examples of input -> output:
01011010 -> 00101011
10100100 -> 01010111
10110001 -> 10110111
00011001 -> 10011001
11101011 -> 01100111
11100001 -> 10100111
10000001 -> 10111111
01001101 -> 00001110
11101111 -> 11100111

Now, determine the output for: 11010001",10101111,bit_manipulation
2f767212,"In Alice's Wonderland, a secret unit conversion is applied to measurements. For example:
41.63 m becomes 66.24
8.42 m becomes 13.40
19.96 m becomes 31.76
Now, convert the following measurement: 49.02 m",77.99,unit_conversion
ee4ed522,"In Alice's Wonderland, secret encryption rules are used on text. Here are some examples:
lwi exklipsqbk uol seomszik -> the mysterious cat imagines
ohsui idfhqpik lwi eomsuoh moptiz -> alice explores the magical garden
uol npslik klqpx -> cat writes story
lwi gpsmwl rbiiz kiik -> the bright queen sees
Now, decrypt the following text: lwi gpsmwl poggsl tpioek",the bright rabbit dreams,text_encryption
c4293a0d,"In Alice's Wonderland, secret encryption rules are used on text. Here are some examples:
yzd yvozdor dho ziytoid yvsrdzf -> cat creates the ancient crystal
xbooi vozlr uqdtqi -> queen reads potion
zftyo ltryqcovr dho jzatyzf jtvvqv -> alice discovers the magical mirror
Now, decrypt the following text: dho yqfqvkbf hzddov mvtdor",the colorful hatter writes,text_encryption
3da50553,"In Alice's Wonderland, secret encryption rules are used on text. Here are some examples:
fmsigmq qmswx fgm xjuzmq fqmsxyqm -> teacher reads the silver treasure
gsffmq mvkunqmx xfnqh -> hatter explores story
xfywmcf xmmx fgm scijmcf pnnb -> student sees the ancient book
kqjcimxx tsfigmx bmh -> princess watches key
Now, decrypt the following text: pjqw enuuntx pmhncw enqmxf",bird follows beyond forest,text_encryption
12e6f711,"In Alice's Wonderland, the gravitational constant has been secretly changed. Here are some example observations:
For t = 4.5s, distance = 187.95 m
For t = 1.17s, distance = 12.71 m
For t = 2.18s, distance = 44.11 m
Now, determine the falling distance for t = 3.33s given d = 0.5*g*t^2.",102.92,gravity_constant
f846fc66,"In Alice's Wonderland, the gravitational constant has been secretly changed. Here are some example observations:
For t = 2.28s, distance = 47.78 m
For t = 1.98s, distance = 36.03 m
For t = 4.08s, distance = 153.0 m
Now, determine the falling distance for t = 4.68s given d = 0.5*g*t^2.",201.31,gravity_constant
9c16fd02,"In Alice's Wonderland, numbers are secretly converted into a different numeral system. Some examples are given below:
21 -> XXI
36 -> XXXVI
81 -> LXXXI
Now, write the number 73 in the Wonderland numeral system.",LXXIII,numeral_system
c30a782a,"In Alice's Wonderland, a secret bit manipulation rule transforms 8-bit binary numbers. The transformation involves operations like bit shifts, rotations, XOR, AND, OR, NOT, and possibly majority or choice functions.

Here are some examples of input -> output:
00101001 -> 00100101
00101111 -> 00000101
01000010 -> 01001000
10010011 -> 01000010
00111000 -> 00000111
00001011 -> 01000001
11110110 -> 10011110
01011011 -> 01001011
10111001 -> 00100111
01100011 -> 01001100

Now, determine the output for: 00110011",01000110,bit_manipulation
3d24aef4,"In Alice's Wonderland, a secret bit manipulation rule transforms 8-bit binary numbers. The transformation involves operations like bit shifts, rotations, XOR, AND, OR, NOT, and possibly majority or choice functions.

Here are some examples of input -> output:
00111001 -> 11001001
00101000 -> 01000001
01111001 -> 11001011
10000011 -> 00011101
11011111 -> 11111111
11110000 -> 10000110
01110011 -> 10011011
00001000 -> 01000000
01101100 -> 01100011

Now, determine the output for: 10010100",10100101,bit_manipulation
5501c054,"In Alice's Wonderland, a secret set of transformation rules is applied to equations. Below are a few examples:
'){^' = #[
""!{#^ = ^>
[#}\"" = #>
!&}"""" = ^[""
#)}'\ = ^!>
Now, determine the result for: !#$#^",[#>#,equation_transform
b5539826,"In Alice's Wonderland, a secret unit conversion is applied to measurements. For example:
29.74 m becomes 38.27
19.49 m becomes 25.08
44.61 m becomes 57.40
Now, convert the following measurement: 8.58 m",11.04,unit_conversion
ea6d926a,"In Alice's Wonderland, a secret set of transformation rules is applied to equations. Below are a few examples:
15-77 = 62
78*32 = 2002
41-05 = 8
95*11 = 056
Now, determine the result for: 25+62",87,equation_transform
88afd9a7,"In Alice's Wonderland, a secret unit conversion is applied to measurements. For example:
18.66 m becomes 9.47
6.94 m becomes 3.52
32.84 m becomes 16.66
Now, convert the following measurement: 30.88 m",15.67,unit_conversion
2306289a,"In Alice's Wonderland, the gravitational constant has been secretly changed. Here are some example observations:
For t = 2.47s, distance = 22.06 m
For t = 3.9s, distance = 54.99 m
For t = 3.11s, distance = 34.97 m
Now, determine the falling distance for t = 4.03s given d = 0.5*g*t^2.",58.72,gravity_constant
dd24b691,"In Alice's Wonderland, secret encryption rules are used on text. Here are some examples:
ngvkui nkorlpa gzagip njzipumkzi -> wizard watches inside wonderland
olp aoukzdp iukdjz iukna -> the strange dragon draws
ohuomp iukna rubaokm -> turtle draws crystal
Now, decrypt the following text: kmgrp nugopa gzagip rkaomp",alice writes inside castle,text_encryption
b8084b36,"In Alice's Wonderland, a secret unit conversion is applied to measurements. For example:
32.29 m becomes 47.37
39.49 m becomes 57.94
17.09 m becomes 25.07
36.9 m becomes 54.14
22.45 m becomes 32.94
Now, convert the following measurement: 29.63 m",43.47,unit_conversion
67ccce4b,"In Alice's Wonderland, a secret unit conversion is applied to measurements. For example:
14.25 m becomes 7.21
17.13 m becomes 8.67
12.59 m becomes 6.37
12.11 m becomes 6.13
6.58 m becomes 3.33
Now, convert the following measurement: 45.84 m",23.19,unit_conversion
7e19acde,"In Alice's Wonderland, a secret unit conversion is applied to measurements. For example:
7.55 m becomes 5.95
11.21 m becomes 8.83
37.15 m becomes 29.27
9.62 m becomes 7.58
Now, convert the following measurement: 19.92 m",15.69,unit_conversion
