id,subtype,rule_class,status,prediction,answer,baseline_prediction,verified_by_weak_label,incorrect_by_weak_label,promotable_after_class_gate,query,example_count,candidate_program_count,unique_prediction_count,proof,candidate_source
09d5ee68,equation_symbolic_punct,symbolic_char_transducer,abstain,,!?'!,|:>>,False,False,False,|:*>>,4,0,0,no_pair_mapping,v350_v278_symbolic_dsl
09d5ee68,equation_symbolic_punct,symbolic_delete_selected_chars,abstain,,!?'!,|:>>,False,False,False,|:*>>,4,0,0,delete_char_sets=; unique_prediction_count=0,v350_v278_symbolic_dsl
09d5ee68,equation_symbolic_punct,symbolic_keep_selected_chars,abstain,,!?'!,|:>>,False,False,False,|:*>>,4,0,0,keep_char_sets=; unique_prediction_count=0,v350_v278_symbolic_dsl
09d5ee68,equation_symbolic_punct,symbolic_prefix_until_marker,abstain,,!?'!,|:>>,False,False,False,|:*>>,4,0,0,markers=''; unique_prediction_count=0,v350_v278_symbolic_dsl
09d5ee68,equation_symbolic_punct,symbolic_suffix_after_marker,abstain,,!?'!,|:>>,False,False,False,|:*>>,4,0,0,markers=''; unique_prediction_count=0,v350_v278_symbolic_dsl
09d5ee68,equation_symbolic_punct,symbolic_prefix_before_last_marker,abstain,,!?'!,|:>>,False,False,False,|:*>>,4,0,0,markers=''; unique_prediction_count=0,v350_v278_symbolic_dsl
09d5ee68,equation_symbolic_punct,symbolic_suffix_after_last_marker,abstain,,!?'!,|:>>,False,False,False,|:*>>,4,0,0,markers=''; unique_prediction_count=0,v350_v278_symbolic_dsl
09d5ee68,equation_symbolic_punct,symbolic_remove_first_marker,abstain,,!?'!,|:>>,False,False,False,|:*>>,4,0,0,markers=''; unique_prediction_count=0,v350_v278_symbolic_dsl
09d5ee68,equation_symbolic_punct,symbolic_position_template,abstain,,!?'!,|:>>,False,False,False,|:*>>,4,0,0,nonuniform_rhs_lengths,v350_v278_symbolic_dsl
09d5ee68,equation_symbolic_punct,symbolic_operator_index_template,abstain,,!?'!,|:>>,False,False,False,|:*>>,4,0,0,programs=; unique_prediction_count=0,v350_v278_symbolic_dsl
09d5ee68,equation_symbolic_punct,symbolic_variable_operator_drop_operator,abstain,,!?'!,|:>>,False,False,False,|:*>>,4,0,0,"one_or_more_examples_have_no_matching_split; split_counts=1,1,0",v350_v324_variable_operator
09d5ee68,equation_symbolic_punct,symbolic_variable_operator_reverse_drop_operator,abstain,,!?'!,|:>>,False,False,False,|:*>>,4,0,0,one_or_more_examples_have_no_matching_split; split_counts=0,v350_v324_variable_operator
09d5ee68,equation_symbolic_punct,symbolic_variable_operator_left_only,abstain,,!?'!,|:>>,False,False,False,|:*>>,4,0,0,one_or_more_examples_have_no_matching_split; split_counts=0,v350_v324_variable_operator
09d5ee68,equation_symbolic_punct,symbolic_variable_operator_right_only,abstain,,!?'!,|:>>,False,False,False,|:*>>,4,0,0,one_or_more_examples_have_no_matching_split; split_counts=0,v350_v324_variable_operator
09d5ee68,equation_symbolic_punct,symbolic_variable_operator_right_left,abstain,,!?'!,|:>>,False,False,False,|:*>>,4,0,0,one_or_more_examples_have_no_matching_split; split_counts=0,v350_v324_variable_operator
09d5ee68,equation_symbolic_punct,symbolic_variable_operator_left_reverse_right,abstain,,!?'!,|:>>,False,False,False,|:*>>,4,0,0,one_or_more_examples_have_no_matching_split; split_counts=0,v350_v324_variable_operator
09d5ee68,equation_symbolic_punct,symbolic_variable_operator_reverse_left_right,abstain,,!?'!,|:>>,False,False,False,|:*>>,4,0,0,one_or_more_examples_have_no_matching_split; split_counts=0,v350_v324_variable_operator
09d5ee68,equation_symbolic_punct,symbolic_variable_operator_right_reverse_left,abstain,,!?'!,|:>>,False,False,False,|:*>>,4,0,0,one_or_more_examples_have_no_matching_split; split_counts=0,v350_v324_variable_operator
09d5ee68,equation_symbolic_punct,symbolic_variable_operator_reverse_right_left,abstain,,!?'!,|:>>,False,False,False,|:*>>,4,0,0,one_or_more_examples_have_no_matching_split; split_counts=0,v350_v324_variable_operator
09d5ee68,equation_symbolic_punct,symbolic_variable_operator_operator_between_reversed,abstain,,!?'!,|:>>,False,False,False,|:*>>,4,0,0,one_or_more_examples_have_no_matching_split; split_counts=0,v350_v324_variable_operator
09d5ee68,equation_symbolic_punct,symbolic_cryptarithm_operator_digits,abstain,,!?'!,|:>>,False,False,False,|:*>>,4,0,0,no_operator_digit_solution,v350_v329_symbolic_cryptarithm
00457d26,equation_symbolic_punct,symbolic_char_transducer,abstain,,@&,\boxed[[!'},False,False,False,[[-!',4,0,0,no_global_mapping,v350_v278_symbolic_dsl
00457d26,equation_symbolic_punct,symbolic_delete_selected_chars,abstain,,@&,\boxed[[!'},False,False,False,[[-!',4,0,0,delete_char_sets=; unique_prediction_count=0,v350_v278_symbolic_dsl
00457d26,equation_symbolic_punct,symbolic_keep_selected_chars,abstain,,@&,\boxed[[!'},False,False,False,[[-!',4,0,0,keep_char_sets=; unique_prediction_count=0,v350_v278_symbolic_dsl
00457d26,equation_symbolic_punct,symbolic_prefix_until_marker,abstain,,@&,\boxed[[!'},False,False,False,[[-!',4,0,0,markers=''; unique_prediction_count=0,v350_v278_symbolic_dsl
00457d26,equation_symbolic_punct,symbolic_suffix_after_marker,abstain,,@&,\boxed[[!'},False,False,False,[[-!',4,0,0,markers=''; unique_prediction_count=0,v350_v278_symbolic_dsl
00457d26,equation_symbolic_punct,symbolic_prefix_before_last_marker,abstain,,@&,\boxed[[!'},False,False,False,[[-!',4,0,0,markers=''; unique_prediction_count=0,v350_v278_symbolic_dsl
00457d26,equation_symbolic_punct,symbolic_suffix_after_last_marker,abstain,,@&,\boxed[[!'},False,False,False,[[-!',4,0,0,markers=''; unique_prediction_count=0,v350_v278_symbolic_dsl
00457d26,equation_symbolic_punct,symbolic_remove_first_marker,abstain,,@&,\boxed[[!'},False,False,False,[[-!',4,0,0,markers=''; unique_prediction_count=0,v350_v278_symbolic_dsl
00457d26,equation_symbolic_punct,symbolic_position_template,abstain,,@&,\boxed[[!'},False,False,False,[[-!',4,0,0,nonuniform_rhs_lengths,v350_v278_symbolic_dsl
00457d26,equation_symbolic_punct,symbolic_operator_index_template,abstain,,@&,\boxed[[!'},False,False,False,[[-!',4,0,0,programs=; unique_prediction_count=0,v350_v278_symbolic_dsl
00457d26,equation_symbolic_punct,symbolic_variable_operator_drop_operator,abstain,,@&,\boxed[[!'},False,False,False,[[-!',4,0,0,one_or_more_examples_have_no_matching_split; split_counts=0,v350_v324_variable_operator
00457d26,equation_symbolic_punct,symbolic_variable_operator_reverse_drop_operator,abstain,,@&,\boxed[[!'},False,False,False,[[-!',4,0,0,one_or_more_examples_have_no_matching_split; split_counts=0,v350_v324_variable_operator
00457d26,equation_symbolic_punct,symbolic_variable_operator_left_only,abstain,,@&,\boxed[[!'},False,False,False,[[-!',4,0,0,one_or_more_examples_have_no_matching_split; split_counts=0,v350_v324_variable_operator
00457d26,equation_symbolic_punct,symbolic_variable_operator_right_only,abstain,,@&,\boxed[[!'},False,False,False,[[-!',4,0,0,one_or_more_examples_have_no_matching_split; split_counts=0,v350_v324_variable_operator
00457d26,equation_symbolic_punct,symbolic_variable_operator_right_left,abstain,,@&,\boxed[[!'},False,False,False,[[-!',4,0,0,one_or_more_examples_have_no_matching_split; split_counts=0,v350_v324_variable_operator
00457d26,equation_symbolic_punct,symbolic_variable_operator_left_reverse_right,abstain,,@&,\boxed[[!'},False,False,False,[[-!',4,0,0,one_or_more_examples_have_no_matching_split; split_counts=0,v350_v324_variable_operator
00457d26,equation_symbolic_punct,symbolic_variable_operator_reverse_left_right,abstain,,@&,\boxed[[!'},False,False,False,[[-!',4,0,0,one_or_more_examples_have_no_matching_split; split_counts=0,v350_v324_variable_operator
00457d26,equation_symbolic_punct,symbolic_variable_operator_right_reverse_left,abstain,,@&,\boxed[[!'},False,False,False,[[-!',4,0,0,one_or_more_examples_have_no_matching_split; split_counts=0,v350_v324_variable_operator
00457d26,equation_symbolic_punct,symbolic_variable_operator_reverse_right_left,abstain,,@&,\boxed[[!'},False,False,False,[[-!',4,0,0,one_or_more_examples_have_no_matching_split; split_counts=0,v350_v324_variable_operator
00457d26,equation_symbolic_punct,symbolic_variable_operator_operator_between_reversed,abstain,,@&,\boxed[[!'},False,False,False,[[-!',4,0,0,one_or_more_examples_have_no_matching_split; split_counts=0,v350_v324_variable_operator
00457d26,equation_symbolic_punct,symbolic_cryptarithm_operator_digits,abstain,,@&,\boxed[[!'},False,False,False,[[-!',4,0,0,no_operator_digit_solution,v350_v329_symbolic_cryptarithm
518deb39,equation_symbolic_punct,symbolic_char_transducer,abstain,,$,{}>{,False,False,False,$$-<>,4,0,0,no_global_mapping,v350_v278_symbolic_dsl
518deb39,equation_symbolic_punct,symbolic_delete_selected_chars,abstain,,$,{}>{,False,False,False,$$-<>,4,0,0,delete_char_sets=; unique_prediction_count=0,v350_v278_symbolic_dsl
518deb39,equation_symbolic_punct,symbolic_keep_selected_chars,abstain,,$,{}>{,False,False,False,$$-<>,4,0,0,keep_char_sets=; unique_prediction_count=0,v350_v278_symbolic_dsl
518deb39,equation_symbolic_punct,symbolic_prefix_until_marker,abstain,,$,{}>{,False,False,False,$$-<>,4,0,0,markers=''; unique_prediction_count=0,v350_v278_symbolic_dsl
518deb39,equation_symbolic_punct,symbolic_suffix_after_marker,abstain,,$,{}>{,False,False,False,$$-<>,4,0,0,markers=''; unique_prediction_count=0,v350_v278_symbolic_dsl
518deb39,equation_symbolic_punct,symbolic_prefix_before_last_marker,abstain,,$,{}>{,False,False,False,$$-<>,4,0,0,markers=''; unique_prediction_count=0,v350_v278_symbolic_dsl
518deb39,equation_symbolic_punct,symbolic_suffix_after_last_marker,abstain,,$,{}>{,False,False,False,$$-<>,4,0,0,markers=''; unique_prediction_count=0,v350_v278_symbolic_dsl
518deb39,equation_symbolic_punct,symbolic_remove_first_marker,abstain,,$,{}>{,False,False,False,$$-<>,4,0,0,markers=''; unique_prediction_count=0,v350_v278_symbolic_dsl
518deb39,equation_symbolic_punct,symbolic_position_template,abstain,,$,{}>{,False,False,False,$$-<>,4,0,0,nonuniform_rhs_lengths,v350_v278_symbolic_dsl
518deb39,equation_symbolic_punct,symbolic_operator_index_template,abstain,,$,{}>{,False,False,False,$$-<>,4,0,0,programs=; unique_prediction_count=0,v350_v278_symbolic_dsl
518deb39,equation_symbolic_punct,symbolic_variable_operator_drop_operator,abstain,,$,{}>{,False,False,False,$$-<>,4,0,0,one_or_more_examples_have_no_matching_split; split_counts=0,v350_v324_variable_operator
518deb39,equation_symbolic_punct,symbolic_variable_operator_reverse_drop_operator,abstain,,$,{}>{,False,False,False,$$-<>,4,0,0,one_or_more_examples_have_no_matching_split; split_counts=0,v350_v324_variable_operator
518deb39,equation_symbolic_punct,symbolic_variable_operator_left_only,abstain,,$,{}>{,False,False,False,$$-<>,4,0,0,one_or_more_examples_have_no_matching_split; split_counts=0,v350_v324_variable_operator
518deb39,equation_symbolic_punct,symbolic_variable_operator_right_only,abstain,,$,{}>{,False,False,False,$$-<>,4,0,0,one_or_more_examples_have_no_matching_split; split_counts=0,v350_v324_variable_operator
518deb39,equation_symbolic_punct,symbolic_variable_operator_right_left,abstain,,$,{}>{,False,False,False,$$-<>,4,0,0,one_or_more_examples_have_no_matching_split; split_counts=0,v350_v324_variable_operator
518deb39,equation_symbolic_punct,symbolic_variable_operator_left_reverse_right,abstain,,$,{}>{,False,False,False,$$-<>,4,0,0,one_or_more_examples_have_no_matching_split; split_counts=0,v350_v324_variable_operator
518deb39,equation_symbolic_punct,symbolic_variable_operator_reverse_left_right,abstain,,$,{}>{,False,False,False,$$-<>,4,0,0,one_or_more_examples_have_no_matching_split; split_counts=0,v350_v324_variable_operator
518deb39,equation_symbolic_punct,symbolic_variable_operator_right_reverse_left,abstain,,$,{}>{,False,False,False,$$-<>,4,0,0,one_or_more_examples_have_no_matching_split; split_counts=0,v350_v324_variable_operator
518deb39,equation_symbolic_punct,symbolic_variable_operator_reverse_right_left,abstain,,$,{}>{,False,False,False,$$-<>,4,0,0,one_or_more_examples_have_no_matching_split; split_counts=0,v350_v324_variable_operator
518deb39,equation_symbolic_punct,symbolic_variable_operator_operator_between_reversed,abstain,,$,{}>{,False,False,False,$$-<>,4,0,0,one_or_more_examples_have_no_matching_split; split_counts=0,v350_v324_variable_operator
518deb39,equation_symbolic_punct,symbolic_cryptarithm_operator_digits,abstain,,$,{}>{,False,False,False,$$-<>,4,0,0,no_operator_digit_solution,v350_v329_symbolic_cryptarithm
82109e34,equation_symbolic_punct,symbolic_char_transducer,abstain,,-@>,'^^^',False,False,False,'^-^^,4,0,0,no_global_mapping,v350_v278_symbolic_dsl
82109e34,equation_symbolic_punct,symbolic_delete_selected_chars,abstain,,-@>,'^^^',False,False,False,'^-^^,4,0,0,delete_char_sets=; unique_prediction_count=0,v350_v278_symbolic_dsl
82109e34,equation_symbolic_punct,symbolic_keep_selected_chars,abstain,,-@>,'^^^',False,False,False,'^-^^,4,0,0,keep_char_sets=; unique_prediction_count=0,v350_v278_symbolic_dsl
82109e34,equation_symbolic_punct,symbolic_prefix_until_marker,abstain,,-@>,'^^^',False,False,False,'^-^^,4,0,0,markers=''; unique_prediction_count=0,v350_v278_symbolic_dsl
82109e34,equation_symbolic_punct,symbolic_suffix_after_marker,abstain,,-@>,'^^^',False,False,False,'^-^^,4,0,0,markers=''; unique_prediction_count=0,v350_v278_symbolic_dsl
82109e34,equation_symbolic_punct,symbolic_prefix_before_last_marker,abstain,,-@>,'^^^',False,False,False,'^-^^,4,0,0,markers=''; unique_prediction_count=0,v350_v278_symbolic_dsl
82109e34,equation_symbolic_punct,symbolic_suffix_after_last_marker,abstain,,-@>,'^^^',False,False,False,'^-^^,4,0,0,markers=''; unique_prediction_count=0,v350_v278_symbolic_dsl
82109e34,equation_symbolic_punct,symbolic_remove_first_marker,abstain,,-@>,'^^^',False,False,False,'^-^^,4,0,0,markers=''; unique_prediction_count=0,v350_v278_symbolic_dsl
82109e34,equation_symbolic_punct,symbolic_position_template,abstain,,-@>,'^^^',False,False,False,'^-^^,4,0,0,nonuniform_rhs_lengths,v350_v278_symbolic_dsl
82109e34,equation_symbolic_punct,symbolic_operator_index_template,abstain,,-@>,'^^^',False,False,False,'^-^^,4,0,0,programs=; unique_prediction_count=0,v350_v278_symbolic_dsl
82109e34,equation_symbolic_punct,symbolic_variable_operator_drop_operator,abstain,,-@>,'^^^',False,False,False,'^-^^,4,0,0,one_or_more_examples_have_no_matching_split; split_counts=0,v350_v324_variable_operator
82109e34,equation_symbolic_punct,symbolic_variable_operator_reverse_drop_operator,abstain,,-@>,'^^^',False,False,False,'^-^^,4,0,0,one_or_more_examples_have_no_matching_split; split_counts=0,v350_v324_variable_operator
82109e34,equation_symbolic_punct,symbolic_variable_operator_left_only,abstain,,-@>,'^^^',False,False,False,'^-^^,4,0,0,one_or_more_examples_have_no_matching_split; split_counts=0,v350_v324_variable_operator
82109e34,equation_symbolic_punct,symbolic_variable_operator_right_only,abstain,,-@>,'^^^',False,False,False,'^-^^,4,0,0,one_or_more_examples_have_no_matching_split; split_counts=0,v350_v324_variable_operator
82109e34,equation_symbolic_punct,symbolic_variable_operator_right_left,abstain,,-@>,'^^^',False,False,False,'^-^^,4,0,0,one_or_more_examples_have_no_matching_split; split_counts=0,v350_v324_variable_operator
82109e34,equation_symbolic_punct,symbolic_variable_operator_left_reverse_right,abstain,,-@>,'^^^',False,False,False,'^-^^,4,0,0,one_or_more_examples_have_no_matching_split; split_counts=0,v350_v324_variable_operator
82109e34,equation_symbolic_punct,symbolic_variable_operator_reverse_left_right,abstain,,-@>,'^^^',False,False,False,'^-^^,4,0,0,one_or_more_examples_have_no_matching_split; split_counts=0,v350_v324_variable_operator
82109e34,equation_symbolic_punct,symbolic_variable_operator_right_reverse_left,abstain,,-@>,'^^^',False,False,False,'^-^^,4,0,0,one_or_more_examples_have_no_matching_split; split_counts=0,v350_v324_variable_operator
82109e34,equation_symbolic_punct,symbolic_variable_operator_reverse_right_left,abstain,,-@>,'^^^',False,False,False,'^-^^,4,0,0,one_or_more_examples_have_no_matching_split; split_counts=0,v350_v324_variable_operator
82109e34,equation_symbolic_punct,symbolic_variable_operator_operator_between_reversed,abstain,,-@>,'^^^',False,False,False,'^-^^,4,0,0,one_or_more_examples_have_no_matching_split; split_counts=0,v350_v324_variable_operator
82109e34,equation_symbolic_punct,symbolic_cryptarithm_operator_digits,abstain,,-@>,'^^^',False,False,False,'^-^^,4,0,0,no_operator_digit_solution,v350_v329_symbolic_cryptarithm
e1728524,equation_numeric_operator,numeric_same_operator_extended,abstain,,1089,0,False,False,False,99/99,5,0,0,same_operator_examples=0 below_min=2,v350_equation_numeric_local
e1728524,equation_numeric_operator,v274_guarded_numeric_query_operator_unseen,abstain,,1089,0,False,False,False,99/99,5,0,0,query_op='/' not present in examples,v350_equation_numeric_local
e1728524,equation_numeric_operator,v299_same_operator_unique_numeric_dsl,abstain,,1089,0,False,False,False,99/99,5,0,0,query_op='/' absent from examples,v350_v299_numeric_dsl
e1728524,equation_numeric_operator,v299_all_numeric_examples_unique_dsl,abstain,,1089,0,False,False,False,99/99,5,0,0,unique_prediction_count=0; candidate_rules=0,v350_v299_numeric_dsl
e1728524,equation_numeric_operator,v299_conventional_operator_prior_unique,abstain,,1089,0,False,False,False,99/99,5,16,2,unique_prediction_count=2; candidate_rules=16,v350_v299_numeric_dsl
e3bf0c2c,equation_symbolic_punct,symbolic_char_transducer,abstain,,"""`",@`',False,False,False,@`}'',5,0,0,no_global_mapping,v350_v278_symbolic_dsl
e3bf0c2c,equation_symbolic_punct,symbolic_delete_selected_chars,abstain,,"""`",@`',False,False,False,@`}'',5,0,0,delete_char_sets=; unique_prediction_count=0,v350_v278_symbolic_dsl
e3bf0c2c,equation_symbolic_punct,symbolic_keep_selected_chars,abstain,,"""`",@`',False,False,False,@`}'',5,0,0,keep_char_sets=; unique_prediction_count=0,v350_v278_symbolic_dsl
e3bf0c2c,equation_symbolic_punct,symbolic_prefix_until_marker,abstain,,"""`",@`',False,False,False,@`}'',5,0,0,markers=''; unique_prediction_count=0,v350_v278_symbolic_dsl
e3bf0c2c,equation_symbolic_punct,symbolic_suffix_after_marker,abstain,,"""`",@`',False,False,False,@`}'',5,0,0,markers=''; unique_prediction_count=0,v350_v278_symbolic_dsl
e3bf0c2c,equation_symbolic_punct,symbolic_prefix_before_last_marker,abstain,,"""`",@`',False,False,False,@`}'',5,0,0,markers=''; unique_prediction_count=0,v350_v278_symbolic_dsl
e3bf0c2c,equation_symbolic_punct,symbolic_suffix_after_last_marker,abstain,,"""`",@`',False,False,False,@`}'',5,0,0,markers=''; unique_prediction_count=0,v350_v278_symbolic_dsl
e3bf0c2c,equation_symbolic_punct,symbolic_remove_first_marker,abstain,,"""`",@`',False,False,False,@`}'',5,0,0,markers=''; unique_prediction_count=0,v350_v278_symbolic_dsl
e3bf0c2c,equation_symbolic_punct,symbolic_position_template,abstain,,"""`",@`',False,False,False,@`}'',5,0,0,nonuniform_rhs_lengths,v350_v278_symbolic_dsl
e3bf0c2c,equation_symbolic_punct,symbolic_operator_index_template,abstain,,"""`",@`',False,False,False,@`}'',5,0,0,programs=; unique_prediction_count=0,v350_v278_symbolic_dsl
e3bf0c2c,equation_symbolic_punct,symbolic_variable_operator_drop_operator,abstain,,"""`",@`',False,False,False,@`}'',5,0,0,one_or_more_examples_have_no_matching_split; split_counts=0,v350_v324_variable_operator
e3bf0c2c,equation_symbolic_punct,symbolic_variable_operator_reverse_drop_operator,abstain,,"""`",@`',False,False,False,@`}'',5,0,0,one_or_more_examples_have_no_matching_split; split_counts=0,v350_v324_variable_operator
e3bf0c2c,equation_symbolic_punct,symbolic_variable_operator_left_only,abstain,,"""`",@`',False,False,False,@`}'',5,0,0,one_or_more_examples_have_no_matching_split; split_counts=0,v350_v324_variable_operator
e3bf0c2c,equation_symbolic_punct,symbolic_variable_operator_right_only,abstain,,"""`",@`',False,False,False,@`}'',5,0,0,one_or_more_examples_have_no_matching_split; split_counts=0,v350_v324_variable_operator
e3bf0c2c,equation_symbolic_punct,symbolic_variable_operator_right_left,abstain,,"""`",@`',False,False,False,@`}'',5,0,0,one_or_more_examples_have_no_matching_split; split_counts=0,v350_v324_variable_operator
e3bf0c2c,equation_symbolic_punct,symbolic_variable_operator_left_reverse_right,abstain,,"""`",@`',False,False,False,@`}'',5,0,0,one_or_more_examples_have_no_matching_split; split_counts=0,v350_v324_variable_operator
e3bf0c2c,equation_symbolic_punct,symbolic_variable_operator_reverse_left_right,abstain,,"""`",@`',False,False,False,@`}'',5,0,0,one_or_more_examples_have_no_matching_split; split_counts=0,v350_v324_variable_operator
e3bf0c2c,equation_symbolic_punct,symbolic_variable_operator_right_reverse_left,abstain,,"""`",@`',False,False,False,@`}'',5,0,0,one_or_more_examples_have_no_matching_split; split_counts=0,v350_v324_variable_operator
e3bf0c2c,equation_symbolic_punct,symbolic_variable_operator_reverse_right_left,abstain,,"""`",@`',False,False,False,@`}'',5,0,0,one_or_more_examples_have_no_matching_split; split_counts=0,v350_v324_variable_operator
e3bf0c2c,equation_symbolic_punct,symbolic_variable_operator_operator_between_reversed,abstain,,"""`",@`',False,False,False,@`}'',5,0,0,one_or_more_examples_have_no_matching_split; split_counts=0,v350_v324_variable_operator
e3bf0c2c,equation_symbolic_punct,symbolic_cryptarithm_operator_digits,abstain,,"""`",@`',False,False,False,@`}'',5,0,0,no_operator_digit_solution,v350_v329_symbolic_cryptarithm
fdbdf50c,equation_symbolic_punct,symbolic_char_transducer,abstain,,"-\""",|?|,False,False,False,|\-?|,5,0,0,no_global_mapping,v350_v278_symbolic_dsl
fdbdf50c,equation_symbolic_punct,symbolic_delete_selected_chars,abstain,,"-\""",|?|,False,False,False,|\-?|,5,0,0,delete_char_sets=; unique_prediction_count=0,v350_v278_symbolic_dsl
fdbdf50c,equation_symbolic_punct,symbolic_keep_selected_chars,abstain,,"-\""",|?|,False,False,False,|\-?|,5,0,0,keep_char_sets=; unique_prediction_count=0,v350_v278_symbolic_dsl
fdbdf50c,equation_symbolic_punct,symbolic_prefix_until_marker,abstain,,"-\""",|?|,False,False,False,|\-?|,5,0,0,markers=''; unique_prediction_count=0,v350_v278_symbolic_dsl
fdbdf50c,equation_symbolic_punct,symbolic_suffix_after_marker,abstain,,"-\""",|?|,False,False,False,|\-?|,5,0,0,markers=''; unique_prediction_count=0,v350_v278_symbolic_dsl
fdbdf50c,equation_symbolic_punct,symbolic_prefix_before_last_marker,abstain,,"-\""",|?|,False,False,False,|\-?|,5,0,0,markers=''; unique_prediction_count=0,v350_v278_symbolic_dsl
fdbdf50c,equation_symbolic_punct,symbolic_suffix_after_last_marker,abstain,,"-\""",|?|,False,False,False,|\-?|,5,0,0,markers=''; unique_prediction_count=0,v350_v278_symbolic_dsl
fdbdf50c,equation_symbolic_punct,symbolic_remove_first_marker,abstain,,"-\""",|?|,False,False,False,|\-?|,5,0,0,markers=''; unique_prediction_count=0,v350_v278_symbolic_dsl
fdbdf50c,equation_symbolic_punct,symbolic_position_template,abstain,,"-\""",|?|,False,False,False,|\-?|,5,0,0,nonuniform_rhs_lengths,v350_v278_symbolic_dsl
fdbdf50c,equation_symbolic_punct,symbolic_operator_index_template,abstain,,"-\""",|?|,False,False,False,|\-?|,5,0,0,programs=; unique_prediction_count=0,v350_v278_symbolic_dsl
fdbdf50c,equation_symbolic_punct,symbolic_variable_operator_drop_operator,abstain,,"-\""",|?|,False,False,False,|\-?|,5,0,0,one_or_more_examples_have_no_matching_split; split_counts=0,v350_v324_variable_operator
fdbdf50c,equation_symbolic_punct,symbolic_variable_operator_reverse_drop_operator,abstain,,"-\""",|?|,False,False,False,|\-?|,5,0,0,one_or_more_examples_have_no_matching_split; split_counts=0,v350_v324_variable_operator
fdbdf50c,equation_symbolic_punct,symbolic_variable_operator_left_only,abstain,,"-\""",|?|,False,False,False,|\-?|,5,0,0,one_or_more_examples_have_no_matching_split; split_counts=0,v350_v324_variable_operator
fdbdf50c,equation_symbolic_punct,symbolic_variable_operator_right_only,abstain,,"-\""",|?|,False,False,False,|\-?|,5,0,0,one_or_more_examples_have_no_matching_split; split_counts=0,v350_v324_variable_operator
fdbdf50c,equation_symbolic_punct,symbolic_variable_operator_right_left,abstain,,"-\""",|?|,False,False,False,|\-?|,5,0,0,one_or_more_examples_have_no_matching_split; split_counts=0,v350_v324_variable_operator
fdbdf50c,equation_symbolic_punct,symbolic_variable_operator_left_reverse_right,abstain,,"-\""",|?|,False,False,False,|\-?|,5,0,0,one_or_more_examples_have_no_matching_split; split_counts=0,v350_v324_variable_operator
fdbdf50c,equation_symbolic_punct,symbolic_variable_operator_reverse_left_right,abstain,,"-\""",|?|,False,False,False,|\-?|,5,0,0,one_or_more_examples_have_no_matching_split; split_counts=0,v350_v324_variable_operator
fdbdf50c,equation_symbolic_punct,symbolic_variable_operator_right_reverse_left,abstain,,"-\""",|?|,False,False,False,|\-?|,5,0,0,one_or_more_examples_have_no_matching_split; split_counts=0,v350_v324_variable_operator
fdbdf50c,equation_symbolic_punct,symbolic_variable_operator_reverse_right_left,abstain,,"-\""",|?|,False,False,False,|\-?|,5,0,0,one_or_more_examples_have_no_matching_split; split_counts=0,v350_v324_variable_operator
fdbdf50c,equation_symbolic_punct,symbolic_variable_operator_operator_between_reversed,abstain,,"-\""",|?|,False,False,False,|\-?|,5,0,0,one_or_more_examples_have_no_matching_split; split_counts=0,v350_v324_variable_operator
fdbdf50c,equation_symbolic_punct,symbolic_cryptarithm_operator_digits,abstain,,"-\""",|?|,False,False,False,|\-?|,5,0,0,no_operator_digit_solution,v350_v329_symbolic_cryptarithm
47c1d8f5,equation_symbolic_punct,symbolic_char_transducer,abstain,,]%],/`%`,False,False,False,/`#%`,4,0,0,no_global_mapping,v350_v278_symbolic_dsl
47c1d8f5,equation_symbolic_punct,symbolic_delete_selected_chars,abstain,,]%],/`%`,False,False,False,/`#%`,4,0,0,delete_char_sets=; unique_prediction_count=0,v350_v278_symbolic_dsl
47c1d8f5,equation_symbolic_punct,symbolic_keep_selected_chars,abstain,,]%],/`%`,False,False,False,/`#%`,4,0,0,keep_char_sets=; unique_prediction_count=0,v350_v278_symbolic_dsl
47c1d8f5,equation_symbolic_punct,symbolic_prefix_until_marker,abstain,,]%],/`%`,False,False,False,/`#%`,4,0,0,markers=''; unique_prediction_count=0,v350_v278_symbolic_dsl
47c1d8f5,equation_symbolic_punct,symbolic_suffix_after_marker,abstain,,]%],/`%`,False,False,False,/`#%`,4,0,0,markers=''; unique_prediction_count=0,v350_v278_symbolic_dsl
47c1d8f5,equation_symbolic_punct,symbolic_prefix_before_last_marker,abstain,,]%],/`%`,False,False,False,/`#%`,4,0,0,markers=''; unique_prediction_count=0,v350_v278_symbolic_dsl
47c1d8f5,equation_symbolic_punct,symbolic_suffix_after_last_marker,abstain,,]%],/`%`,False,False,False,/`#%`,4,0,0,markers=''; unique_prediction_count=0,v350_v278_symbolic_dsl
47c1d8f5,equation_symbolic_punct,symbolic_remove_first_marker,abstain,,]%],/`%`,False,False,False,/`#%`,4,0,0,markers=''; unique_prediction_count=0,v350_v278_symbolic_dsl
47c1d8f5,equation_symbolic_punct,symbolic_position_template,abstain,,]%],/`%`,False,False,False,/`#%`,4,0,0,nonuniform_rhs_lengths,v350_v278_symbolic_dsl
47c1d8f5,equation_symbolic_punct,symbolic_operator_index_template,abstain,,]%],/`%`,False,False,False,/`#%`,4,0,0,programs=; unique_prediction_count=0,v350_v278_symbolic_dsl
47c1d8f5,equation_symbolic_punct,symbolic_variable_operator_drop_operator,abstain,,]%],/`%`,False,False,False,/`#%`,4,0,0,one_or_more_examples_have_no_matching_split; split_counts=0,v350_v324_variable_operator
47c1d8f5,equation_symbolic_punct,symbolic_variable_operator_reverse_drop_operator,abstain,,]%],/`%`,False,False,False,/`#%`,4,0,0,one_or_more_examples_have_no_matching_split; split_counts=0,v350_v324_variable_operator
47c1d8f5,equation_symbolic_punct,symbolic_variable_operator_left_only,abstain,,]%],/`%`,False,False,False,/`#%`,4,0,0,one_or_more_examples_have_no_matching_split; split_counts=0,v350_v324_variable_operator
47c1d8f5,equation_symbolic_punct,symbolic_variable_operator_right_only,abstain,,]%],/`%`,False,False,False,/`#%`,4,0,0,one_or_more_examples_have_no_matching_split; split_counts=0,v350_v324_variable_operator
47c1d8f5,equation_symbolic_punct,symbolic_variable_operator_right_left,abstain,,]%],/`%`,False,False,False,/`#%`,4,0,0,one_or_more_examples_have_no_matching_split; split_counts=0,v350_v324_variable_operator
47c1d8f5,equation_symbolic_punct,symbolic_variable_operator_left_reverse_right,abstain,,]%],/`%`,False,False,False,/`#%`,4,0,0,one_or_more_examples_have_no_matching_split; split_counts=0,v350_v324_variable_operator
47c1d8f5,equation_symbolic_punct,symbolic_variable_operator_reverse_left_right,abstain,,]%],/`%`,False,False,False,/`#%`,4,0,0,one_or_more_examples_have_no_matching_split; split_counts=0,v350_v324_variable_operator
47c1d8f5,equation_symbolic_punct,symbolic_variable_operator_right_reverse_left,abstain,,]%],/`%`,False,False,False,/`#%`,4,0,0,one_or_more_examples_have_no_matching_split; split_counts=0,v350_v324_variable_operator
47c1d8f5,equation_symbolic_punct,symbolic_variable_operator_reverse_right_left,abstain,,]%],/`%`,False,False,False,/`#%`,4,0,0,one_or_more_examples_have_no_matching_split; split_counts=0,v350_v324_variable_operator
47c1d8f5,equation_symbolic_punct,symbolic_variable_operator_operator_between_reversed,abstain,,]%],/`%`,False,False,False,/`#%`,4,0,0,one_or_more_examples_have_no_matching_split; split_counts=0,v350_v324_variable_operator
47c1d8f5,equation_symbolic_punct,symbolic_cryptarithm_operator_digits,abstain,,]%],/`%`,False,False,False,/`#%`,4,0,0,no_operator_digit_solution,v350_v329_symbolic_cryptarithm
f9a33aa1,equation_symbolic_punct,symbolic_char_transducer,abstain,,/((`,@($/,False,False,False,@(\$/,4,0,0,no_pair_mapping,v350_v278_symbolic_dsl
f9a33aa1,equation_symbolic_punct,symbolic_delete_selected_chars,abstain,,/((`,@($/,False,False,False,@(\$/,4,0,0,delete_char_sets=; unique_prediction_count=0,v350_v278_symbolic_dsl
f9a33aa1,equation_symbolic_punct,symbolic_keep_selected_chars,abstain,,/((`,@($/,False,False,False,@(\$/,4,0,0,keep_char_sets=; unique_prediction_count=0,v350_v278_symbolic_dsl
f9a33aa1,equation_symbolic_punct,symbolic_prefix_until_marker,abstain,,/((`,@($/,False,False,False,@(\$/,4,0,0,markers=''; unique_prediction_count=0,v350_v278_symbolic_dsl
f9a33aa1,equation_symbolic_punct,symbolic_suffix_after_marker,abstain,,/((`,@($/,False,False,False,@(\$/,4,0,0,markers=''; unique_prediction_count=0,v350_v278_symbolic_dsl
f9a33aa1,equation_symbolic_punct,symbolic_prefix_before_last_marker,abstain,,/((`,@($/,False,False,False,@(\$/,4,0,0,markers=''; unique_prediction_count=0,v350_v278_symbolic_dsl
f9a33aa1,equation_symbolic_punct,symbolic_suffix_after_last_marker,abstain,,/((`,@($/,False,False,False,@(\$/,4,0,0,markers=''; unique_prediction_count=0,v350_v278_symbolic_dsl
f9a33aa1,equation_symbolic_punct,symbolic_remove_first_marker,abstain,,/((`,@($/,False,False,False,@(\$/,4,0,0,markers=''; unique_prediction_count=0,v350_v278_symbolic_dsl
f9a33aa1,equation_symbolic_punct,symbolic_position_template,abstain,,/((`,@($/,False,False,False,@(\$/,4,0,0,nonuniform_rhs_lengths,v350_v278_symbolic_dsl
f9a33aa1,equation_symbolic_punct,symbolic_operator_index_template,abstain,,/((`,@($/,False,False,False,@(\$/,4,0,0,programs=; unique_prediction_count=0,v350_v278_symbolic_dsl
f9a33aa1,equation_symbolic_punct,symbolic_variable_operator_drop_operator,abstain,,/((`,@($/,False,False,False,@(\$/,4,0,0,one_or_more_examples_have_no_matching_split; split_counts=0,v350_v324_variable_operator
f9a33aa1,equation_symbolic_punct,symbolic_variable_operator_reverse_drop_operator,abstain,,/((`,@($/,False,False,False,@(\$/,4,0,0,one_or_more_examples_have_no_matching_split; split_counts=0,v350_v324_variable_operator
f9a33aa1,equation_symbolic_punct,symbolic_variable_operator_left_only,abstain,,/((`,@($/,False,False,False,@(\$/,4,0,0,one_or_more_examples_have_no_matching_split; split_counts=0,v350_v324_variable_operator
f9a33aa1,equation_symbolic_punct,symbolic_variable_operator_right_only,abstain,,/((`,@($/,False,False,False,@(\$/,4,0,0,one_or_more_examples_have_no_matching_split; split_counts=0,v350_v324_variable_operator
f9a33aa1,equation_symbolic_punct,symbolic_variable_operator_right_left,abstain,,/((`,@($/,False,False,False,@(\$/,4,0,0,one_or_more_examples_have_no_matching_split; split_counts=0,v350_v324_variable_operator
f9a33aa1,equation_symbolic_punct,symbolic_variable_operator_left_reverse_right,abstain,,/((`,@($/,False,False,False,@(\$/,4,0,0,one_or_more_examples_have_no_matching_split; split_counts=0,v350_v324_variable_operator
f9a33aa1,equation_symbolic_punct,symbolic_variable_operator_reverse_left_right,abstain,,/((`,@($/,False,False,False,@(\$/,4,0,0,one_or_more_examples_have_no_matching_split; split_counts=0,v350_v324_variable_operator
f9a33aa1,equation_symbolic_punct,symbolic_variable_operator_right_reverse_left,abstain,,/((`,@($/,False,False,False,@(\$/,4,0,0,one_or_more_examples_have_no_matching_split; split_counts=0,v350_v324_variable_operator
f9a33aa1,equation_symbolic_punct,symbolic_variable_operator_reverse_right_left,abstain,,/((`,@($/,False,False,False,@(\$/,4,0,0,one_or_more_examples_have_no_matching_split; split_counts=0,v350_v324_variable_operator
f9a33aa1,equation_symbolic_punct,symbolic_variable_operator_operator_between_reversed,abstain,,/((`,@($/,False,False,False,@(\$/,4,0,0,one_or_more_examples_have_no_matching_split; split_counts=0,v350_v324_variable_operator
f9a33aa1,equation_symbolic_punct,symbolic_cryptarithm_operator_digits,abstain,,/((`,@($/,False,False,False,@(\$/,4,0,0,no_operator_digit_solution,v350_v329_symbolic_cryptarithm
f9799a68,equation_symbolic_punct,symbolic_char_transducer,abstain,,&:/?,:^?\,False,False,False,:^*?\,4,0,0,no_global_mapping,v350_v278_symbolic_dsl
f9799a68,equation_symbolic_punct,symbolic_delete_selected_chars,abstain,,&:/?,:^?\,False,False,False,:^*?\,4,0,0,delete_char_sets=; unique_prediction_count=0,v350_v278_symbolic_dsl
f9799a68,equation_symbolic_punct,symbolic_keep_selected_chars,abstain,,&:/?,:^?\,False,False,False,:^*?\,4,0,0,keep_char_sets=; unique_prediction_count=0,v350_v278_symbolic_dsl
f9799a68,equation_symbolic_punct,symbolic_prefix_until_marker,abstain,,&:/?,:^?\,False,False,False,:^*?\,4,0,0,markers=''; unique_prediction_count=0,v350_v278_symbolic_dsl
f9799a68,equation_symbolic_punct,symbolic_suffix_after_marker,abstain,,&:/?,:^?\,False,False,False,:^*?\,4,0,0,markers=''; unique_prediction_count=0,v350_v278_symbolic_dsl
f9799a68,equation_symbolic_punct,symbolic_prefix_before_last_marker,abstain,,&:/?,:^?\,False,False,False,:^*?\,4,0,0,markers=''; unique_prediction_count=0,v350_v278_symbolic_dsl
f9799a68,equation_symbolic_punct,symbolic_suffix_after_last_marker,abstain,,&:/?,:^?\,False,False,False,:^*?\,4,0,0,markers=''; unique_prediction_count=0,v350_v278_symbolic_dsl
f9799a68,equation_symbolic_punct,symbolic_remove_first_marker,abstain,,&:/?,:^?\,False,False,False,:^*?\,4,0,0,markers=''; unique_prediction_count=0,v350_v278_symbolic_dsl
f9799a68,equation_symbolic_punct,symbolic_position_template,abstain,,&:/?,:^?\,False,False,False,:^*?\,4,0,0,nonuniform_rhs_lengths,v350_v278_symbolic_dsl
f9799a68,equation_symbolic_punct,symbolic_operator_index_template,abstain,,&:/?,:^?\,False,False,False,:^*?\,4,0,0,programs=; unique_prediction_count=0,v350_v278_symbolic_dsl
f9799a68,equation_symbolic_punct,symbolic_variable_operator_drop_operator,abstain,,&:/?,:^?\,False,False,False,:^*?\,4,0,0,one_or_more_examples_have_no_matching_split; split_counts=0,v350_v324_variable_operator
f9799a68,equation_symbolic_punct,symbolic_variable_operator_reverse_drop_operator,abstain,,&:/?,:^?\,False,False,False,:^*?\,4,0,0,one_or_more_examples_have_no_matching_split; split_counts=0,v350_v324_variable_operator
f9799a68,equation_symbolic_punct,symbolic_variable_operator_left_only,abstain,,&:/?,:^?\,False,False,False,:^*?\,4,0,0,one_or_more_examples_have_no_matching_split; split_counts=0,v350_v324_variable_operator
f9799a68,equation_symbolic_punct,symbolic_variable_operator_right_only,abstain,,&:/?,:^?\,False,False,False,:^*?\,4,0,0,one_or_more_examples_have_no_matching_split; split_counts=0,v350_v324_variable_operator
f9799a68,equation_symbolic_punct,symbolic_variable_operator_right_left,abstain,,&:/?,:^?\,False,False,False,:^*?\,4,0,0,"one_or_more_examples_have_no_matching_split; split_counts=1,0",v350_v324_variable_operator
f9799a68,equation_symbolic_punct,symbolic_variable_operator_left_reverse_right,abstain,,&:/?,:^?\,False,False,False,:^*?\,4,0,0,one_or_more_examples_have_no_matching_split; split_counts=0,v350_v324_variable_operator
f9799a68,equation_symbolic_punct,symbolic_variable_operator_reverse_left_right,abstain,,&:/?,:^?\,False,False,False,:^*?\,4,0,0,one_or_more_examples_have_no_matching_split; split_counts=0,v350_v324_variable_operator
f9799a68,equation_symbolic_punct,symbolic_variable_operator_right_reverse_left,abstain,,&:/?,:^?\,False,False,False,:^*?\,4,0,0,one_or_more_examples_have_no_matching_split; split_counts=0,v350_v324_variable_operator
f9799a68,equation_symbolic_punct,symbolic_variable_operator_reverse_right_left,abstain,,&:/?,:^?\,False,False,False,:^*?\,4,0,0,one_or_more_examples_have_no_matching_split; split_counts=0,v350_v324_variable_operator
f9799a68,equation_symbolic_punct,symbolic_variable_operator_operator_between_reversed,abstain,,&:/?,:^?\,False,False,False,:^*?\,4,0,0,one_or_more_examples_have_no_matching_split; split_counts=0,v350_v324_variable_operator
f9799a68,equation_symbolic_punct,symbolic_cryptarithm_operator_digits,abstain,,&:/?,:^?\,False,False,False,:^*?\,4,0,0,no_operator_digit_solution,v350_v329_symbolic_cryptarithm
c24074a8,equation_symbolic_punct,symbolic_char_transducer,abstain,,&/,]]]%,False,False,False,]]`]%,5,0,0,no_global_mapping,v350_v278_symbolic_dsl
c24074a8,equation_symbolic_punct,symbolic_delete_selected_chars,abstain,,&/,]]]%,False,False,False,]]`]%,5,0,0,delete_char_sets=; unique_prediction_count=0,v350_v278_symbolic_dsl
c24074a8,equation_symbolic_punct,symbolic_keep_selected_chars,abstain,,&/,]]]%,False,False,False,]]`]%,5,0,0,keep_char_sets=; unique_prediction_count=0,v350_v278_symbolic_dsl
c24074a8,equation_symbolic_punct,symbolic_prefix_until_marker,abstain,,&/,]]]%,False,False,False,]]`]%,5,0,0,markers=''; unique_prediction_count=0,v350_v278_symbolic_dsl
c24074a8,equation_symbolic_punct,symbolic_suffix_after_marker,abstain,,&/,]]]%,False,False,False,]]`]%,5,0,0,markers=''; unique_prediction_count=0,v350_v278_symbolic_dsl
c24074a8,equation_symbolic_punct,symbolic_prefix_before_last_marker,abstain,,&/,]]]%,False,False,False,]]`]%,5,0,0,markers=''; unique_prediction_count=0,v350_v278_symbolic_dsl
c24074a8,equation_symbolic_punct,symbolic_suffix_after_last_marker,abstain,,&/,]]]%,False,False,False,]]`]%,5,0,0,markers=''; unique_prediction_count=0,v350_v278_symbolic_dsl
c24074a8,equation_symbolic_punct,symbolic_remove_first_marker,abstain,,&/,]]]%,False,False,False,]]`]%,5,0,0,markers=''; unique_prediction_count=0,v350_v278_symbolic_dsl
c24074a8,equation_symbolic_punct,symbolic_position_template,abstain,,&/,]]]%,False,False,False,]]`]%,5,0,0,nonuniform_rhs_lengths,v350_v278_symbolic_dsl
c24074a8,equation_symbolic_punct,symbolic_operator_index_template,abstain,,&/,]]]%,False,False,False,]]`]%,5,0,0,programs=; unique_prediction_count=0,v350_v278_symbolic_dsl
c24074a8,equation_symbolic_punct,symbolic_variable_operator_drop_operator,abstain,,&/,]]]%,False,False,False,]]`]%,5,0,0,one_or_more_examples_have_no_matching_split; split_counts=0,v350_v324_variable_operator
c24074a8,equation_symbolic_punct,symbolic_variable_operator_reverse_drop_operator,abstain,,&/,]]]%,False,False,False,]]`]%,5,0,0,one_or_more_examples_have_no_matching_split; split_counts=0,v350_v324_variable_operator
c24074a8,equation_symbolic_punct,symbolic_variable_operator_left_only,abstain,,&/,]]]%,False,False,False,]]`]%,5,0,0,one_or_more_examples_have_no_matching_split; split_counts=0,v350_v324_variable_operator
c24074a8,equation_symbolic_punct,symbolic_variable_operator_right_only,abstain,,&/,]]]%,False,False,False,]]`]%,5,0,0,one_or_more_examples_have_no_matching_split; split_counts=0,v350_v324_variable_operator
c24074a8,equation_symbolic_punct,symbolic_variable_operator_right_left,abstain,,&/,]]]%,False,False,False,]]`]%,5,0,0,one_or_more_examples_have_no_matching_split; split_counts=0,v350_v324_variable_operator
c24074a8,equation_symbolic_punct,symbolic_variable_operator_left_reverse_right,abstain,,&/,]]]%,False,False,False,]]`]%,5,0,0,one_or_more_examples_have_no_matching_split; split_counts=0,v350_v324_variable_operator
c24074a8,equation_symbolic_punct,symbolic_variable_operator_reverse_left_right,abstain,,&/,]]]%,False,False,False,]]`]%,5,0,0,one_or_more_examples_have_no_matching_split; split_counts=0,v350_v324_variable_operator
c24074a8,equation_symbolic_punct,symbolic_variable_operator_right_reverse_left,abstain,,&/,]]]%,False,False,False,]]`]%,5,0,0,one_or_more_examples_have_no_matching_split; split_counts=0,v350_v324_variable_operator
c24074a8,equation_symbolic_punct,symbolic_variable_operator_reverse_right_left,abstain,,&/,]]]%,False,False,False,]]`]%,5,0,0,one_or_more_examples_have_no_matching_split; split_counts=0,v350_v324_variable_operator
c24074a8,equation_symbolic_punct,symbolic_variable_operator_operator_between_reversed,abstain,,&/,]]]%,False,False,False,]]`]%,5,0,0,one_or_more_examples_have_no_matching_split; split_counts=0,v350_v324_variable_operator
c24074a8,equation_symbolic_punct,symbolic_cryptarithm_operator_digits,abstain,,&/,]]]%,False,False,False,]]`]%,5,0,0,no_operator_digit_solution,v350_v329_symbolic_cryptarithm
893ffb06,equation_symbolic_punct,symbolic_char_transducer,abstain,,-@',@``:,False,False,False,@`-`:,4,0,0,no_global_mapping,v350_v278_symbolic_dsl
893ffb06,equation_symbolic_punct,symbolic_delete_selected_chars,abstain,,-@',@``:,False,False,False,@`-`:,4,0,0,delete_char_sets=; unique_prediction_count=0,v350_v278_symbolic_dsl
893ffb06,equation_symbolic_punct,symbolic_keep_selected_chars,abstain,,-@',@``:,False,False,False,@`-`:,4,0,0,keep_char_sets=; unique_prediction_count=0,v350_v278_symbolic_dsl
893ffb06,equation_symbolic_punct,symbolic_prefix_until_marker,abstain,,-@',@``:,False,False,False,@`-`:,4,0,0,markers=''; unique_prediction_count=0,v350_v278_symbolic_dsl
893ffb06,equation_symbolic_punct,symbolic_suffix_after_marker,abstain,,-@',@``:,False,False,False,@`-`:,4,0,0,markers=''; unique_prediction_count=0,v350_v278_symbolic_dsl
893ffb06,equation_symbolic_punct,symbolic_prefix_before_last_marker,abstain,,-@',@``:,False,False,False,@`-`:,4,0,0,markers=''; unique_prediction_count=0,v350_v278_symbolic_dsl
893ffb06,equation_symbolic_punct,symbolic_suffix_after_last_marker,abstain,,-@',@``:,False,False,False,@`-`:,4,0,0,markers=''; unique_prediction_count=0,v350_v278_symbolic_dsl
893ffb06,equation_symbolic_punct,symbolic_remove_first_marker,abstain,,-@',@``:,False,False,False,@`-`:,4,0,0,markers=''; unique_prediction_count=0,v350_v278_symbolic_dsl
893ffb06,equation_symbolic_punct,symbolic_position_template,abstain,,-@',@``:,False,False,False,@`-`:,4,0,0,nonuniform_rhs_lengths,v350_v278_symbolic_dsl
893ffb06,equation_symbolic_punct,symbolic_operator_index_template,abstain,,-@',@``:,False,False,False,@`-`:,4,0,0,programs=; unique_prediction_count=0,v350_v278_symbolic_dsl
893ffb06,equation_symbolic_punct,symbolic_variable_operator_drop_operator,abstain,,-@',@``:,False,False,False,@`-`:,4,0,0,"one_or_more_examples_have_no_matching_split; split_counts=1,0",v350_v324_variable_operator
893ffb06,equation_symbolic_punct,symbolic_variable_operator_reverse_drop_operator,abstain,,-@',@``:,False,False,False,@`-`:,4,0,0,one_or_more_examples_have_no_matching_split; split_counts=0,v350_v324_variable_operator
893ffb06,equation_symbolic_punct,symbolic_variable_operator_left_only,abstain,,-@',@``:,False,False,False,@`-`:,4,0,0,one_or_more_examples_have_no_matching_split; split_counts=0,v350_v324_variable_operator
893ffb06,equation_symbolic_punct,symbolic_variable_operator_right_only,abstain,,-@',@``:,False,False,False,@`-`:,4,0,0,one_or_more_examples_have_no_matching_split; split_counts=0,v350_v324_variable_operator
893ffb06,equation_symbolic_punct,symbolic_variable_operator_right_left,abstain,,-@',@``:,False,False,False,@`-`:,4,0,0,one_or_more_examples_have_no_matching_split; split_counts=0,v350_v324_variable_operator
893ffb06,equation_symbolic_punct,symbolic_variable_operator_left_reverse_right,abstain,,-@',@``:,False,False,False,@`-`:,4,0,0,one_or_more_examples_have_no_matching_split; split_counts=0,v350_v324_variable_operator
893ffb06,equation_symbolic_punct,symbolic_variable_operator_reverse_left_right,abstain,,-@',@``:,False,False,False,@`-`:,4,0,0,"one_or_more_examples_have_no_matching_split; split_counts=1,0",v350_v324_variable_operator
893ffb06,equation_symbolic_punct,symbolic_variable_operator_right_reverse_left,abstain,,-@',@``:,False,False,False,@`-`:,4,0,0,one_or_more_examples_have_no_matching_split; split_counts=0,v350_v324_variable_operator
893ffb06,equation_symbolic_punct,symbolic_variable_operator_reverse_right_left,abstain,,-@',@``:,False,False,False,@`-`:,4,0,0,one_or_more_examples_have_no_matching_split; split_counts=0,v350_v324_variable_operator
893ffb06,equation_symbolic_punct,symbolic_variable_operator_operator_between_reversed,abstain,,-@',@``:,False,False,False,@`-`:,4,0,0,one_or_more_examples_have_no_matching_split; split_counts=0,v350_v324_variable_operator
893ffb06,equation_symbolic_punct,symbolic_cryptarithm_operator_digits,abstain,,-@',@``:,False,False,False,@`-`:,4,0,0,no_operator_digit_solution,v350_v329_symbolic_cryptarithm
cf4c04c0,equation_symbolic_punct,symbolic_char_transducer,abstain,,-[,@|#|,False,False,False,@|-#|,5,0,0,no_pair_mapping,v350_v278_symbolic_dsl
cf4c04c0,equation_symbolic_punct,symbolic_delete_selected_chars,abstain,,-[,@|#|,False,False,False,@|-#|,5,0,0,delete_char_sets=; unique_prediction_count=0,v350_v278_symbolic_dsl
cf4c04c0,equation_symbolic_punct,symbolic_keep_selected_chars,abstain,,-[,@|#|,False,False,False,@|-#|,5,0,0,keep_char_sets=; unique_prediction_count=0,v350_v278_symbolic_dsl
cf4c04c0,equation_symbolic_punct,symbolic_prefix_until_marker,abstain,,-[,@|#|,False,False,False,@|-#|,5,0,0,markers=''; unique_prediction_count=0,v350_v278_symbolic_dsl
cf4c04c0,equation_symbolic_punct,symbolic_suffix_after_marker,abstain,,-[,@|#|,False,False,False,@|-#|,5,0,0,markers=''; unique_prediction_count=0,v350_v278_symbolic_dsl
cf4c04c0,equation_symbolic_punct,symbolic_prefix_before_last_marker,abstain,,-[,@|#|,False,False,False,@|-#|,5,0,0,markers=''; unique_prediction_count=0,v350_v278_symbolic_dsl
cf4c04c0,equation_symbolic_punct,symbolic_suffix_after_last_marker,abstain,,-[,@|#|,False,False,False,@|-#|,5,0,0,markers=''; unique_prediction_count=0,v350_v278_symbolic_dsl
cf4c04c0,equation_symbolic_punct,symbolic_remove_first_marker,abstain,,-[,@|#|,False,False,False,@|-#|,5,0,0,markers=''; unique_prediction_count=0,v350_v278_symbolic_dsl
cf4c04c0,equation_symbolic_punct,symbolic_position_template,abstain,,-[,@|#|,False,False,False,@|-#|,5,0,0,nonuniform_rhs_lengths,v350_v278_symbolic_dsl
cf4c04c0,equation_symbolic_punct,symbolic_operator_index_template,abstain,,-[,@|#|,False,False,False,@|-#|,5,0,0,programs=; unique_prediction_count=0,v350_v278_symbolic_dsl
cf4c04c0,equation_symbolic_punct,symbolic_variable_operator_drop_operator,abstain,,-[,@|#|,False,False,False,@|-#|,5,0,0,one_or_more_examples_have_no_matching_split; split_counts=0,v350_v324_variable_operator
cf4c04c0,equation_symbolic_punct,symbolic_variable_operator_reverse_drop_operator,abstain,,-[,@|#|,False,False,False,@|-#|,5,0,0,one_or_more_examples_have_no_matching_split; split_counts=0,v350_v324_variable_operator
cf4c04c0,equation_symbolic_punct,symbolic_variable_operator_left_only,abstain,,-[,@|#|,False,False,False,@|-#|,5,0,0,one_or_more_examples_have_no_matching_split; split_counts=0,v350_v324_variable_operator
cf4c04c0,equation_symbolic_punct,symbolic_variable_operator_right_only,abstain,,-[,@|#|,False,False,False,@|-#|,5,0,0,one_or_more_examples_have_no_matching_split; split_counts=0,v350_v324_variable_operator
cf4c04c0,equation_symbolic_punct,symbolic_variable_operator_right_left,abstain,,-[,@|#|,False,False,False,@|-#|,5,0,0,one_or_more_examples_have_no_matching_split; split_counts=0,v350_v324_variable_operator
cf4c04c0,equation_symbolic_punct,symbolic_variable_operator_left_reverse_right,abstain,,-[,@|#|,False,False,False,@|-#|,5,0,0,one_or_more_examples_have_no_matching_split; split_counts=0,v350_v324_variable_operator
cf4c04c0,equation_symbolic_punct,symbolic_variable_operator_reverse_left_right,abstain,,-[,@|#|,False,False,False,@|-#|,5,0,0,one_or_more_examples_have_no_matching_split; split_counts=0,v350_v324_variable_operator
cf4c04c0,equation_symbolic_punct,symbolic_variable_operator_right_reverse_left,abstain,,-[,@|#|,False,False,False,@|-#|,5,0,0,one_or_more_examples_have_no_matching_split; split_counts=0,v350_v324_variable_operator
cf4c04c0,equation_symbolic_punct,symbolic_variable_operator_reverse_right_left,abstain,,-[,@|#|,False,False,False,@|-#|,5,0,0,one_or_more_examples_have_no_matching_split; split_counts=0,v350_v324_variable_operator
cf4c04c0,equation_symbolic_punct,symbolic_variable_operator_operator_between_reversed,abstain,,-[,@|#|,False,False,False,@|-#|,5,0,0,one_or_more_examples_have_no_matching_split; split_counts=0,v350_v324_variable_operator
cf4c04c0,equation_symbolic_punct,symbolic_cryptarithm_operator_digits,abstain,,-[,@|#|,False,False,False,@|-#|,5,0,0,no_operator_digit_solution,v350_v329_symbolic_cryptarithm
8e411cc7,equation_symbolic_punct,symbolic_char_transducer,abstain,,]]],$&&,False,False,False,$&!&},4,0,0,no_global_mapping,v350_v278_symbolic_dsl
8e411cc7,equation_symbolic_punct,symbolic_delete_selected_chars,abstain,,]]],$&&,False,False,False,$&!&},4,0,0,delete_char_sets=; unique_prediction_count=0,v350_v278_symbolic_dsl
8e411cc7,equation_symbolic_punct,symbolic_keep_selected_chars,abstain,,]]],$&&,False,False,False,$&!&},4,0,0,keep_char_sets=; unique_prediction_count=0,v350_v278_symbolic_dsl
8e411cc7,equation_symbolic_punct,symbolic_prefix_until_marker,abstain,,]]],$&&,False,False,False,$&!&},4,0,0,markers=''; unique_prediction_count=0,v350_v278_symbolic_dsl
8e411cc7,equation_symbolic_punct,symbolic_suffix_after_marker,abstain,,]]],$&&,False,False,False,$&!&},4,0,0,markers=''; unique_prediction_count=0,v350_v278_symbolic_dsl
8e411cc7,equation_symbolic_punct,symbolic_prefix_before_last_marker,abstain,,]]],$&&,False,False,False,$&!&},4,0,0,markers=''; unique_prediction_count=0,v350_v278_symbolic_dsl
8e411cc7,equation_symbolic_punct,symbolic_suffix_after_last_marker,abstain,,]]],$&&,False,False,False,$&!&},4,0,0,markers=''; unique_prediction_count=0,v350_v278_symbolic_dsl
8e411cc7,equation_symbolic_punct,symbolic_remove_first_marker,abstain,,]]],$&&,False,False,False,$&!&},4,0,0,markers=''; unique_prediction_count=0,v350_v278_symbolic_dsl
8e411cc7,equation_symbolic_punct,symbolic_position_template,abstain,,]]],$&&,False,False,False,$&!&},4,0,0,nonuniform_rhs_lengths,v350_v278_symbolic_dsl
8e411cc7,equation_symbolic_punct,symbolic_operator_index_template,abstain,,]]],$&&,False,False,False,$&!&},4,0,0,programs=; unique_prediction_count=0,v350_v278_symbolic_dsl
8e411cc7,equation_symbolic_punct,symbolic_variable_operator_drop_operator,abstain,,]]],$&&,False,False,False,$&!&},4,0,0,one_or_more_examples_have_no_matching_split; split_counts=0,v350_v324_variable_operator
8e411cc7,equation_symbolic_punct,symbolic_variable_operator_reverse_drop_operator,abstain,,]]],$&&,False,False,False,$&!&},4,0,0,one_or_more_examples_have_no_matching_split; split_counts=0,v350_v324_variable_operator
8e411cc7,equation_symbolic_punct,symbolic_variable_operator_left_only,abstain,,]]],$&&,False,False,False,$&!&},4,0,0,one_or_more_examples_have_no_matching_split; split_counts=0,v350_v324_variable_operator
8e411cc7,equation_symbolic_punct,symbolic_variable_operator_right_only,abstain,,]]],$&&,False,False,False,$&!&},4,0,0,one_or_more_examples_have_no_matching_split; split_counts=0,v350_v324_variable_operator
8e411cc7,equation_symbolic_punct,symbolic_variable_operator_right_left,abstain,,]]],$&&,False,False,False,$&!&},4,0,0,one_or_more_examples_have_no_matching_split; split_counts=0,v350_v324_variable_operator
8e411cc7,equation_symbolic_punct,symbolic_variable_operator_left_reverse_right,abstain,,]]],$&&,False,False,False,$&!&},4,0,0,one_or_more_examples_have_no_matching_split; split_counts=0,v350_v324_variable_operator
8e411cc7,equation_symbolic_punct,symbolic_variable_operator_reverse_left_right,abstain,,]]],$&&,False,False,False,$&!&},4,0,0,one_or_more_examples_have_no_matching_split; split_counts=0,v350_v324_variable_operator
8e411cc7,equation_symbolic_punct,symbolic_variable_operator_right_reverse_left,abstain,,]]],$&&,False,False,False,$&!&},4,0,0,one_or_more_examples_have_no_matching_split; split_counts=0,v350_v324_variable_operator
8e411cc7,equation_symbolic_punct,symbolic_variable_operator_reverse_right_left,abstain,,]]],$&&,False,False,False,$&!&},4,0,0,one_or_more_examples_have_no_matching_split; split_counts=0,v350_v324_variable_operator
8e411cc7,equation_symbolic_punct,symbolic_variable_operator_operator_between_reversed,abstain,,]]],$&&,False,False,False,$&!&},4,0,0,one_or_more_examples_have_no_matching_split; split_counts=0,v350_v324_variable_operator
8e411cc7,equation_symbolic_punct,symbolic_cryptarithm_operator_digits,abstain,,]]],$&&,False,False,False,$&!&},4,0,0,no_operator_digit_solution,v350_v329_symbolic_cryptarithm
48c25e0e,equation_numeric_operator,numeric_same_operator_extended,abstain,,53,32,False,False,False,43&11,3,0,0,same_operator_examples=0 below_min=2,v350_equation_numeric_local
48c25e0e,equation_numeric_operator,v274_guarded_numeric_query_operator_unseen,abstain,,53,32,False,False,False,43&11,3,0,0,query_op='&' not present in examples,v350_equation_numeric_local
48c25e0e,equation_numeric_operator,v299_same_operator_unique_numeric_dsl,abstain,,53,32,False,False,False,43&11,3,0,0,query_op='&' absent from examples,v350_v299_numeric_dsl
48c25e0e,equation_numeric_operator,v299_all_numeric_examples_unique_dsl,abstain,,53,32,False,False,False,43&11,3,0,0,unique_prediction_count=0; candidate_rules=0,v350_v299_numeric_dsl
48c25e0e,equation_numeric_operator,v299_conventional_operator_prior_unique,abstain,,53,32,False,False,False,43&11,3,0,0,unique_prediction_count=0; candidate_rules=0,v350_v299_numeric_dsl
a98d4d53,equation_symbolic_punct,symbolic_char_transducer,abstain,,-),!$$[,False,False,False,!$-$[,3,0,0,no_global_mapping,v350_v278_symbolic_dsl
a98d4d53,equation_symbolic_punct,symbolic_delete_selected_chars,abstain,,-),!$$[,False,False,False,!$-$[,3,0,0,delete_char_sets=; unique_prediction_count=0,v350_v278_symbolic_dsl
a98d4d53,equation_symbolic_punct,symbolic_keep_selected_chars,abstain,,-),!$$[,False,False,False,!$-$[,3,0,0,keep_char_sets=; unique_prediction_count=0,v350_v278_symbolic_dsl
a98d4d53,equation_symbolic_punct,symbolic_prefix_until_marker,abstain,,-),!$$[,False,False,False,!$-$[,3,0,0,markers=''; unique_prediction_count=0,v350_v278_symbolic_dsl
a98d4d53,equation_symbolic_punct,symbolic_suffix_after_marker,abstain,,-),!$$[,False,False,False,!$-$[,3,0,0,markers=''; unique_prediction_count=0,v350_v278_symbolic_dsl
a98d4d53,equation_symbolic_punct,symbolic_prefix_before_last_marker,abstain,,-),!$$[,False,False,False,!$-$[,3,0,0,markers=''; unique_prediction_count=0,v350_v278_symbolic_dsl
a98d4d53,equation_symbolic_punct,symbolic_suffix_after_last_marker,abstain,,-),!$$[,False,False,False,!$-$[,3,0,0,markers=''; unique_prediction_count=0,v350_v278_symbolic_dsl
a98d4d53,equation_symbolic_punct,symbolic_remove_first_marker,abstain,,-),!$$[,False,False,False,!$-$[,3,0,0,markers=''; unique_prediction_count=0,v350_v278_symbolic_dsl
a98d4d53,equation_symbolic_punct,symbolic_position_template,abstain,,-),!$$[,False,False,False,!$-$[,3,0,0,nonuniform_rhs_lengths,v350_v278_symbolic_dsl
a98d4d53,equation_symbolic_punct,symbolic_operator_index_template,abstain,,-),!$$[,False,False,False,!$-$[,3,0,0,programs=; unique_prediction_count=0,v350_v278_symbolic_dsl
a98d4d53,equation_symbolic_punct,symbolic_variable_operator_drop_operator,abstain,,-),!$$[,False,False,False,!$-$[,3,0,0,one_or_more_examples_have_no_matching_split; split_counts=0,v350_v324_variable_operator
a98d4d53,equation_symbolic_punct,symbolic_variable_operator_reverse_drop_operator,abstain,,-),!$$[,False,False,False,!$-$[,3,0,0,one_or_more_examples_have_no_matching_split; split_counts=0,v350_v324_variable_operator
a98d4d53,equation_symbolic_punct,symbolic_variable_operator_left_only,abstain,,-),!$$[,False,False,False,!$-$[,3,0,0,one_or_more_examples_have_no_matching_split; split_counts=0,v350_v324_variable_operator
a98d4d53,equation_symbolic_punct,symbolic_variable_operator_right_only,abstain,,-),!$$[,False,False,False,!$-$[,3,0,0,one_or_more_examples_have_no_matching_split; split_counts=0,v350_v324_variable_operator
a98d4d53,equation_symbolic_punct,symbolic_variable_operator_right_left,abstain,,-),!$$[,False,False,False,!$-$[,3,0,0,one_or_more_examples_have_no_matching_split; split_counts=0,v350_v324_variable_operator
a98d4d53,equation_symbolic_punct,symbolic_variable_operator_left_reverse_right,abstain,,-),!$$[,False,False,False,!$-$[,3,0,0,one_or_more_examples_have_no_matching_split; split_counts=0,v350_v324_variable_operator
a98d4d53,equation_symbolic_punct,symbolic_variable_operator_reverse_left_right,abstain,,-),!$$[,False,False,False,!$-$[,3,0,0,one_or_more_examples_have_no_matching_split; split_counts=0,v350_v324_variable_operator
a98d4d53,equation_symbolic_punct,symbolic_variable_operator_right_reverse_left,abstain,,-),!$$[,False,False,False,!$-$[,3,0,0,one_or_more_examples_have_no_matching_split; split_counts=0,v350_v324_variable_operator
a98d4d53,equation_symbolic_punct,symbolic_variable_operator_reverse_right_left,abstain,,-),!$$[,False,False,False,!$-$[,3,0,0,one_or_more_examples_have_no_matching_split; split_counts=0,v350_v324_variable_operator
a98d4d53,equation_symbolic_punct,symbolic_variable_operator_operator_between_reversed,abstain,,-),!$$[,False,False,False,!$-$[,3,0,0,one_or_more_examples_have_no_matching_split; split_counts=0,v350_v324_variable_operator
a98d4d53,equation_symbolic_punct,symbolic_cryptarithm_operator_digits,abstain,,-),!$$[,False,False,False,!$-$[,3,0,0,no_operator_digit_solution,v350_v329_symbolic_cryptarithm
59733f94,equation_symbolic_punct,symbolic_char_transducer,abstain,,/,$/>/,False,False,False,$/->/,5,0,0,no_global_mapping,v350_v278_symbolic_dsl
59733f94,equation_symbolic_punct,symbolic_delete_selected_chars,abstain,,/,$/>/,False,False,False,$/->/,5,0,0,delete_char_sets=; unique_prediction_count=0,v350_v278_symbolic_dsl
59733f94,equation_symbolic_punct,symbolic_keep_selected_chars,abstain,,/,$/>/,False,False,False,$/->/,5,0,0,keep_char_sets=; unique_prediction_count=0,v350_v278_symbolic_dsl
59733f94,equation_symbolic_punct,symbolic_prefix_until_marker,abstain,,/,$/>/,False,False,False,$/->/,5,0,0,markers=''; unique_prediction_count=0,v350_v278_symbolic_dsl
59733f94,equation_symbolic_punct,symbolic_suffix_after_marker,abstain,,/,$/>/,False,False,False,$/->/,5,0,0,markers=''; unique_prediction_count=0,v350_v278_symbolic_dsl
59733f94,equation_symbolic_punct,symbolic_prefix_before_last_marker,abstain,,/,$/>/,False,False,False,$/->/,5,0,0,markers=''; unique_prediction_count=0,v350_v278_symbolic_dsl
59733f94,equation_symbolic_punct,symbolic_suffix_after_last_marker,abstain,,/,$/>/,False,False,False,$/->/,5,0,0,markers=''; unique_prediction_count=0,v350_v278_symbolic_dsl
59733f94,equation_symbolic_punct,symbolic_remove_first_marker,abstain,,/,$/>/,False,False,False,$/->/,5,0,0,markers=''; unique_prediction_count=0,v350_v278_symbolic_dsl
59733f94,equation_symbolic_punct,symbolic_position_template,abstain,,/,$/>/,False,False,False,$/->/,5,0,0,nonuniform_rhs_lengths,v350_v278_symbolic_dsl
59733f94,equation_symbolic_punct,symbolic_operator_index_template,abstain,,/,$/>/,False,False,False,$/->/,5,0,0,programs=; unique_prediction_count=0,v350_v278_symbolic_dsl
59733f94,equation_symbolic_punct,symbolic_variable_operator_drop_operator,abstain,,/,$/>/,False,False,False,$/->/,5,0,0,one_or_more_examples_have_no_matching_split; split_counts=0,v350_v324_variable_operator
59733f94,equation_symbolic_punct,symbolic_variable_operator_reverse_drop_operator,abstain,,/,$/>/,False,False,False,$/->/,5,0,0,one_or_more_examples_have_no_matching_split; split_counts=0,v350_v324_variable_operator
59733f94,equation_symbolic_punct,symbolic_variable_operator_left_only,abstain,,/,$/>/,False,False,False,$/->/,5,0,0,one_or_more_examples_have_no_matching_split; split_counts=0,v350_v324_variable_operator
59733f94,equation_symbolic_punct,symbolic_variable_operator_right_only,abstain,,/,$/>/,False,False,False,$/->/,5,0,0,one_or_more_examples_have_no_matching_split; split_counts=0,v350_v324_variable_operator
59733f94,equation_symbolic_punct,symbolic_variable_operator_right_left,abstain,,/,$/>/,False,False,False,$/->/,5,0,0,one_or_more_examples_have_no_matching_split; split_counts=0,v350_v324_variable_operator
59733f94,equation_symbolic_punct,symbolic_variable_operator_left_reverse_right,abstain,,/,$/>/,False,False,False,$/->/,5,0,0,one_or_more_examples_have_no_matching_split; split_counts=0,v350_v324_variable_operator
59733f94,equation_symbolic_punct,symbolic_variable_operator_reverse_left_right,abstain,,/,$/>/,False,False,False,$/->/,5,0,0,one_or_more_examples_have_no_matching_split; split_counts=0,v350_v324_variable_operator
59733f94,equation_symbolic_punct,symbolic_variable_operator_right_reverse_left,abstain,,/,$/>/,False,False,False,$/->/,5,0,0,one_or_more_examples_have_no_matching_split; split_counts=0,v350_v324_variable_operator
59733f94,equation_symbolic_punct,symbolic_variable_operator_reverse_right_left,abstain,,/,$/>/,False,False,False,$/->/,5,0,0,one_or_more_examples_have_no_matching_split; split_counts=0,v350_v324_variable_operator
59733f94,equation_symbolic_punct,symbolic_variable_operator_operator_between_reversed,abstain,,/,$/>/,False,False,False,$/->/,5,0,0,one_or_more_examples_have_no_matching_split; split_counts=0,v350_v324_variable_operator
59733f94,equation_symbolic_punct,symbolic_cryptarithm_operator_digits,abstain,,/,$/>/,False,False,False,$/->/,5,0,0,no_operator_digit_solution,v350_v329_symbolic_cryptarithm
9dae880f,equation_symbolic_punct,symbolic_char_transducer,abstain,,))[,:<`\,False,False,False,:<}`\,5,0,0,no_global_mapping,v350_v278_symbolic_dsl
9dae880f,equation_symbolic_punct,symbolic_delete_selected_chars,abstain,,))[,:<`\,False,False,False,:<}`\,5,0,0,delete_char_sets=; unique_prediction_count=0,v350_v278_symbolic_dsl
9dae880f,equation_symbolic_punct,symbolic_keep_selected_chars,abstain,,))[,:<`\,False,False,False,:<}`\,5,0,0,keep_char_sets=; unique_prediction_count=0,v350_v278_symbolic_dsl
9dae880f,equation_symbolic_punct,symbolic_prefix_until_marker,abstain,,))[,:<`\,False,False,False,:<}`\,5,0,0,markers=''; unique_prediction_count=0,v350_v278_symbolic_dsl
9dae880f,equation_symbolic_punct,symbolic_suffix_after_marker,abstain,,))[,:<`\,False,False,False,:<}`\,5,0,0,markers=''; unique_prediction_count=0,v350_v278_symbolic_dsl
9dae880f,equation_symbolic_punct,symbolic_prefix_before_last_marker,abstain,,))[,:<`\,False,False,False,:<}`\,5,0,0,markers=''; unique_prediction_count=0,v350_v278_symbolic_dsl
9dae880f,equation_symbolic_punct,symbolic_suffix_after_last_marker,abstain,,))[,:<`\,False,False,False,:<}`\,5,0,0,markers=''; unique_prediction_count=0,v350_v278_symbolic_dsl
9dae880f,equation_symbolic_punct,symbolic_remove_first_marker,abstain,,))[,:<`\,False,False,False,:<}`\,5,0,0,markers=''; unique_prediction_count=0,v350_v278_symbolic_dsl
9dae880f,equation_symbolic_punct,symbolic_position_template,abstain,,))[,:<`\,False,False,False,:<}`\,5,0,0,nonuniform_rhs_lengths,v350_v278_symbolic_dsl
9dae880f,equation_symbolic_punct,symbolic_operator_index_template,abstain,,))[,:<`\,False,False,False,:<}`\,5,0,0,programs=; unique_prediction_count=0,v350_v278_symbolic_dsl
9dae880f,equation_symbolic_punct,symbolic_variable_operator_drop_operator,abstain,,))[,:<`\,False,False,False,:<}`\,5,0,0,one_or_more_examples_have_no_matching_split; split_counts=0,v350_v324_variable_operator
9dae880f,equation_symbolic_punct,symbolic_variable_operator_reverse_drop_operator,abstain,,))[,:<`\,False,False,False,:<}`\,5,0,0,one_or_more_examples_have_no_matching_split; split_counts=0,v350_v324_variable_operator
9dae880f,equation_symbolic_punct,symbolic_variable_operator_left_only,abstain,,))[,:<`\,False,False,False,:<}`\,5,0,0,one_or_more_examples_have_no_matching_split; split_counts=0,v350_v324_variable_operator
9dae880f,equation_symbolic_punct,symbolic_variable_operator_right_only,abstain,,))[,:<`\,False,False,False,:<}`\,5,0,0,one_or_more_examples_have_no_matching_split; split_counts=0,v350_v324_variable_operator
9dae880f,equation_symbolic_punct,symbolic_variable_operator_right_left,abstain,,))[,:<`\,False,False,False,:<}`\,5,0,0,one_or_more_examples_have_no_matching_split; split_counts=0,v350_v324_variable_operator
9dae880f,equation_symbolic_punct,symbolic_variable_operator_left_reverse_right,abstain,,))[,:<`\,False,False,False,:<}`\,5,0,0,one_or_more_examples_have_no_matching_split; split_counts=0,v350_v324_variable_operator
9dae880f,equation_symbolic_punct,symbolic_variable_operator_reverse_left_right,abstain,,))[,:<`\,False,False,False,:<}`\,5,0,0,one_or_more_examples_have_no_matching_split; split_counts=0,v350_v324_variable_operator
9dae880f,equation_symbolic_punct,symbolic_variable_operator_right_reverse_left,abstain,,))[,:<`\,False,False,False,:<}`\,5,0,0,one_or_more_examples_have_no_matching_split; split_counts=0,v350_v324_variable_operator
9dae880f,equation_symbolic_punct,symbolic_variable_operator_reverse_right_left,abstain,,))[,:<`\,False,False,False,:<}`\,5,0,0,one_or_more_examples_have_no_matching_split; split_counts=0,v350_v324_variable_operator
9dae880f,equation_symbolic_punct,symbolic_variable_operator_operator_between_reversed,abstain,,))[,:<`\,False,False,False,:<}`\,5,0,0,one_or_more_examples_have_no_matching_split; split_counts=0,v350_v324_variable_operator
9dae880f,equation_symbolic_punct,symbolic_cryptarithm_operator_digits,abstain,,))[,:<`\,False,False,False,:<}`\,5,0,0,no_operator_digit_solution,v350_v329_symbolic_cryptarithm
ae6be599,equation_symbolic_punct,symbolic_char_transducer,abstain,,#`,$?]$,False,False,False,$?+]$,3,0,0,no_global_mapping,v350_v278_symbolic_dsl
ae6be599,equation_symbolic_punct,symbolic_delete_selected_chars,abstain,,#`,$?]$,False,False,False,$?+]$,3,0,0,delete_char_sets=; unique_prediction_count=0,v350_v278_symbolic_dsl
ae6be599,equation_symbolic_punct,symbolic_keep_selected_chars,abstain,,#`,$?]$,False,False,False,$?+]$,3,0,0,keep_char_sets=; unique_prediction_count=0,v350_v278_symbolic_dsl
ae6be599,equation_symbolic_punct,symbolic_prefix_until_marker,abstain,,#`,$?]$,False,False,False,$?+]$,3,0,0,markers=''; unique_prediction_count=0,v350_v278_symbolic_dsl
ae6be599,equation_symbolic_punct,symbolic_suffix_after_marker,abstain,,#`,$?]$,False,False,False,$?+]$,3,0,0,markers=''; unique_prediction_count=0,v350_v278_symbolic_dsl
ae6be599,equation_symbolic_punct,symbolic_prefix_before_last_marker,abstain,,#`,$?]$,False,False,False,$?+]$,3,0,0,markers=''; unique_prediction_count=0,v350_v278_symbolic_dsl
ae6be599,equation_symbolic_punct,symbolic_suffix_after_last_marker,abstain,,#`,$?]$,False,False,False,$?+]$,3,0,0,markers=''; unique_prediction_count=0,v350_v278_symbolic_dsl
ae6be599,equation_symbolic_punct,symbolic_remove_first_marker,abstain,,#`,$?]$,False,False,False,$?+]$,3,0,0,markers=''; unique_prediction_count=0,v350_v278_symbolic_dsl
ae6be599,equation_symbolic_punct,symbolic_position_template,abstain,,#`,$?]$,False,False,False,$?+]$,3,0,0,nonuniform_rhs_lengths,v350_v278_symbolic_dsl
ae6be599,equation_symbolic_punct,symbolic_operator_index_template,abstain,,#`,$?]$,False,False,False,$?+]$,3,0,0,programs=; unique_prediction_count=0,v350_v278_symbolic_dsl
ae6be599,equation_symbolic_punct,symbolic_variable_operator_drop_operator,abstain,,#`,$?]$,False,False,False,$?+]$,3,0,0,"one_or_more_examples_have_no_matching_split; split_counts=1,0",v350_v324_variable_operator
ae6be599,equation_symbolic_punct,symbolic_variable_operator_reverse_drop_operator,abstain,,#`,$?]$,False,False,False,$?+]$,3,0,0,one_or_more_examples_have_no_matching_split; split_counts=0,v350_v324_variable_operator
ae6be599,equation_symbolic_punct,symbolic_variable_operator_left_only,abstain,,#`,$?]$,False,False,False,$?+]$,3,0,0,one_or_more_examples_have_no_matching_split; split_counts=0,v350_v324_variable_operator
ae6be599,equation_symbolic_punct,symbolic_variable_operator_right_only,abstain,,#`,$?]$,False,False,False,$?+]$,3,0,0,one_or_more_examples_have_no_matching_split; split_counts=0,v350_v324_variable_operator
ae6be599,equation_symbolic_punct,symbolic_variable_operator_right_left,abstain,,#`,$?]$,False,False,False,$?+]$,3,0,0,one_or_more_examples_have_no_matching_split; split_counts=0,v350_v324_variable_operator
ae6be599,equation_symbolic_punct,symbolic_variable_operator_left_reverse_right,abstain,,#`,$?]$,False,False,False,$?+]$,3,0,0,one_or_more_examples_have_no_matching_split; split_counts=0,v350_v324_variable_operator
ae6be599,equation_symbolic_punct,symbolic_variable_operator_reverse_left_right,abstain,,#`,$?]$,False,False,False,$?+]$,3,0,0,one_or_more_examples_have_no_matching_split; split_counts=0,v350_v324_variable_operator
ae6be599,equation_symbolic_punct,symbolic_variable_operator_right_reverse_left,abstain,,#`,$?]$,False,False,False,$?+]$,3,0,0,one_or_more_examples_have_no_matching_split; split_counts=0,v350_v324_variable_operator
ae6be599,equation_symbolic_punct,symbolic_variable_operator_reverse_right_left,abstain,,#`,$?]$,False,False,False,$?+]$,3,0,0,one_or_more_examples_have_no_matching_split; split_counts=0,v350_v324_variable_operator
ae6be599,equation_symbolic_punct,symbolic_variable_operator_operator_between_reversed,abstain,,#`,$?]$,False,False,False,$?+]$,3,0,0,one_or_more_examples_have_no_matching_split; split_counts=0,v350_v324_variable_operator
ae6be599,equation_symbolic_punct,symbolic_cryptarithm_operator_digits,abstain,,#`,$?]$,False,False,False,$?+]$,3,0,0,no_operator_digit_solution,v350_v329_symbolic_cryptarithm
8494aad3,equation_symbolic_punct,symbolic_char_transducer,abstain,,"""`#&","])<""",False,False,False,"])*<""",4,0,0,no_pair_mapping,v350_v278_symbolic_dsl
8494aad3,equation_symbolic_punct,symbolic_delete_selected_chars,abstain,,"""`#&","])<""",False,False,False,"])*<""",4,0,0,delete_char_sets=; unique_prediction_count=0,v350_v278_symbolic_dsl
8494aad3,equation_symbolic_punct,symbolic_keep_selected_chars,abstain,,"""`#&","])<""",False,False,False,"])*<""",4,0,0,keep_char_sets=; unique_prediction_count=0,v350_v278_symbolic_dsl
8494aad3,equation_symbolic_punct,symbolic_prefix_until_marker,abstain,,"""`#&","])<""",False,False,False,"])*<""",4,0,0,markers=''; unique_prediction_count=0,v350_v278_symbolic_dsl
8494aad3,equation_symbolic_punct,symbolic_suffix_after_marker,abstain,,"""`#&","])<""",False,False,False,"])*<""",4,0,0,markers=''; unique_prediction_count=0,v350_v278_symbolic_dsl
8494aad3,equation_symbolic_punct,symbolic_prefix_before_last_marker,abstain,,"""`#&","])<""",False,False,False,"])*<""",4,0,0,markers=''; unique_prediction_count=0,v350_v278_symbolic_dsl
8494aad3,equation_symbolic_punct,symbolic_suffix_after_last_marker,abstain,,"""`#&","])<""",False,False,False,"])*<""",4,0,0,markers=''; unique_prediction_count=0,v350_v278_symbolic_dsl
8494aad3,equation_symbolic_punct,symbolic_remove_first_marker,abstain,,"""`#&","])<""",False,False,False,"])*<""",4,0,0,markers=''; unique_prediction_count=0,v350_v278_symbolic_dsl
8494aad3,equation_symbolic_punct,symbolic_position_template,abstain,,"""`#&","])<""",False,False,False,"])*<""",4,0,0,no_source_for_output_index=0,v350_v278_symbolic_dsl
8494aad3,equation_symbolic_punct,symbolic_operator_index_template,abstain,,"""`#&","])<""",False,False,False,"])*<""",4,0,0,programs=; unique_prediction_count=0,v350_v278_symbolic_dsl
8494aad3,equation_symbolic_punct,symbolic_variable_operator_drop_operator,abstain,,"""`#&","])<""",False,False,False,"])*<""",4,0,0,one_or_more_examples_have_no_matching_split; split_counts=0,v350_v324_variable_operator
8494aad3,equation_symbolic_punct,symbolic_variable_operator_reverse_drop_operator,abstain,,"""`#&","])<""",False,False,False,"])*<""",4,0,0,one_or_more_examples_have_no_matching_split; split_counts=0,v350_v324_variable_operator
8494aad3,equation_symbolic_punct,symbolic_variable_operator_left_only,abstain,,"""`#&","])<""",False,False,False,"])*<""",4,0,0,one_or_more_examples_have_no_matching_split; split_counts=0,v350_v324_variable_operator
8494aad3,equation_symbolic_punct,symbolic_variable_operator_right_only,abstain,,"""`#&","])<""",False,False,False,"])*<""",4,0,0,one_or_more_examples_have_no_matching_split; split_counts=0,v350_v324_variable_operator
8494aad3,equation_symbolic_punct,symbolic_variable_operator_right_left,abstain,,"""`#&","])<""",False,False,False,"])*<""",4,0,0,one_or_more_examples_have_no_matching_split; split_counts=0,v350_v324_variable_operator
8494aad3,equation_symbolic_punct,symbolic_variable_operator_left_reverse_right,abstain,,"""`#&","])<""",False,False,False,"])*<""",4,0,0,one_or_more_examples_have_no_matching_split; split_counts=0,v350_v324_variable_operator
8494aad3,equation_symbolic_punct,symbolic_variable_operator_reverse_left_right,abstain,,"""`#&","])<""",False,False,False,"])*<""",4,0,0,one_or_more_examples_have_no_matching_split; split_counts=0,v350_v324_variable_operator
8494aad3,equation_symbolic_punct,symbolic_variable_operator_right_reverse_left,abstain,,"""`#&","])<""",False,False,False,"])*<""",4,0,0,one_or_more_examples_have_no_matching_split; split_counts=0,v350_v324_variable_operator
8494aad3,equation_symbolic_punct,symbolic_variable_operator_reverse_right_left,abstain,,"""`#&","])<""",False,False,False,"])*<""",4,0,0,one_or_more_examples_have_no_matching_split; split_counts=0,v350_v324_variable_operator
8494aad3,equation_symbolic_punct,symbolic_variable_operator_operator_between_reversed,abstain,,"""`#&","])<""",False,False,False,"])*<""",4,0,0,one_or_more_examples_have_no_matching_split; split_counts=0,v350_v324_variable_operator
8494aad3,equation_symbolic_punct,symbolic_cryptarithm_operator_digits,abstain,,"""`#&","])<""",False,False,False,"])*<""",4,0,0,no_operator_digit_solution,v350_v329_symbolic_cryptarithm
e3890bf7,equation_symbolic_punct,symbolic_char_transducer,abstain,,{@%],(^@{,False,False,False,(^*{@,3,0,0,no_global_mapping,v350_v278_symbolic_dsl
e3890bf7,equation_symbolic_punct,symbolic_delete_selected_chars,abstain,,{@%],(^@{,False,False,False,(^*{@,3,0,0,delete_char_sets=; unique_prediction_count=0,v350_v278_symbolic_dsl
e3890bf7,equation_symbolic_punct,symbolic_keep_selected_chars,abstain,,{@%],(^@{,False,False,False,(^*{@,3,0,0,keep_char_sets=; unique_prediction_count=0,v350_v278_symbolic_dsl
e3890bf7,equation_symbolic_punct,symbolic_prefix_until_marker,abstain,,{@%],(^@{,False,False,False,(^*{@,3,0,0,markers=''; unique_prediction_count=0,v350_v278_symbolic_dsl
e3890bf7,equation_symbolic_punct,symbolic_suffix_after_marker,abstain,,{@%],(^@{,False,False,False,(^*{@,3,0,0,markers=''; unique_prediction_count=0,v350_v278_symbolic_dsl
e3890bf7,equation_symbolic_punct,symbolic_prefix_before_last_marker,abstain,,{@%],(^@{,False,False,False,(^*{@,3,0,0,markers=''; unique_prediction_count=0,v350_v278_symbolic_dsl
e3890bf7,equation_symbolic_punct,symbolic_suffix_after_last_marker,abstain,,{@%],(^@{,False,False,False,(^*{@,3,0,0,markers=''; unique_prediction_count=0,v350_v278_symbolic_dsl
e3890bf7,equation_symbolic_punct,symbolic_remove_first_marker,abstain,,{@%],(^@{,False,False,False,(^*{@,3,0,0,markers=''; unique_prediction_count=0,v350_v278_symbolic_dsl
e3890bf7,equation_symbolic_punct,symbolic_position_template,abstain,,{@%],(^@{,False,False,False,(^*{@,3,0,0,nonuniform_rhs_lengths,v350_v278_symbolic_dsl
e3890bf7,equation_symbolic_punct,symbolic_operator_index_template,abstain,,{@%],(^@{,False,False,False,(^*{@,3,0,0,programs=; unique_prediction_count=0,v350_v278_symbolic_dsl
e3890bf7,equation_symbolic_punct,symbolic_variable_operator_drop_operator,abstain,,{@%],(^@{,False,False,False,(^*{@,3,0,0,one_or_more_examples_have_no_matching_split; split_counts=0,v350_v324_variable_operator
e3890bf7,equation_symbolic_punct,symbolic_variable_operator_reverse_drop_operator,abstain,,{@%],(^@{,False,False,False,(^*{@,3,0,0,one_or_more_examples_have_no_matching_split; split_counts=0,v350_v324_variable_operator
e3890bf7,equation_symbolic_punct,symbolic_variable_operator_left_only,abstain,,{@%],(^@{,False,False,False,(^*{@,3,0,0,one_or_more_examples_have_no_matching_split; split_counts=0,v350_v324_variable_operator
e3890bf7,equation_symbolic_punct,symbolic_variable_operator_right_only,abstain,,{@%],(^@{,False,False,False,(^*{@,3,0,0,one_or_more_examples_have_no_matching_split; split_counts=0,v350_v324_variable_operator
e3890bf7,equation_symbolic_punct,symbolic_variable_operator_right_left,abstain,,{@%],(^@{,False,False,False,(^*{@,3,0,0,one_or_more_examples_have_no_matching_split; split_counts=0,v350_v324_variable_operator
e3890bf7,equation_symbolic_punct,symbolic_variable_operator_left_reverse_right,abstain,,{@%],(^@{,False,False,False,(^*{@,3,0,0,one_or_more_examples_have_no_matching_split; split_counts=0,v350_v324_variable_operator
e3890bf7,equation_symbolic_punct,symbolic_variable_operator_reverse_left_right,abstain,,{@%],(^@{,False,False,False,(^*{@,3,0,0,one_or_more_examples_have_no_matching_split; split_counts=0,v350_v324_variable_operator
e3890bf7,equation_symbolic_punct,symbolic_variable_operator_right_reverse_left,abstain,,{@%],(^@{,False,False,False,(^*{@,3,0,0,one_or_more_examples_have_no_matching_split; split_counts=0,v350_v324_variable_operator
e3890bf7,equation_symbolic_punct,symbolic_variable_operator_reverse_right_left,abstain,,{@%],(^@{,False,False,False,(^*{@,3,0,0,one_or_more_examples_have_no_matching_split; split_counts=0,v350_v324_variable_operator
e3890bf7,equation_symbolic_punct,symbolic_variable_operator_operator_between_reversed,abstain,,{@%],(^@{,False,False,False,(^*{@,3,0,0,one_or_more_examples_have_no_matching_split; split_counts=0,v350_v324_variable_operator
e3890bf7,equation_symbolic_punct,symbolic_cryptarithm_operator_digits,abstain,,{@%],(^@{,False,False,False,(^*{@,3,0,0,no_operator_digit_solution,v350_v329_symbolic_cryptarithm
d29e19a4,equation_symbolic_punct,symbolic_char_transducer,abstain,,?|,|''>,False,False,False,|'$>',4,0,0,no_global_mapping,v350_v278_symbolic_dsl
d29e19a4,equation_symbolic_punct,symbolic_delete_selected_chars,abstain,,?|,|''>,False,False,False,|'$>',4,0,0,delete_char_sets=; unique_prediction_count=0,v350_v278_symbolic_dsl
d29e19a4,equation_symbolic_punct,symbolic_keep_selected_chars,abstain,,?|,|''>,False,False,False,|'$>',4,0,0,keep_char_sets=; unique_prediction_count=0,v350_v278_symbolic_dsl
d29e19a4,equation_symbolic_punct,symbolic_prefix_until_marker,abstain,,?|,|''>,False,False,False,|'$>',4,0,0,markers=''; unique_prediction_count=0,v350_v278_symbolic_dsl
d29e19a4,equation_symbolic_punct,symbolic_suffix_after_marker,abstain,,?|,|''>,False,False,False,|'$>',4,0,0,markers=''; unique_prediction_count=0,v350_v278_symbolic_dsl
d29e19a4,equation_symbolic_punct,symbolic_prefix_before_last_marker,abstain,,?|,|''>,False,False,False,|'$>',4,0,0,markers=''; unique_prediction_count=0,v350_v278_symbolic_dsl
d29e19a4,equation_symbolic_punct,symbolic_suffix_after_last_marker,abstain,,?|,|''>,False,False,False,|'$>',4,0,0,markers=''; unique_prediction_count=0,v350_v278_symbolic_dsl
d29e19a4,equation_symbolic_punct,symbolic_remove_first_marker,abstain,,?|,|''>,False,False,False,|'$>',4,0,0,markers=''; unique_prediction_count=0,v350_v278_symbolic_dsl
d29e19a4,equation_symbolic_punct,symbolic_position_template,abstain,,?|,|''>,False,False,False,|'$>',4,0,0,nonuniform_rhs_lengths,v350_v278_symbolic_dsl
d29e19a4,equation_symbolic_punct,symbolic_operator_index_template,abstain,,?|,|''>,False,False,False,|'$>',4,0,0,programs=; unique_prediction_count=0,v350_v278_symbolic_dsl
d29e19a4,equation_symbolic_punct,symbolic_variable_operator_drop_operator,abstain,,?|,|''>,False,False,False,|'$>',4,0,0,one_or_more_examples_have_no_matching_split; split_counts=0,v350_v324_variable_operator
d29e19a4,equation_symbolic_punct,symbolic_variable_operator_reverse_drop_operator,abstain,,?|,|''>,False,False,False,|'$>',4,0,0,one_or_more_examples_have_no_matching_split; split_counts=0,v350_v324_variable_operator
d29e19a4,equation_symbolic_punct,symbolic_variable_operator_left_only,abstain,,?|,|''>,False,False,False,|'$>',4,0,0,one_or_more_examples_have_no_matching_split; split_counts=0,v350_v324_variable_operator
d29e19a4,equation_symbolic_punct,symbolic_variable_operator_right_only,abstain,,?|,|''>,False,False,False,|'$>',4,0,0,one_or_more_examples_have_no_matching_split; split_counts=0,v350_v324_variable_operator
d29e19a4,equation_symbolic_punct,symbolic_variable_operator_right_left,abstain,,?|,|''>,False,False,False,|'$>',4,0,0,one_or_more_examples_have_no_matching_split; split_counts=0,v350_v324_variable_operator
d29e19a4,equation_symbolic_punct,symbolic_variable_operator_left_reverse_right,abstain,,?|,|''>,False,False,False,|'$>',4,0,0,one_or_more_examples_have_no_matching_split; split_counts=0,v350_v324_variable_operator
d29e19a4,equation_symbolic_punct,symbolic_variable_operator_reverse_left_right,abstain,,?|,|''>,False,False,False,|'$>',4,0,0,one_or_more_examples_have_no_matching_split; split_counts=0,v350_v324_variable_operator
d29e19a4,equation_symbolic_punct,symbolic_variable_operator_right_reverse_left,abstain,,?|,|''>,False,False,False,|'$>',4,0,0,one_or_more_examples_have_no_matching_split; split_counts=0,v350_v324_variable_operator
d29e19a4,equation_symbolic_punct,symbolic_variable_operator_reverse_right_left,abstain,,?|,|''>,False,False,False,|'$>',4,0,0,one_or_more_examples_have_no_matching_split; split_counts=0,v350_v324_variable_operator
d29e19a4,equation_symbolic_punct,symbolic_variable_operator_operator_between_reversed,abstain,,?|,|''>,False,False,False,|'$>',4,0,0,one_or_more_examples_have_no_matching_split; split_counts=0,v350_v324_variable_operator
d29e19a4,equation_symbolic_punct,symbolic_cryptarithm_operator_digits,abstain,,?|,|''>,False,False,False,|'$>',4,0,0,no_operator_digit_solution,v350_v329_symbolic_cryptarithm
b06625c4,equation_symbolic_punct,symbolic_char_transducer,abstain,,^&/,"""$ $]""",False,False,False,"""$*$]",4,0,0,no_pair_mapping,v350_v278_symbolic_dsl
b06625c4,equation_symbolic_punct,symbolic_delete_selected_chars,abstain,,^&/,"""$ $]""",False,False,False,"""$*$]",4,0,0,delete_char_sets=; unique_prediction_count=0,v350_v278_symbolic_dsl
b06625c4,equation_symbolic_punct,symbolic_keep_selected_chars,abstain,,^&/,"""$ $]""",False,False,False,"""$*$]",4,0,0,keep_char_sets=; unique_prediction_count=0,v350_v278_symbolic_dsl
b06625c4,equation_symbolic_punct,symbolic_prefix_until_marker,abstain,,^&/,"""$ $]""",False,False,False,"""$*$]",4,0,0,markers=''; unique_prediction_count=0,v350_v278_symbolic_dsl
b06625c4,equation_symbolic_punct,symbolic_suffix_after_marker,abstain,,^&/,"""$ $]""",False,False,False,"""$*$]",4,0,0,markers=''; unique_prediction_count=0,v350_v278_symbolic_dsl
b06625c4,equation_symbolic_punct,symbolic_prefix_before_last_marker,abstain,,^&/,"""$ $]""",False,False,False,"""$*$]",4,0,0,markers=''; unique_prediction_count=0,v350_v278_symbolic_dsl
b06625c4,equation_symbolic_punct,symbolic_suffix_after_last_marker,abstain,,^&/,"""$ $]""",False,False,False,"""$*$]",4,0,0,markers=''; unique_prediction_count=0,v350_v278_symbolic_dsl
b06625c4,equation_symbolic_punct,symbolic_remove_first_marker,abstain,,^&/,"""$ $]""",False,False,False,"""$*$]",4,0,0,markers=''; unique_prediction_count=0,v350_v278_symbolic_dsl
b06625c4,equation_symbolic_punct,symbolic_position_template,abstain,,^&/,"""$ $]""",False,False,False,"""$*$]",4,0,0,nonuniform_rhs_lengths,v350_v278_symbolic_dsl
b06625c4,equation_symbolic_punct,symbolic_operator_index_template,abstain,,^&/,"""$ $]""",False,False,False,"""$*$]",4,0,0,programs=; unique_prediction_count=0,v350_v278_symbolic_dsl
b06625c4,equation_symbolic_punct,symbolic_variable_operator_drop_operator,abstain,,^&/,"""$ $]""",False,False,False,"""$*$]",4,0,0,one_or_more_examples_have_no_matching_split; split_counts=0,v350_v324_variable_operator
b06625c4,equation_symbolic_punct,symbolic_variable_operator_reverse_drop_operator,abstain,,^&/,"""$ $]""",False,False,False,"""$*$]",4,0,0,one_or_more_examples_have_no_matching_split; split_counts=0,v350_v324_variable_operator
b06625c4,equation_symbolic_punct,symbolic_variable_operator_left_only,abstain,,^&/,"""$ $]""",False,False,False,"""$*$]",4,0,0,one_or_more_examples_have_no_matching_split; split_counts=0,v350_v324_variable_operator
b06625c4,equation_symbolic_punct,symbolic_variable_operator_right_only,abstain,,^&/,"""$ $]""",False,False,False,"""$*$]",4,0,0,one_or_more_examples_have_no_matching_split; split_counts=0,v350_v324_variable_operator
b06625c4,equation_symbolic_punct,symbolic_variable_operator_right_left,abstain,,^&/,"""$ $]""",False,False,False,"""$*$]",4,0,0,one_or_more_examples_have_no_matching_split; split_counts=0,v350_v324_variable_operator
b06625c4,equation_symbolic_punct,symbolic_variable_operator_left_reverse_right,abstain,,^&/,"""$ $]""",False,False,False,"""$*$]",4,0,0,one_or_more_examples_have_no_matching_split; split_counts=0,v350_v324_variable_operator
b06625c4,equation_symbolic_punct,symbolic_variable_operator_reverse_left_right,abstain,,^&/,"""$ $]""",False,False,False,"""$*$]",4,0,0,one_or_more_examples_have_no_matching_split; split_counts=0,v350_v324_variable_operator
b06625c4,equation_symbolic_punct,symbolic_variable_operator_right_reverse_left,abstain,,^&/,"""$ $]""",False,False,False,"""$*$]",4,0,0,one_or_more_examples_have_no_matching_split; split_counts=0,v350_v324_variable_operator
b06625c4,equation_symbolic_punct,symbolic_variable_operator_reverse_right_left,abstain,,^&/,"""$ $]""",False,False,False,"""$*$]",4,0,0,one_or_more_examples_have_no_matching_split; split_counts=0,v350_v324_variable_operator
b06625c4,equation_symbolic_punct,symbolic_variable_operator_operator_between_reversed,abstain,,^&/,"""$ $]""",False,False,False,"""$*$]",4,0,0,one_or_more_examples_have_no_matching_split; split_counts=0,v350_v324_variable_operator
b06625c4,equation_symbolic_punct,symbolic_cryptarithm_operator_digits,abstain,,^&/,"""$ $]""",False,False,False,"""$*$]",4,0,0,no_operator_digit_solution,v350_v329_symbolic_cryptarithm
52be4988,equation_symbolic_punct,symbolic_char_transducer,abstain,,'!,&&&`,False,False,False,&&+&`,5,0,0,no_global_mapping,v350_v278_symbolic_dsl
52be4988,equation_symbolic_punct,symbolic_delete_selected_chars,abstain,,'!,&&&`,False,False,False,&&+&`,5,0,0,delete_char_sets=; unique_prediction_count=0,v350_v278_symbolic_dsl
52be4988,equation_symbolic_punct,symbolic_keep_selected_chars,abstain,,'!,&&&`,False,False,False,&&+&`,5,0,0,keep_char_sets=; unique_prediction_count=0,v350_v278_symbolic_dsl
52be4988,equation_symbolic_punct,symbolic_prefix_until_marker,abstain,,'!,&&&`,False,False,False,&&+&`,5,0,0,markers=''; unique_prediction_count=0,v350_v278_symbolic_dsl
52be4988,equation_symbolic_punct,symbolic_suffix_after_marker,abstain,,'!,&&&`,False,False,False,&&+&`,5,0,0,markers=''; unique_prediction_count=0,v350_v278_symbolic_dsl
52be4988,equation_symbolic_punct,symbolic_prefix_before_last_marker,abstain,,'!,&&&`,False,False,False,&&+&`,5,0,0,markers=''; unique_prediction_count=0,v350_v278_symbolic_dsl
52be4988,equation_symbolic_punct,symbolic_suffix_after_last_marker,abstain,,'!,&&&`,False,False,False,&&+&`,5,0,0,markers=''; unique_prediction_count=0,v350_v278_symbolic_dsl
52be4988,equation_symbolic_punct,symbolic_remove_first_marker,abstain,,'!,&&&`,False,False,False,&&+&`,5,0,0,markers=''; unique_prediction_count=0,v350_v278_symbolic_dsl
52be4988,equation_symbolic_punct,symbolic_position_template,abstain,,'!,&&&`,False,False,False,&&+&`,5,0,0,nonuniform_rhs_lengths,v350_v278_symbolic_dsl
52be4988,equation_symbolic_punct,symbolic_operator_index_template,abstain,,'!,&&&`,False,False,False,&&+&`,5,0,0,programs=; unique_prediction_count=0,v350_v278_symbolic_dsl
52be4988,equation_symbolic_punct,symbolic_variable_operator_drop_operator,abstain,,'!,&&&`,False,False,False,&&+&`,5,0,0,one_or_more_examples_have_no_matching_split; split_counts=0,v350_v324_variable_operator
52be4988,equation_symbolic_punct,symbolic_variable_operator_reverse_drop_operator,abstain,,'!,&&&`,False,False,False,&&+&`,5,0,0,one_or_more_examples_have_no_matching_split; split_counts=0,v350_v324_variable_operator
52be4988,equation_symbolic_punct,symbolic_variable_operator_left_only,abstain,,'!,&&&`,False,False,False,&&+&`,5,0,0,one_or_more_examples_have_no_matching_split; split_counts=0,v350_v324_variable_operator
52be4988,equation_symbolic_punct,symbolic_variable_operator_right_only,abstain,,'!,&&&`,False,False,False,&&+&`,5,0,0,one_or_more_examples_have_no_matching_split; split_counts=0,v350_v324_variable_operator
52be4988,equation_symbolic_punct,symbolic_variable_operator_right_left,abstain,,'!,&&&`,False,False,False,&&+&`,5,0,0,one_or_more_examples_have_no_matching_split; split_counts=0,v350_v324_variable_operator
52be4988,equation_symbolic_punct,symbolic_variable_operator_left_reverse_right,abstain,,'!,&&&`,False,False,False,&&+&`,5,0,0,one_or_more_examples_have_no_matching_split; split_counts=0,v350_v324_variable_operator
52be4988,equation_symbolic_punct,symbolic_variable_operator_reverse_left_right,abstain,,'!,&&&`,False,False,False,&&+&`,5,0,0,one_or_more_examples_have_no_matching_split; split_counts=0,v350_v324_variable_operator
52be4988,equation_symbolic_punct,symbolic_variable_operator_right_reverse_left,abstain,,'!,&&&`,False,False,False,&&+&`,5,0,0,one_or_more_examples_have_no_matching_split; split_counts=0,v350_v324_variable_operator
52be4988,equation_symbolic_punct,symbolic_variable_operator_reverse_right_left,abstain,,'!,&&&`,False,False,False,&&+&`,5,0,0,one_or_more_examples_have_no_matching_split; split_counts=0,v350_v324_variable_operator
52be4988,equation_symbolic_punct,symbolic_variable_operator_operator_between_reversed,abstain,,'!,&&&`,False,False,False,&&+&`,5,0,0,one_or_more_examples_have_no_matching_split; split_counts=0,v350_v324_variable_operator
52be4988,equation_symbolic_punct,symbolic_cryptarithm_operator_digits,abstain,,'!,&&&`,False,False,False,&&+&`,5,0,0,no_operator_digit_solution,v350_v329_symbolic_cryptarithm
2d3547af,equation_symbolic_punct,symbolic_char_transducer,abstain,,))^),\${,False,False,False,\$&\\,4,0,0,no_global_mapping,v350_v278_symbolic_dsl
2d3547af,equation_symbolic_punct,symbolic_delete_selected_chars,abstain,,))^),\${,False,False,False,\$&\\,4,0,0,delete_char_sets=; unique_prediction_count=0,v350_v278_symbolic_dsl
2d3547af,equation_symbolic_punct,symbolic_keep_selected_chars,abstain,,))^),\${,False,False,False,\$&\\,4,0,0,keep_char_sets=; unique_prediction_count=0,v350_v278_symbolic_dsl
2d3547af,equation_symbolic_punct,symbolic_prefix_until_marker,abstain,,))^),\${,False,False,False,\$&\\,4,0,0,markers=''; unique_prediction_count=0,v350_v278_symbolic_dsl
2d3547af,equation_symbolic_punct,symbolic_suffix_after_marker,abstain,,))^),\${,False,False,False,\$&\\,4,0,0,markers=''; unique_prediction_count=0,v350_v278_symbolic_dsl
2d3547af,equation_symbolic_punct,symbolic_prefix_before_last_marker,abstain,,))^),\${,False,False,False,\$&\\,4,0,0,markers=''; unique_prediction_count=0,v350_v278_symbolic_dsl
2d3547af,equation_symbolic_punct,symbolic_suffix_after_last_marker,abstain,,))^),\${,False,False,False,\$&\\,4,0,0,markers=''; unique_prediction_count=0,v350_v278_symbolic_dsl
2d3547af,equation_symbolic_punct,symbolic_remove_first_marker,abstain,,))^),\${,False,False,False,\$&\\,4,0,0,markers=''; unique_prediction_count=0,v350_v278_symbolic_dsl
2d3547af,equation_symbolic_punct,symbolic_position_template,abstain,,))^),\${,False,False,False,\$&\\,4,0,0,nonuniform_rhs_lengths,v350_v278_symbolic_dsl
2d3547af,equation_symbolic_punct,symbolic_operator_index_template,abstain,,))^),\${,False,False,False,\$&\\,4,0,0,programs=; unique_prediction_count=0,v350_v278_symbolic_dsl
2d3547af,equation_symbolic_punct,symbolic_variable_operator_drop_operator,abstain,,))^),\${,False,False,False,\$&\\,4,0,0,one_or_more_examples_have_no_matching_split; split_counts=0,v350_v324_variable_operator
2d3547af,equation_symbolic_punct,symbolic_variable_operator_reverse_drop_operator,abstain,,))^),\${,False,False,False,\$&\\,4,0,0,one_or_more_examples_have_no_matching_split; split_counts=0,v350_v324_variable_operator
2d3547af,equation_symbolic_punct,symbolic_variable_operator_left_only,abstain,,))^),\${,False,False,False,\$&\\,4,0,0,one_or_more_examples_have_no_matching_split; split_counts=0,v350_v324_variable_operator
2d3547af,equation_symbolic_punct,symbolic_variable_operator_right_only,abstain,,))^),\${,False,False,False,\$&\\,4,0,0,one_or_more_examples_have_no_matching_split; split_counts=0,v350_v324_variable_operator
2d3547af,equation_symbolic_punct,symbolic_variable_operator_right_left,abstain,,))^),\${,False,False,False,\$&\\,4,0,0,one_or_more_examples_have_no_matching_split; split_counts=0,v350_v324_variable_operator
2d3547af,equation_symbolic_punct,symbolic_variable_operator_left_reverse_right,abstain,,))^),\${,False,False,False,\$&\\,4,0,0,one_or_more_examples_have_no_matching_split; split_counts=0,v350_v324_variable_operator
2d3547af,equation_symbolic_punct,symbolic_variable_operator_reverse_left_right,abstain,,))^),\${,False,False,False,\$&\\,4,0,0,one_or_more_examples_have_no_matching_split; split_counts=0,v350_v324_variable_operator
2d3547af,equation_symbolic_punct,symbolic_variable_operator_right_reverse_left,abstain,,))^),\${,False,False,False,\$&\\,4,0,0,one_or_more_examples_have_no_matching_split; split_counts=0,v350_v324_variable_operator
2d3547af,equation_symbolic_punct,symbolic_variable_operator_reverse_right_left,abstain,,))^),\${,False,False,False,\$&\\,4,0,0,one_or_more_examples_have_no_matching_split; split_counts=0,v350_v324_variable_operator
2d3547af,equation_symbolic_punct,symbolic_variable_operator_operator_between_reversed,abstain,,))^),\${,False,False,False,\$&\\,4,0,0,one_or_more_examples_have_no_matching_split; split_counts=0,v350_v324_variable_operator
2d3547af,equation_symbolic_punct,symbolic_cryptarithm_operator_digits,abstain,,))^),\${,False,False,False,\$&\\,4,0,0,no_operator_digit_solution,v350_v329_symbolic_cryptarithm
28b0ff48,equation_symbolic_punct,symbolic_char_transducer,abstain,,'],|^^^,False,False,False,|^-^^,3,0,0,no_global_mapping,v350_v278_symbolic_dsl
28b0ff48,equation_symbolic_punct,symbolic_delete_selected_chars,abstain,,'],|^^^,False,False,False,|^-^^,3,0,0,delete_char_sets=; unique_prediction_count=0,v350_v278_symbolic_dsl
28b0ff48,equation_symbolic_punct,symbolic_keep_selected_chars,abstain,,'],|^^^,False,False,False,|^-^^,3,0,0,keep_char_sets=; unique_prediction_count=0,v350_v278_symbolic_dsl
28b0ff48,equation_symbolic_punct,symbolic_prefix_until_marker,abstain,,'],|^^^,False,False,False,|^-^^,3,0,0,markers=''; unique_prediction_count=0,v350_v278_symbolic_dsl
28b0ff48,equation_symbolic_punct,symbolic_suffix_after_marker,abstain,,'],|^^^,False,False,False,|^-^^,3,0,0,markers=''; unique_prediction_count=0,v350_v278_symbolic_dsl
28b0ff48,equation_symbolic_punct,symbolic_prefix_before_last_marker,abstain,,'],|^^^,False,False,False,|^-^^,3,0,0,markers=''; unique_prediction_count=0,v350_v278_symbolic_dsl
28b0ff48,equation_symbolic_punct,symbolic_suffix_after_last_marker,abstain,,'],|^^^,False,False,False,|^-^^,3,0,0,markers=''; unique_prediction_count=0,v350_v278_symbolic_dsl
28b0ff48,equation_symbolic_punct,symbolic_remove_first_marker,abstain,,'],|^^^,False,False,False,|^-^^,3,0,0,markers=''; unique_prediction_count=0,v350_v278_symbolic_dsl
28b0ff48,equation_symbolic_punct,symbolic_position_template,abstain,,'],|^^^,False,False,False,|^-^^,3,0,0,nonuniform_rhs_lengths,v350_v278_symbolic_dsl
28b0ff48,equation_symbolic_punct,symbolic_operator_index_template,abstain,,'],|^^^,False,False,False,|^-^^,3,0,0,programs=; unique_prediction_count=0,v350_v278_symbolic_dsl
28b0ff48,equation_symbolic_punct,symbolic_variable_operator_drop_operator,abstain,,'],|^^^,False,False,False,|^-^^,3,0,0,one_or_more_examples_have_no_matching_split; split_counts=0,v350_v324_variable_operator
28b0ff48,equation_symbolic_punct,symbolic_variable_operator_reverse_drop_operator,abstain,,'],|^^^,False,False,False,|^-^^,3,0,0,one_or_more_examples_have_no_matching_split; split_counts=0,v350_v324_variable_operator
28b0ff48,equation_symbolic_punct,symbolic_variable_operator_left_only,abstain,,'],|^^^,False,False,False,|^-^^,3,0,0,one_or_more_examples_have_no_matching_split; split_counts=0,v350_v324_variable_operator
28b0ff48,equation_symbolic_punct,symbolic_variable_operator_right_only,abstain,,'],|^^^,False,False,False,|^-^^,3,0,0,one_or_more_examples_have_no_matching_split; split_counts=0,v350_v324_variable_operator
28b0ff48,equation_symbolic_punct,symbolic_variable_operator_right_left,abstain,,'],|^^^,False,False,False,|^-^^,3,0,0,one_or_more_examples_have_no_matching_split; split_counts=0,v350_v324_variable_operator
28b0ff48,equation_symbolic_punct,symbolic_variable_operator_left_reverse_right,abstain,,'],|^^^,False,False,False,|^-^^,3,0,0,one_or_more_examples_have_no_matching_split; split_counts=0,v350_v324_variable_operator
28b0ff48,equation_symbolic_punct,symbolic_variable_operator_reverse_left_right,abstain,,'],|^^^,False,False,False,|^-^^,3,0,0,one_or_more_examples_have_no_matching_split; split_counts=0,v350_v324_variable_operator
28b0ff48,equation_symbolic_punct,symbolic_variable_operator_right_reverse_left,abstain,,'],|^^^,False,False,False,|^-^^,3,0,0,one_or_more_examples_have_no_matching_split; split_counts=0,v350_v324_variable_operator
28b0ff48,equation_symbolic_punct,symbolic_variable_operator_reverse_right_left,abstain,,'],|^^^,False,False,False,|^-^^,3,0,0,one_or_more_examples_have_no_matching_split; split_counts=0,v350_v324_variable_operator
28b0ff48,equation_symbolic_punct,symbolic_variable_operator_operator_between_reversed,abstain,,'],|^^^,False,False,False,|^-^^,3,0,0,one_or_more_examples_have_no_matching_split; split_counts=0,v350_v324_variable_operator
28b0ff48,equation_symbolic_punct,symbolic_cryptarithm_operator_digits,abstain,,'],|^^^,False,False,False,|^-^^,3,0,0,no_operator_digit_solution,v350_v329_symbolic_cryptarithm
61557701,equation_symbolic_punct,symbolic_char_transducer,abstain,,|&,'{),False,False,False,'{+{),4,0,0,no_global_mapping,v350_v278_symbolic_dsl
61557701,equation_symbolic_punct,symbolic_delete_selected_chars,abstain,,|&,'{),False,False,False,'{+{),4,0,0,delete_char_sets=; unique_prediction_count=0,v350_v278_symbolic_dsl
61557701,equation_symbolic_punct,symbolic_keep_selected_chars,abstain,,|&,'{),False,False,False,'{+{),4,0,0,keep_char_sets=; unique_prediction_count=0,v350_v278_symbolic_dsl
61557701,equation_symbolic_punct,symbolic_prefix_until_marker,abstain,,|&,'{),False,False,False,'{+{),4,0,0,markers=''; unique_prediction_count=0,v350_v278_symbolic_dsl
61557701,equation_symbolic_punct,symbolic_suffix_after_marker,abstain,,|&,'{),False,False,False,'{+{),4,0,0,markers=''; unique_prediction_count=0,v350_v278_symbolic_dsl
61557701,equation_symbolic_punct,symbolic_prefix_before_last_marker,abstain,,|&,'{),False,False,False,'{+{),4,0,0,markers=''; unique_prediction_count=0,v350_v278_symbolic_dsl
61557701,equation_symbolic_punct,symbolic_suffix_after_last_marker,abstain,,|&,'{),False,False,False,'{+{),4,0,0,markers=''; unique_prediction_count=0,v350_v278_symbolic_dsl
61557701,equation_symbolic_punct,symbolic_remove_first_marker,abstain,,|&,'{),False,False,False,'{+{),4,0,0,markers=''; unique_prediction_count=0,v350_v278_symbolic_dsl
61557701,equation_symbolic_punct,symbolic_position_template,abstain,,|&,'{),False,False,False,'{+{),4,0,0,nonuniform_rhs_lengths,v350_v278_symbolic_dsl
61557701,equation_symbolic_punct,symbolic_operator_index_template,abstain,,|&,'{),False,False,False,'{+{),4,0,0,programs=; unique_prediction_count=0,v350_v278_symbolic_dsl
61557701,equation_symbolic_punct,symbolic_variable_operator_drop_operator,abstain,,|&,'{),False,False,False,'{+{),4,0,0,one_or_more_examples_have_no_matching_split; split_counts=0,v350_v324_variable_operator
61557701,equation_symbolic_punct,symbolic_variable_operator_reverse_drop_operator,abstain,,|&,'{),False,False,False,'{+{),4,0,0,one_or_more_examples_have_no_matching_split; split_counts=0,v350_v324_variable_operator
61557701,equation_symbolic_punct,symbolic_variable_operator_left_only,abstain,,|&,'{),False,False,False,'{+{),4,0,0,one_or_more_examples_have_no_matching_split; split_counts=0,v350_v324_variable_operator
61557701,equation_symbolic_punct,symbolic_variable_operator_right_only,abstain,,|&,'{),False,False,False,'{+{),4,0,0,one_or_more_examples_have_no_matching_split; split_counts=0,v350_v324_variable_operator
61557701,equation_symbolic_punct,symbolic_variable_operator_right_left,abstain,,|&,'{),False,False,False,'{+{),4,0,0,one_or_more_examples_have_no_matching_split; split_counts=0,v350_v324_variable_operator
61557701,equation_symbolic_punct,symbolic_variable_operator_left_reverse_right,abstain,,|&,'{),False,False,False,'{+{),4,0,0,one_or_more_examples_have_no_matching_split; split_counts=0,v350_v324_variable_operator
61557701,equation_symbolic_punct,symbolic_variable_operator_reverse_left_right,abstain,,|&,'{),False,False,False,'{+{),4,0,0,one_or_more_examples_have_no_matching_split; split_counts=0,v350_v324_variable_operator
61557701,equation_symbolic_punct,symbolic_variable_operator_right_reverse_left,abstain,,|&,'{),False,False,False,'{+{),4,0,0,one_or_more_examples_have_no_matching_split; split_counts=0,v350_v324_variable_operator
61557701,equation_symbolic_punct,symbolic_variable_operator_reverse_right_left,abstain,,|&,'{),False,False,False,'{+{),4,0,0,one_or_more_examples_have_no_matching_split; split_counts=0,v350_v324_variable_operator
61557701,equation_symbolic_punct,symbolic_variable_operator_operator_between_reversed,abstain,,|&,'{),False,False,False,'{+{),4,0,0,one_or_more_examples_have_no_matching_split; split_counts=0,v350_v324_variable_operator
61557701,equation_symbolic_punct,symbolic_cryptarithm_operator_digits,abstain,,|&,'{),False,False,False,'{+{),4,0,0,no_operator_digit_solution,v350_v329_symbolic_cryptarithm
02902eb3,equation_symbolic_punct,symbolic_char_transducer,abstain,,>/,!!$>,False,False,False,!!+$>,3,0,0,no_pair_mapping,v350_v278_symbolic_dsl
02902eb3,equation_symbolic_punct,symbolic_delete_selected_chars,abstain,,>/,!!$>,False,False,False,!!+$>,3,0,0,delete_char_sets=; unique_prediction_count=0,v350_v278_symbolic_dsl
02902eb3,equation_symbolic_punct,symbolic_keep_selected_chars,abstain,,>/,!!$>,False,False,False,!!+$>,3,0,0,keep_char_sets=; unique_prediction_count=0,v350_v278_symbolic_dsl
02902eb3,equation_symbolic_punct,symbolic_prefix_until_marker,abstain,,>/,!!$>,False,False,False,!!+$>,3,0,0,markers=''; unique_prediction_count=0,v350_v278_symbolic_dsl
02902eb3,equation_symbolic_punct,symbolic_suffix_after_marker,abstain,,>/,!!$>,False,False,False,!!+$>,3,0,0,markers=''; unique_prediction_count=0,v350_v278_symbolic_dsl
02902eb3,equation_symbolic_punct,symbolic_prefix_before_last_marker,abstain,,>/,!!$>,False,False,False,!!+$>,3,0,0,markers=''; unique_prediction_count=0,v350_v278_symbolic_dsl
02902eb3,equation_symbolic_punct,symbolic_suffix_after_last_marker,abstain,,>/,!!$>,False,False,False,!!+$>,3,0,0,markers=''; unique_prediction_count=0,v350_v278_symbolic_dsl
02902eb3,equation_symbolic_punct,symbolic_remove_first_marker,abstain,,>/,!!$>,False,False,False,!!+$>,3,0,0,markers=''; unique_prediction_count=0,v350_v278_symbolic_dsl
02902eb3,equation_symbolic_punct,symbolic_position_template,abstain,,>/,!!$>,False,False,False,!!+$>,3,0,0,nonuniform_rhs_lengths,v350_v278_symbolic_dsl
02902eb3,equation_symbolic_punct,symbolic_operator_index_template,abstain,,>/,!!$>,False,False,False,!!+$>,3,0,0,programs=; unique_prediction_count=0,v350_v278_symbolic_dsl
02902eb3,equation_symbolic_punct,symbolic_variable_operator_drop_operator,abstain,,>/,!!$>,False,False,False,!!+$>,3,0,0,one_or_more_examples_have_no_matching_split; split_counts=0,v350_v324_variable_operator
02902eb3,equation_symbolic_punct,symbolic_variable_operator_reverse_drop_operator,abstain,,>/,!!$>,False,False,False,!!+$>,3,0,0,one_or_more_examples_have_no_matching_split; split_counts=0,v350_v324_variable_operator
02902eb3,equation_symbolic_punct,symbolic_variable_operator_left_only,abstain,,>/,!!$>,False,False,False,!!+$>,3,0,0,one_or_more_examples_have_no_matching_split; split_counts=0,v350_v324_variable_operator
02902eb3,equation_symbolic_punct,symbolic_variable_operator_right_only,abstain,,>/,!!$>,False,False,False,!!+$>,3,0,0,one_or_more_examples_have_no_matching_split; split_counts=0,v350_v324_variable_operator
02902eb3,equation_symbolic_punct,symbolic_variable_operator_right_left,abstain,,>/,!!$>,False,False,False,!!+$>,3,0,0,one_or_more_examples_have_no_matching_split; split_counts=0,v350_v324_variable_operator
02902eb3,equation_symbolic_punct,symbolic_variable_operator_left_reverse_right,abstain,,>/,!!$>,False,False,False,!!+$>,3,0,0,one_or_more_examples_have_no_matching_split; split_counts=0,v350_v324_variable_operator
02902eb3,equation_symbolic_punct,symbolic_variable_operator_reverse_left_right,abstain,,>/,!!$>,False,False,False,!!+$>,3,0,0,one_or_more_examples_have_no_matching_split; split_counts=0,v350_v324_variable_operator
02902eb3,equation_symbolic_punct,symbolic_variable_operator_right_reverse_left,abstain,,>/,!!$>,False,False,False,!!+$>,3,0,0,one_or_more_examples_have_no_matching_split; split_counts=0,v350_v324_variable_operator
02902eb3,equation_symbolic_punct,symbolic_variable_operator_reverse_right_left,abstain,,>/,!!$>,False,False,False,!!+$>,3,0,0,one_or_more_examples_have_no_matching_split; split_counts=0,v350_v324_variable_operator
02902eb3,equation_symbolic_punct,symbolic_variable_operator_operator_between_reversed,abstain,,>/,!!$>,False,False,False,!!+$>,3,0,0,one_or_more_examples_have_no_matching_split; split_counts=0,v350_v324_variable_operator
02902eb3,equation_symbolic_punct,symbolic_cryptarithm_multi_operator_digits_add,candidate,>},>/,!!$>,False,True,False,!!+$>,3,2,1,"ops={""*"": ""mul"", ""+"": ""add"", ""-"": ""sub_ab""}; map={""!"": 4, ""$"": 3, ""%"": 5, ""&"": 7, "")"": 9, ""/"": 1, "">"": 8, ""]"": 6, ""}"": 2}; ops={""*"": ""mul"", ""+"": ""add"", ""-"": ""abs_diff""}; map={""!"": 4, ""$"": 3, ""%"": 5, ""&"": 7, "")"": 9, ""/"": 1, "">"": 8, ""]"": 6, ""}"": 2}",v350_v329_symbolic_cryptarithm
02902eb3,equation_symbolic_punct,symbolic_cryptarithm_multi_operator_digits_sub_ab,candidate,],>/,!!$>,False,True,False,!!+$>,3,2,1,"ops={""*"": ""mul"", ""+"": ""sub_ab"", ""-"": ""sub_ab""}; map={""!"": 4, ""$"": 3, ""%"": 5, ""&"": 7, "")"": 9, ""/"": 1, "">"": 8, ""]"": 6, ""}"": 2}; ops={""*"": ""mul"", ""+"": ""sub_ab"", ""-"": ""abs_diff""}; map={""!"": 4, ""$"": 3, ""%"": 5, ""&"": 7, "")"": 9, ""/"": 1, "">"": 8, ""]"": 6, ""}"": 2}",v350_v329_symbolic_cryptarithm
02902eb3,equation_symbolic_punct,symbolic_cryptarithm_multi_operator_digits_abs_diff,candidate,],>/,!!$>,False,True,False,!!+$>,3,2,1,"ops={""*"": ""mul"", ""+"": ""abs_diff"", ""-"": ""sub_ab""}; map={""!"": 4, ""$"": 3, ""%"": 5, ""&"": 7, "")"": 9, ""/"": 1, "">"": 8, ""]"": 6, ""}"": 2}; ops={""*"": ""mul"", ""+"": ""abs_diff"", ""-"": ""abs_diff""}; map={""!"": 4, ""$"": 3, ""%"": 5, ""&"": 7, "")"": 9, ""/"": 1, "">"": 8, ""]"": 6, ""}"": 2}",v350_v329_symbolic_cryptarithm
02902eb3,equation_symbolic_punct,symbolic_cryptarithm_multi_operator_digits_mul,candidate,/]&},>/,!!$>,False,True,False,!!+$>,3,2,1,"ops={""*"": ""mul"", ""+"": ""mul"", ""-"": ""sub_ab""}; map={""!"": 4, ""$"": 3, ""%"": 5, ""&"": 7, "")"": 9, ""/"": 1, "">"": 8, ""]"": 6, ""}"": 2}; ops={""*"": ""mul"", ""+"": ""mul"", ""-"": ""abs_diff""}; map={""!"": 4, ""$"": 3, ""%"": 5, ""&"": 7, "")"": 9, ""/"": 1, "">"": 8, ""]"": 6, ""}"": 2}",v350_v329_symbolic_cryptarithm
0d90736f,equation_symbolic_punct,symbolic_char_transducer,abstain,,:,::)[,False,False,False,::-)[,5,0,0,no_pair_mapping,v350_v278_symbolic_dsl
0d90736f,equation_symbolic_punct,symbolic_delete_selected_chars,abstain,,:,::)[,False,False,False,::-)[,5,0,0,delete_char_sets=; unique_prediction_count=0,v350_v278_symbolic_dsl
0d90736f,equation_symbolic_punct,symbolic_keep_selected_chars,abstain,,:,::)[,False,False,False,::-)[,5,0,0,keep_char_sets=; unique_prediction_count=0,v350_v278_symbolic_dsl
0d90736f,equation_symbolic_punct,symbolic_prefix_until_marker,abstain,,:,::)[,False,False,False,::-)[,5,0,0,markers=''; unique_prediction_count=0,v350_v278_symbolic_dsl
0d90736f,equation_symbolic_punct,symbolic_suffix_after_marker,abstain,,:,::)[,False,False,False,::-)[,5,0,0,markers=''; unique_prediction_count=0,v350_v278_symbolic_dsl
0d90736f,equation_symbolic_punct,symbolic_prefix_before_last_marker,abstain,,:,::)[,False,False,False,::-)[,5,0,0,markers=''; unique_prediction_count=0,v350_v278_symbolic_dsl
0d90736f,equation_symbolic_punct,symbolic_suffix_after_last_marker,abstain,,:,::)[,False,False,False,::-)[,5,0,0,markers=''; unique_prediction_count=0,v350_v278_symbolic_dsl
0d90736f,equation_symbolic_punct,symbolic_remove_first_marker,abstain,,:,::)[,False,False,False,::-)[,5,0,0,markers=''; unique_prediction_count=0,v350_v278_symbolic_dsl
0d90736f,equation_symbolic_punct,symbolic_position_template,abstain,,:,::)[,False,False,False,::-)[,5,0,0,nonuniform_rhs_lengths,v350_v278_symbolic_dsl
0d90736f,equation_symbolic_punct,symbolic_operator_index_template,abstain,,:,::)[,False,False,False,::-)[,5,0,0,programs=; unique_prediction_count=0,v350_v278_symbolic_dsl
0d90736f,equation_symbolic_punct,symbolic_variable_operator_drop_operator,abstain,,:,::)[,False,False,False,::-)[,5,0,0,one_or_more_examples_have_no_matching_split; split_counts=0,v350_v324_variable_operator
0d90736f,equation_symbolic_punct,symbolic_variable_operator_reverse_drop_operator,abstain,,:,::)[,False,False,False,::-)[,5,0,0,one_or_more_examples_have_no_matching_split; split_counts=0,v350_v324_variable_operator
0d90736f,equation_symbolic_punct,symbolic_variable_operator_left_only,abstain,,:,::)[,False,False,False,::-)[,5,0,0,one_or_more_examples_have_no_matching_split; split_counts=0,v350_v324_variable_operator
0d90736f,equation_symbolic_punct,symbolic_variable_operator_right_only,abstain,,:,::)[,False,False,False,::-)[,5,0,0,one_or_more_examples_have_no_matching_split; split_counts=0,v350_v324_variable_operator
0d90736f,equation_symbolic_punct,symbolic_variable_operator_right_left,abstain,,:,::)[,False,False,False,::-)[,5,0,0,one_or_more_examples_have_no_matching_split; split_counts=0,v350_v324_variable_operator
0d90736f,equation_symbolic_punct,symbolic_variable_operator_left_reverse_right,abstain,,:,::)[,False,False,False,::-)[,5,0,0,one_or_more_examples_have_no_matching_split; split_counts=0,v350_v324_variable_operator
0d90736f,equation_symbolic_punct,symbolic_variable_operator_reverse_left_right,abstain,,:,::)[,False,False,False,::-)[,5,0,0,one_or_more_examples_have_no_matching_split; split_counts=0,v350_v324_variable_operator
0d90736f,equation_symbolic_punct,symbolic_variable_operator_right_reverse_left,abstain,,:,::)[,False,False,False,::-)[,5,0,0,one_or_more_examples_have_no_matching_split; split_counts=0,v350_v324_variable_operator
0d90736f,equation_symbolic_punct,symbolic_variable_operator_reverse_right_left,abstain,,:,::)[,False,False,False,::-)[,5,0,0,one_or_more_examples_have_no_matching_split; split_counts=0,v350_v324_variable_operator
0d90736f,equation_symbolic_punct,symbolic_variable_operator_operator_between_reversed,abstain,,:,::)[,False,False,False,::-)[,5,0,0,one_or_more_examples_have_no_matching_split; split_counts=0,v350_v324_variable_operator
0d90736f,equation_symbolic_punct,symbolic_cryptarithm_operator_digits,abstain,,:,::)[,False,False,False,::-)[,5,0,0,no_operator_digit_solution,v350_v329_symbolic_cryptarithm
294453b5,equation_symbolic_punct,symbolic_char_transducer,abstain,,&(,##!),False,False,False,##-!),3,0,0,no_global_mapping,v350_v278_symbolic_dsl
294453b5,equation_symbolic_punct,symbolic_delete_selected_chars,abstain,,&(,##!),False,False,False,##-!),3,0,0,delete_char_sets=; unique_prediction_count=0,v350_v278_symbolic_dsl
294453b5,equation_symbolic_punct,symbolic_keep_selected_chars,abstain,,&(,##!),False,False,False,##-!),3,0,0,keep_char_sets=; unique_prediction_count=0,v350_v278_symbolic_dsl
294453b5,equation_symbolic_punct,symbolic_prefix_until_marker,abstain,,&(,##!),False,False,False,##-!),3,0,0,markers=''; unique_prediction_count=0,v350_v278_symbolic_dsl
294453b5,equation_symbolic_punct,symbolic_suffix_after_marker,abstain,,&(,##!),False,False,False,##-!),3,0,0,markers=''; unique_prediction_count=0,v350_v278_symbolic_dsl
294453b5,equation_symbolic_punct,symbolic_prefix_before_last_marker,abstain,,&(,##!),False,False,False,##-!),3,0,0,markers=''; unique_prediction_count=0,v350_v278_symbolic_dsl
294453b5,equation_symbolic_punct,symbolic_suffix_after_last_marker,abstain,,&(,##!),False,False,False,##-!),3,0,0,markers=''; unique_prediction_count=0,v350_v278_symbolic_dsl
294453b5,equation_symbolic_punct,symbolic_remove_first_marker,abstain,,&(,##!),False,False,False,##-!),3,0,0,markers=''; unique_prediction_count=0,v350_v278_symbolic_dsl
294453b5,equation_symbolic_punct,symbolic_position_template,abstain,,&(,##!),False,False,False,##-!),3,0,0,nonuniform_rhs_lengths,v350_v278_symbolic_dsl
294453b5,equation_symbolic_punct,symbolic_operator_index_template,abstain,,&(,##!),False,False,False,##-!),3,0,0,programs=; unique_prediction_count=0,v350_v278_symbolic_dsl
294453b5,equation_symbolic_punct,symbolic_variable_operator_drop_operator,abstain,,&(,##!),False,False,False,##-!),3,0,0,one_or_more_examples_have_no_matching_split; split_counts=0,v350_v324_variable_operator
294453b5,equation_symbolic_punct,symbolic_variable_operator_reverse_drop_operator,abstain,,&(,##!),False,False,False,##-!),3,0,0,one_or_more_examples_have_no_matching_split; split_counts=0,v350_v324_variable_operator
294453b5,equation_symbolic_punct,symbolic_variable_operator_left_only,abstain,,&(,##!),False,False,False,##-!),3,0,0,one_or_more_examples_have_no_matching_split; split_counts=0,v350_v324_variable_operator
294453b5,equation_symbolic_punct,symbolic_variable_operator_right_only,abstain,,&(,##!),False,False,False,##-!),3,0,0,one_or_more_examples_have_no_matching_split; split_counts=0,v350_v324_variable_operator
294453b5,equation_symbolic_punct,symbolic_variable_operator_right_left,abstain,,&(,##!),False,False,False,##-!),3,0,0,one_or_more_examples_have_no_matching_split; split_counts=0,v350_v324_variable_operator
294453b5,equation_symbolic_punct,symbolic_variable_operator_left_reverse_right,abstain,,&(,##!),False,False,False,##-!),3,0,0,one_or_more_examples_have_no_matching_split; split_counts=0,v350_v324_variable_operator
294453b5,equation_symbolic_punct,symbolic_variable_operator_reverse_left_right,abstain,,&(,##!),False,False,False,##-!),3,0,0,one_or_more_examples_have_no_matching_split; split_counts=0,v350_v324_variable_operator
294453b5,equation_symbolic_punct,symbolic_variable_operator_right_reverse_left,abstain,,&(,##!),False,False,False,##-!),3,0,0,one_or_more_examples_have_no_matching_split; split_counts=0,v350_v324_variable_operator
294453b5,equation_symbolic_punct,symbolic_variable_operator_reverse_right_left,abstain,,&(,##!),False,False,False,##-!),3,0,0,one_or_more_examples_have_no_matching_split; split_counts=0,v350_v324_variable_operator
294453b5,equation_symbolic_punct,symbolic_variable_operator_operator_between_reversed,abstain,,&(,##!),False,False,False,##-!),3,0,0,one_or_more_examples_have_no_matching_split; split_counts=0,v350_v324_variable_operator
294453b5,equation_symbolic_punct,symbolic_cryptarithm_operator_digits,abstain,,&(,##!),False,False,False,##-!),3,0,0,no_operator_digit_solution,v350_v329_symbolic_cryptarithm
386b6d03,equation_numeric_operator,numeric_same_operator_extended,abstain,,671,18,False,False,False,79'97,3,0,0,same_operator_examples=0 below_min=2,v350_equation_numeric_local
386b6d03,equation_numeric_operator,v274_guarded_numeric_query_operator_unseen,abstain,,671,18,False,False,False,79'97,3,0,0,"query_op=""'"" not present in examples",v350_equation_numeric_local
386b6d03,equation_numeric_operator,v299_same_operator_unique_numeric_dsl,abstain,,671,18,False,False,False,79'97,3,0,0,"query_op=""'"" absent from examples",v350_v299_numeric_dsl
386b6d03,equation_numeric_operator,v299_all_numeric_examples_unique_dsl,abstain,,671,18,False,False,False,79'97,3,0,0,unique_prediction_count=0; candidate_rules=0,v350_v299_numeric_dsl
386b6d03,equation_numeric_operator,v299_conventional_operator_prior_unique,abstain,,671,18,False,False,False,79'97,3,0,0,unique_prediction_count=0; candidate_rules=0,v350_v299_numeric_dsl
57f6878e,equation_symbolic_punct,symbolic_char_transducer,abstain,,%{{,|@(!,False,False,False,|@<:(,5,0,0,no_global_mapping,v350_v278_symbolic_dsl
57f6878e,equation_symbolic_punct,symbolic_delete_selected_chars,abstain,,%{{,|@(!,False,False,False,|@<:(,5,0,0,delete_char_sets=; unique_prediction_count=0,v350_v278_symbolic_dsl
57f6878e,equation_symbolic_punct,symbolic_keep_selected_chars,abstain,,%{{,|@(!,False,False,False,|@<:(,5,0,0,keep_char_sets=; unique_prediction_count=0,v350_v278_symbolic_dsl
57f6878e,equation_symbolic_punct,symbolic_prefix_until_marker,abstain,,%{{,|@(!,False,False,False,|@<:(,5,0,0,markers=''; unique_prediction_count=0,v350_v278_symbolic_dsl
57f6878e,equation_symbolic_punct,symbolic_suffix_after_marker,abstain,,%{{,|@(!,False,False,False,|@<:(,5,0,0,markers=''; unique_prediction_count=0,v350_v278_symbolic_dsl
57f6878e,equation_symbolic_punct,symbolic_prefix_before_last_marker,abstain,,%{{,|@(!,False,False,False,|@<:(,5,0,0,markers=''; unique_prediction_count=0,v350_v278_symbolic_dsl
57f6878e,equation_symbolic_punct,symbolic_suffix_after_last_marker,abstain,,%{{,|@(!,False,False,False,|@<:(,5,0,0,markers=''; unique_prediction_count=0,v350_v278_symbolic_dsl
57f6878e,equation_symbolic_punct,symbolic_remove_first_marker,abstain,,%{{,|@(!,False,False,False,|@<:(,5,0,0,markers=''; unique_prediction_count=0,v350_v278_symbolic_dsl
57f6878e,equation_symbolic_punct,symbolic_position_template,abstain,,%{{,|@(!,False,False,False,|@<:(,5,0,0,nonuniform_rhs_lengths,v350_v278_symbolic_dsl
57f6878e,equation_symbolic_punct,symbolic_operator_index_template,abstain,,%{{,|@(!,False,False,False,|@<:(,5,0,0,programs=; unique_prediction_count=0,v350_v278_symbolic_dsl
57f6878e,equation_symbolic_punct,symbolic_variable_operator_drop_operator,abstain,,%{{,|@(!,False,False,False,|@<:(,5,0,0,one_or_more_examples_have_no_matching_split; split_counts=0,v350_v324_variable_operator
57f6878e,equation_symbolic_punct,symbolic_variable_operator_reverse_drop_operator,abstain,,%{{,|@(!,False,False,False,|@<:(,5,0,0,one_or_more_examples_have_no_matching_split; split_counts=0,v350_v324_variable_operator
57f6878e,equation_symbolic_punct,symbolic_variable_operator_left_only,abstain,,%{{,|@(!,False,False,False,|@<:(,5,0,0,one_or_more_examples_have_no_matching_split; split_counts=0,v350_v324_variable_operator
57f6878e,equation_symbolic_punct,symbolic_variable_operator_right_only,abstain,,%{{,|@(!,False,False,False,|@<:(,5,0,0,one_or_more_examples_have_no_matching_split; split_counts=0,v350_v324_variable_operator
57f6878e,equation_symbolic_punct,symbolic_variable_operator_right_left,abstain,,%{{,|@(!,False,False,False,|@<:(,5,0,0,one_or_more_examples_have_no_matching_split; split_counts=0,v350_v324_variable_operator
57f6878e,equation_symbolic_punct,symbolic_variable_operator_left_reverse_right,abstain,,%{{,|@(!,False,False,False,|@<:(,5,0,0,one_or_more_examples_have_no_matching_split; split_counts=0,v350_v324_variable_operator
57f6878e,equation_symbolic_punct,symbolic_variable_operator_reverse_left_right,abstain,,%{{,|@(!,False,False,False,|@<:(,5,0,0,one_or_more_examples_have_no_matching_split; split_counts=0,v350_v324_variable_operator
57f6878e,equation_symbolic_punct,symbolic_variable_operator_right_reverse_left,abstain,,%{{,|@(!,False,False,False,|@<:(,5,0,0,one_or_more_examples_have_no_matching_split; split_counts=0,v350_v324_variable_operator
57f6878e,equation_symbolic_punct,symbolic_variable_operator_reverse_right_left,abstain,,%{{,|@(!,False,False,False,|@<:(,5,0,0,one_or_more_examples_have_no_matching_split; split_counts=0,v350_v324_variable_operator
57f6878e,equation_symbolic_punct,symbolic_variable_operator_operator_between_reversed,abstain,,%{{,|@(!,False,False,False,|@<:(,5,0,0,one_or_more_examples_have_no_matching_split; split_counts=0,v350_v324_variable_operator
57f6878e,equation_symbolic_punct,symbolic_cryptarithm_operator_digits,abstain,,%{{,|@(!,False,False,False,|@<:(,5,0,0,no_operator_digit_solution,v350_v329_symbolic_cryptarithm
a361a1b7,equation_numeric_operator,numeric_same_operator_extended,abstain,,:46,46,False,False,False,53:99,5,0,0,same_operator_examples=0 below_min=2,v350_equation_numeric_local
a361a1b7,equation_numeric_operator,v274_guarded_numeric_query_operator_unseen,abstain,,:46,46,False,False,False,53:99,5,0,0,query_op=':' not present in examples,v350_equation_numeric_local
a361a1b7,equation_numeric_operator,v299_same_operator_unique_numeric_dsl,abstain,,:46,46,False,False,False,53:99,5,0,0,query_op=':' absent from examples,v350_v299_numeric_dsl
a361a1b7,equation_numeric_operator,v299_all_numeric_examples_unique_dsl,abstain,,:46,46,False,False,False,53:99,5,0,0,unique_prediction_count=0; candidate_rules=0,v350_v299_numeric_dsl
a361a1b7,equation_numeric_operator,v299_conventional_operator_prior_unique,abstain,,:46,46,False,False,False,53:99,5,16,2,unique_prediction_count=2; candidate_rules=16,v350_v299_numeric_dsl
d911e8e1,equation_symbolic_punct,symbolic_char_transducer,abstain,,:\:,@}<',False,False,False,@})<',3,0,0,no_pair_mapping,v350_v278_symbolic_dsl
d911e8e1,equation_symbolic_punct,symbolic_delete_selected_chars,abstain,,:\:,@}<',False,False,False,@})<',3,0,0,delete_char_sets=; unique_prediction_count=0,v350_v278_symbolic_dsl
d911e8e1,equation_symbolic_punct,symbolic_keep_selected_chars,abstain,,:\:,@}<',False,False,False,@})<',3,0,0,keep_char_sets=; unique_prediction_count=0,v350_v278_symbolic_dsl
d911e8e1,equation_symbolic_punct,symbolic_prefix_until_marker,abstain,,:\:,@}<',False,False,False,@})<',3,0,0,markers=''; unique_prediction_count=0,v350_v278_symbolic_dsl
d911e8e1,equation_symbolic_punct,symbolic_suffix_after_marker,abstain,,:\:,@}<',False,False,False,@})<',3,0,0,markers=''; unique_prediction_count=0,v350_v278_symbolic_dsl
d911e8e1,equation_symbolic_punct,symbolic_prefix_before_last_marker,abstain,,:\:,@}<',False,False,False,@})<',3,0,0,markers=''; unique_prediction_count=0,v350_v278_symbolic_dsl
d911e8e1,equation_symbolic_punct,symbolic_suffix_after_last_marker,abstain,,:\:,@}<',False,False,False,@})<',3,0,0,markers=''; unique_prediction_count=0,v350_v278_symbolic_dsl
d911e8e1,equation_symbolic_punct,symbolic_remove_first_marker,abstain,,:\:,@}<',False,False,False,@})<',3,0,0,markers=''; unique_prediction_count=0,v350_v278_symbolic_dsl
d911e8e1,equation_symbolic_punct,symbolic_position_template,abstain,,:\:,@}<',False,False,False,@})<',3,0,0,nonuniform_rhs_lengths,v350_v278_symbolic_dsl
d911e8e1,equation_symbolic_punct,symbolic_operator_index_template,abstain,,:\:,@}<',False,False,False,@})<',3,0,0,programs=; unique_prediction_count=0,v350_v278_symbolic_dsl
d911e8e1,equation_symbolic_punct,symbolic_variable_operator_drop_operator,abstain,,:\:,@}<',False,False,False,@})<',3,0,0,one_or_more_examples_have_no_matching_split; split_counts=0,v350_v324_variable_operator
d911e8e1,equation_symbolic_punct,symbolic_variable_operator_reverse_drop_operator,abstain,,:\:,@}<',False,False,False,@})<',3,0,0,one_or_more_examples_have_no_matching_split; split_counts=0,v350_v324_variable_operator
d911e8e1,equation_symbolic_punct,symbolic_variable_operator_left_only,abstain,,:\:,@}<',False,False,False,@})<',3,0,0,one_or_more_examples_have_no_matching_split; split_counts=0,v350_v324_variable_operator
d911e8e1,equation_symbolic_punct,symbolic_variable_operator_right_only,abstain,,:\:,@}<',False,False,False,@})<',3,0,0,one_or_more_examples_have_no_matching_split; split_counts=0,v350_v324_variable_operator
d911e8e1,equation_symbolic_punct,symbolic_variable_operator_right_left,abstain,,:\:,@}<',False,False,False,@})<',3,0,0,one_or_more_examples_have_no_matching_split; split_counts=0,v350_v324_variable_operator
d911e8e1,equation_symbolic_punct,symbolic_variable_operator_left_reverse_right,abstain,,:\:,@}<',False,False,False,@})<',3,0,0,one_or_more_examples_have_no_matching_split; split_counts=0,v350_v324_variable_operator
d911e8e1,equation_symbolic_punct,symbolic_variable_operator_reverse_left_right,abstain,,:\:,@}<',False,False,False,@})<',3,0,0,one_or_more_examples_have_no_matching_split; split_counts=0,v350_v324_variable_operator
d911e8e1,equation_symbolic_punct,symbolic_variable_operator_right_reverse_left,abstain,,:\:,@}<',False,False,False,@})<',3,0,0,one_or_more_examples_have_no_matching_split; split_counts=0,v350_v324_variable_operator
d911e8e1,equation_symbolic_punct,symbolic_variable_operator_reverse_right_left,abstain,,:\:,@}<',False,False,False,@})<',3,0,0,one_or_more_examples_have_no_matching_split; split_counts=0,v350_v324_variable_operator
d911e8e1,equation_symbolic_punct,symbolic_variable_operator_operator_between_reversed,abstain,,:\:,@}<',False,False,False,@})<',3,0,0,one_or_more_examples_have_no_matching_split; split_counts=0,v350_v324_variable_operator
d911e8e1,equation_symbolic_punct,symbolic_cryptarithm_operator_digits,abstain,,:\:,@}<',False,False,False,@})<',3,0,0,no_operator_digit_solution,v350_v329_symbolic_cryptarithm
5f9f0ed7,equation_symbolic_punct,symbolic_char_transducer,abstain,,}/!},|!@[,False,False,False,|!*@[,5,0,0,no_global_mapping,v350_v278_symbolic_dsl
5f9f0ed7,equation_symbolic_punct,symbolic_delete_selected_chars,abstain,,}/!},|!@[,False,False,False,|!*@[,5,0,0,delete_char_sets=; unique_prediction_count=0,v350_v278_symbolic_dsl
5f9f0ed7,equation_symbolic_punct,symbolic_keep_selected_chars,abstain,,}/!},|!@[,False,False,False,|!*@[,5,0,0,keep_char_sets=; unique_prediction_count=0,v350_v278_symbolic_dsl
5f9f0ed7,equation_symbolic_punct,symbolic_prefix_until_marker,abstain,,}/!},|!@[,False,False,False,|!*@[,5,0,0,markers=''; unique_prediction_count=0,v350_v278_symbolic_dsl
5f9f0ed7,equation_symbolic_punct,symbolic_suffix_after_marker,abstain,,}/!},|!@[,False,False,False,|!*@[,5,0,0,markers=''; unique_prediction_count=0,v350_v278_symbolic_dsl
5f9f0ed7,equation_symbolic_punct,symbolic_prefix_before_last_marker,abstain,,}/!},|!@[,False,False,False,|!*@[,5,0,0,markers=''; unique_prediction_count=0,v350_v278_symbolic_dsl
5f9f0ed7,equation_symbolic_punct,symbolic_suffix_after_last_marker,abstain,,}/!},|!@[,False,False,False,|!*@[,5,0,0,markers=''; unique_prediction_count=0,v350_v278_symbolic_dsl
5f9f0ed7,equation_symbolic_punct,symbolic_remove_first_marker,abstain,,}/!},|!@[,False,False,False,|!*@[,5,0,0,markers=''; unique_prediction_count=0,v350_v278_symbolic_dsl
5f9f0ed7,equation_symbolic_punct,symbolic_position_template,abstain,,}/!},|!@[,False,False,False,|!*@[,5,0,0,nonuniform_rhs_lengths,v350_v278_symbolic_dsl
5f9f0ed7,equation_symbolic_punct,symbolic_operator_index_template,abstain,,}/!},|!@[,False,False,False,|!*@[,5,0,0,programs=; unique_prediction_count=0,v350_v278_symbolic_dsl
5f9f0ed7,equation_symbolic_punct,symbolic_variable_operator_drop_operator,abstain,,}/!},|!@[,False,False,False,|!*@[,5,0,0,one_or_more_examples_have_no_matching_split; split_counts=0,v350_v324_variable_operator
5f9f0ed7,equation_symbolic_punct,symbolic_variable_operator_reverse_drop_operator,abstain,,}/!},|!@[,False,False,False,|!*@[,5,0,0,one_or_more_examples_have_no_matching_split; split_counts=0,v350_v324_variable_operator
5f9f0ed7,equation_symbolic_punct,symbolic_variable_operator_left_only,abstain,,}/!},|!@[,False,False,False,|!*@[,5,0,0,one_or_more_examples_have_no_matching_split; split_counts=0,v350_v324_variable_operator
5f9f0ed7,equation_symbolic_punct,symbolic_variable_operator_right_only,abstain,,}/!},|!@[,False,False,False,|!*@[,5,0,0,one_or_more_examples_have_no_matching_split; split_counts=0,v350_v324_variable_operator
5f9f0ed7,equation_symbolic_punct,symbolic_variable_operator_right_left,abstain,,}/!},|!@[,False,False,False,|!*@[,5,0,0,one_or_more_examples_have_no_matching_split; split_counts=0,v350_v324_variable_operator
5f9f0ed7,equation_symbolic_punct,symbolic_variable_operator_left_reverse_right,abstain,,}/!},|!@[,False,False,False,|!*@[,5,0,0,one_or_more_examples_have_no_matching_split; split_counts=0,v350_v324_variable_operator
5f9f0ed7,equation_symbolic_punct,symbolic_variable_operator_reverse_left_right,abstain,,}/!},|!@[,False,False,False,|!*@[,5,0,0,one_or_more_examples_have_no_matching_split; split_counts=0,v350_v324_variable_operator
5f9f0ed7,equation_symbolic_punct,symbolic_variable_operator_right_reverse_left,abstain,,}/!},|!@[,False,False,False,|!*@[,5,0,0,one_or_more_examples_have_no_matching_split; split_counts=0,v350_v324_variable_operator
5f9f0ed7,equation_symbolic_punct,symbolic_variable_operator_reverse_right_left,abstain,,}/!},|!@[,False,False,False,|!*@[,5,0,0,one_or_more_examples_have_no_matching_split; split_counts=0,v350_v324_variable_operator
5f9f0ed7,equation_symbolic_punct,symbolic_variable_operator_operator_between_reversed,abstain,,}/!},|!@[,False,False,False,|!*@[,5,0,0,one_or_more_examples_have_no_matching_split; split_counts=0,v350_v324_variable_operator
5f9f0ed7,equation_symbolic_punct,symbolic_cryptarithm_operator_digits,abstain,,}/!},|!@[,False,False,False,|!*@[,5,0,0,no_operator_digit_solution,v350_v329_symbolic_cryptarithm
c43b5a13,equation_symbolic_punct,symbolic_char_transducer,abstain,,)|,$):$,False,False,False,$)+:$,3,16,9,char_transducer mappings=16 usable=16 unique_predictions=9,v350_v278_symbolic_dsl
c43b5a13,equation_symbolic_punct,symbolic_delete_selected_chars,abstain,,)|,$):$,False,False,False,$)+:$,3,0,0,delete_char_sets=; unique_prediction_count=0,v350_v278_symbolic_dsl
c43b5a13,equation_symbolic_punct,symbolic_keep_selected_chars,abstain,,)|,$):$,False,False,False,$)+:$,3,0,0,keep_char_sets=; unique_prediction_count=0,v350_v278_symbolic_dsl
c43b5a13,equation_symbolic_punct,symbolic_prefix_until_marker,abstain,,)|,$):$,False,False,False,$)+:$,3,0,0,markers=''; unique_prediction_count=0,v350_v278_symbolic_dsl
c43b5a13,equation_symbolic_punct,symbolic_suffix_after_marker,abstain,,)|,$):$,False,False,False,$)+:$,3,0,0,markers=''; unique_prediction_count=0,v350_v278_symbolic_dsl
c43b5a13,equation_symbolic_punct,symbolic_prefix_before_last_marker,abstain,,)|,$):$,False,False,False,$)+:$,3,0,0,markers=''; unique_prediction_count=0,v350_v278_symbolic_dsl
c43b5a13,equation_symbolic_punct,symbolic_suffix_after_last_marker,abstain,,)|,$):$,False,False,False,$)+:$,3,0,0,markers=''; unique_prediction_count=0,v350_v278_symbolic_dsl
c43b5a13,equation_symbolic_punct,symbolic_remove_first_marker,abstain,,)|,$):$,False,False,False,$)+:$,3,0,0,markers=''; unique_prediction_count=0,v350_v278_symbolic_dsl
c43b5a13,equation_symbolic_punct,symbolic_position_template,abstain,,)|,$):$,False,False,False,$)+:$,3,0,0,no_source_for_output_index=0,v350_v278_symbolic_dsl
c43b5a13,equation_symbolic_punct,symbolic_operator_index_template,abstain,,)|,$):$,False,False,False,$)+:$,3,0,0,programs=; unique_prediction_count=0,v350_v278_symbolic_dsl
c43b5a13,equation_symbolic_punct,symbolic_variable_operator_drop_operator,abstain,,)|,$):$,False,False,False,$)+:$,3,0,0,one_or_more_examples_have_no_matching_split; split_counts=0,v350_v324_variable_operator
c43b5a13,equation_symbolic_punct,symbolic_variable_operator_reverse_drop_operator,abstain,,)|,$):$,False,False,False,$)+:$,3,0,0,one_or_more_examples_have_no_matching_split; split_counts=0,v350_v324_variable_operator
c43b5a13,equation_symbolic_punct,symbolic_variable_operator_left_only,abstain,,)|,$):$,False,False,False,$)+:$,3,0,0,one_or_more_examples_have_no_matching_split; split_counts=0,v350_v324_variable_operator
c43b5a13,equation_symbolic_punct,symbolic_variable_operator_right_only,abstain,,)|,$):$,False,False,False,$)+:$,3,0,0,one_or_more_examples_have_no_matching_split; split_counts=0,v350_v324_variable_operator
c43b5a13,equation_symbolic_punct,symbolic_variable_operator_right_left,abstain,,)|,$):$,False,False,False,$)+:$,3,0,0,one_or_more_examples_have_no_matching_split; split_counts=0,v350_v324_variable_operator
c43b5a13,equation_symbolic_punct,symbolic_variable_operator_left_reverse_right,abstain,,)|,$):$,False,False,False,$)+:$,3,0,0,one_or_more_examples_have_no_matching_split; split_counts=0,v350_v324_variable_operator
c43b5a13,equation_symbolic_punct,symbolic_variable_operator_reverse_left_right,abstain,,)|,$):$,False,False,False,$)+:$,3,0,0,one_or_more_examples_have_no_matching_split; split_counts=0,v350_v324_variable_operator
c43b5a13,equation_symbolic_punct,symbolic_variable_operator_right_reverse_left,abstain,,)|,$):$,False,False,False,$)+:$,3,0,0,one_or_more_examples_have_no_matching_split; split_counts=0,v350_v324_variable_operator
c43b5a13,equation_symbolic_punct,symbolic_variable_operator_reverse_right_left,abstain,,)|,$):$,False,False,False,$)+:$,3,0,0,one_or_more_examples_have_no_matching_split; split_counts=0,v350_v324_variable_operator
c43b5a13,equation_symbolic_punct,symbolic_variable_operator_operator_between_reversed,abstain,,)|,$):$,False,False,False,$)+:$,3,0,0,one_or_more_examples_have_no_matching_split; split_counts=0,v350_v324_variable_operator
c43b5a13,equation_symbolic_punct,symbolic_cryptarithm_multi_operator_digits_add,abstain,,)|,$):$,False,False,False,$)+:$,3,2,4,"ops={""+"": ""add"", ""-"": ""sub_ab""}; map={""$"": 7, ""&"": 8, ""("": 0, "")"": 2, ""/"": 5, "":"": 1, ""<"": 4, ""{"": 3, ""|"": 9}; ops={""+"": ""add"", ""-"": ""sub_ab""}; map={""$"": 5, ""&"": 8, ""("": 0, "")"": 4, ""/"": 6, "":"": 1, ""<"": 3, ""{"": 2, ""|"": 9}; ops={""+"": ""add"", ""-"": ""sub_ab""}; map={""$"": 4, ""&"": 8, ""("": 0, "")"": 5, ""/"": 6, "":"": 1, ""<"": 3, ""{"": 2, ""|"": 9}; ops={""+"": ""add"", ""-"": ""abs_diff""}; map={""$"": 2, ""&"": 8, ""("": 0, "")"": 7, ""/"": 5, "":"": 1, ""<"": 4, ""{"": 3, ""|"": 9}; ops={""+"": ""add"", ""-"": ""abs_diff""}; map={""$"": 7, ""&"": 8, ""("": 0, "")"": 2, ""/"": 5, "":"": 1, ""<"": 4, ""{"": 3, ""|"": 9}; unique_prediction_count=4",v350_v329_symbolic_cryptarithm
c43b5a13,equation_symbolic_punct,symbolic_cryptarithm_multi_operator_digits_sub_ab,abstain,,)|,$):$,False,False,False,$)+:$,3,3,3,"ops={""+"": ""sub_ab"", ""-"": ""add""}; map={""$"": 4, ""&"": 0, ""("": 6, "")"": 2, ""/"": 7, "":"": 3, ""<"": 5, ""{"": 8, ""|"": 1}; ops={""+"": ""sub_ab"", ""-"": ""sub_ba""}; map={""$"": 8, ""&"": 0, ""("": 4, "")"": 5, ""/"": 9, "":"": 3, ""<"": 6, ""{"": 7, ""|"": 2}; ops={""+"": ""sub_ab"", ""-"": ""sub_ba""}; map={""$"": 8, ""&"": 0, ""("": 2, "")"": 4, ""/"": 9, "":"": 1, ""<"": 5, ""{"": 6, ""|"": 3}; ops={""+"": ""sub_ab"", ""-"": ""abs_diff""}; map={""$"": 8, ""&"": 0, ""("": 4, "")"": 5, ""/"": 9, "":"": 3, ""<"": 6, ""{"": 7, ""|"": 2}; ops={""+"": ""sub_ab"", ""-"": ""abs_diff""}; map={""$"": 8, ""&"": 0, ""("": 2, "")"": 4, ""/"": 9, "":"": 1, ""<"": 5, ""{"": 6, ""|"": 3}; unique_prediction_count=3",v350_v329_symbolic_cryptarithm
c43b5a13,equation_symbolic_punct,symbolic_cryptarithm_multi_operator_digits_sub_ba,candidate,/<,)|,$):$,False,True,False,$)+:$,3,2,1,"ops={""+"": ""sub_ba"", ""-"": ""sub_ab""}; map={""$"": 5, ""&"": 8, ""("": 0, "")"": 9, ""/"": 1, "":"": 7, ""<"": 6, ""{"": 3, ""|"": 4}; ops={""+"": ""sub_ba"", ""-"": ""abs_diff""}; map={""$"": 5, ""&"": 8, ""("": 0, "")"": 9, ""/"": 1, "":"": 7, ""<"": 6, ""{"": 3, ""|"": 4}",v350_v329_symbolic_cryptarithm
c43b5a13,equation_symbolic_punct,symbolic_cryptarithm_multi_operator_digits_abs_diff,abstain,,)|,$):$,False,False,False,$)+:$,3,4,4,"ops={""+"": ""abs_diff"", ""-"": ""add""}; map={""$"": 8, ""&"": 0, ""("": 6, "")"": 7, ""/"": 2, "":"": 9, ""<"": 4, ""{"": 3, ""|"": 1}; ops={""+"": ""abs_diff"", ""-"": ""add""}; map={""$"": 7, ""&"": 0, ""("": 6, "")"": 5, ""/"": 1, "":"": 9, ""<"": 4, ""{"": 3, ""|"": 2}; ops={""+"": ""abs_diff"", ""-"": ""sub_ab""}; map={""$"": 5, ""&"": 8, ""("": 0, "")"": 9, ""/"": 1, "":"": 7, ""<"": 6, ""{"": 3, ""|"": 4}; ops={""+"": ""abs_diff"", ""-"": ""sub_ba""}; map={""$"": 3, ""&"": 0, ""("": 8, "")"": 1, ""/"": 6, "":"": 5, ""<"": 9, ""{"": 4, ""|"": 2}; ops={""+"": ""abs_diff"", ""-"": ""sub_ba""}; map={""$"": 9, ""&"": 0, ""("": 4, "")"": 8, ""/"": 3, "":"": 7, ""<"": 5, ""{"": 2, ""|"": 1}; unique_prediction_count=4",v350_v329_symbolic_cryptarithm
b0206bb7,equation_symbolic_punct,symbolic_char_transducer,abstain,,]$!,$){,False,False,False,${*)},5,0,0,no_global_mapping,v350_v278_symbolic_dsl
b0206bb7,equation_symbolic_punct,symbolic_delete_selected_chars,abstain,,]$!,$){,False,False,False,${*)},5,0,0,delete_char_sets=; unique_prediction_count=0,v350_v278_symbolic_dsl
b0206bb7,equation_symbolic_punct,symbolic_keep_selected_chars,abstain,,]$!,$){,False,False,False,${*)},5,0,0,keep_char_sets=; unique_prediction_count=0,v350_v278_symbolic_dsl
b0206bb7,equation_symbolic_punct,symbolic_prefix_until_marker,abstain,,]$!,$){,False,False,False,${*)},5,0,0,markers=''; unique_prediction_count=0,v350_v278_symbolic_dsl
b0206bb7,equation_symbolic_punct,symbolic_suffix_after_marker,abstain,,]$!,$){,False,False,False,${*)},5,0,0,markers=''; unique_prediction_count=0,v350_v278_symbolic_dsl
b0206bb7,equation_symbolic_punct,symbolic_prefix_before_last_marker,abstain,,]$!,$){,False,False,False,${*)},5,0,0,markers=''; unique_prediction_count=0,v350_v278_symbolic_dsl
b0206bb7,equation_symbolic_punct,symbolic_suffix_after_last_marker,abstain,,]$!,$){,False,False,False,${*)},5,0,0,markers=''; unique_prediction_count=0,v350_v278_symbolic_dsl
b0206bb7,equation_symbolic_punct,symbolic_remove_first_marker,abstain,,]$!,$){,False,False,False,${*)},5,0,0,markers=''; unique_prediction_count=0,v350_v278_symbolic_dsl
b0206bb7,equation_symbolic_punct,symbolic_position_template,abstain,,]$!,$){,False,False,False,${*)},5,0,0,nonuniform_rhs_lengths,v350_v278_symbolic_dsl
b0206bb7,equation_symbolic_punct,symbolic_operator_index_template,abstain,,]$!,$){,False,False,False,${*)},5,0,0,programs=; unique_prediction_count=0,v350_v278_symbolic_dsl
b0206bb7,equation_symbolic_punct,symbolic_variable_operator_drop_operator,abstain,,]$!,$){,False,False,False,${*)},5,0,0,one_or_more_examples_have_no_matching_split; split_counts=0,v350_v324_variable_operator
b0206bb7,equation_symbolic_punct,symbolic_variable_operator_reverse_drop_operator,abstain,,]$!,$){,False,False,False,${*)},5,0,0,one_or_more_examples_have_no_matching_split; split_counts=0,v350_v324_variable_operator
b0206bb7,equation_symbolic_punct,symbolic_variable_operator_left_only,abstain,,]$!,$){,False,False,False,${*)},5,0,0,one_or_more_examples_have_no_matching_split; split_counts=0,v350_v324_variable_operator
b0206bb7,equation_symbolic_punct,symbolic_variable_operator_right_only,abstain,,]$!,$){,False,False,False,${*)},5,0,0,one_or_more_examples_have_no_matching_split; split_counts=0,v350_v324_variable_operator
b0206bb7,equation_symbolic_punct,symbolic_variable_operator_right_left,abstain,,]$!,$){,False,False,False,${*)},5,0,0,one_or_more_examples_have_no_matching_split; split_counts=0,v350_v324_variable_operator
b0206bb7,equation_symbolic_punct,symbolic_variable_operator_left_reverse_right,abstain,,]$!,$){,False,False,False,${*)},5,0,0,one_or_more_examples_have_no_matching_split; split_counts=0,v350_v324_variable_operator
b0206bb7,equation_symbolic_punct,symbolic_variable_operator_reverse_left_right,abstain,,]$!,$){,False,False,False,${*)},5,0,0,one_or_more_examples_have_no_matching_split; split_counts=0,v350_v324_variable_operator
b0206bb7,equation_symbolic_punct,symbolic_variable_operator_right_reverse_left,abstain,,]$!,$){,False,False,False,${*)},5,0,0,one_or_more_examples_have_no_matching_split; split_counts=0,v350_v324_variable_operator
b0206bb7,equation_symbolic_punct,symbolic_variable_operator_reverse_right_left,abstain,,]$!,$){,False,False,False,${*)},5,0,0,one_or_more_examples_have_no_matching_split; split_counts=0,v350_v324_variable_operator
b0206bb7,equation_symbolic_punct,symbolic_variable_operator_operator_between_reversed,abstain,,]$!,$){,False,False,False,${*)},5,0,0,one_or_more_examples_have_no_matching_split; split_counts=0,v350_v324_variable_operator
b0206bb7,equation_symbolic_punct,symbolic_cryptarithm_operator_digits,abstain,,]$!,$){,False,False,False,${*)},5,0,0,no_operator_digit_solution,v350_v329_symbolic_cryptarithm
638f93ca,equation_symbolic_punct,symbolic_char_transducer,abstain,,@,$]<$,False,False,False,$<-]$,4,0,0,no_global_mapping,v350_v278_symbolic_dsl
638f93ca,equation_symbolic_punct,symbolic_delete_selected_chars,abstain,,@,$]<$,False,False,False,$<-]$,4,0,0,delete_char_sets=; unique_prediction_count=0,v350_v278_symbolic_dsl
638f93ca,equation_symbolic_punct,symbolic_keep_selected_chars,abstain,,@,$]<$,False,False,False,$<-]$,4,0,0,keep_char_sets=; unique_prediction_count=0,v350_v278_symbolic_dsl
638f93ca,equation_symbolic_punct,symbolic_prefix_until_marker,abstain,,@,$]<$,False,False,False,$<-]$,4,0,0,markers=''; unique_prediction_count=0,v350_v278_symbolic_dsl
638f93ca,equation_symbolic_punct,symbolic_suffix_after_marker,abstain,,@,$]<$,False,False,False,$<-]$,4,0,0,markers=''; unique_prediction_count=0,v350_v278_symbolic_dsl
638f93ca,equation_symbolic_punct,symbolic_prefix_before_last_marker,abstain,,@,$]<$,False,False,False,$<-]$,4,0,0,markers=''; unique_prediction_count=0,v350_v278_symbolic_dsl
638f93ca,equation_symbolic_punct,symbolic_suffix_after_last_marker,abstain,,@,$]<$,False,False,False,$<-]$,4,0,0,markers=''; unique_prediction_count=0,v350_v278_symbolic_dsl
638f93ca,equation_symbolic_punct,symbolic_remove_first_marker,abstain,,@,$]<$,False,False,False,$<-]$,4,0,0,markers=''; unique_prediction_count=0,v350_v278_symbolic_dsl
638f93ca,equation_symbolic_punct,symbolic_position_template,abstain,,@,$]<$,False,False,False,$<-]$,4,0,0,nonuniform_rhs_lengths,v350_v278_symbolic_dsl
638f93ca,equation_symbolic_punct,symbolic_operator_index_template,abstain,,@,$]<$,False,False,False,$<-]$,4,0,0,programs=; unique_prediction_count=0,v350_v278_symbolic_dsl
638f93ca,equation_symbolic_punct,symbolic_variable_operator_drop_operator,abstain,,@,$]<$,False,False,False,$<-]$,4,0,0,one_or_more_examples_have_no_matching_split; split_counts=0,v350_v324_variable_operator
638f93ca,equation_symbolic_punct,symbolic_variable_operator_reverse_drop_operator,abstain,,@,$]<$,False,False,False,$<-]$,4,0,0,one_or_more_examples_have_no_matching_split; split_counts=0,v350_v324_variable_operator
638f93ca,equation_symbolic_punct,symbolic_variable_operator_left_only,abstain,,@,$]<$,False,False,False,$<-]$,4,0,0,one_or_more_examples_have_no_matching_split; split_counts=0,v350_v324_variable_operator
638f93ca,equation_symbolic_punct,symbolic_variable_operator_right_only,abstain,,@,$]<$,False,False,False,$<-]$,4,0,0,one_or_more_examples_have_no_matching_split; split_counts=0,v350_v324_variable_operator
638f93ca,equation_symbolic_punct,symbolic_variable_operator_right_left,abstain,,@,$]<$,False,False,False,$<-]$,4,0,0,one_or_more_examples_have_no_matching_split; split_counts=0,v350_v324_variable_operator
638f93ca,equation_symbolic_punct,symbolic_variable_operator_left_reverse_right,abstain,,@,$]<$,False,False,False,$<-]$,4,0,0,one_or_more_examples_have_no_matching_split; split_counts=0,v350_v324_variable_operator
638f93ca,equation_symbolic_punct,symbolic_variable_operator_reverse_left_right,abstain,,@,$]<$,False,False,False,$<-]$,4,0,0,one_or_more_examples_have_no_matching_split; split_counts=0,v350_v324_variable_operator
638f93ca,equation_symbolic_punct,symbolic_variable_operator_right_reverse_left,abstain,,@,$]<$,False,False,False,$<-]$,4,0,0,one_or_more_examples_have_no_matching_split; split_counts=0,v350_v324_variable_operator
638f93ca,equation_symbolic_punct,symbolic_variable_operator_reverse_right_left,abstain,,@,$]<$,False,False,False,$<-]$,4,0,0,one_or_more_examples_have_no_matching_split; split_counts=0,v350_v324_variable_operator
638f93ca,equation_symbolic_punct,symbolic_variable_operator_operator_between_reversed,abstain,,@,$]<$,False,False,False,$<-]$,4,0,0,one_or_more_examples_have_no_matching_split; split_counts=0,v350_v324_variable_operator
638f93ca,equation_symbolic_punct,symbolic_cryptarithm_operator_digits,abstain,,@,$]<$,False,False,False,$<-]$,4,0,0,no_operator_digit_solution,v350_v329_symbolic_cryptarithm
4bfd095a,equation_symbolic_punct,symbolic_char_transducer,abstain,,{<<<,@/[@,False,False,False,@/*[@,4,0,0,no_global_mapping,v350_v278_symbolic_dsl
4bfd095a,equation_symbolic_punct,symbolic_delete_selected_chars,abstain,,{<<<,@/[@,False,False,False,@/*[@,4,0,0,delete_char_sets=; unique_prediction_count=0,v350_v278_symbolic_dsl
4bfd095a,equation_symbolic_punct,symbolic_keep_selected_chars,abstain,,{<<<,@/[@,False,False,False,@/*[@,4,0,0,keep_char_sets=; unique_prediction_count=0,v350_v278_symbolic_dsl
4bfd095a,equation_symbolic_punct,symbolic_prefix_until_marker,abstain,,{<<<,@/[@,False,False,False,@/*[@,4,0,0,markers=''; unique_prediction_count=0,v350_v278_symbolic_dsl
4bfd095a,equation_symbolic_punct,symbolic_suffix_after_marker,abstain,,{<<<,@/[@,False,False,False,@/*[@,4,0,0,markers=''; unique_prediction_count=0,v350_v278_symbolic_dsl
4bfd095a,equation_symbolic_punct,symbolic_prefix_before_last_marker,abstain,,{<<<,@/[@,False,False,False,@/*[@,4,0,0,markers=''; unique_prediction_count=0,v350_v278_symbolic_dsl
4bfd095a,equation_symbolic_punct,symbolic_suffix_after_last_marker,abstain,,{<<<,@/[@,False,False,False,@/*[@,4,0,0,markers=''; unique_prediction_count=0,v350_v278_symbolic_dsl
4bfd095a,equation_symbolic_punct,symbolic_remove_first_marker,abstain,,{<<<,@/[@,False,False,False,@/*[@,4,0,0,markers=''; unique_prediction_count=0,v350_v278_symbolic_dsl
4bfd095a,equation_symbolic_punct,symbolic_position_template,abstain,,{<<<,@/[@,False,False,False,@/*[@,4,0,0,nonuniform_rhs_lengths,v350_v278_symbolic_dsl
4bfd095a,equation_symbolic_punct,symbolic_operator_index_template,abstain,,{<<<,@/[@,False,False,False,@/*[@,4,0,0,programs=; unique_prediction_count=0,v350_v278_symbolic_dsl
4bfd095a,equation_symbolic_punct,symbolic_variable_operator_drop_operator,abstain,,{<<<,@/[@,False,False,False,@/*[@,4,0,0,one_or_more_examples_have_no_matching_split; split_counts=0,v350_v324_variable_operator
4bfd095a,equation_symbolic_punct,symbolic_variable_operator_reverse_drop_operator,abstain,,{<<<,@/[@,False,False,False,@/*[@,4,0,0,one_or_more_examples_have_no_matching_split; split_counts=0,v350_v324_variable_operator
4bfd095a,equation_symbolic_punct,symbolic_variable_operator_left_only,abstain,,{<<<,@/[@,False,False,False,@/*[@,4,0,0,one_or_more_examples_have_no_matching_split; split_counts=0,v350_v324_variable_operator
4bfd095a,equation_symbolic_punct,symbolic_variable_operator_right_only,abstain,,{<<<,@/[@,False,False,False,@/*[@,4,0,0,one_or_more_examples_have_no_matching_split; split_counts=0,v350_v324_variable_operator
4bfd095a,equation_symbolic_punct,symbolic_variable_operator_right_left,abstain,,{<<<,@/[@,False,False,False,@/*[@,4,0,0,one_or_more_examples_have_no_matching_split; split_counts=0,v350_v324_variable_operator
4bfd095a,equation_symbolic_punct,symbolic_variable_operator_left_reverse_right,abstain,,{<<<,@/[@,False,False,False,@/*[@,4,0,0,one_or_more_examples_have_no_matching_split; split_counts=0,v350_v324_variable_operator
4bfd095a,equation_symbolic_punct,symbolic_variable_operator_reverse_left_right,abstain,,{<<<,@/[@,False,False,False,@/*[@,4,0,0,one_or_more_examples_have_no_matching_split; split_counts=0,v350_v324_variable_operator
4bfd095a,equation_symbolic_punct,symbolic_variable_operator_right_reverse_left,abstain,,{<<<,@/[@,False,False,False,@/*[@,4,0,0,one_or_more_examples_have_no_matching_split; split_counts=0,v350_v324_variable_operator
4bfd095a,equation_symbolic_punct,symbolic_variable_operator_reverse_right_left,abstain,,{<<<,@/[@,False,False,False,@/*[@,4,0,0,one_or_more_examples_have_no_matching_split; split_counts=0,v350_v324_variable_operator
4bfd095a,equation_symbolic_punct,symbolic_variable_operator_operator_between_reversed,abstain,,{<<<,@/[@,False,False,False,@/*[@,4,0,0,one_or_more_examples_have_no_matching_split; split_counts=0,v350_v324_variable_operator
4bfd095a,equation_symbolic_punct,symbolic_cryptarithm_operator_digits,abstain,,{<<<,@/[@,False,False,False,@/*[@,4,0,0,no_operator_digit_solution,v350_v329_symbolic_cryptarithm
7a422e17,equation_symbolic_punct,symbolic_char_transducer,abstain,,%'!,"#`""",False,False,False,"#`@{""",4,0,0,no_pair_mapping,v350_v278_symbolic_dsl
7a422e17,equation_symbolic_punct,symbolic_delete_selected_chars,abstain,,%'!,"#`""",False,False,False,"#`@{""",4,0,0,delete_char_sets=; unique_prediction_count=0,v350_v278_symbolic_dsl
7a422e17,equation_symbolic_punct,symbolic_keep_selected_chars,abstain,,%'!,"#`""",False,False,False,"#`@{""",4,0,0,keep_char_sets=; unique_prediction_count=0,v350_v278_symbolic_dsl
7a422e17,equation_symbolic_punct,symbolic_prefix_until_marker,abstain,,%'!,"#`""",False,False,False,"#`@{""",4,0,0,markers=''; unique_prediction_count=0,v350_v278_symbolic_dsl
7a422e17,equation_symbolic_punct,symbolic_suffix_after_marker,abstain,,%'!,"#`""",False,False,False,"#`@{""",4,0,0,markers=''; unique_prediction_count=0,v350_v278_symbolic_dsl
7a422e17,equation_symbolic_punct,symbolic_prefix_before_last_marker,abstain,,%'!,"#`""",False,False,False,"#`@{""",4,0,0,markers=''; unique_prediction_count=0,v350_v278_symbolic_dsl
7a422e17,equation_symbolic_punct,symbolic_suffix_after_last_marker,abstain,,%'!,"#`""",False,False,False,"#`@{""",4,0,0,markers=''; unique_prediction_count=0,v350_v278_symbolic_dsl
7a422e17,equation_symbolic_punct,symbolic_remove_first_marker,abstain,,%'!,"#`""",False,False,False,"#`@{""",4,0,0,markers=''; unique_prediction_count=0,v350_v278_symbolic_dsl
7a422e17,equation_symbolic_punct,symbolic_position_template,abstain,,%'!,"#`""",False,False,False,"#`@{""",4,0,0,nonuniform_rhs_lengths,v350_v278_symbolic_dsl
7a422e17,equation_symbolic_punct,symbolic_operator_index_template,abstain,,%'!,"#`""",False,False,False,"#`@{""",4,0,0,programs=; unique_prediction_count=0,v350_v278_symbolic_dsl
7a422e17,equation_symbolic_punct,symbolic_variable_operator_drop_operator,abstain,,%'!,"#`""",False,False,False,"#`@{""",4,0,0,one_or_more_examples_have_no_matching_split; split_counts=0,v350_v324_variable_operator
7a422e17,equation_symbolic_punct,symbolic_variable_operator_reverse_drop_operator,abstain,,%'!,"#`""",False,False,False,"#`@{""",4,0,0,one_or_more_examples_have_no_matching_split; split_counts=0,v350_v324_variable_operator
7a422e17,equation_symbolic_punct,symbolic_variable_operator_left_only,abstain,,%'!,"#`""",False,False,False,"#`@{""",4,0,0,one_or_more_examples_have_no_matching_split; split_counts=0,v350_v324_variable_operator
7a422e17,equation_symbolic_punct,symbolic_variable_operator_right_only,abstain,,%'!,"#`""",False,False,False,"#`@{""",4,0,0,one_or_more_examples_have_no_matching_split; split_counts=0,v350_v324_variable_operator
7a422e17,equation_symbolic_punct,symbolic_variable_operator_right_left,abstain,,%'!,"#`""",False,False,False,"#`@{""",4,0,0,one_or_more_examples_have_no_matching_split; split_counts=0,v350_v324_variable_operator
7a422e17,equation_symbolic_punct,symbolic_variable_operator_left_reverse_right,abstain,,%'!,"#`""",False,False,False,"#`@{""",4,0,0,one_or_more_examples_have_no_matching_split; split_counts=0,v350_v324_variable_operator
7a422e17,equation_symbolic_punct,symbolic_variable_operator_reverse_left_right,abstain,,%'!,"#`""",False,False,False,"#`@{""",4,0,0,one_or_more_examples_have_no_matching_split; split_counts=0,v350_v324_variable_operator
7a422e17,equation_symbolic_punct,symbolic_variable_operator_right_reverse_left,abstain,,%'!,"#`""",False,False,False,"#`@{""",4,0,0,one_or_more_examples_have_no_matching_split; split_counts=0,v350_v324_variable_operator
7a422e17,equation_symbolic_punct,symbolic_variable_operator_reverse_right_left,abstain,,%'!,"#`""",False,False,False,"#`@{""",4,0,0,one_or_more_examples_have_no_matching_split; split_counts=0,v350_v324_variable_operator
7a422e17,equation_symbolic_punct,symbolic_variable_operator_operator_between_reversed,abstain,,%'!,"#`""",False,False,False,"#`@{""",4,0,0,one_or_more_examples_have_no_matching_split; split_counts=0,v350_v324_variable_operator
7a422e17,equation_symbolic_punct,symbolic_cryptarithm_operator_digits,abstain,,%'!,"#`""",False,False,False,"#`@{""",4,0,0,no_operator_digit_solution,v350_v329_symbolic_cryptarithm
5b2523e6,equation_symbolic_punct,symbolic_char_transducer,abstain,,&&,><\$,False,False,False,><-\$,4,0,0,no_pair_mapping,v350_v278_symbolic_dsl
5b2523e6,equation_symbolic_punct,symbolic_delete_selected_chars,abstain,,&&,><\$,False,False,False,><-\$,4,0,0,delete_char_sets=; unique_prediction_count=0,v350_v278_symbolic_dsl
5b2523e6,equation_symbolic_punct,symbolic_keep_selected_chars,abstain,,&&,><\$,False,False,False,><-\$,4,0,0,keep_char_sets=; unique_prediction_count=0,v350_v278_symbolic_dsl
5b2523e6,equation_symbolic_punct,symbolic_prefix_until_marker,abstain,,&&,><\$,False,False,False,><-\$,4,0,0,markers=''; unique_prediction_count=0,v350_v278_symbolic_dsl
5b2523e6,equation_symbolic_punct,symbolic_suffix_after_marker,abstain,,&&,><\$,False,False,False,><-\$,4,0,0,markers=''; unique_prediction_count=0,v350_v278_symbolic_dsl
5b2523e6,equation_symbolic_punct,symbolic_prefix_before_last_marker,abstain,,&&,><\$,False,False,False,><-\$,4,0,0,markers=''; unique_prediction_count=0,v350_v278_symbolic_dsl
5b2523e6,equation_symbolic_punct,symbolic_suffix_after_last_marker,abstain,,&&,><\$,False,False,False,><-\$,4,0,0,markers=''; unique_prediction_count=0,v350_v278_symbolic_dsl
5b2523e6,equation_symbolic_punct,symbolic_remove_first_marker,abstain,,&&,><\$,False,False,False,><-\$,4,0,0,markers=''; unique_prediction_count=0,v350_v278_symbolic_dsl
5b2523e6,equation_symbolic_punct,symbolic_position_template,abstain,,&&,><\$,False,False,False,><-\$,4,0,0,nonuniform_rhs_lengths,v350_v278_symbolic_dsl
5b2523e6,equation_symbolic_punct,symbolic_operator_index_template,abstain,,&&,><\$,False,False,False,><-\$,4,0,0,programs=; unique_prediction_count=0,v350_v278_symbolic_dsl
5b2523e6,equation_symbolic_punct,symbolic_variable_operator_drop_operator,abstain,,&&,><\$,False,False,False,><-\$,4,0,0,one_or_more_examples_have_no_matching_split; split_counts=0,v350_v324_variable_operator
5b2523e6,equation_symbolic_punct,symbolic_variable_operator_reverse_drop_operator,abstain,,&&,><\$,False,False,False,><-\$,4,0,0,one_or_more_examples_have_no_matching_split; split_counts=0,v350_v324_variable_operator
5b2523e6,equation_symbolic_punct,symbolic_variable_operator_left_only,abstain,,&&,><\$,False,False,False,><-\$,4,0,0,one_or_more_examples_have_no_matching_split; split_counts=0,v350_v324_variable_operator
5b2523e6,equation_symbolic_punct,symbolic_variable_operator_right_only,abstain,,&&,><\$,False,False,False,><-\$,4,0,0,one_or_more_examples_have_no_matching_split; split_counts=0,v350_v324_variable_operator
5b2523e6,equation_symbolic_punct,symbolic_variable_operator_right_left,abstain,,&&,><\$,False,False,False,><-\$,4,0,0,one_or_more_examples_have_no_matching_split; split_counts=0,v350_v324_variable_operator
5b2523e6,equation_symbolic_punct,symbolic_variable_operator_left_reverse_right,abstain,,&&,><\$,False,False,False,><-\$,4,0,0,one_or_more_examples_have_no_matching_split; split_counts=0,v350_v324_variable_operator
5b2523e6,equation_symbolic_punct,symbolic_variable_operator_reverse_left_right,abstain,,&&,><\$,False,False,False,><-\$,4,0,0,one_or_more_examples_have_no_matching_split; split_counts=0,v350_v324_variable_operator
5b2523e6,equation_symbolic_punct,symbolic_variable_operator_right_reverse_left,abstain,,&&,><\$,False,False,False,><-\$,4,0,0,one_or_more_examples_have_no_matching_split; split_counts=0,v350_v324_variable_operator
5b2523e6,equation_symbolic_punct,symbolic_variable_operator_reverse_right_left,abstain,,&&,><\$,False,False,False,><-\$,4,0,0,one_or_more_examples_have_no_matching_split; split_counts=0,v350_v324_variable_operator
5b2523e6,equation_symbolic_punct,symbolic_variable_operator_operator_between_reversed,abstain,,&&,><\$,False,False,False,><-\$,4,0,0,one_or_more_examples_have_no_matching_split; split_counts=0,v350_v324_variable_operator
5b2523e6,equation_symbolic_punct,symbolic_cryptarithm_operator_digits,abstain,,&&,><\$,False,False,False,><-\$,4,0,0,no_operator_digit_solution,v350_v329_symbolic_cryptarithm
0fe53bac,equation_symbolic_punct,symbolic_char_transducer,abstain,,"(""",^?(|,False,False,False,^?+(|,4,0,0,no_global_mapping,v350_v278_symbolic_dsl
0fe53bac,equation_symbolic_punct,symbolic_delete_selected_chars,abstain,,"(""",^?(|,False,False,False,^?+(|,4,0,0,delete_char_sets=; unique_prediction_count=0,v350_v278_symbolic_dsl
0fe53bac,equation_symbolic_punct,symbolic_keep_selected_chars,abstain,,"(""",^?(|,False,False,False,^?+(|,4,0,0,keep_char_sets=; unique_prediction_count=0,v350_v278_symbolic_dsl
0fe53bac,equation_symbolic_punct,symbolic_prefix_until_marker,abstain,,"(""",^?(|,False,False,False,^?+(|,4,0,0,markers=''; unique_prediction_count=0,v350_v278_symbolic_dsl
0fe53bac,equation_symbolic_punct,symbolic_suffix_after_marker,abstain,,"(""",^?(|,False,False,False,^?+(|,4,0,0,markers=''; unique_prediction_count=0,v350_v278_symbolic_dsl
0fe53bac,equation_symbolic_punct,symbolic_prefix_before_last_marker,abstain,,"(""",^?(|,False,False,False,^?+(|,4,0,0,markers=''; unique_prediction_count=0,v350_v278_symbolic_dsl
0fe53bac,equation_symbolic_punct,symbolic_suffix_after_last_marker,abstain,,"(""",^?(|,False,False,False,^?+(|,4,0,0,markers=''; unique_prediction_count=0,v350_v278_symbolic_dsl
0fe53bac,equation_symbolic_punct,symbolic_remove_first_marker,abstain,,"(""",^?(|,False,False,False,^?+(|,4,0,0,markers=''; unique_prediction_count=0,v350_v278_symbolic_dsl
0fe53bac,equation_symbolic_punct,symbolic_position_template,abstain,,"(""",^?(|,False,False,False,^?+(|,4,0,0,nonuniform_rhs_lengths,v350_v278_symbolic_dsl
0fe53bac,equation_symbolic_punct,symbolic_operator_index_template,abstain,,"(""",^?(|,False,False,False,^?+(|,4,0,0,programs=; unique_prediction_count=0,v350_v278_symbolic_dsl
0fe53bac,equation_symbolic_punct,symbolic_variable_operator_drop_operator,abstain,,"(""",^?(|,False,False,False,^?+(|,4,0,0,one_or_more_examples_have_no_matching_split; split_counts=0,v350_v324_variable_operator
0fe53bac,equation_symbolic_punct,symbolic_variable_operator_reverse_drop_operator,abstain,,"(""",^?(|,False,False,False,^?+(|,4,0,0,one_or_more_examples_have_no_matching_split; split_counts=0,v350_v324_variable_operator
0fe53bac,equation_symbolic_punct,symbolic_variable_operator_left_only,abstain,,"(""",^?(|,False,False,False,^?+(|,4,0,0,one_or_more_examples_have_no_matching_split; split_counts=0,v350_v324_variable_operator
0fe53bac,equation_symbolic_punct,symbolic_variable_operator_right_only,abstain,,"(""",^?(|,False,False,False,^?+(|,4,0,0,one_or_more_examples_have_no_matching_split; split_counts=0,v350_v324_variable_operator
0fe53bac,equation_symbolic_punct,symbolic_variable_operator_right_left,abstain,,"(""",^?(|,False,False,False,^?+(|,4,0,0,one_or_more_examples_have_no_matching_split; split_counts=0,v350_v324_variable_operator
0fe53bac,equation_symbolic_punct,symbolic_variable_operator_left_reverse_right,abstain,,"(""",^?(|,False,False,False,^?+(|,4,0,0,one_or_more_examples_have_no_matching_split; split_counts=0,v350_v324_variable_operator
0fe53bac,equation_symbolic_punct,symbolic_variable_operator_reverse_left_right,abstain,,"(""",^?(|,False,False,False,^?+(|,4,0,0,one_or_more_examples_have_no_matching_split; split_counts=0,v350_v324_variable_operator
0fe53bac,equation_symbolic_punct,symbolic_variable_operator_right_reverse_left,abstain,,"(""",^?(|,False,False,False,^?+(|,4,0,0,one_or_more_examples_have_no_matching_split; split_counts=0,v350_v324_variable_operator
0fe53bac,equation_symbolic_punct,symbolic_variable_operator_reverse_right_left,abstain,,"(""",^?(|,False,False,False,^?+(|,4,0,0,one_or_more_examples_have_no_matching_split; split_counts=0,v350_v324_variable_operator
0fe53bac,equation_symbolic_punct,symbolic_variable_operator_operator_between_reversed,abstain,,"(""",^?(|,False,False,False,^?+(|,4,0,0,one_or_more_examples_have_no_matching_split; split_counts=0,v350_v324_variable_operator
0fe53bac,equation_symbolic_punct,symbolic_cryptarithm_operator_digits,abstain,,"(""",^?(|,False,False,False,^?+(|,4,0,0,no_operator_digit_solution,v350_v329_symbolic_cryptarithm
03a3437f,equation_symbolic_punct,symbolic_char_transducer,abstain,,-!,'}>/,False,False,False,'}-/>,3,0,0,no_global_mapping,v350_v278_symbolic_dsl
03a3437f,equation_symbolic_punct,symbolic_delete_selected_chars,abstain,,-!,'}>/,False,False,False,'}-/>,3,0,0,delete_char_sets=; unique_prediction_count=0,v350_v278_symbolic_dsl
03a3437f,equation_symbolic_punct,symbolic_keep_selected_chars,abstain,,-!,'}>/,False,False,False,'}-/>,3,0,0,keep_char_sets=; unique_prediction_count=0,v350_v278_symbolic_dsl
03a3437f,equation_symbolic_punct,symbolic_prefix_until_marker,abstain,,-!,'}>/,False,False,False,'}-/>,3,0,0,markers=''; unique_prediction_count=0,v350_v278_symbolic_dsl
03a3437f,equation_symbolic_punct,symbolic_suffix_after_marker,abstain,,-!,'}>/,False,False,False,'}-/>,3,0,0,markers=''; unique_prediction_count=0,v350_v278_symbolic_dsl
03a3437f,equation_symbolic_punct,symbolic_prefix_before_last_marker,abstain,,-!,'}>/,False,False,False,'}-/>,3,0,0,markers=''; unique_prediction_count=0,v350_v278_symbolic_dsl
03a3437f,equation_symbolic_punct,symbolic_suffix_after_last_marker,abstain,,-!,'}>/,False,False,False,'}-/>,3,0,0,markers=''; unique_prediction_count=0,v350_v278_symbolic_dsl
03a3437f,equation_symbolic_punct,symbolic_remove_first_marker,abstain,,-!,'}>/,False,False,False,'}-/>,3,0,0,markers=''; unique_prediction_count=0,v350_v278_symbolic_dsl
03a3437f,equation_symbolic_punct,symbolic_position_template,abstain,,-!,'}>/,False,False,False,'}-/>,3,0,0,nonuniform_rhs_lengths,v350_v278_symbolic_dsl
03a3437f,equation_symbolic_punct,symbolic_operator_index_template,abstain,,-!,'}>/,False,False,False,'}-/>,3,0,0,programs=; unique_prediction_count=0,v350_v278_symbolic_dsl
03a3437f,equation_symbolic_punct,symbolic_variable_operator_drop_operator,abstain,,-!,'}>/,False,False,False,'}-/>,3,0,0,one_or_more_examples_have_no_matching_split; split_counts=0,v350_v324_variable_operator
03a3437f,equation_symbolic_punct,symbolic_variable_operator_reverse_drop_operator,abstain,,-!,'}>/,False,False,False,'}-/>,3,0,0,one_or_more_examples_have_no_matching_split; split_counts=0,v350_v324_variable_operator
03a3437f,equation_symbolic_punct,symbolic_variable_operator_left_only,abstain,,-!,'}>/,False,False,False,'}-/>,3,0,0,one_or_more_examples_have_no_matching_split; split_counts=0,v350_v324_variable_operator
03a3437f,equation_symbolic_punct,symbolic_variable_operator_right_only,abstain,,-!,'}>/,False,False,False,'}-/>,3,0,0,one_or_more_examples_have_no_matching_split; split_counts=0,v350_v324_variable_operator
03a3437f,equation_symbolic_punct,symbolic_variable_operator_right_left,abstain,,-!,'}>/,False,False,False,'}-/>,3,0,0,one_or_more_examples_have_no_matching_split; split_counts=0,v350_v324_variable_operator
03a3437f,equation_symbolic_punct,symbolic_variable_operator_left_reverse_right,abstain,,-!,'}>/,False,False,False,'}-/>,3,0,0,one_or_more_examples_have_no_matching_split; split_counts=0,v350_v324_variable_operator
03a3437f,equation_symbolic_punct,symbolic_variable_operator_reverse_left_right,abstain,,-!,'}>/,False,False,False,'}-/>,3,0,0,one_or_more_examples_have_no_matching_split; split_counts=0,v350_v324_variable_operator
03a3437f,equation_symbolic_punct,symbolic_variable_operator_right_reverse_left,abstain,,-!,'}>/,False,False,False,'}-/>,3,0,0,one_or_more_examples_have_no_matching_split; split_counts=0,v350_v324_variable_operator
03a3437f,equation_symbolic_punct,symbolic_variable_operator_reverse_right_left,abstain,,-!,'}>/,False,False,False,'}-/>,3,0,0,one_or_more_examples_have_no_matching_split; split_counts=0,v350_v324_variable_operator
03a3437f,equation_symbolic_punct,symbolic_variable_operator_operator_between_reversed,abstain,,-!,'}>/,False,False,False,'}-/>,3,0,0,one_or_more_examples_have_no_matching_split; split_counts=0,v350_v324_variable_operator
03a3437f,equation_symbolic_punct,symbolic_cryptarithm_operator_digits,abstain,,-!,'}>/,False,False,False,'}-/>,3,0,0,no_operator_digit_solution,v350_v329_symbolic_cryptarithm
30ac5c8e,equation_symbolic_punct,symbolic_char_transducer,abstain,,)#?,@\}?,False,False,False,@\+}?,5,0,0,no_pair_mapping,v350_v278_symbolic_dsl
30ac5c8e,equation_symbolic_punct,symbolic_delete_selected_chars,abstain,,)#?,@\}?,False,False,False,@\+}?,5,0,0,delete_char_sets=; unique_prediction_count=0,v350_v278_symbolic_dsl
30ac5c8e,equation_symbolic_punct,symbolic_keep_selected_chars,abstain,,)#?,@\}?,False,False,False,@\+}?,5,0,0,keep_char_sets=; unique_prediction_count=0,v350_v278_symbolic_dsl
30ac5c8e,equation_symbolic_punct,symbolic_prefix_until_marker,abstain,,)#?,@\}?,False,False,False,@\+}?,5,0,0,markers=''; unique_prediction_count=0,v350_v278_symbolic_dsl
30ac5c8e,equation_symbolic_punct,symbolic_suffix_after_marker,abstain,,)#?,@\}?,False,False,False,@\+}?,5,0,0,markers=''; unique_prediction_count=0,v350_v278_symbolic_dsl
30ac5c8e,equation_symbolic_punct,symbolic_prefix_before_last_marker,abstain,,)#?,@\}?,False,False,False,@\+}?,5,0,0,markers=''; unique_prediction_count=0,v350_v278_symbolic_dsl
30ac5c8e,equation_symbolic_punct,symbolic_suffix_after_last_marker,abstain,,)#?,@\}?,False,False,False,@\+}?,5,0,0,markers=''; unique_prediction_count=0,v350_v278_symbolic_dsl
30ac5c8e,equation_symbolic_punct,symbolic_remove_first_marker,abstain,,)#?,@\}?,False,False,False,@\+}?,5,0,0,markers=''; unique_prediction_count=0,v350_v278_symbolic_dsl
30ac5c8e,equation_symbolic_punct,symbolic_position_template,abstain,,)#?,@\}?,False,False,False,@\+}?,5,0,0,nonuniform_rhs_lengths,v350_v278_symbolic_dsl
30ac5c8e,equation_symbolic_punct,symbolic_operator_index_template,abstain,,)#?,@\}?,False,False,False,@\+}?,5,0,0,programs=; unique_prediction_count=0,v350_v278_symbolic_dsl
30ac5c8e,equation_symbolic_punct,symbolic_variable_operator_drop_operator,abstain,,)#?,@\}?,False,False,False,@\+}?,5,0,0,one_or_more_examples_have_no_matching_split; split_counts=0,v350_v324_variable_operator
30ac5c8e,equation_symbolic_punct,symbolic_variable_operator_reverse_drop_operator,abstain,,)#?,@\}?,False,False,False,@\+}?,5,0,0,one_or_more_examples_have_no_matching_split; split_counts=0,v350_v324_variable_operator
30ac5c8e,equation_symbolic_punct,symbolic_variable_operator_left_only,abstain,,)#?,@\}?,False,False,False,@\+}?,5,0,0,one_or_more_examples_have_no_matching_split; split_counts=0,v350_v324_variable_operator
30ac5c8e,equation_symbolic_punct,symbolic_variable_operator_right_only,abstain,,)#?,@\}?,False,False,False,@\+}?,5,0,0,one_or_more_examples_have_no_matching_split; split_counts=0,v350_v324_variable_operator
30ac5c8e,equation_symbolic_punct,symbolic_variable_operator_right_left,abstain,,)#?,@\}?,False,False,False,@\+}?,5,0,0,one_or_more_examples_have_no_matching_split; split_counts=0,v350_v324_variable_operator
30ac5c8e,equation_symbolic_punct,symbolic_variable_operator_left_reverse_right,abstain,,)#?,@\}?,False,False,False,@\+}?,5,0,0,one_or_more_examples_have_no_matching_split; split_counts=0,v350_v324_variable_operator
30ac5c8e,equation_symbolic_punct,symbolic_variable_operator_reverse_left_right,abstain,,)#?,@\}?,False,False,False,@\+}?,5,0,0,one_or_more_examples_have_no_matching_split; split_counts=0,v350_v324_variable_operator
30ac5c8e,equation_symbolic_punct,symbolic_variable_operator_right_reverse_left,abstain,,)#?,@\}?,False,False,False,@\+}?,5,0,0,one_or_more_examples_have_no_matching_split; split_counts=0,v350_v324_variable_operator
30ac5c8e,equation_symbolic_punct,symbolic_variable_operator_reverse_right_left,abstain,,)#?,@\}?,False,False,False,@\+}?,5,0,0,one_or_more_examples_have_no_matching_split; split_counts=0,v350_v324_variable_operator
30ac5c8e,equation_symbolic_punct,symbolic_variable_operator_operator_between_reversed,abstain,,)#?,@\}?,False,False,False,@\+}?,5,0,0,one_or_more_examples_have_no_matching_split; split_counts=0,v350_v324_variable_operator
30ac5c8e,equation_symbolic_punct,symbolic_cryptarithm_operator_digits,abstain,,)#?,@\}?,False,False,False,@\+}?,5,0,0,no_operator_digit_solution,v350_v329_symbolic_cryptarithm
ff121f08,equation_symbolic_punct,symbolic_char_transducer,abstain,,#<,!%<<,False,False,False,!%+<<,5,0,0,no_global_mapping,v350_v278_symbolic_dsl
ff121f08,equation_symbolic_punct,symbolic_delete_selected_chars,abstain,,#<,!%<<,False,False,False,!%+<<,5,0,0,delete_char_sets=; unique_prediction_count=0,v350_v278_symbolic_dsl
ff121f08,equation_symbolic_punct,symbolic_keep_selected_chars,abstain,,#<,!%<<,False,False,False,!%+<<,5,0,0,keep_char_sets=; unique_prediction_count=0,v350_v278_symbolic_dsl
ff121f08,equation_symbolic_punct,symbolic_prefix_until_marker,abstain,,#<,!%<<,False,False,False,!%+<<,5,0,0,markers=''; unique_prediction_count=0,v350_v278_symbolic_dsl
ff121f08,equation_symbolic_punct,symbolic_suffix_after_marker,abstain,,#<,!%<<,False,False,False,!%+<<,5,0,0,markers=''; unique_prediction_count=0,v350_v278_symbolic_dsl
ff121f08,equation_symbolic_punct,symbolic_prefix_before_last_marker,abstain,,#<,!%<<,False,False,False,!%+<<,5,0,0,markers=''; unique_prediction_count=0,v350_v278_symbolic_dsl
ff121f08,equation_symbolic_punct,symbolic_suffix_after_last_marker,abstain,,#<,!%<<,False,False,False,!%+<<,5,0,0,markers=''; unique_prediction_count=0,v350_v278_symbolic_dsl
ff121f08,equation_symbolic_punct,symbolic_remove_first_marker,abstain,,#<,!%<<,False,False,False,!%+<<,5,0,0,markers=''; unique_prediction_count=0,v350_v278_symbolic_dsl
ff121f08,equation_symbolic_punct,symbolic_position_template,abstain,,#<,!%<<,False,False,False,!%+<<,5,0,0,nonuniform_rhs_lengths,v350_v278_symbolic_dsl
ff121f08,equation_symbolic_punct,symbolic_operator_index_template,abstain,,#<,!%<<,False,False,False,!%+<<,5,0,0,programs=; unique_prediction_count=0,v350_v278_symbolic_dsl
ff121f08,equation_symbolic_punct,symbolic_variable_operator_drop_operator,abstain,,#<,!%<<,False,False,False,!%+<<,5,0,0,one_or_more_examples_have_no_matching_split; split_counts=0,v350_v324_variable_operator
ff121f08,equation_symbolic_punct,symbolic_variable_operator_reverse_drop_operator,abstain,,#<,!%<<,False,False,False,!%+<<,5,0,0,one_or_more_examples_have_no_matching_split; split_counts=0,v350_v324_variable_operator
ff121f08,equation_symbolic_punct,symbolic_variable_operator_left_only,abstain,,#<,!%<<,False,False,False,!%+<<,5,0,0,one_or_more_examples_have_no_matching_split; split_counts=0,v350_v324_variable_operator
ff121f08,equation_symbolic_punct,symbolic_variable_operator_right_only,abstain,,#<,!%<<,False,False,False,!%+<<,5,0,0,one_or_more_examples_have_no_matching_split; split_counts=0,v350_v324_variable_operator
ff121f08,equation_symbolic_punct,symbolic_variable_operator_right_left,abstain,,#<,!%<<,False,False,False,!%+<<,5,0,0,one_or_more_examples_have_no_matching_split; split_counts=0,v350_v324_variable_operator
ff121f08,equation_symbolic_punct,symbolic_variable_operator_left_reverse_right,abstain,,#<,!%<<,False,False,False,!%+<<,5,0,0,one_or_more_examples_have_no_matching_split; split_counts=0,v350_v324_variable_operator
ff121f08,equation_symbolic_punct,symbolic_variable_operator_reverse_left_right,abstain,,#<,!%<<,False,False,False,!%+<<,5,0,0,one_or_more_examples_have_no_matching_split; split_counts=0,v350_v324_variable_operator
ff121f08,equation_symbolic_punct,symbolic_variable_operator_right_reverse_left,abstain,,#<,!%<<,False,False,False,!%+<<,5,0,0,one_or_more_examples_have_no_matching_split; split_counts=0,v350_v324_variable_operator
ff121f08,equation_symbolic_punct,symbolic_variable_operator_reverse_right_left,abstain,,#<,!%<<,False,False,False,!%+<<,5,0,0,one_or_more_examples_have_no_matching_split; split_counts=0,v350_v324_variable_operator
ff121f08,equation_symbolic_punct,symbolic_variable_operator_operator_between_reversed,abstain,,#<,!%<<,False,False,False,!%+<<,5,0,0,one_or_more_examples_have_no_matching_split; split_counts=0,v350_v324_variable_operator
ff121f08,equation_symbolic_punct,symbolic_cryptarithm_gate,abstain,,#<,!%<<,False,False,False,!%+<<,5,0,0,one_or_more_examples_not_len5_binary_expr,v350_v329_symbolic_cryptarithm
ec8b4875,equation_symbolic_punct,symbolic_char_transducer,abstain,,"|""]",|@<!,False,False,False,|@*<!,3,0,0,no_pair_mapping,v350_v278_symbolic_dsl
ec8b4875,equation_symbolic_punct,symbolic_delete_selected_chars,abstain,,"|""]",|@<!,False,False,False,|@*<!,3,0,0,delete_char_sets=; unique_prediction_count=0,v350_v278_symbolic_dsl
ec8b4875,equation_symbolic_punct,symbolic_keep_selected_chars,abstain,,"|""]",|@<!,False,False,False,|@*<!,3,0,0,keep_char_sets=; unique_prediction_count=0,v350_v278_symbolic_dsl
ec8b4875,equation_symbolic_punct,symbolic_prefix_until_marker,abstain,,"|""]",|@<!,False,False,False,|@*<!,3,0,0,markers=''; unique_prediction_count=0,v350_v278_symbolic_dsl
ec8b4875,equation_symbolic_punct,symbolic_suffix_after_marker,abstain,,"|""]",|@<!,False,False,False,|@*<!,3,0,0,markers=''; unique_prediction_count=0,v350_v278_symbolic_dsl
ec8b4875,equation_symbolic_punct,symbolic_prefix_before_last_marker,abstain,,"|""]",|@<!,False,False,False,|@*<!,3,0,0,markers=''; unique_prediction_count=0,v350_v278_symbolic_dsl
ec8b4875,equation_symbolic_punct,symbolic_suffix_after_last_marker,abstain,,"|""]",|@<!,False,False,False,|@*<!,3,0,0,markers=''; unique_prediction_count=0,v350_v278_symbolic_dsl
ec8b4875,equation_symbolic_punct,symbolic_remove_first_marker,abstain,,"|""]",|@<!,False,False,False,|@*<!,3,0,0,markers=''; unique_prediction_count=0,v350_v278_symbolic_dsl
ec8b4875,equation_symbolic_punct,symbolic_position_template,abstain,,"|""]",|@<!,False,False,False,|@*<!,3,0,0,nonuniform_rhs_lengths,v350_v278_symbolic_dsl
ec8b4875,equation_symbolic_punct,symbolic_operator_index_template,abstain,,"|""]",|@<!,False,False,False,|@*<!,3,0,0,programs=; unique_prediction_count=0,v350_v278_symbolic_dsl
ec8b4875,equation_symbolic_punct,symbolic_variable_operator_drop_operator,abstain,,"|""]",|@<!,False,False,False,|@*<!,3,0,0,one_or_more_examples_have_no_matching_split; split_counts=0,v350_v324_variable_operator
ec8b4875,equation_symbolic_punct,symbolic_variable_operator_reverse_drop_operator,abstain,,"|""]",|@<!,False,False,False,|@*<!,3,0,0,one_or_more_examples_have_no_matching_split; split_counts=0,v350_v324_variable_operator
ec8b4875,equation_symbolic_punct,symbolic_variable_operator_left_only,abstain,,"|""]",|@<!,False,False,False,|@*<!,3,0,0,one_or_more_examples_have_no_matching_split; split_counts=0,v350_v324_variable_operator
ec8b4875,equation_symbolic_punct,symbolic_variable_operator_right_only,abstain,,"|""]",|@<!,False,False,False,|@*<!,3,0,0,one_or_more_examples_have_no_matching_split; split_counts=0,v350_v324_variable_operator
ec8b4875,equation_symbolic_punct,symbolic_variable_operator_right_left,abstain,,"|""]",|@<!,False,False,False,|@*<!,3,0,0,one_or_more_examples_have_no_matching_split; split_counts=0,v350_v324_variable_operator
ec8b4875,equation_symbolic_punct,symbolic_variable_operator_left_reverse_right,abstain,,"|""]",|@<!,False,False,False,|@*<!,3,0,0,one_or_more_examples_have_no_matching_split; split_counts=0,v350_v324_variable_operator
ec8b4875,equation_symbolic_punct,symbolic_variable_operator_reverse_left_right,abstain,,"|""]",|@<!,False,False,False,|@*<!,3,0,0,one_or_more_examples_have_no_matching_split; split_counts=0,v350_v324_variable_operator
ec8b4875,equation_symbolic_punct,symbolic_variable_operator_right_reverse_left,abstain,,"|""]",|@<!,False,False,False,|@*<!,3,0,0,one_or_more_examples_have_no_matching_split; split_counts=0,v350_v324_variable_operator
ec8b4875,equation_symbolic_punct,symbolic_variable_operator_reverse_right_left,abstain,,"|""]",|@<!,False,False,False,|@*<!,3,0,0,one_or_more_examples_have_no_matching_split; split_counts=0,v350_v324_variable_operator
ec8b4875,equation_symbolic_punct,symbolic_variable_operator_operator_between_reversed,abstain,,"|""]",|@<!,False,False,False,|@*<!,3,0,0,one_or_more_examples_have_no_matching_split; split_counts=0,v350_v324_variable_operator
ec8b4875,equation_symbolic_punct,symbolic_cryptarithm_operator_digits,abstain,,"|""]",|@<!,False,False,False,|@*<!,3,0,0,no_operator_digit_solution,v350_v329_symbolic_cryptarithm
e3fbc768,equation_symbolic_punct,symbolic_char_transducer,abstain,,'(^),{%??,False,False,False,{%/??,3,0,0,no_pair_mapping,v350_v278_symbolic_dsl
e3fbc768,equation_symbolic_punct,symbolic_delete_selected_chars,abstain,,'(^),{%??,False,False,False,{%/??,3,0,0,delete_char_sets=; unique_prediction_count=0,v350_v278_symbolic_dsl
e3fbc768,equation_symbolic_punct,symbolic_keep_selected_chars,abstain,,'(^),{%??,False,False,False,{%/??,3,0,0,keep_char_sets=; unique_prediction_count=0,v350_v278_symbolic_dsl
e3fbc768,equation_symbolic_punct,symbolic_prefix_until_marker,abstain,,'(^),{%??,False,False,False,{%/??,3,0,0,markers=''; unique_prediction_count=0,v350_v278_symbolic_dsl
e3fbc768,equation_symbolic_punct,symbolic_suffix_after_marker,abstain,,'(^),{%??,False,False,False,{%/??,3,0,0,markers=''; unique_prediction_count=0,v350_v278_symbolic_dsl
e3fbc768,equation_symbolic_punct,symbolic_prefix_before_last_marker,abstain,,'(^),{%??,False,False,False,{%/??,3,0,0,markers=''; unique_prediction_count=0,v350_v278_symbolic_dsl
e3fbc768,equation_symbolic_punct,symbolic_suffix_after_last_marker,abstain,,'(^),{%??,False,False,False,{%/??,3,0,0,markers=''; unique_prediction_count=0,v350_v278_symbolic_dsl
e3fbc768,equation_symbolic_punct,symbolic_remove_first_marker,abstain,,'(^),{%??,False,False,False,{%/??,3,0,0,markers=''; unique_prediction_count=0,v350_v278_symbolic_dsl
e3fbc768,equation_symbolic_punct,symbolic_position_template,abstain,,'(^),{%??,False,False,False,{%/??,3,0,0,nonuniform_rhs_lengths,v350_v278_symbolic_dsl
e3fbc768,equation_symbolic_punct,symbolic_operator_index_template,abstain,,'(^),{%??,False,False,False,{%/??,3,0,0,programs=; unique_prediction_count=0,v350_v278_symbolic_dsl
e3fbc768,equation_symbolic_punct,symbolic_variable_operator_drop_operator,abstain,,'(^),{%??,False,False,False,{%/??,3,0,0,one_or_more_examples_have_no_matching_split; split_counts=0,v350_v324_variable_operator
e3fbc768,equation_symbolic_punct,symbolic_variable_operator_reverse_drop_operator,abstain,,'(^),{%??,False,False,False,{%/??,3,0,0,one_or_more_examples_have_no_matching_split; split_counts=0,v350_v324_variable_operator
e3fbc768,equation_symbolic_punct,symbolic_variable_operator_left_only,abstain,,'(^),{%??,False,False,False,{%/??,3,0,0,one_or_more_examples_have_no_matching_split; split_counts=0,v350_v324_variable_operator
e3fbc768,equation_symbolic_punct,symbolic_variable_operator_right_only,abstain,,'(^),{%??,False,False,False,{%/??,3,0,0,one_or_more_examples_have_no_matching_split; split_counts=0,v350_v324_variable_operator
e3fbc768,equation_symbolic_punct,symbolic_variable_operator_right_left,abstain,,'(^),{%??,False,False,False,{%/??,3,0,0,one_or_more_examples_have_no_matching_split; split_counts=0,v350_v324_variable_operator
e3fbc768,equation_symbolic_punct,symbolic_variable_operator_left_reverse_right,abstain,,'(^),{%??,False,False,False,{%/??,3,0,0,one_or_more_examples_have_no_matching_split; split_counts=0,v350_v324_variable_operator
e3fbc768,equation_symbolic_punct,symbolic_variable_operator_reverse_left_right,abstain,,'(^),{%??,False,False,False,{%/??,3,0,0,one_or_more_examples_have_no_matching_split; split_counts=0,v350_v324_variable_operator
e3fbc768,equation_symbolic_punct,symbolic_variable_operator_right_reverse_left,abstain,,'(^),{%??,False,False,False,{%/??,3,0,0,one_or_more_examples_have_no_matching_split; split_counts=0,v350_v324_variable_operator
e3fbc768,equation_symbolic_punct,symbolic_variable_operator_reverse_right_left,abstain,,'(^),{%??,False,False,False,{%/??,3,0,0,one_or_more_examples_have_no_matching_split; split_counts=0,v350_v324_variable_operator
e3fbc768,equation_symbolic_punct,symbolic_variable_operator_operator_between_reversed,abstain,,'(^),{%??,False,False,False,{%/??,3,0,0,one_or_more_examples_have_no_matching_split; split_counts=0,v350_v324_variable_operator
e3fbc768,equation_symbolic_punct,symbolic_cryptarithm_operator_digits,abstain,,'(^),{%??,False,False,False,{%/??,3,0,0,no_operator_digit_solution,v350_v329_symbolic_cryptarithm
6cc5dafb,equation_symbolic_punct,symbolic_char_transducer,abstain,,)(,^&>),False,False,False,^&!>),4,0,0,no_global_mapping,v350_v278_symbolic_dsl
6cc5dafb,equation_symbolic_punct,symbolic_delete_selected_chars,abstain,,)(,^&>),False,False,False,^&!>),4,0,0,delete_char_sets=; unique_prediction_count=0,v350_v278_symbolic_dsl
6cc5dafb,equation_symbolic_punct,symbolic_keep_selected_chars,abstain,,)(,^&>),False,False,False,^&!>),4,0,0,keep_char_sets=; unique_prediction_count=0,v350_v278_symbolic_dsl
6cc5dafb,equation_symbolic_punct,symbolic_prefix_until_marker,abstain,,)(,^&>),False,False,False,^&!>),4,0,0,markers=''; unique_prediction_count=0,v350_v278_symbolic_dsl
6cc5dafb,equation_symbolic_punct,symbolic_suffix_after_marker,abstain,,)(,^&>),False,False,False,^&!>),4,0,0,markers=''; unique_prediction_count=0,v350_v278_symbolic_dsl
6cc5dafb,equation_symbolic_punct,symbolic_prefix_before_last_marker,abstain,,)(,^&>),False,False,False,^&!>),4,0,0,markers=''; unique_prediction_count=0,v350_v278_symbolic_dsl
6cc5dafb,equation_symbolic_punct,symbolic_suffix_after_last_marker,abstain,,)(,^&>),False,False,False,^&!>),4,0,0,markers=''; unique_prediction_count=0,v350_v278_symbolic_dsl
6cc5dafb,equation_symbolic_punct,symbolic_remove_first_marker,abstain,,)(,^&>),False,False,False,^&!>),4,0,0,markers=''; unique_prediction_count=0,v350_v278_symbolic_dsl
6cc5dafb,equation_symbolic_punct,symbolic_position_template,abstain,,)(,^&>),False,False,False,^&!>),4,0,0,nonuniform_rhs_lengths,v350_v278_symbolic_dsl
6cc5dafb,equation_symbolic_punct,symbolic_operator_index_template,abstain,,)(,^&>),False,False,False,^&!>),4,0,0,programs=; unique_prediction_count=0,v350_v278_symbolic_dsl
6cc5dafb,equation_symbolic_punct,symbolic_variable_operator_drop_operator,abstain,,)(,^&>),False,False,False,^&!>),4,0,0,one_or_more_examples_have_no_matching_split; split_counts=0,v350_v324_variable_operator
6cc5dafb,equation_symbolic_punct,symbolic_variable_operator_reverse_drop_operator,abstain,,)(,^&>),False,False,False,^&!>),4,0,0,one_or_more_examples_have_no_matching_split; split_counts=0,v350_v324_variable_operator
6cc5dafb,equation_symbolic_punct,symbolic_variable_operator_left_only,abstain,,)(,^&>),False,False,False,^&!>),4,0,0,one_or_more_examples_have_no_matching_split; split_counts=0,v350_v324_variable_operator
6cc5dafb,equation_symbolic_punct,symbolic_variable_operator_right_only,abstain,,)(,^&>),False,False,False,^&!>),4,0,0,one_or_more_examples_have_no_matching_split; split_counts=0,v350_v324_variable_operator
6cc5dafb,equation_symbolic_punct,symbolic_variable_operator_right_left,abstain,,)(,^&>),False,False,False,^&!>),4,0,0,one_or_more_examples_have_no_matching_split; split_counts=0,v350_v324_variable_operator
6cc5dafb,equation_symbolic_punct,symbolic_variable_operator_left_reverse_right,abstain,,)(,^&>),False,False,False,^&!>),4,0,0,one_or_more_examples_have_no_matching_split; split_counts=0,v350_v324_variable_operator
6cc5dafb,equation_symbolic_punct,symbolic_variable_operator_reverse_left_right,abstain,,)(,^&>),False,False,False,^&!>),4,0,0,one_or_more_examples_have_no_matching_split; split_counts=0,v350_v324_variable_operator
6cc5dafb,equation_symbolic_punct,symbolic_variable_operator_right_reverse_left,abstain,,)(,^&>),False,False,False,^&!>),4,0,0,one_or_more_examples_have_no_matching_split; split_counts=0,v350_v324_variable_operator
6cc5dafb,equation_symbolic_punct,symbolic_variable_operator_reverse_right_left,abstain,,)(,^&>),False,False,False,^&!>),4,0,0,one_or_more_examples_have_no_matching_split; split_counts=0,v350_v324_variable_operator
6cc5dafb,equation_symbolic_punct,symbolic_variable_operator_operator_between_reversed,abstain,,)(,^&>),False,False,False,^&!>),4,0,0,one_or_more_examples_have_no_matching_split; split_counts=0,v350_v324_variable_operator
6cc5dafb,equation_symbolic_punct,symbolic_cryptarithm_multi_operator_digits_add,candidate,)(,)(,^&>),True,False,False,^&!>),4,2,1,"ops={""!"": ""add"", ""-"": ""sub_ba"", ""\\"": ""mul""}; map={""\"""": 1, ""#"": 3, ""%"": 0, ""&"": 9, ""'"": 5, ""("": 6, "")"": 7, "">"": 2, ""]"": 8, ""^"": 4}; ops={""!"": ""add"", ""-"": ""abs_diff"", ""\\"": ""mul""}; map={""\"""": 1, ""#"": 3, ""%"": 0, ""&"": 9, ""'"": 5, ""("": 6, "")"": 7, "">"": 2, ""]"": 8, ""^"": 4}",v350_v329_symbolic_cryptarithm
6cc5dafb,equation_symbolic_punct,symbolic_cryptarithm_multi_operator_digits_sub_ab,candidate,>>,)(,^&>),False,True,False,^&!>),4,2,1,"ops={""!"": ""sub_ab"", ""-"": ""sub_ba"", ""\\"": ""mul""}; map={""\"""": 1, ""#"": 3, ""%"": 0, ""&"": 9, ""'"": 5, ""("": 6, "")"": 7, "">"": 2, ""]"": 8, ""^"": 4}; ops={""!"": ""sub_ab"", ""-"": ""abs_diff"", ""\\"": ""mul""}; map={""\"""": 1, ""#"": 3, ""%"": 0, ""&"": 9, ""'"": 5, ""("": 6, "")"": 7, "">"": 2, ""]"": 8, ""^"": 4}",v350_v329_symbolic_cryptarithm
6cc5dafb,equation_symbolic_punct,symbolic_cryptarithm_multi_operator_digits_abs_diff,candidate,>>,)(,^&>),False,True,False,^&!>),4,2,1,"ops={""!"": ""abs_diff"", ""-"": ""sub_ba"", ""\\"": ""mul""}; map={""\"""": 1, ""#"": 3, ""%"": 0, ""&"": 9, ""'"": 5, ""("": 6, "")"": 7, "">"": 2, ""]"": 8, ""^"": 4}; ops={""!"": ""abs_diff"", ""-"": ""abs_diff"", ""\\"": ""mul""}; map={""\"""": 1, ""#"": 3, ""%"": 0, ""&"": 9, ""'"": 5, ""("": 6, "")"": 7, "">"": 2, ""]"": 8, ""^"": 4}",v350_v329_symbolic_cryptarithm
6cc5dafb,equation_symbolic_punct,symbolic_cryptarithm_multi_operator_digits_mul,candidate,"""#>#",)(,^&>),False,True,False,^&!>),4,2,1,"ops={""!"": ""mul"", ""-"": ""sub_ba"", ""\\"": ""mul""}; map={""\"""": 1, ""#"": 3, ""%"": 0, ""&"": 9, ""'"": 5, ""("": 6, "")"": 7, "">"": 2, ""]"": 8, ""^"": 4}; ops={""!"": ""mul"", ""-"": ""abs_diff"", ""\\"": ""mul""}; map={""\"""": 1, ""#"": 3, ""%"": 0, ""&"": 9, ""'"": 5, ""("": 6, "")"": 7, "">"": 2, ""]"": 8, ""^"": 4}",v350_v329_symbolic_cryptarithm
d5a03a2e,equation_symbolic_punct,symbolic_char_transducer,abstain,,>>,""")&&",False,False,False,""""")&&",4,0,0,no_global_mapping,v350_v278_symbolic_dsl
d5a03a2e,equation_symbolic_punct,symbolic_delete_selected_chars,abstain,,>>,""")&&",False,False,False,""""")&&",4,0,0,delete_char_sets=; unique_prediction_count=0,v350_v278_symbolic_dsl
d5a03a2e,equation_symbolic_punct,symbolic_keep_selected_chars,abstain,,>>,""")&&",False,False,False,""""")&&",4,0,0,keep_char_sets=; unique_prediction_count=0,v350_v278_symbolic_dsl
d5a03a2e,equation_symbolic_punct,symbolic_prefix_until_marker,abstain,,>>,""")&&",False,False,False,""""")&&",4,0,0,markers=''; unique_prediction_count=0,v350_v278_symbolic_dsl
d5a03a2e,equation_symbolic_punct,symbolic_suffix_after_marker,abstain,,>>,""")&&",False,False,False,""""")&&",4,0,0,markers=''; unique_prediction_count=0,v350_v278_symbolic_dsl
d5a03a2e,equation_symbolic_punct,symbolic_prefix_before_last_marker,abstain,,>>,""")&&",False,False,False,""""")&&",4,0,0,markers=''; unique_prediction_count=0,v350_v278_symbolic_dsl
d5a03a2e,equation_symbolic_punct,symbolic_suffix_after_last_marker,abstain,,>>,""")&&",False,False,False,""""")&&",4,0,0,markers=''; unique_prediction_count=0,v350_v278_symbolic_dsl
d5a03a2e,equation_symbolic_punct,symbolic_remove_first_marker,abstain,,>>,""")&&",False,False,False,""""")&&",4,0,0,markers=''; unique_prediction_count=0,v350_v278_symbolic_dsl
d5a03a2e,equation_symbolic_punct,symbolic_position_template,abstain,,>>,""")&&",False,False,False,""""")&&",4,0,0,nonuniform_rhs_lengths,v350_v278_symbolic_dsl
d5a03a2e,equation_symbolic_punct,symbolic_operator_index_template,abstain,,>>,""")&&",False,False,False,""""")&&",4,0,0,programs=; unique_prediction_count=0,v350_v278_symbolic_dsl
d5a03a2e,equation_symbolic_punct,symbolic_variable_operator_drop_operator,abstain,,>>,""")&&",False,False,False,""""")&&",4,0,0,one_or_more_examples_have_no_matching_split; split_counts=0,v350_v324_variable_operator
d5a03a2e,equation_symbolic_punct,symbolic_variable_operator_reverse_drop_operator,abstain,,>>,""")&&",False,False,False,""""")&&",4,0,0,one_or_more_examples_have_no_matching_split; split_counts=0,v350_v324_variable_operator
d5a03a2e,equation_symbolic_punct,symbolic_variable_operator_left_only,abstain,,>>,""")&&",False,False,False,""""")&&",4,0,0,one_or_more_examples_have_no_matching_split; split_counts=0,v350_v324_variable_operator
d5a03a2e,equation_symbolic_punct,symbolic_variable_operator_right_only,abstain,,>>,""")&&",False,False,False,""""")&&",4,0,0,one_or_more_examples_have_no_matching_split; split_counts=0,v350_v324_variable_operator
d5a03a2e,equation_symbolic_punct,symbolic_variable_operator_right_left,abstain,,>>,""")&&",False,False,False,""""")&&",4,0,0,one_or_more_examples_have_no_matching_split; split_counts=0,v350_v324_variable_operator
d5a03a2e,equation_symbolic_punct,symbolic_variable_operator_left_reverse_right,abstain,,>>,""")&&",False,False,False,""""")&&",4,0,0,one_or_more_examples_have_no_matching_split; split_counts=0,v350_v324_variable_operator
d5a03a2e,equation_symbolic_punct,symbolic_variable_operator_reverse_left_right,abstain,,>>,""")&&",False,False,False,""""")&&",4,0,0,one_or_more_examples_have_no_matching_split; split_counts=0,v350_v324_variable_operator
d5a03a2e,equation_symbolic_punct,symbolic_variable_operator_right_reverse_left,abstain,,>>,""")&&",False,False,False,""""")&&",4,0,0,one_or_more_examples_have_no_matching_split; split_counts=0,v350_v324_variable_operator
d5a03a2e,equation_symbolic_punct,symbolic_variable_operator_reverse_right_left,abstain,,>>,""")&&",False,False,False,""""")&&",4,0,0,one_or_more_examples_have_no_matching_split; split_counts=0,v350_v324_variable_operator
d5a03a2e,equation_symbolic_punct,symbolic_variable_operator_operator_between_reversed,abstain,,>>,""")&&",False,False,False,""""")&&",4,0,0,one_or_more_examples_have_no_matching_split; split_counts=0,v350_v324_variable_operator
d5a03a2e,equation_symbolic_punct,symbolic_cryptarithm_operator_digits,abstain,,>>,""")&&",False,False,False,""""")&&",4,0,0,no_operator_digit_solution,v350_v329_symbolic_cryptarithm
d129b085,equation_symbolic_punct,symbolic_char_transducer,abstain,,##$,!>``,False,False,False,"!>+`""",4,0,0,no_global_mapping,v350_v278_symbolic_dsl
d129b085,equation_symbolic_punct,symbolic_delete_selected_chars,abstain,,##$,!>``,False,False,False,"!>+`""",4,0,0,delete_char_sets=; unique_prediction_count=0,v350_v278_symbolic_dsl
d129b085,equation_symbolic_punct,symbolic_keep_selected_chars,abstain,,##$,!>``,False,False,False,"!>+`""",4,0,0,keep_char_sets=; unique_prediction_count=0,v350_v278_symbolic_dsl
d129b085,equation_symbolic_punct,symbolic_prefix_until_marker,abstain,,##$,!>``,False,False,False,"!>+`""",4,0,0,markers=''; unique_prediction_count=0,v350_v278_symbolic_dsl
d129b085,equation_symbolic_punct,symbolic_suffix_after_marker,abstain,,##$,!>``,False,False,False,"!>+`""",4,0,0,markers=''; unique_prediction_count=0,v350_v278_symbolic_dsl
d129b085,equation_symbolic_punct,symbolic_prefix_before_last_marker,abstain,,##$,!>``,False,False,False,"!>+`""",4,0,0,markers=''; unique_prediction_count=0,v350_v278_symbolic_dsl
d129b085,equation_symbolic_punct,symbolic_suffix_after_last_marker,abstain,,##$,!>``,False,False,False,"!>+`""",4,0,0,markers=''; unique_prediction_count=0,v350_v278_symbolic_dsl
d129b085,equation_symbolic_punct,symbolic_remove_first_marker,abstain,,##$,!>``,False,False,False,"!>+`""",4,0,0,markers=''; unique_prediction_count=0,v350_v278_symbolic_dsl
d129b085,equation_symbolic_punct,symbolic_position_template,abstain,,##$,!>``,False,False,False,"!>+`""",4,0,0,nonuniform_rhs_lengths,v350_v278_symbolic_dsl
d129b085,equation_symbolic_punct,symbolic_operator_index_template,abstain,,##$,!>``,False,False,False,"!>+`""",4,0,0,programs=; unique_prediction_count=0,v350_v278_symbolic_dsl
d129b085,equation_symbolic_punct,symbolic_variable_operator_drop_operator,abstain,,##$,!>``,False,False,False,"!>+`""",4,0,0,one_or_more_examples_have_no_matching_split; split_counts=0,v350_v324_variable_operator
d129b085,equation_symbolic_punct,symbolic_variable_operator_reverse_drop_operator,abstain,,##$,!>``,False,False,False,"!>+`""",4,0,0,one_or_more_examples_have_no_matching_split; split_counts=0,v350_v324_variable_operator
d129b085,equation_symbolic_punct,symbolic_variable_operator_left_only,abstain,,##$,!>``,False,False,False,"!>+`""",4,0,0,one_or_more_examples_have_no_matching_split; split_counts=0,v350_v324_variable_operator
d129b085,equation_symbolic_punct,symbolic_variable_operator_right_only,abstain,,##$,!>``,False,False,False,"!>+`""",4,0,0,one_or_more_examples_have_no_matching_split; split_counts=0,v350_v324_variable_operator
d129b085,equation_symbolic_punct,symbolic_variable_operator_right_left,abstain,,##$,!>``,False,False,False,"!>+`""",4,0,0,one_or_more_examples_have_no_matching_split; split_counts=0,v350_v324_variable_operator
d129b085,equation_symbolic_punct,symbolic_variable_operator_left_reverse_right,abstain,,##$,!>``,False,False,False,"!>+`""",4,0,0,one_or_more_examples_have_no_matching_split; split_counts=0,v350_v324_variable_operator
d129b085,equation_symbolic_punct,symbolic_variable_operator_reverse_left_right,abstain,,##$,!>``,False,False,False,"!>+`""",4,0,0,one_or_more_examples_have_no_matching_split; split_counts=0,v350_v324_variable_operator
d129b085,equation_symbolic_punct,symbolic_variable_operator_right_reverse_left,abstain,,##$,!>``,False,False,False,"!>+`""",4,0,0,one_or_more_examples_have_no_matching_split; split_counts=0,v350_v324_variable_operator
d129b085,equation_symbolic_punct,symbolic_variable_operator_reverse_right_left,abstain,,##$,!>``,False,False,False,"!>+`""",4,0,0,one_or_more_examples_have_no_matching_split; split_counts=0,v350_v324_variable_operator
d129b085,equation_symbolic_punct,symbolic_variable_operator_operator_between_reversed,abstain,,##$,!>``,False,False,False,"!>+`""",4,0,0,one_or_more_examples_have_no_matching_split; split_counts=0,v350_v324_variable_operator
d129b085,equation_symbolic_punct,symbolic_cryptarithm_operator_digits,abstain,,##$,!>``,False,False,False,"!>+`""",4,0,0,no_operator_digit_solution,v350_v329_symbolic_cryptarithm
e582df31,equation_symbolic_punct,symbolic_char_transducer,abstain,,}@,"""']@",False,False,False,"""'?]@",3,0,0,no_global_mapping,v350_v278_symbolic_dsl
e582df31,equation_symbolic_punct,symbolic_delete_selected_chars,abstain,,}@,"""']@",False,False,False,"""'?]@",3,0,0,delete_char_sets=; unique_prediction_count=0,v350_v278_symbolic_dsl
e582df31,equation_symbolic_punct,symbolic_keep_selected_chars,abstain,,}@,"""']@",False,False,False,"""'?]@",3,0,0,keep_char_sets=; unique_prediction_count=0,v350_v278_symbolic_dsl
e582df31,equation_symbolic_punct,symbolic_prefix_until_marker,abstain,,}@,"""']@",False,False,False,"""'?]@",3,0,0,markers=''; unique_prediction_count=0,v350_v278_symbolic_dsl
e582df31,equation_symbolic_punct,symbolic_suffix_after_marker,abstain,,}@,"""']@",False,False,False,"""'?]@",3,0,0,markers=''; unique_prediction_count=0,v350_v278_symbolic_dsl
e582df31,equation_symbolic_punct,symbolic_prefix_before_last_marker,abstain,,}@,"""']@",False,False,False,"""'?]@",3,0,0,markers=''; unique_prediction_count=0,v350_v278_symbolic_dsl
e582df31,equation_symbolic_punct,symbolic_suffix_after_last_marker,abstain,,}@,"""']@",False,False,False,"""'?]@",3,0,0,markers=''; unique_prediction_count=0,v350_v278_symbolic_dsl
e582df31,equation_symbolic_punct,symbolic_remove_first_marker,abstain,,}@,"""']@",False,False,False,"""'?]@",3,0,0,markers=''; unique_prediction_count=0,v350_v278_symbolic_dsl
e582df31,equation_symbolic_punct,symbolic_position_template,abstain,,}@,"""']@",False,False,False,"""'?]@",3,0,0,nonuniform_rhs_lengths,v350_v278_symbolic_dsl
e582df31,equation_symbolic_punct,symbolic_operator_index_template,abstain,,}@,"""']@",False,False,False,"""'?]@",3,0,0,programs=; unique_prediction_count=0,v350_v278_symbolic_dsl
e582df31,equation_symbolic_punct,symbolic_variable_operator_drop_operator,abstain,,}@,"""']@",False,False,False,"""'?]@",3,0,0,one_or_more_examples_have_no_matching_split; split_counts=0,v350_v324_variable_operator
e582df31,equation_symbolic_punct,symbolic_variable_operator_reverse_drop_operator,abstain,,}@,"""']@",False,False,False,"""'?]@",3,0,0,one_or_more_examples_have_no_matching_split; split_counts=0,v350_v324_variable_operator
e582df31,equation_symbolic_punct,symbolic_variable_operator_left_only,abstain,,}@,"""']@",False,False,False,"""'?]@",3,0,0,one_or_more_examples_have_no_matching_split; split_counts=0,v350_v324_variable_operator
e582df31,equation_symbolic_punct,symbolic_variable_operator_right_only,abstain,,}@,"""']@",False,False,False,"""'?]@",3,0,0,one_or_more_examples_have_no_matching_split; split_counts=0,v350_v324_variable_operator
e582df31,equation_symbolic_punct,symbolic_variable_operator_right_left,abstain,,}@,"""']@",False,False,False,"""'?]@",3,0,0,one_or_more_examples_have_no_matching_split; split_counts=0,v350_v324_variable_operator
e582df31,equation_symbolic_punct,symbolic_variable_operator_left_reverse_right,abstain,,}@,"""']@",False,False,False,"""'?]@",3,0,0,one_or_more_examples_have_no_matching_split; split_counts=0,v350_v324_variable_operator
e582df31,equation_symbolic_punct,symbolic_variable_operator_reverse_left_right,abstain,,}@,"""']@",False,False,False,"""'?]@",3,0,0,one_or_more_examples_have_no_matching_split; split_counts=0,v350_v324_variable_operator
e582df31,equation_symbolic_punct,symbolic_variable_operator_right_reverse_left,abstain,,}@,"""']@",False,False,False,"""'?]@",3,0,0,one_or_more_examples_have_no_matching_split; split_counts=0,v350_v324_variable_operator
e582df31,equation_symbolic_punct,symbolic_variable_operator_reverse_right_left,abstain,,}@,"""']@",False,False,False,"""'?]@",3,0,0,one_or_more_examples_have_no_matching_split; split_counts=0,v350_v324_variable_operator
e582df31,equation_symbolic_punct,symbolic_variable_operator_operator_between_reversed,abstain,,}@,"""']@",False,False,False,"""'?]@",3,0,0,one_or_more_examples_have_no_matching_split; split_counts=0,v350_v324_variable_operator
e582df31,equation_symbolic_punct,symbolic_cryptarithm_operator_digits,abstain,,}@,"""']@",False,False,False,"""'?]@",3,0,0,no_operator_digit_solution,v350_v329_symbolic_cryptarithm
a77be9fa,equation_symbolic_punct,symbolic_char_transducer,abstain,,"[""",{>$[,False,False,False,{>|$[,3,0,0,no_global_mapping,v350_v278_symbolic_dsl
a77be9fa,equation_symbolic_punct,symbolic_delete_selected_chars,abstain,,"[""",{>$[,False,False,False,{>|$[,3,0,0,delete_char_sets=; unique_prediction_count=0,v350_v278_symbolic_dsl
a77be9fa,equation_symbolic_punct,symbolic_keep_selected_chars,abstain,,"[""",{>$[,False,False,False,{>|$[,3,0,0,keep_char_sets=; unique_prediction_count=0,v350_v278_symbolic_dsl
a77be9fa,equation_symbolic_punct,symbolic_prefix_until_marker,abstain,,"[""",{>$[,False,False,False,{>|$[,3,0,0,markers=''; unique_prediction_count=0,v350_v278_symbolic_dsl
a77be9fa,equation_symbolic_punct,symbolic_suffix_after_marker,abstain,,"[""",{>$[,False,False,False,{>|$[,3,0,0,markers=''; unique_prediction_count=0,v350_v278_symbolic_dsl
a77be9fa,equation_symbolic_punct,symbolic_prefix_before_last_marker,abstain,,"[""",{>$[,False,False,False,{>|$[,3,0,0,markers=''; unique_prediction_count=0,v350_v278_symbolic_dsl
a77be9fa,equation_symbolic_punct,symbolic_suffix_after_last_marker,abstain,,"[""",{>$[,False,False,False,{>|$[,3,0,0,markers=''; unique_prediction_count=0,v350_v278_symbolic_dsl
a77be9fa,equation_symbolic_punct,symbolic_remove_first_marker,abstain,,"[""",{>$[,False,False,False,{>|$[,3,0,0,markers=''; unique_prediction_count=0,v350_v278_symbolic_dsl
a77be9fa,equation_symbolic_punct,symbolic_position_template,abstain,,"[""",{>$[,False,False,False,{>|$[,3,0,0,nonuniform_rhs_lengths,v350_v278_symbolic_dsl
a77be9fa,equation_symbolic_punct,symbolic_operator_index_template,abstain,,"[""",{>$[,False,False,False,{>|$[,3,0,0,programs=; unique_prediction_count=0,v350_v278_symbolic_dsl
a77be9fa,equation_symbolic_punct,symbolic_variable_operator_drop_operator,abstain,,"[""",{>$[,False,False,False,{>|$[,3,0,0,one_or_more_examples_have_no_matching_split; split_counts=0,v350_v324_variable_operator
a77be9fa,equation_symbolic_punct,symbolic_variable_operator_reverse_drop_operator,abstain,,"[""",{>$[,False,False,False,{>|$[,3,0,0,one_or_more_examples_have_no_matching_split; split_counts=0,v350_v324_variable_operator
a77be9fa,equation_symbolic_punct,symbolic_variable_operator_left_only,abstain,,"[""",{>$[,False,False,False,{>|$[,3,0,0,one_or_more_examples_have_no_matching_split; split_counts=0,v350_v324_variable_operator
a77be9fa,equation_symbolic_punct,symbolic_variable_operator_right_only,abstain,,"[""",{>$[,False,False,False,{>|$[,3,0,0,one_or_more_examples_have_no_matching_split; split_counts=0,v350_v324_variable_operator
a77be9fa,equation_symbolic_punct,symbolic_variable_operator_right_left,abstain,,"[""",{>$[,False,False,False,{>|$[,3,0,0,one_or_more_examples_have_no_matching_split; split_counts=0,v350_v324_variable_operator
a77be9fa,equation_symbolic_punct,symbolic_variable_operator_left_reverse_right,abstain,,"[""",{>$[,False,False,False,{>|$[,3,0,0,one_or_more_examples_have_no_matching_split; split_counts=0,v350_v324_variable_operator
a77be9fa,equation_symbolic_punct,symbolic_variable_operator_reverse_left_right,abstain,,"[""",{>$[,False,False,False,{>|$[,3,0,0,one_or_more_examples_have_no_matching_split; split_counts=0,v350_v324_variable_operator
a77be9fa,equation_symbolic_punct,symbolic_variable_operator_right_reverse_left,abstain,,"[""",{>$[,False,False,False,{>|$[,3,0,0,one_or_more_examples_have_no_matching_split; split_counts=0,v350_v324_variable_operator
a77be9fa,equation_symbolic_punct,symbolic_variable_operator_reverse_right_left,abstain,,"[""",{>$[,False,False,False,{>|$[,3,0,0,one_or_more_examples_have_no_matching_split; split_counts=0,v350_v324_variable_operator
a77be9fa,equation_symbolic_punct,symbolic_variable_operator_operator_between_reversed,abstain,,"[""",{>$[,False,False,False,{>|$[,3,0,0,one_or_more_examples_have_no_matching_split; split_counts=0,v350_v324_variable_operator
a77be9fa,equation_symbolic_punct,symbolic_cryptarithm_operator_digits,abstain,,"[""",{>$[,False,False,False,{>|$[,3,0,0,no_operator_digit_solution,v350_v329_symbolic_cryptarithm
4ed6b56f,equation_symbolic_punct,symbolic_char_transducer,abstain,,"(""/""",!:`(,False,False,False,!:*`(,4,0,0,no_global_mapping,v350_v278_symbolic_dsl
4ed6b56f,equation_symbolic_punct,symbolic_delete_selected_chars,abstain,,"(""/""",!:`(,False,False,False,!:*`(,4,0,0,delete_char_sets=; unique_prediction_count=0,v350_v278_symbolic_dsl
4ed6b56f,equation_symbolic_punct,symbolic_keep_selected_chars,abstain,,"(""/""",!:`(,False,False,False,!:*`(,4,0,0,keep_char_sets=; unique_prediction_count=0,v350_v278_symbolic_dsl
4ed6b56f,equation_symbolic_punct,symbolic_prefix_until_marker,abstain,,"(""/""",!:`(,False,False,False,!:*`(,4,0,0,markers=''; unique_prediction_count=0,v350_v278_symbolic_dsl
4ed6b56f,equation_symbolic_punct,symbolic_suffix_after_marker,abstain,,"(""/""",!:`(,False,False,False,!:*`(,4,0,0,markers=''; unique_prediction_count=0,v350_v278_symbolic_dsl
4ed6b56f,equation_symbolic_punct,symbolic_prefix_before_last_marker,abstain,,"(""/""",!:`(,False,False,False,!:*`(,4,0,0,markers=''; unique_prediction_count=0,v350_v278_symbolic_dsl
4ed6b56f,equation_symbolic_punct,symbolic_suffix_after_last_marker,abstain,,"(""/""",!:`(,False,False,False,!:*`(,4,0,0,markers=''; unique_prediction_count=0,v350_v278_symbolic_dsl
4ed6b56f,equation_symbolic_punct,symbolic_remove_first_marker,abstain,,"(""/""",!:`(,False,False,False,!:*`(,4,0,0,markers=''; unique_prediction_count=0,v350_v278_symbolic_dsl
4ed6b56f,equation_symbolic_punct,symbolic_position_template,abstain,,"(""/""",!:`(,False,False,False,!:*`(,4,0,0,nonuniform_rhs_lengths,v350_v278_symbolic_dsl
4ed6b56f,equation_symbolic_punct,symbolic_operator_index_template,abstain,,"(""/""",!:`(,False,False,False,!:*`(,4,0,0,programs=; unique_prediction_count=0,v350_v278_symbolic_dsl
4ed6b56f,equation_symbolic_punct,symbolic_variable_operator_drop_operator,abstain,,"(""/""",!:`(,False,False,False,!:*`(,4,0,0,one_or_more_examples_have_no_matching_split; split_counts=0,v350_v324_variable_operator
4ed6b56f,equation_symbolic_punct,symbolic_variable_operator_reverse_drop_operator,abstain,,"(""/""",!:`(,False,False,False,!:*`(,4,0,0,one_or_more_examples_have_no_matching_split; split_counts=0,v350_v324_variable_operator
4ed6b56f,equation_symbolic_punct,symbolic_variable_operator_left_only,abstain,,"(""/""",!:`(,False,False,False,!:*`(,4,0,0,one_or_more_examples_have_no_matching_split; split_counts=0,v350_v324_variable_operator
4ed6b56f,equation_symbolic_punct,symbolic_variable_operator_right_only,abstain,,"(""/""",!:`(,False,False,False,!:*`(,4,0,0,one_or_more_examples_have_no_matching_split; split_counts=0,v350_v324_variable_operator
4ed6b56f,equation_symbolic_punct,symbolic_variable_operator_right_left,abstain,,"(""/""",!:`(,False,False,False,!:*`(,4,0,0,one_or_more_examples_have_no_matching_split; split_counts=0,v350_v324_variable_operator
4ed6b56f,equation_symbolic_punct,symbolic_variable_operator_left_reverse_right,abstain,,"(""/""",!:`(,False,False,False,!:*`(,4,0,0,one_or_more_examples_have_no_matching_split; split_counts=0,v350_v324_variable_operator
4ed6b56f,equation_symbolic_punct,symbolic_variable_operator_reverse_left_right,abstain,,"(""/""",!:`(,False,False,False,!:*`(,4,0,0,one_or_more_examples_have_no_matching_split; split_counts=0,v350_v324_variable_operator
4ed6b56f,equation_symbolic_punct,symbolic_variable_operator_right_reverse_left,abstain,,"(""/""",!:`(,False,False,False,!:*`(,4,0,0,one_or_more_examples_have_no_matching_split; split_counts=0,v350_v324_variable_operator
4ed6b56f,equation_symbolic_punct,symbolic_variable_operator_reverse_right_left,abstain,,"(""/""",!:`(,False,False,False,!:*`(,4,0,0,one_or_more_examples_have_no_matching_split; split_counts=0,v350_v324_variable_operator
4ed6b56f,equation_symbolic_punct,symbolic_variable_operator_operator_between_reversed,abstain,,"(""/""",!:`(,False,False,False,!:*`(,4,0,0,one_or_more_examples_have_no_matching_split; split_counts=0,v350_v324_variable_operator
4ed6b56f,equation_symbolic_punct,symbolic_cryptarithm_operator_digits,abstain,,"(""/""",!:`(,False,False,False,!:*`(,4,0,0,no_operator_digit_solution,v350_v329_symbolic_cryptarithm
208d7838,equation_symbolic_punct,symbolic_char_transducer,abstain,,[:,[&<>,False,False,False,[&-<>,5,0,0,no_pair_mapping,v350_v278_symbolic_dsl
208d7838,equation_symbolic_punct,symbolic_delete_selected_chars,abstain,,[:,[&<>,False,False,False,[&-<>,5,0,0,delete_char_sets=; unique_prediction_count=0,v350_v278_symbolic_dsl
208d7838,equation_symbolic_punct,symbolic_keep_selected_chars,abstain,,[:,[&<>,False,False,False,[&-<>,5,0,0,keep_char_sets=; unique_prediction_count=0,v350_v278_symbolic_dsl
208d7838,equation_symbolic_punct,symbolic_prefix_until_marker,abstain,,[:,[&<>,False,False,False,[&-<>,5,0,0,markers=''; unique_prediction_count=0,v350_v278_symbolic_dsl
208d7838,equation_symbolic_punct,symbolic_suffix_after_marker,abstain,,[:,[&<>,False,False,False,[&-<>,5,0,0,markers=''; unique_prediction_count=0,v350_v278_symbolic_dsl
208d7838,equation_symbolic_punct,symbolic_prefix_before_last_marker,abstain,,[:,[&<>,False,False,False,[&-<>,5,0,0,markers=''; unique_prediction_count=0,v350_v278_symbolic_dsl
208d7838,equation_symbolic_punct,symbolic_suffix_after_last_marker,abstain,,[:,[&<>,False,False,False,[&-<>,5,0,0,markers=''; unique_prediction_count=0,v350_v278_symbolic_dsl
208d7838,equation_symbolic_punct,symbolic_remove_first_marker,abstain,,[:,[&<>,False,False,False,[&-<>,5,0,0,markers=''; unique_prediction_count=0,v350_v278_symbolic_dsl
208d7838,equation_symbolic_punct,symbolic_position_template,abstain,,[:,[&<>,False,False,False,[&-<>,5,0,0,nonuniform_rhs_lengths,v350_v278_symbolic_dsl
208d7838,equation_symbolic_punct,symbolic_operator_index_template,abstain,,[:,[&<>,False,False,False,[&-<>,5,0,0,programs=; unique_prediction_count=0,v350_v278_symbolic_dsl
208d7838,equation_symbolic_punct,symbolic_variable_operator_drop_operator,abstain,,[:,[&<>,False,False,False,[&-<>,5,0,0,one_or_more_examples_have_no_matching_split; split_counts=0,v350_v324_variable_operator
208d7838,equation_symbolic_punct,symbolic_variable_operator_reverse_drop_operator,abstain,,[:,[&<>,False,False,False,[&-<>,5,0,0,one_or_more_examples_have_no_matching_split; split_counts=0,v350_v324_variable_operator
208d7838,equation_symbolic_punct,symbolic_variable_operator_left_only,abstain,,[:,[&<>,False,False,False,[&-<>,5,0,0,one_or_more_examples_have_no_matching_split; split_counts=0,v350_v324_variable_operator
208d7838,equation_symbolic_punct,symbolic_variable_operator_right_only,abstain,,[:,[&<>,False,False,False,[&-<>,5,0,0,one_or_more_examples_have_no_matching_split; split_counts=0,v350_v324_variable_operator
208d7838,equation_symbolic_punct,symbolic_variable_operator_right_left,abstain,,[:,[&<>,False,False,False,[&-<>,5,0,0,one_or_more_examples_have_no_matching_split; split_counts=0,v350_v324_variable_operator
208d7838,equation_symbolic_punct,symbolic_variable_operator_left_reverse_right,abstain,,[:,[&<>,False,False,False,[&-<>,5,0,0,one_or_more_examples_have_no_matching_split; split_counts=0,v350_v324_variable_operator
208d7838,equation_symbolic_punct,symbolic_variable_operator_reverse_left_right,abstain,,[:,[&<>,False,False,False,[&-<>,5,0,0,one_or_more_examples_have_no_matching_split; split_counts=0,v350_v324_variable_operator
208d7838,equation_symbolic_punct,symbolic_variable_operator_right_reverse_left,abstain,,[:,[&<>,False,False,False,[&-<>,5,0,0,one_or_more_examples_have_no_matching_split; split_counts=0,v350_v324_variable_operator
208d7838,equation_symbolic_punct,symbolic_variable_operator_reverse_right_left,abstain,,[:,[&<>,False,False,False,[&-<>,5,0,0,one_or_more_examples_have_no_matching_split; split_counts=0,v350_v324_variable_operator
208d7838,equation_symbolic_punct,symbolic_variable_operator_operator_between_reversed,abstain,,[:,[&<>,False,False,False,[&-<>,5,0,0,one_or_more_examples_have_no_matching_split; split_counts=0,v350_v324_variable_operator
208d7838,equation_symbolic_punct,symbolic_cryptarithm_operator_digits,abstain,,[:,[&<>,False,False,False,[&-<>,5,0,0,no_operator_digit_solution,v350_v329_symbolic_cryptarithm
58c099d2,equation_symbolic_punct,symbolic_char_transducer,abstain,,-)\,^!#\,False,False,False,^!-#\,3,0,0,no_global_mapping,v350_v278_symbolic_dsl
58c099d2,equation_symbolic_punct,symbolic_delete_selected_chars,abstain,,-)\,^!#\,False,False,False,^!-#\,3,0,0,delete_char_sets=; unique_prediction_count=0,v350_v278_symbolic_dsl
58c099d2,equation_symbolic_punct,symbolic_keep_selected_chars,abstain,,-)\,^!#\,False,False,False,^!-#\,3,0,0,keep_char_sets=; unique_prediction_count=0,v350_v278_symbolic_dsl
58c099d2,equation_symbolic_punct,symbolic_prefix_until_marker,abstain,,-)\,^!#\,False,False,False,^!-#\,3,0,0,markers=''; unique_prediction_count=0,v350_v278_symbolic_dsl
58c099d2,equation_symbolic_punct,symbolic_suffix_after_marker,abstain,,-)\,^!#\,False,False,False,^!-#\,3,0,0,markers=''; unique_prediction_count=0,v350_v278_symbolic_dsl
58c099d2,equation_symbolic_punct,symbolic_prefix_before_last_marker,abstain,,-)\,^!#\,False,False,False,^!-#\,3,0,0,markers=''; unique_prediction_count=0,v350_v278_symbolic_dsl
58c099d2,equation_symbolic_punct,symbolic_suffix_after_last_marker,abstain,,-)\,^!#\,False,False,False,^!-#\,3,0,0,markers=''; unique_prediction_count=0,v350_v278_symbolic_dsl
58c099d2,equation_symbolic_punct,symbolic_remove_first_marker,abstain,,-)\,^!#\,False,False,False,^!-#\,3,0,0,markers=''; unique_prediction_count=0,v350_v278_symbolic_dsl
58c099d2,equation_symbolic_punct,symbolic_position_template,abstain,,-)\,^!#\,False,False,False,^!-#\,3,0,0,nonuniform_rhs_lengths,v350_v278_symbolic_dsl
58c099d2,equation_symbolic_punct,symbolic_operator_index_template,abstain,,-)\,^!#\,False,False,False,^!-#\,3,0,0,programs=; unique_prediction_count=0,v350_v278_symbolic_dsl
58c099d2,equation_symbolic_punct,symbolic_variable_operator_drop_operator,abstain,,-)\,^!#\,False,False,False,^!-#\,3,0,0,one_or_more_examples_have_no_matching_split; split_counts=0,v350_v324_variable_operator
58c099d2,equation_symbolic_punct,symbolic_variable_operator_reverse_drop_operator,abstain,,-)\,^!#\,False,False,False,^!-#\,3,0,0,one_or_more_examples_have_no_matching_split; split_counts=0,v350_v324_variable_operator
58c099d2,equation_symbolic_punct,symbolic_variable_operator_left_only,abstain,,-)\,^!#\,False,False,False,^!-#\,3,0,0,one_or_more_examples_have_no_matching_split; split_counts=0,v350_v324_variable_operator
58c099d2,equation_symbolic_punct,symbolic_variable_operator_right_only,abstain,,-)\,^!#\,False,False,False,^!-#\,3,0,0,one_or_more_examples_have_no_matching_split; split_counts=0,v350_v324_variable_operator
58c099d2,equation_symbolic_punct,symbolic_variable_operator_right_left,abstain,,-)\,^!#\,False,False,False,^!-#\,3,0,0,one_or_more_examples_have_no_matching_split; split_counts=0,v350_v324_variable_operator
58c099d2,equation_symbolic_punct,symbolic_variable_operator_left_reverse_right,abstain,,-)\,^!#\,False,False,False,^!-#\,3,0,0,one_or_more_examples_have_no_matching_split; split_counts=0,v350_v324_variable_operator
58c099d2,equation_symbolic_punct,symbolic_variable_operator_reverse_left_right,abstain,,-)\,^!#\,False,False,False,^!-#\,3,0,0,one_or_more_examples_have_no_matching_split; split_counts=0,v350_v324_variable_operator
58c099d2,equation_symbolic_punct,symbolic_variable_operator_right_reverse_left,abstain,,-)\,^!#\,False,False,False,^!-#\,3,0,0,one_or_more_examples_have_no_matching_split; split_counts=0,v350_v324_variable_operator
58c099d2,equation_symbolic_punct,symbolic_variable_operator_reverse_right_left,abstain,,-)\,^!#\,False,False,False,^!-#\,3,0,0,one_or_more_examples_have_no_matching_split; split_counts=0,v350_v324_variable_operator
58c099d2,equation_symbolic_punct,symbolic_variable_operator_operator_between_reversed,abstain,,-)\,^!#\,False,False,False,^!-#\,3,0,0,one_or_more_examples_have_no_matching_split; split_counts=0,v350_v324_variable_operator
58c099d2,equation_symbolic_punct,symbolic_cryptarithm_operator_digits,abstain,,-)\,^!#\,False,False,False,^!-#\,3,0,0,no_operator_digit_solution,v350_v329_symbolic_cryptarithm
3cb3fd89,equation_symbolic_punct,symbolic_char_transducer,abstain,,[[&],]$$),False,False,False,]$*$),4,0,0,no_pair_mapping,v350_v278_symbolic_dsl
3cb3fd89,equation_symbolic_punct,symbolic_delete_selected_chars,abstain,,[[&],]$$),False,False,False,]$*$),4,0,0,delete_char_sets=; unique_prediction_count=0,v350_v278_symbolic_dsl
3cb3fd89,equation_symbolic_punct,symbolic_keep_selected_chars,abstain,,[[&],]$$),False,False,False,]$*$),4,0,0,keep_char_sets=; unique_prediction_count=0,v350_v278_symbolic_dsl
3cb3fd89,equation_symbolic_punct,symbolic_prefix_until_marker,abstain,,[[&],]$$),False,False,False,]$*$),4,0,0,markers=''; unique_prediction_count=0,v350_v278_symbolic_dsl
3cb3fd89,equation_symbolic_punct,symbolic_suffix_after_marker,abstain,,[[&],]$$),False,False,False,]$*$),4,0,0,markers=''; unique_prediction_count=0,v350_v278_symbolic_dsl
3cb3fd89,equation_symbolic_punct,symbolic_prefix_before_last_marker,abstain,,[[&],]$$),False,False,False,]$*$),4,0,0,markers=''; unique_prediction_count=0,v350_v278_symbolic_dsl
3cb3fd89,equation_symbolic_punct,symbolic_suffix_after_last_marker,abstain,,[[&],]$$),False,False,False,]$*$),4,0,0,markers=''; unique_prediction_count=0,v350_v278_symbolic_dsl
3cb3fd89,equation_symbolic_punct,symbolic_remove_first_marker,abstain,,[[&],]$$),False,False,False,]$*$),4,0,0,markers=''; unique_prediction_count=0,v350_v278_symbolic_dsl
3cb3fd89,equation_symbolic_punct,symbolic_position_template,abstain,,[[&],]$$),False,False,False,]$*$),4,0,0,nonuniform_rhs_lengths,v350_v278_symbolic_dsl
3cb3fd89,equation_symbolic_punct,symbolic_operator_index_template,abstain,,[[&],]$$),False,False,False,]$*$),4,0,0,programs=; unique_prediction_count=0,v350_v278_symbolic_dsl
3cb3fd89,equation_symbolic_punct,symbolic_variable_operator_drop_operator,abstain,,[[&],]$$),False,False,False,]$*$),4,0,0,one_or_more_examples_have_no_matching_split; split_counts=0,v350_v324_variable_operator
3cb3fd89,equation_symbolic_punct,symbolic_variable_operator_reverse_drop_operator,abstain,,[[&],]$$),False,False,False,]$*$),4,0,0,one_or_more_examples_have_no_matching_split; split_counts=0,v350_v324_variable_operator
3cb3fd89,equation_symbolic_punct,symbolic_variable_operator_left_only,abstain,,[[&],]$$),False,False,False,]$*$),4,0,0,one_or_more_examples_have_no_matching_split; split_counts=0,v350_v324_variable_operator
3cb3fd89,equation_symbolic_punct,symbolic_variable_operator_right_only,abstain,,[[&],]$$),False,False,False,]$*$),4,0,0,one_or_more_examples_have_no_matching_split; split_counts=0,v350_v324_variable_operator
3cb3fd89,equation_symbolic_punct,symbolic_variable_operator_right_left,abstain,,[[&],]$$),False,False,False,]$*$),4,0,0,one_or_more_examples_have_no_matching_split; split_counts=0,v350_v324_variable_operator
3cb3fd89,equation_symbolic_punct,symbolic_variable_operator_left_reverse_right,abstain,,[[&],]$$),False,False,False,]$*$),4,0,0,one_or_more_examples_have_no_matching_split; split_counts=0,v350_v324_variable_operator
3cb3fd89,equation_symbolic_punct,symbolic_variable_operator_reverse_left_right,abstain,,[[&],]$$),False,False,False,]$*$),4,0,0,one_or_more_examples_have_no_matching_split; split_counts=0,v350_v324_variable_operator
3cb3fd89,equation_symbolic_punct,symbolic_variable_operator_right_reverse_left,abstain,,[[&],]$$),False,False,False,]$*$),4,0,0,one_or_more_examples_have_no_matching_split; split_counts=0,v350_v324_variable_operator
3cb3fd89,equation_symbolic_punct,symbolic_variable_operator_reverse_right_left,abstain,,[[&],]$$),False,False,False,]$*$),4,0,0,one_or_more_examples_have_no_matching_split; split_counts=0,v350_v324_variable_operator
3cb3fd89,equation_symbolic_punct,symbolic_variable_operator_operator_between_reversed,abstain,,[[&],]$$),False,False,False,]$*$),4,0,0,one_or_more_examples_have_no_matching_split; split_counts=0,v350_v324_variable_operator
3cb3fd89,equation_symbolic_punct,symbolic_cryptarithm_operator_digits,abstain,,[[&],]$$),False,False,False,]$*$),4,0,0,no_operator_digit_solution,v350_v329_symbolic_cryptarithm
a26065d4,equation_symbolic_punct,symbolic_char_transducer,abstain,,<',<&<#,False,False,False,<&+<#,5,0,0,no_global_mapping,v350_v278_symbolic_dsl
a26065d4,equation_symbolic_punct,symbolic_delete_selected_chars,abstain,,<',<&<#,False,False,False,<&+<#,5,0,0,delete_char_sets=; unique_prediction_count=0,v350_v278_symbolic_dsl
a26065d4,equation_symbolic_punct,symbolic_keep_selected_chars,abstain,,<',<&<#,False,False,False,<&+<#,5,0,0,keep_char_sets=; unique_prediction_count=0,v350_v278_symbolic_dsl
a26065d4,equation_symbolic_punct,symbolic_prefix_until_marker,abstain,,<',<&<#,False,False,False,<&+<#,5,0,0,markers=''; unique_prediction_count=0,v350_v278_symbolic_dsl
a26065d4,equation_symbolic_punct,symbolic_suffix_after_marker,abstain,,<',<&<#,False,False,False,<&+<#,5,0,0,markers=''; unique_prediction_count=0,v350_v278_symbolic_dsl
a26065d4,equation_symbolic_punct,symbolic_prefix_before_last_marker,abstain,,<',<&<#,False,False,False,<&+<#,5,0,0,markers=''; unique_prediction_count=0,v350_v278_symbolic_dsl
a26065d4,equation_symbolic_punct,symbolic_suffix_after_last_marker,abstain,,<',<&<#,False,False,False,<&+<#,5,0,0,markers=''; unique_prediction_count=0,v350_v278_symbolic_dsl
a26065d4,equation_symbolic_punct,symbolic_remove_first_marker,abstain,,<',<&<#,False,False,False,<&+<#,5,0,0,markers=''; unique_prediction_count=0,v350_v278_symbolic_dsl
a26065d4,equation_symbolic_punct,symbolic_position_template,abstain,,<',<&<#,False,False,False,<&+<#,5,0,0,nonuniform_rhs_lengths,v350_v278_symbolic_dsl
a26065d4,equation_symbolic_punct,symbolic_operator_index_template,abstain,,<',<&<#,False,False,False,<&+<#,5,0,0,programs=; unique_prediction_count=0,v350_v278_symbolic_dsl
a26065d4,equation_symbolic_punct,symbolic_variable_operator_drop_operator,abstain,,<',<&<#,False,False,False,<&+<#,5,0,0,one_or_more_examples_have_no_matching_split; split_counts=0,v350_v324_variable_operator
a26065d4,equation_symbolic_punct,symbolic_variable_operator_reverse_drop_operator,abstain,,<',<&<#,False,False,False,<&+<#,5,0,0,one_or_more_examples_have_no_matching_split; split_counts=0,v350_v324_variable_operator
a26065d4,equation_symbolic_punct,symbolic_variable_operator_left_only,abstain,,<',<&<#,False,False,False,<&+<#,5,0,0,one_or_more_examples_have_no_matching_split; split_counts=0,v350_v324_variable_operator
a26065d4,equation_symbolic_punct,symbolic_variable_operator_right_only,abstain,,<',<&<#,False,False,False,<&+<#,5,0,0,one_or_more_examples_have_no_matching_split; split_counts=0,v350_v324_variable_operator
a26065d4,equation_symbolic_punct,symbolic_variable_operator_right_left,abstain,,<',<&<#,False,False,False,<&+<#,5,0,0,one_or_more_examples_have_no_matching_split; split_counts=0,v350_v324_variable_operator
a26065d4,equation_symbolic_punct,symbolic_variable_operator_left_reverse_right,abstain,,<',<&<#,False,False,False,<&+<#,5,0,0,one_or_more_examples_have_no_matching_split; split_counts=0,v350_v324_variable_operator
a26065d4,equation_symbolic_punct,symbolic_variable_operator_reverse_left_right,abstain,,<',<&<#,False,False,False,<&+<#,5,0,0,one_or_more_examples_have_no_matching_split; split_counts=0,v350_v324_variable_operator
a26065d4,equation_symbolic_punct,symbolic_variable_operator_right_reverse_left,abstain,,<',<&<#,False,False,False,<&+<#,5,0,0,one_or_more_examples_have_no_matching_split; split_counts=0,v350_v324_variable_operator
a26065d4,equation_symbolic_punct,symbolic_variable_operator_reverse_right_left,abstain,,<',<&<#,False,False,False,<&+<#,5,0,0,one_or_more_examples_have_no_matching_split; split_counts=0,v350_v324_variable_operator
a26065d4,equation_symbolic_punct,symbolic_variable_operator_operator_between_reversed,abstain,,<',<&<#,False,False,False,<&+<#,5,0,0,one_or_more_examples_have_no_matching_split; split_counts=0,v350_v324_variable_operator
a26065d4,equation_symbolic_punct,symbolic_cryptarithm_operator_digits,abstain,,<',<&<#,False,False,False,<&+<#,5,0,0,no_operator_digit_solution,v350_v329_symbolic_cryptarithm
194695e8,equation_symbolic_punct,symbolic_char_transducer,abstain,,%,!\{<,False,False,False,!\-{<,3,0,0,no_pair_mapping,v350_v278_symbolic_dsl
194695e8,equation_symbolic_punct,symbolic_delete_selected_chars,abstain,,%,!\{<,False,False,False,!\-{<,3,0,0,delete_char_sets=; unique_prediction_count=0,v350_v278_symbolic_dsl
194695e8,equation_symbolic_punct,symbolic_keep_selected_chars,abstain,,%,!\{<,False,False,False,!\-{<,3,0,0,keep_char_sets=; unique_prediction_count=0,v350_v278_symbolic_dsl
194695e8,equation_symbolic_punct,symbolic_prefix_until_marker,abstain,,%,!\{<,False,False,False,!\-{<,3,0,0,markers=''; unique_prediction_count=0,v350_v278_symbolic_dsl
194695e8,equation_symbolic_punct,symbolic_suffix_after_marker,abstain,,%,!\{<,False,False,False,!\-{<,3,0,0,markers=''; unique_prediction_count=0,v350_v278_symbolic_dsl
194695e8,equation_symbolic_punct,symbolic_prefix_before_last_marker,abstain,,%,!\{<,False,False,False,!\-{<,3,0,0,markers=''; unique_prediction_count=0,v350_v278_symbolic_dsl
194695e8,equation_symbolic_punct,symbolic_suffix_after_last_marker,abstain,,%,!\{<,False,False,False,!\-{<,3,0,0,markers=''; unique_prediction_count=0,v350_v278_symbolic_dsl
194695e8,equation_symbolic_punct,symbolic_remove_first_marker,abstain,,%,!\{<,False,False,False,!\-{<,3,0,0,markers=''; unique_prediction_count=0,v350_v278_symbolic_dsl
194695e8,equation_symbolic_punct,symbolic_position_template,abstain,,%,!\{<,False,False,False,!\-{<,3,0,0,nonuniform_rhs_lengths,v350_v278_symbolic_dsl
194695e8,equation_symbolic_punct,symbolic_operator_index_template,abstain,,%,!\{<,False,False,False,!\-{<,3,0,0,programs=; unique_prediction_count=0,v350_v278_symbolic_dsl
194695e8,equation_symbolic_punct,symbolic_variable_operator_drop_operator,abstain,,%,!\{<,False,False,False,!\-{<,3,0,0,one_or_more_examples_have_no_matching_split; split_counts=0,v350_v324_variable_operator
194695e8,equation_symbolic_punct,symbolic_variable_operator_reverse_drop_operator,abstain,,%,!\{<,False,False,False,!\-{<,3,0,0,one_or_more_examples_have_no_matching_split; split_counts=0,v350_v324_variable_operator
194695e8,equation_symbolic_punct,symbolic_variable_operator_left_only,abstain,,%,!\{<,False,False,False,!\-{<,3,0,0,one_or_more_examples_have_no_matching_split; split_counts=0,v350_v324_variable_operator
194695e8,equation_symbolic_punct,symbolic_variable_operator_right_only,abstain,,%,!\{<,False,False,False,!\-{<,3,0,0,one_or_more_examples_have_no_matching_split; split_counts=0,v350_v324_variable_operator
194695e8,equation_symbolic_punct,symbolic_variable_operator_right_left,abstain,,%,!\{<,False,False,False,!\-{<,3,0,0,one_or_more_examples_have_no_matching_split; split_counts=0,v350_v324_variable_operator
194695e8,equation_symbolic_punct,symbolic_variable_operator_left_reverse_right,abstain,,%,!\{<,False,False,False,!\-{<,3,0,0,one_or_more_examples_have_no_matching_split; split_counts=0,v350_v324_variable_operator
194695e8,equation_symbolic_punct,symbolic_variable_operator_reverse_left_right,abstain,,%,!\{<,False,False,False,!\-{<,3,0,0,one_or_more_examples_have_no_matching_split; split_counts=0,v350_v324_variable_operator
194695e8,equation_symbolic_punct,symbolic_variable_operator_right_reverse_left,abstain,,%,!\{<,False,False,False,!\-{<,3,0,0,one_or_more_examples_have_no_matching_split; split_counts=0,v350_v324_variable_operator
194695e8,equation_symbolic_punct,symbolic_variable_operator_reverse_right_left,abstain,,%,!\{<,False,False,False,!\-{<,3,0,0,one_or_more_examples_have_no_matching_split; split_counts=0,v350_v324_variable_operator
194695e8,equation_symbolic_punct,symbolic_variable_operator_operator_between_reversed,abstain,,%,!\{<,False,False,False,!\-{<,3,0,0,one_or_more_examples_have_no_matching_split; split_counts=0,v350_v324_variable_operator
194695e8,equation_symbolic_punct,symbolic_cryptarithm_multi_operator_digits_abs_diff,candidate,{<,%,!\{<,False,True,False,!\-{<,3,1,1,"ops={""*"": ""mul"", ""-"": ""abs_diff""}; map={""!"": 3, ""$"": 7, ""%"": 0, ""<"": 8, ""\\"": 6, ""]"": 5, ""{"": 1, ""|"": 2}",v350_v329_symbolic_cryptarithm
57712d01,equation_symbolic_punct,symbolic_char_transducer,abstain,,-/<,$/'{,False,False,False,$/-'{,5,0,0,no_global_mapping,v350_v278_symbolic_dsl
57712d01,equation_symbolic_punct,symbolic_delete_selected_chars,abstain,,-/<,$/'{,False,False,False,$/-'{,5,0,0,delete_char_sets=; unique_prediction_count=0,v350_v278_symbolic_dsl
57712d01,equation_symbolic_punct,symbolic_keep_selected_chars,abstain,,-/<,$/'{,False,False,False,$/-'{,5,0,0,keep_char_sets=; unique_prediction_count=0,v350_v278_symbolic_dsl
57712d01,equation_symbolic_punct,symbolic_prefix_until_marker,abstain,,-/<,$/'{,False,False,False,$/-'{,5,0,0,markers=''; unique_prediction_count=0,v350_v278_symbolic_dsl
57712d01,equation_symbolic_punct,symbolic_suffix_after_marker,abstain,,-/<,$/'{,False,False,False,$/-'{,5,0,0,markers=''; unique_prediction_count=0,v350_v278_symbolic_dsl
57712d01,equation_symbolic_punct,symbolic_prefix_before_last_marker,abstain,,-/<,$/'{,False,False,False,$/-'{,5,0,0,markers=''; unique_prediction_count=0,v350_v278_symbolic_dsl
57712d01,equation_symbolic_punct,symbolic_suffix_after_last_marker,abstain,,-/<,$/'{,False,False,False,$/-'{,5,0,0,markers=''; unique_prediction_count=0,v350_v278_symbolic_dsl
57712d01,equation_symbolic_punct,symbolic_remove_first_marker,abstain,,-/<,$/'{,False,False,False,$/-'{,5,0,0,markers=''; unique_prediction_count=0,v350_v278_symbolic_dsl
57712d01,equation_symbolic_punct,symbolic_position_template,abstain,,-/<,$/'{,False,False,False,$/-'{,5,0,0,nonuniform_rhs_lengths,v350_v278_symbolic_dsl
57712d01,equation_symbolic_punct,symbolic_operator_index_template,abstain,,-/<,$/'{,False,False,False,$/-'{,5,0,0,programs=; unique_prediction_count=0,v350_v278_symbolic_dsl
57712d01,equation_symbolic_punct,symbolic_variable_operator_drop_operator,abstain,,-/<,$/'{,False,False,False,$/-'{,5,0,0,one_or_more_examples_have_no_matching_split; split_counts=0,v350_v324_variable_operator
57712d01,equation_symbolic_punct,symbolic_variable_operator_reverse_drop_operator,abstain,,-/<,$/'{,False,False,False,$/-'{,5,0,0,one_or_more_examples_have_no_matching_split; split_counts=0,v350_v324_variable_operator
57712d01,equation_symbolic_punct,symbolic_variable_operator_left_only,abstain,,-/<,$/'{,False,False,False,$/-'{,5,0,0,one_or_more_examples_have_no_matching_split; split_counts=0,v350_v324_variable_operator
57712d01,equation_symbolic_punct,symbolic_variable_operator_right_only,abstain,,-/<,$/'{,False,False,False,$/-'{,5,0,0,one_or_more_examples_have_no_matching_split; split_counts=0,v350_v324_variable_operator
57712d01,equation_symbolic_punct,symbolic_variable_operator_right_left,abstain,,-/<,$/'{,False,False,False,$/-'{,5,0,0,one_or_more_examples_have_no_matching_split; split_counts=0,v350_v324_variable_operator
57712d01,equation_symbolic_punct,symbolic_variable_operator_left_reverse_right,abstain,,-/<,$/'{,False,False,False,$/-'{,5,0,0,one_or_more_examples_have_no_matching_split; split_counts=0,v350_v324_variable_operator
57712d01,equation_symbolic_punct,symbolic_variable_operator_reverse_left_right,abstain,,-/<,$/'{,False,False,False,$/-'{,5,0,0,one_or_more_examples_have_no_matching_split; split_counts=0,v350_v324_variable_operator
57712d01,equation_symbolic_punct,symbolic_variable_operator_right_reverse_left,abstain,,-/<,$/'{,False,False,False,$/-'{,5,0,0,one_or_more_examples_have_no_matching_split; split_counts=0,v350_v324_variable_operator
57712d01,equation_symbolic_punct,symbolic_variable_operator_reverse_right_left,abstain,,-/<,$/'{,False,False,False,$/-'{,5,0,0,one_or_more_examples_have_no_matching_split; split_counts=0,v350_v324_variable_operator
57712d01,equation_symbolic_punct,symbolic_variable_operator_operator_between_reversed,abstain,,-/<,$/'{,False,False,False,$/-'{,5,0,0,one_or_more_examples_have_no_matching_split; split_counts=0,v350_v324_variable_operator
57712d01,equation_symbolic_punct,symbolic_cryptarithm_operator_digits,abstain,,-/<,$/'{,False,False,False,$/-'{,5,0,0,no_operator_digit_solution,v350_v329_symbolic_cryptarithm
d98d85c0,equation_symbolic_punct,symbolic_char_transducer,abstain,,?(&@,(@@?,False,False,False,(@+@?,3,0,0,no_global_mapping,v350_v278_symbolic_dsl
d98d85c0,equation_symbolic_punct,symbolic_delete_selected_chars,abstain,,?(&@,(@@?,False,False,False,(@+@?,3,0,0,delete_char_sets=; unique_prediction_count=0,v350_v278_symbolic_dsl
d98d85c0,equation_symbolic_punct,symbolic_keep_selected_chars,abstain,,?(&@,(@@?,False,False,False,(@+@?,3,0,0,keep_char_sets=; unique_prediction_count=0,v350_v278_symbolic_dsl
d98d85c0,equation_symbolic_punct,symbolic_prefix_until_marker,abstain,,?(&@,(@@?,False,False,False,(@+@?,3,0,0,markers=''; unique_prediction_count=0,v350_v278_symbolic_dsl
d98d85c0,equation_symbolic_punct,symbolic_suffix_after_marker,abstain,,?(&@,(@@?,False,False,False,(@+@?,3,0,0,markers=''; unique_prediction_count=0,v350_v278_symbolic_dsl
d98d85c0,equation_symbolic_punct,symbolic_prefix_before_last_marker,abstain,,?(&@,(@@?,False,False,False,(@+@?,3,0,0,markers=''; unique_prediction_count=0,v350_v278_symbolic_dsl
d98d85c0,equation_symbolic_punct,symbolic_suffix_after_last_marker,abstain,,?(&@,(@@?,False,False,False,(@+@?,3,0,0,markers=''; unique_prediction_count=0,v350_v278_symbolic_dsl
d98d85c0,equation_symbolic_punct,symbolic_remove_first_marker,abstain,,?(&@,(@@?,False,False,False,(@+@?,3,0,0,markers=''; unique_prediction_count=0,v350_v278_symbolic_dsl
d98d85c0,equation_symbolic_punct,symbolic_position_template,abstain,,?(&@,(@@?,False,False,False,(@+@?,3,0,0,nonuniform_rhs_lengths,v350_v278_symbolic_dsl
d98d85c0,equation_symbolic_punct,symbolic_operator_index_template,abstain,,?(&@,(@@?,False,False,False,(@+@?,3,0,0,programs=; unique_prediction_count=0,v350_v278_symbolic_dsl
d98d85c0,equation_symbolic_punct,symbolic_variable_operator_drop_operator,abstain,,?(&@,(@@?,False,False,False,(@+@?,3,0,0,one_or_more_examples_have_no_matching_split; split_counts=0,v350_v324_variable_operator
d98d85c0,equation_symbolic_punct,symbolic_variable_operator_reverse_drop_operator,abstain,,?(&@,(@@?,False,False,False,(@+@?,3,0,0,one_or_more_examples_have_no_matching_split; split_counts=0,v350_v324_variable_operator
d98d85c0,equation_symbolic_punct,symbolic_variable_operator_left_only,abstain,,?(&@,(@@?,False,False,False,(@+@?,3,0,0,one_or_more_examples_have_no_matching_split; split_counts=0,v350_v324_variable_operator
d98d85c0,equation_symbolic_punct,symbolic_variable_operator_right_only,abstain,,?(&@,(@@?,False,False,False,(@+@?,3,0,0,one_or_more_examples_have_no_matching_split; split_counts=0,v350_v324_variable_operator
d98d85c0,equation_symbolic_punct,symbolic_variable_operator_right_left,abstain,,?(&@,(@@?,False,False,False,(@+@?,3,0,0,one_or_more_examples_have_no_matching_split; split_counts=0,v350_v324_variable_operator
d98d85c0,equation_symbolic_punct,symbolic_variable_operator_left_reverse_right,abstain,,?(&@,(@@?,False,False,False,(@+@?,3,0,0,one_or_more_examples_have_no_matching_split; split_counts=0,v350_v324_variable_operator
d98d85c0,equation_symbolic_punct,symbolic_variable_operator_reverse_left_right,abstain,,?(&@,(@@?,False,False,False,(@+@?,3,0,0,one_or_more_examples_have_no_matching_split; split_counts=0,v350_v324_variable_operator
d98d85c0,equation_symbolic_punct,symbolic_variable_operator_right_reverse_left,abstain,,?(&@,(@@?,False,False,False,(@+@?,3,0,0,one_or_more_examples_have_no_matching_split; split_counts=0,v350_v324_variable_operator
d98d85c0,equation_symbolic_punct,symbolic_variable_operator_reverse_right_left,abstain,,?(&@,(@@?,False,False,False,(@+@?,3,0,0,one_or_more_examples_have_no_matching_split; split_counts=0,v350_v324_variable_operator
d98d85c0,equation_symbolic_punct,symbolic_variable_operator_operator_between_reversed,abstain,,?(&@,(@@?,False,False,False,(@+@?,3,0,0,one_or_more_examples_have_no_matching_split; split_counts=0,v350_v324_variable_operator
d98d85c0,equation_symbolic_punct,symbolic_cryptarithm_multi_operator_digits_mul,abstain,,?(&@,(@@?,False,False,False,(@+@?,3,2,2,"ops={""+"": ""mul"", ""-"": ""sub_ba""}; map={""#"": 3, ""&"": 0, ""'"": 2, ""("": 4, "">"": 5, ""?"": 7, ""@"": 8, ""`"": 6, ""|"": 1}; ops={""+"": ""mul"", ""-"": ""sub_ba""}; map={""#"": 3, ""&"": 0, ""'"": 2, ""("": 7, "">"": 5, ""?"": 6, ""@"": 8, ""`"": 9, ""|"": 1}; ops={""+"": ""mul"", ""-"": ""abs_diff""}; map={""#"": 3, ""&"": 0, ""'"": 2, ""("": 4, "">"": 5, ""?"": 7, ""@"": 8, ""`"": 6, ""|"": 1}; ops={""+"": ""mul"", ""-"": ""abs_diff""}; map={""#"": 3, ""&"": 0, ""'"": 2, ""("": 7, "">"": 5, ""?"": 6, ""@"": 8, ""`"": 9, ""|"": 1}; unique_prediction_count=2",v350_v329_symbolic_cryptarithm
491b8ea5,equation_symbolic_punct,symbolic_char_transducer,abstain,,)!,@|]!,False,False,False,@|-]!,3,0,0,no_global_mapping,v350_v278_symbolic_dsl
491b8ea5,equation_symbolic_punct,symbolic_delete_selected_chars,abstain,,)!,@|]!,False,False,False,@|-]!,3,0,0,delete_char_sets=; unique_prediction_count=0,v350_v278_symbolic_dsl
491b8ea5,equation_symbolic_punct,symbolic_keep_selected_chars,abstain,,)!,@|]!,False,False,False,@|-]!,3,0,0,keep_char_sets=; unique_prediction_count=0,v350_v278_symbolic_dsl
491b8ea5,equation_symbolic_punct,symbolic_prefix_until_marker,abstain,,)!,@|]!,False,False,False,@|-]!,3,0,0,markers=''; unique_prediction_count=0,v350_v278_symbolic_dsl
491b8ea5,equation_symbolic_punct,symbolic_suffix_after_marker,abstain,,)!,@|]!,False,False,False,@|-]!,3,0,0,markers=''; unique_prediction_count=0,v350_v278_symbolic_dsl
491b8ea5,equation_symbolic_punct,symbolic_prefix_before_last_marker,abstain,,)!,@|]!,False,False,False,@|-]!,3,0,0,markers=''; unique_prediction_count=0,v350_v278_symbolic_dsl
491b8ea5,equation_symbolic_punct,symbolic_suffix_after_last_marker,abstain,,)!,@|]!,False,False,False,@|-]!,3,0,0,markers=''; unique_prediction_count=0,v350_v278_symbolic_dsl
491b8ea5,equation_symbolic_punct,symbolic_remove_first_marker,abstain,,)!,@|]!,False,False,False,@|-]!,3,0,0,markers=''; unique_prediction_count=0,v350_v278_symbolic_dsl
491b8ea5,equation_symbolic_punct,symbolic_position_template,abstain,,)!,@|]!,False,False,False,@|-]!,3,0,0,nonuniform_rhs_lengths,v350_v278_symbolic_dsl
491b8ea5,equation_symbolic_punct,symbolic_operator_index_template,abstain,,)!,@|]!,False,False,False,@|-]!,3,0,0,programs=; unique_prediction_count=0,v350_v278_symbolic_dsl
491b8ea5,equation_symbolic_punct,symbolic_variable_operator_drop_operator,abstain,,)!,@|]!,False,False,False,@|-]!,3,0,0,one_or_more_examples_have_no_matching_split; split_counts=0,v350_v324_variable_operator
491b8ea5,equation_symbolic_punct,symbolic_variable_operator_reverse_drop_operator,abstain,,)!,@|]!,False,False,False,@|-]!,3,0,0,one_or_more_examples_have_no_matching_split; split_counts=0,v350_v324_variable_operator
491b8ea5,equation_symbolic_punct,symbolic_variable_operator_left_only,abstain,,)!,@|]!,False,False,False,@|-]!,3,0,0,one_or_more_examples_have_no_matching_split; split_counts=0,v350_v324_variable_operator
491b8ea5,equation_symbolic_punct,symbolic_variable_operator_right_only,abstain,,)!,@|]!,False,False,False,@|-]!,3,0,0,one_or_more_examples_have_no_matching_split; split_counts=0,v350_v324_variable_operator
491b8ea5,equation_symbolic_punct,symbolic_variable_operator_right_left,abstain,,)!,@|]!,False,False,False,@|-]!,3,0,0,one_or_more_examples_have_no_matching_split; split_counts=0,v350_v324_variable_operator
491b8ea5,equation_symbolic_punct,symbolic_variable_operator_left_reverse_right,abstain,,)!,@|]!,False,False,False,@|-]!,3,0,0,one_or_more_examples_have_no_matching_split; split_counts=0,v350_v324_variable_operator
491b8ea5,equation_symbolic_punct,symbolic_variable_operator_reverse_left_right,abstain,,)!,@|]!,False,False,False,@|-]!,3,0,0,one_or_more_examples_have_no_matching_split; split_counts=0,v350_v324_variable_operator
491b8ea5,equation_symbolic_punct,symbolic_variable_operator_right_reverse_left,abstain,,)!,@|]!,False,False,False,@|-]!,3,0,0,one_or_more_examples_have_no_matching_split; split_counts=0,v350_v324_variable_operator
491b8ea5,equation_symbolic_punct,symbolic_variable_operator_reverse_right_left,abstain,,)!,@|]!,False,False,False,@|-]!,3,0,0,one_or_more_examples_have_no_matching_split; split_counts=0,v350_v324_variable_operator
491b8ea5,equation_symbolic_punct,symbolic_variable_operator_operator_between_reversed,abstain,,)!,@|]!,False,False,False,@|-]!,3,0,0,one_or_more_examples_have_no_matching_split; split_counts=0,v350_v324_variable_operator
491b8ea5,equation_symbolic_punct,symbolic_cryptarithm_operator_digits,abstain,,)!,@|]!,False,False,False,@|-]!,3,0,0,no_operator_digit_solution,v350_v329_symbolic_cryptarithm
eb1a62f7,equation_symbolic_punct,symbolic_char_transducer,abstain,,>!>},){>),False,False,False,)}*>),3,0,0,no_global_mapping,v350_v278_symbolic_dsl
eb1a62f7,equation_symbolic_punct,symbolic_delete_selected_chars,abstain,,>!>},){>),False,False,False,)}*>),3,0,0,delete_char_sets=; unique_prediction_count=0,v350_v278_symbolic_dsl
eb1a62f7,equation_symbolic_punct,symbolic_keep_selected_chars,abstain,,>!>},){>),False,False,False,)}*>),3,0,0,keep_char_sets=; unique_prediction_count=0,v350_v278_symbolic_dsl
eb1a62f7,equation_symbolic_punct,symbolic_prefix_until_marker,abstain,,>!>},){>),False,False,False,)}*>),3,0,0,markers=''; unique_prediction_count=0,v350_v278_symbolic_dsl
eb1a62f7,equation_symbolic_punct,symbolic_suffix_after_marker,abstain,,>!>},){>),False,False,False,)}*>),3,0,0,markers=''; unique_prediction_count=0,v350_v278_symbolic_dsl
eb1a62f7,equation_symbolic_punct,symbolic_prefix_before_last_marker,abstain,,>!>},){>),False,False,False,)}*>),3,0,0,markers=''; unique_prediction_count=0,v350_v278_symbolic_dsl
eb1a62f7,equation_symbolic_punct,symbolic_suffix_after_last_marker,abstain,,>!>},){>),False,False,False,)}*>),3,0,0,markers=''; unique_prediction_count=0,v350_v278_symbolic_dsl
eb1a62f7,equation_symbolic_punct,symbolic_remove_first_marker,abstain,,>!>},){>),False,False,False,)}*>),3,0,0,markers=''; unique_prediction_count=0,v350_v278_symbolic_dsl
eb1a62f7,equation_symbolic_punct,symbolic_position_template,abstain,,>!>},){>),False,False,False,)}*>),3,0,0,no_source_for_output_index=0,v350_v278_symbolic_dsl
eb1a62f7,equation_symbolic_punct,symbolic_operator_index_template,abstain,,>!>},){>),False,False,False,)}*>),3,0,0,programs=; unique_prediction_count=0,v350_v278_symbolic_dsl
eb1a62f7,equation_symbolic_punct,symbolic_variable_operator_drop_operator,abstain,,>!>},){>),False,False,False,)}*>),3,0,0,one_or_more_examples_have_no_matching_split; split_counts=0,v350_v324_variable_operator
eb1a62f7,equation_symbolic_punct,symbolic_variable_operator_reverse_drop_operator,abstain,,>!>},){>),False,False,False,)}*>),3,0,0,one_or_more_examples_have_no_matching_split; split_counts=0,v350_v324_variable_operator
eb1a62f7,equation_symbolic_punct,symbolic_variable_operator_left_only,abstain,,>!>},){>),False,False,False,)}*>),3,0,0,one_or_more_examples_have_no_matching_split; split_counts=0,v350_v324_variable_operator
eb1a62f7,equation_symbolic_punct,symbolic_variable_operator_right_only,abstain,,>!>},){>),False,False,False,)}*>),3,0,0,one_or_more_examples_have_no_matching_split; split_counts=0,v350_v324_variable_operator
eb1a62f7,equation_symbolic_punct,symbolic_variable_operator_right_left,abstain,,>!>},){>),False,False,False,)}*>),3,0,0,one_or_more_examples_have_no_matching_split; split_counts=0,v350_v324_variable_operator
eb1a62f7,equation_symbolic_punct,symbolic_variable_operator_left_reverse_right,abstain,,>!>},){>),False,False,False,)}*>),3,0,0,one_or_more_examples_have_no_matching_split; split_counts=0,v350_v324_variable_operator
eb1a62f7,equation_symbolic_punct,symbolic_variable_operator_reverse_left_right,abstain,,>!>},){>),False,False,False,)}*>),3,0,0,one_or_more_examples_have_no_matching_split; split_counts=0,v350_v324_variable_operator
eb1a62f7,equation_symbolic_punct,symbolic_variable_operator_right_reverse_left,abstain,,>!>},){>),False,False,False,)}*>),3,0,0,one_or_more_examples_have_no_matching_split; split_counts=0,v350_v324_variable_operator
eb1a62f7,equation_symbolic_punct,symbolic_variable_operator_reverse_right_left,abstain,,>!>},){>),False,False,False,)}*>),3,0,0,one_or_more_examples_have_no_matching_split; split_counts=0,v350_v324_variable_operator
eb1a62f7,equation_symbolic_punct,symbolic_variable_operator_operator_between_reversed,abstain,,>!>},){>),False,False,False,)}*>),3,0,0,one_or_more_examples_have_no_matching_split; split_counts=0,v350_v324_variable_operator
eb1a62f7,equation_symbolic_punct,symbolic_cryptarithm_operator_digits,abstain,,>!>},){>),False,False,False,)}*>),3,0,0,no_operator_digit_solution,v350_v329_symbolic_cryptarithm
0bb591e6,equation_symbolic_punct,symbolic_char_transducer,abstain,,%?<,"""$%%""",False,False,False,"""$+%%",4,0,0,no_global_mapping,v350_v278_symbolic_dsl
0bb591e6,equation_symbolic_punct,symbolic_delete_selected_chars,abstain,,%?<,"""$%%""",False,False,False,"""$+%%",4,0,0,delete_char_sets=; unique_prediction_count=0,v350_v278_symbolic_dsl
0bb591e6,equation_symbolic_punct,symbolic_keep_selected_chars,abstain,,%?<,"""$%%""",False,False,False,"""$+%%",4,0,0,keep_char_sets=; unique_prediction_count=0,v350_v278_symbolic_dsl
0bb591e6,equation_symbolic_punct,symbolic_prefix_until_marker,abstain,,%?<,"""$%%""",False,False,False,"""$+%%",4,0,0,markers=''; unique_prediction_count=0,v350_v278_symbolic_dsl
0bb591e6,equation_symbolic_punct,symbolic_suffix_after_marker,abstain,,%?<,"""$%%""",False,False,False,"""$+%%",4,0,0,markers=''; unique_prediction_count=0,v350_v278_symbolic_dsl
0bb591e6,equation_symbolic_punct,symbolic_prefix_before_last_marker,abstain,,%?<,"""$%%""",False,False,False,"""$+%%",4,0,0,markers=''; unique_prediction_count=0,v350_v278_symbolic_dsl
0bb591e6,equation_symbolic_punct,symbolic_suffix_after_last_marker,abstain,,%?<,"""$%%""",False,False,False,"""$+%%",4,0,0,markers=''; unique_prediction_count=0,v350_v278_symbolic_dsl
0bb591e6,equation_symbolic_punct,symbolic_remove_first_marker,abstain,,%?<,"""$%%""",False,False,False,"""$+%%",4,0,0,markers=''; unique_prediction_count=0,v350_v278_symbolic_dsl
0bb591e6,equation_symbolic_punct,symbolic_position_template,abstain,,%?<,"""$%%""",False,False,False,"""$+%%",4,0,0,nonuniform_rhs_lengths,v350_v278_symbolic_dsl
0bb591e6,equation_symbolic_punct,symbolic_operator_index_template,abstain,,%?<,"""$%%""",False,False,False,"""$+%%",4,0,0,programs=; unique_prediction_count=0,v350_v278_symbolic_dsl
0bb591e6,equation_symbolic_punct,symbolic_variable_operator_drop_operator,abstain,,%?<,"""$%%""",False,False,False,"""$+%%",4,0,0,one_or_more_examples_have_no_matching_split; split_counts=0,v350_v324_variable_operator
0bb591e6,equation_symbolic_punct,symbolic_variable_operator_reverse_drop_operator,abstain,,%?<,"""$%%""",False,False,False,"""$+%%",4,0,0,one_or_more_examples_have_no_matching_split; split_counts=0,v350_v324_variable_operator
0bb591e6,equation_symbolic_punct,symbolic_variable_operator_left_only,abstain,,%?<,"""$%%""",False,False,False,"""$+%%",4,0,0,one_or_more_examples_have_no_matching_split; split_counts=0,v350_v324_variable_operator
0bb591e6,equation_symbolic_punct,symbolic_variable_operator_right_only,abstain,,%?<,"""$%%""",False,False,False,"""$+%%",4,0,0,one_or_more_examples_have_no_matching_split; split_counts=0,v350_v324_variable_operator
0bb591e6,equation_symbolic_punct,symbolic_variable_operator_right_left,abstain,,%?<,"""$%%""",False,False,False,"""$+%%",4,0,0,one_or_more_examples_have_no_matching_split; split_counts=0,v350_v324_variable_operator
0bb591e6,equation_symbolic_punct,symbolic_variable_operator_left_reverse_right,abstain,,%?<,"""$%%""",False,False,False,"""$+%%",4,0,0,one_or_more_examples_have_no_matching_split; split_counts=0,v350_v324_variable_operator
0bb591e6,equation_symbolic_punct,symbolic_variable_operator_reverse_left_right,abstain,,%?<,"""$%%""",False,False,False,"""$+%%",4,0,0,one_or_more_examples_have_no_matching_split; split_counts=0,v350_v324_variable_operator
0bb591e6,equation_symbolic_punct,symbolic_variable_operator_right_reverse_left,abstain,,%?<,"""$%%""",False,False,False,"""$+%%",4,0,0,one_or_more_examples_have_no_matching_split; split_counts=0,v350_v324_variable_operator
0bb591e6,equation_symbolic_punct,symbolic_variable_operator_reverse_right_left,abstain,,%?<,"""$%%""",False,False,False,"""$+%%",4,0,0,one_or_more_examples_have_no_matching_split; split_counts=0,v350_v324_variable_operator
0bb591e6,equation_symbolic_punct,symbolic_variable_operator_operator_between_reversed,abstain,,%?<,"""$%%""",False,False,False,"""$+%%",4,0,0,one_or_more_examples_have_no_matching_split; split_counts=0,v350_v324_variable_operator
0bb591e6,equation_symbolic_punct,symbolic_cryptarithm_operator_digits,abstain,,%?<,"""$%%""",False,False,False,"""$+%%",4,0,0,no_operator_digit_solution,v350_v329_symbolic_cryptarithm
9a19fc2d,equation_symbolic_punct,symbolic_char_transducer,abstain,,#>[,!&)#,False,False,False,!&+)#,5,0,0,no_global_mapping,v350_v278_symbolic_dsl
9a19fc2d,equation_symbolic_punct,symbolic_delete_selected_chars,abstain,,#>[,!&)#,False,False,False,!&+)#,5,0,0,delete_char_sets=; unique_prediction_count=0,v350_v278_symbolic_dsl
9a19fc2d,equation_symbolic_punct,symbolic_keep_selected_chars,abstain,,#>[,!&)#,False,False,False,!&+)#,5,0,0,keep_char_sets=; unique_prediction_count=0,v350_v278_symbolic_dsl
9a19fc2d,equation_symbolic_punct,symbolic_prefix_until_marker,abstain,,#>[,!&)#,False,False,False,!&+)#,5,0,0,markers=''; unique_prediction_count=0,v350_v278_symbolic_dsl
9a19fc2d,equation_symbolic_punct,symbolic_suffix_after_marker,abstain,,#>[,!&)#,False,False,False,!&+)#,5,0,0,markers=''; unique_prediction_count=0,v350_v278_symbolic_dsl
9a19fc2d,equation_symbolic_punct,symbolic_prefix_before_last_marker,abstain,,#>[,!&)#,False,False,False,!&+)#,5,0,0,markers=''; unique_prediction_count=0,v350_v278_symbolic_dsl
9a19fc2d,equation_symbolic_punct,symbolic_suffix_after_last_marker,abstain,,#>[,!&)#,False,False,False,!&+)#,5,0,0,markers=''; unique_prediction_count=0,v350_v278_symbolic_dsl
9a19fc2d,equation_symbolic_punct,symbolic_remove_first_marker,abstain,,#>[,!&)#,False,False,False,!&+)#,5,0,0,markers=''; unique_prediction_count=0,v350_v278_symbolic_dsl
9a19fc2d,equation_symbolic_punct,symbolic_position_template,abstain,,#>[,!&)#,False,False,False,!&+)#,5,0,0,nonuniform_rhs_lengths,v350_v278_symbolic_dsl
9a19fc2d,equation_symbolic_punct,symbolic_operator_index_template,abstain,,#>[,!&)#,False,False,False,!&+)#,5,0,0,programs=; unique_prediction_count=0,v350_v278_symbolic_dsl
9a19fc2d,equation_symbolic_punct,symbolic_variable_operator_drop_operator,abstain,,#>[,!&)#,False,False,False,!&+)#,5,0,0,one_or_more_examples_have_no_matching_split; split_counts=0,v350_v324_variable_operator
9a19fc2d,equation_symbolic_punct,symbolic_variable_operator_reverse_drop_operator,abstain,,#>[,!&)#,False,False,False,!&+)#,5,0,0,one_or_more_examples_have_no_matching_split; split_counts=0,v350_v324_variable_operator
9a19fc2d,equation_symbolic_punct,symbolic_variable_operator_left_only,abstain,,#>[,!&)#,False,False,False,!&+)#,5,0,0,one_or_more_examples_have_no_matching_split; split_counts=0,v350_v324_variable_operator
9a19fc2d,equation_symbolic_punct,symbolic_variable_operator_right_only,abstain,,#>[,!&)#,False,False,False,!&+)#,5,0,0,one_or_more_examples_have_no_matching_split; split_counts=0,v350_v324_variable_operator
9a19fc2d,equation_symbolic_punct,symbolic_variable_operator_right_left,abstain,,#>[,!&)#,False,False,False,!&+)#,5,0,0,one_or_more_examples_have_no_matching_split; split_counts=0,v350_v324_variable_operator
9a19fc2d,equation_symbolic_punct,symbolic_variable_operator_left_reverse_right,abstain,,#>[,!&)#,False,False,False,!&+)#,5,0,0,one_or_more_examples_have_no_matching_split; split_counts=0,v350_v324_variable_operator
9a19fc2d,equation_symbolic_punct,symbolic_variable_operator_reverse_left_right,abstain,,#>[,!&)#,False,False,False,!&+)#,5,0,0,one_or_more_examples_have_no_matching_split; split_counts=0,v350_v324_variable_operator
9a19fc2d,equation_symbolic_punct,symbolic_variable_operator_right_reverse_left,abstain,,#>[,!&)#,False,False,False,!&+)#,5,0,0,one_or_more_examples_have_no_matching_split; split_counts=0,v350_v324_variable_operator
9a19fc2d,equation_symbolic_punct,symbolic_variable_operator_reverse_right_left,abstain,,#>[,!&)#,False,False,False,!&+)#,5,0,0,one_or_more_examples_have_no_matching_split; split_counts=0,v350_v324_variable_operator
9a19fc2d,equation_symbolic_punct,symbolic_variable_operator_operator_between_reversed,abstain,,#>[,!&)#,False,False,False,!&+)#,5,0,0,one_or_more_examples_have_no_matching_split; split_counts=0,v350_v324_variable_operator
9a19fc2d,equation_symbolic_punct,symbolic_cryptarithm_operator_digits,abstain,,#>[,!&)#,False,False,False,!&+)#,5,0,0,no_operator_digit_solution,v350_v329_symbolic_cryptarithm
528b694b,equation_symbolic_punct,symbolic_char_transducer,abstain,,"""'",>]],False,False,False,>]<]),4,0,0,no_global_mapping,v350_v278_symbolic_dsl
528b694b,equation_symbolic_punct,symbolic_delete_selected_chars,abstain,,"""'",>]],False,False,False,>]<]),4,0,0,delete_char_sets=; unique_prediction_count=0,v350_v278_symbolic_dsl
528b694b,equation_symbolic_punct,symbolic_keep_selected_chars,abstain,,"""'",>]],False,False,False,>]<]),4,0,0,keep_char_sets=; unique_prediction_count=0,v350_v278_symbolic_dsl
528b694b,equation_symbolic_punct,symbolic_prefix_until_marker,abstain,,"""'",>]],False,False,False,>]<]),4,0,0,markers=''; unique_prediction_count=0,v350_v278_symbolic_dsl
528b694b,equation_symbolic_punct,symbolic_suffix_after_marker,abstain,,"""'",>]],False,False,False,>]<]),4,0,0,markers=''; unique_prediction_count=0,v350_v278_symbolic_dsl
528b694b,equation_symbolic_punct,symbolic_prefix_before_last_marker,abstain,,"""'",>]],False,False,False,>]<]),4,0,0,markers=''; unique_prediction_count=0,v350_v278_symbolic_dsl
528b694b,equation_symbolic_punct,symbolic_suffix_after_last_marker,abstain,,"""'",>]],False,False,False,>]<]),4,0,0,markers=''; unique_prediction_count=0,v350_v278_symbolic_dsl
528b694b,equation_symbolic_punct,symbolic_remove_first_marker,abstain,,"""'",>]],False,False,False,>]<]),4,0,0,markers=''; unique_prediction_count=0,v350_v278_symbolic_dsl
528b694b,equation_symbolic_punct,symbolic_position_template,abstain,,"""'",>]],False,False,False,>]<]),4,0,0,nonuniform_rhs_lengths,v350_v278_symbolic_dsl
528b694b,equation_symbolic_punct,symbolic_operator_index_template,abstain,,"""'",>]],False,False,False,>]<]),4,0,0,programs=; unique_prediction_count=0,v350_v278_symbolic_dsl
528b694b,equation_symbolic_punct,symbolic_variable_operator_drop_operator,abstain,,"""'",>]],False,False,False,>]<]),4,0,0,one_or_more_examples_have_no_matching_split; split_counts=0,v350_v324_variable_operator
528b694b,equation_symbolic_punct,symbolic_variable_operator_reverse_drop_operator,abstain,,"""'",>]],False,False,False,>]<]),4,0,0,one_or_more_examples_have_no_matching_split; split_counts=0,v350_v324_variable_operator
528b694b,equation_symbolic_punct,symbolic_variable_operator_left_only,abstain,,"""'",>]],False,False,False,>]<]),4,0,0,one_or_more_examples_have_no_matching_split; split_counts=0,v350_v324_variable_operator
528b694b,equation_symbolic_punct,symbolic_variable_operator_right_only,abstain,,"""'",>]],False,False,False,>]<]),4,0,0,one_or_more_examples_have_no_matching_split; split_counts=0,v350_v324_variable_operator
528b694b,equation_symbolic_punct,symbolic_variable_operator_right_left,abstain,,"""'",>]],False,False,False,>]<]),4,0,0,one_or_more_examples_have_no_matching_split; split_counts=0,v350_v324_variable_operator
528b694b,equation_symbolic_punct,symbolic_variable_operator_left_reverse_right,abstain,,"""'",>]],False,False,False,>]<]),4,0,0,one_or_more_examples_have_no_matching_split; split_counts=0,v350_v324_variable_operator
528b694b,equation_symbolic_punct,symbolic_variable_operator_reverse_left_right,abstain,,"""'",>]],False,False,False,>]<]),4,0,0,one_or_more_examples_have_no_matching_split; split_counts=0,v350_v324_variable_operator
528b694b,equation_symbolic_punct,symbolic_variable_operator_right_reverse_left,abstain,,"""'",>]],False,False,False,>]<]),4,0,0,one_or_more_examples_have_no_matching_split; split_counts=0,v350_v324_variable_operator
528b694b,equation_symbolic_punct,symbolic_variable_operator_reverse_right_left,abstain,,"""'",>]],False,False,False,>]<]),4,0,0,one_or_more_examples_have_no_matching_split; split_counts=0,v350_v324_variable_operator
528b694b,equation_symbolic_punct,symbolic_variable_operator_operator_between_reversed,abstain,,"""'",>]],False,False,False,>]<]),4,0,0,one_or_more_examples_have_no_matching_split; split_counts=0,v350_v324_variable_operator
528b694b,equation_symbolic_punct,symbolic_cryptarithm_operator_digits,abstain,,"""'",>]],False,False,False,>]<]),4,0,0,no_operator_digit_solution,v350_v329_symbolic_cryptarithm
fba40625,equation_symbolic_punct,symbolic_char_transducer,abstain,,'>&,{>?#,False,False,False,{>'?#,4,0,0,no_global_mapping,v350_v278_symbolic_dsl
fba40625,equation_symbolic_punct,symbolic_delete_selected_chars,abstain,,'>&,{>?#,False,False,False,{>'?#,4,0,0,delete_char_sets=; unique_prediction_count=0,v350_v278_symbolic_dsl
fba40625,equation_symbolic_punct,symbolic_keep_selected_chars,abstain,,'>&,{>?#,False,False,False,{>'?#,4,0,0,keep_char_sets=; unique_prediction_count=0,v350_v278_symbolic_dsl
fba40625,equation_symbolic_punct,symbolic_prefix_until_marker,abstain,,'>&,{>?#,False,False,False,{>'?#,4,0,0,markers=''; unique_prediction_count=0,v350_v278_symbolic_dsl
fba40625,equation_symbolic_punct,symbolic_suffix_after_marker,abstain,,'>&,{>?#,False,False,False,{>'?#,4,0,0,markers=''; unique_prediction_count=0,v350_v278_symbolic_dsl
fba40625,equation_symbolic_punct,symbolic_prefix_before_last_marker,abstain,,'>&,{>?#,False,False,False,{>'?#,4,0,0,markers=''; unique_prediction_count=0,v350_v278_symbolic_dsl
fba40625,equation_symbolic_punct,symbolic_suffix_after_last_marker,abstain,,'>&,{>?#,False,False,False,{>'?#,4,0,0,markers=''; unique_prediction_count=0,v350_v278_symbolic_dsl
fba40625,equation_symbolic_punct,symbolic_remove_first_marker,abstain,,'>&,{>?#,False,False,False,{>'?#,4,0,0,markers=''; unique_prediction_count=0,v350_v278_symbolic_dsl
fba40625,equation_symbolic_punct,symbolic_position_template,abstain,,'>&,{>?#,False,False,False,{>'?#,4,0,0,nonuniform_rhs_lengths,v350_v278_symbolic_dsl
fba40625,equation_symbolic_punct,symbolic_operator_index_template,abstain,,'>&,{>?#,False,False,False,{>'?#,4,0,0,programs=; unique_prediction_count=0,v350_v278_symbolic_dsl
fba40625,equation_symbolic_punct,symbolic_variable_operator_drop_operator,abstain,,'>&,{>?#,False,False,False,{>'?#,4,0,0,"one_or_more_examples_have_no_matching_split; split_counts=1,0",v350_v324_variable_operator
fba40625,equation_symbolic_punct,symbolic_variable_operator_reverse_drop_operator,abstain,,'>&,{>?#,False,False,False,{>'?#,4,0,0,one_or_more_examples_have_no_matching_split; split_counts=0,v350_v324_variable_operator
fba40625,equation_symbolic_punct,symbolic_variable_operator_left_only,abstain,,'>&,{>?#,False,False,False,{>'?#,4,0,0,one_or_more_examples_have_no_matching_split; split_counts=0,v350_v324_variable_operator
fba40625,equation_symbolic_punct,symbolic_variable_operator_right_only,abstain,,'>&,{>?#,False,False,False,{>'?#,4,0,0,one_or_more_examples_have_no_matching_split; split_counts=0,v350_v324_variable_operator
fba40625,equation_symbolic_punct,symbolic_variable_operator_right_left,abstain,,'>&,{>?#,False,False,False,{>'?#,4,0,0,one_or_more_examples_have_no_matching_split; split_counts=0,v350_v324_variable_operator
fba40625,equation_symbolic_punct,symbolic_variable_operator_left_reverse_right,abstain,,'>&,{>?#,False,False,False,{>'?#,4,0,0,one_or_more_examples_have_no_matching_split; split_counts=0,v350_v324_variable_operator
fba40625,equation_symbolic_punct,symbolic_variable_operator_reverse_left_right,abstain,,'>&,{>?#,False,False,False,{>'?#,4,0,0,one_or_more_examples_have_no_matching_split; split_counts=0,v350_v324_variable_operator
fba40625,equation_symbolic_punct,symbolic_variable_operator_right_reverse_left,abstain,,'>&,{>?#,False,False,False,{>'?#,4,0,0,one_or_more_examples_have_no_matching_split; split_counts=0,v350_v324_variable_operator
fba40625,equation_symbolic_punct,symbolic_variable_operator_reverse_right_left,abstain,,'>&,{>?#,False,False,False,{>'?#,4,0,0,one_or_more_examples_have_no_matching_split; split_counts=0,v350_v324_variable_operator
fba40625,equation_symbolic_punct,symbolic_variable_operator_operator_between_reversed,abstain,,'>&,{>?#,False,False,False,{>'?#,4,0,0,one_or_more_examples_have_no_matching_split; split_counts=0,v350_v324_variable_operator
fba40625,equation_symbolic_punct,symbolic_cryptarithm_operator_digits,abstain,,'>&,{>?#,False,False,False,{>'?#,4,0,0,no_operator_digit_solution,v350_v329_symbolic_cryptarithm
837a6ae7,equation_symbolic_punct,symbolic_char_transducer,abstain,,<>\>,"<:{""",False,False,False,"<{*:""",5,0,0,no_global_mapping,v350_v278_symbolic_dsl
837a6ae7,equation_symbolic_punct,symbolic_delete_selected_chars,abstain,,<>\>,"<:{""",False,False,False,"<{*:""",5,0,0,delete_char_sets=; unique_prediction_count=0,v350_v278_symbolic_dsl
837a6ae7,equation_symbolic_punct,symbolic_keep_selected_chars,abstain,,<>\>,"<:{""",False,False,False,"<{*:""",5,0,0,keep_char_sets=; unique_prediction_count=0,v350_v278_symbolic_dsl
837a6ae7,equation_symbolic_punct,symbolic_prefix_until_marker,abstain,,<>\>,"<:{""",False,False,False,"<{*:""",5,0,0,markers=''; unique_prediction_count=0,v350_v278_symbolic_dsl
837a6ae7,equation_symbolic_punct,symbolic_suffix_after_marker,abstain,,<>\>,"<:{""",False,False,False,"<{*:""",5,0,0,markers=''; unique_prediction_count=0,v350_v278_symbolic_dsl
837a6ae7,equation_symbolic_punct,symbolic_prefix_before_last_marker,abstain,,<>\>,"<:{""",False,False,False,"<{*:""",5,0,0,markers=''; unique_prediction_count=0,v350_v278_symbolic_dsl
837a6ae7,equation_symbolic_punct,symbolic_suffix_after_last_marker,abstain,,<>\>,"<:{""",False,False,False,"<{*:""",5,0,0,markers=''; unique_prediction_count=0,v350_v278_symbolic_dsl
837a6ae7,equation_symbolic_punct,symbolic_remove_first_marker,abstain,,<>\>,"<:{""",False,False,False,"<{*:""",5,0,0,markers=''; unique_prediction_count=0,v350_v278_symbolic_dsl
837a6ae7,equation_symbolic_punct,symbolic_position_template,abstain,,<>\>,"<:{""",False,False,False,"<{*:""",5,0,0,nonuniform_rhs_lengths,v350_v278_symbolic_dsl
837a6ae7,equation_symbolic_punct,symbolic_operator_index_template,abstain,,<>\>,"<:{""",False,False,False,"<{*:""",5,0,0,programs=; unique_prediction_count=0,v350_v278_symbolic_dsl
837a6ae7,equation_symbolic_punct,symbolic_variable_operator_drop_operator,abstain,,<>\>,"<:{""",False,False,False,"<{*:""",5,0,0,one_or_more_examples_have_no_matching_split; split_counts=0,v350_v324_variable_operator
837a6ae7,equation_symbolic_punct,symbolic_variable_operator_reverse_drop_operator,abstain,,<>\>,"<:{""",False,False,False,"<{*:""",5,0,0,one_or_more_examples_have_no_matching_split; split_counts=0,v350_v324_variable_operator
837a6ae7,equation_symbolic_punct,symbolic_variable_operator_left_only,abstain,,<>\>,"<:{""",False,False,False,"<{*:""",5,0,0,one_or_more_examples_have_no_matching_split; split_counts=0,v350_v324_variable_operator
837a6ae7,equation_symbolic_punct,symbolic_variable_operator_right_only,abstain,,<>\>,"<:{""",False,False,False,"<{*:""",5,0,0,one_or_more_examples_have_no_matching_split; split_counts=0,v350_v324_variable_operator
837a6ae7,equation_symbolic_punct,symbolic_variable_operator_right_left,abstain,,<>\>,"<:{""",False,False,False,"<{*:""",5,0,0,one_or_more_examples_have_no_matching_split; split_counts=0,v350_v324_variable_operator
837a6ae7,equation_symbolic_punct,symbolic_variable_operator_left_reverse_right,abstain,,<>\>,"<:{""",False,False,False,"<{*:""",5,0,0,one_or_more_examples_have_no_matching_split; split_counts=0,v350_v324_variable_operator
837a6ae7,equation_symbolic_punct,symbolic_variable_operator_reverse_left_right,abstain,,<>\>,"<:{""",False,False,False,"<{*:""",5,0,0,one_or_more_examples_have_no_matching_split; split_counts=0,v350_v324_variable_operator
837a6ae7,equation_symbolic_punct,symbolic_variable_operator_right_reverse_left,abstain,,<>\>,"<:{""",False,False,False,"<{*:""",5,0,0,one_or_more_examples_have_no_matching_split; split_counts=0,v350_v324_variable_operator
837a6ae7,equation_symbolic_punct,symbolic_variable_operator_reverse_right_left,abstain,,<>\>,"<:{""",False,False,False,"<{*:""",5,0,0,one_or_more_examples_have_no_matching_split; split_counts=0,v350_v324_variable_operator
837a6ae7,equation_symbolic_punct,symbolic_variable_operator_operator_between_reversed,abstain,,<>\>,"<:{""",False,False,False,"<{*:""",5,0,0,one_or_more_examples_have_no_matching_split; split_counts=0,v350_v324_variable_operator
837a6ae7,equation_symbolic_punct,symbolic_cryptarithm_operator_digits,abstain,,<>\>,"<:{""",False,False,False,"<{*:""",5,0,0,no_operator_digit_solution,v350_v329_symbolic_cryptarithm
d0e1010b,equation_symbolic_punct,symbolic_char_transducer,abstain,,!&&},|&$|,False,False,False,|&*$|,4,0,0,no_global_mapping,v350_v278_symbolic_dsl
d0e1010b,equation_symbolic_punct,symbolic_delete_selected_chars,abstain,,!&&},|&$|,False,False,False,|&*$|,4,0,0,delete_char_sets=; unique_prediction_count=0,v350_v278_symbolic_dsl
d0e1010b,equation_symbolic_punct,symbolic_keep_selected_chars,abstain,,!&&},|&$|,False,False,False,|&*$|,4,0,0,keep_char_sets=; unique_prediction_count=0,v350_v278_symbolic_dsl
d0e1010b,equation_symbolic_punct,symbolic_prefix_until_marker,abstain,,!&&},|&$|,False,False,False,|&*$|,4,0,0,markers=''; unique_prediction_count=0,v350_v278_symbolic_dsl
d0e1010b,equation_symbolic_punct,symbolic_suffix_after_marker,abstain,,!&&},|&$|,False,False,False,|&*$|,4,0,0,markers=''; unique_prediction_count=0,v350_v278_symbolic_dsl
d0e1010b,equation_symbolic_punct,symbolic_prefix_before_last_marker,abstain,,!&&},|&$|,False,False,False,|&*$|,4,0,0,markers=''; unique_prediction_count=0,v350_v278_symbolic_dsl
d0e1010b,equation_symbolic_punct,symbolic_suffix_after_last_marker,abstain,,!&&},|&$|,False,False,False,|&*$|,4,0,0,markers=''; unique_prediction_count=0,v350_v278_symbolic_dsl
d0e1010b,equation_symbolic_punct,symbolic_remove_first_marker,abstain,,!&&},|&$|,False,False,False,|&*$|,4,0,0,markers=''; unique_prediction_count=0,v350_v278_symbolic_dsl
d0e1010b,equation_symbolic_punct,symbolic_position_template,abstain,,!&&},|&$|,False,False,False,|&*$|,4,0,0,nonuniform_rhs_lengths,v350_v278_symbolic_dsl
d0e1010b,equation_symbolic_punct,symbolic_operator_index_template,abstain,,!&&},|&$|,False,False,False,|&*$|,4,0,0,programs=; unique_prediction_count=0,v350_v278_symbolic_dsl
d0e1010b,equation_symbolic_punct,symbolic_variable_operator_drop_operator,abstain,,!&&},|&$|,False,False,False,|&*$|,4,0,0,one_or_more_examples_have_no_matching_split; split_counts=0,v350_v324_variable_operator
d0e1010b,equation_symbolic_punct,symbolic_variable_operator_reverse_drop_operator,abstain,,!&&},|&$|,False,False,False,|&*$|,4,0,0,one_or_more_examples_have_no_matching_split; split_counts=0,v350_v324_variable_operator
d0e1010b,equation_symbolic_punct,symbolic_variable_operator_left_only,abstain,,!&&},|&$|,False,False,False,|&*$|,4,0,0,one_or_more_examples_have_no_matching_split; split_counts=0,v350_v324_variable_operator
d0e1010b,equation_symbolic_punct,symbolic_variable_operator_right_only,abstain,,!&&},|&$|,False,False,False,|&*$|,4,0,0,one_or_more_examples_have_no_matching_split; split_counts=0,v350_v324_variable_operator
d0e1010b,equation_symbolic_punct,symbolic_variable_operator_right_left,abstain,,!&&},|&$|,False,False,False,|&*$|,4,0,0,one_or_more_examples_have_no_matching_split; split_counts=0,v350_v324_variable_operator
d0e1010b,equation_symbolic_punct,symbolic_variable_operator_left_reverse_right,abstain,,!&&},|&$|,False,False,False,|&*$|,4,0,0,one_or_more_examples_have_no_matching_split; split_counts=0,v350_v324_variable_operator
d0e1010b,equation_symbolic_punct,symbolic_variable_operator_reverse_left_right,abstain,,!&&},|&$|,False,False,False,|&*$|,4,0,0,one_or_more_examples_have_no_matching_split; split_counts=0,v350_v324_variable_operator
d0e1010b,equation_symbolic_punct,symbolic_variable_operator_right_reverse_left,abstain,,!&&},|&$|,False,False,False,|&*$|,4,0,0,one_or_more_examples_have_no_matching_split; split_counts=0,v350_v324_variable_operator
d0e1010b,equation_symbolic_punct,symbolic_variable_operator_reverse_right_left,abstain,,!&&},|&$|,False,False,False,|&*$|,4,0,0,one_or_more_examples_have_no_matching_split; split_counts=0,v350_v324_variable_operator
d0e1010b,equation_symbolic_punct,symbolic_variable_operator_operator_between_reversed,abstain,,!&&},|&$|,False,False,False,|&*$|,4,0,0,one_or_more_examples_have_no_matching_split; split_counts=0,v350_v324_variable_operator
d0e1010b,equation_symbolic_punct,symbolic_cryptarithm_operator_digits,abstain,,!&&},|&$|,False,False,False,|&*$|,4,0,0,no_operator_digit_solution,v350_v329_symbolic_cryptarithm
5a0d5d2a,equation_numeric_operator,numeric_same_operator_extended,abstain,,341,55,False,False,False,39+94,3,0,0,same_operator_examples=0 below_min=2,v350_equation_numeric_local
5a0d5d2a,equation_numeric_operator,v274_guarded_numeric_query_operator_unseen,abstain,,341,55,False,False,False,39+94,3,0,0,query_op='+' not present in examples,v350_equation_numeric_local
5a0d5d2a,equation_numeric_operator,v299_same_operator_unique_numeric_dsl,abstain,,341,55,False,False,False,39+94,3,0,0,query_op='+' absent from examples,v350_v299_numeric_dsl
5a0d5d2a,equation_numeric_operator,v299_all_numeric_examples_unique_dsl,abstain,,341,55,False,False,False,39+94,3,0,0,unique_prediction_count=0; candidate_rules=0,v350_v299_numeric_dsl
5a0d5d2a,equation_numeric_operator,v299_conventional_operator_prior_unique,abstain,,341,55,False,False,False,39+94,3,12,4,unique_prediction_count=4; candidate_rules=12,v350_v299_numeric_dsl
5a9fcf68,equation_numeric_operator,numeric_same_operator_extended,abstain,,4443,4,False,False,False,24@28,3,0,0,same_operator_examples=0 below_min=2,v350_equation_numeric_local
5a9fcf68,equation_numeric_operator,v274_guarded_numeric_query_operator_unseen,abstain,,4443,4,False,False,False,24@28,3,0,0,query_op='@' not present in examples,v350_equation_numeric_local
5a9fcf68,equation_numeric_operator,v299_same_operator_unique_numeric_dsl,abstain,,4443,4,False,False,False,24@28,3,0,0,query_op='@' absent from examples,v350_v299_numeric_dsl
5a9fcf68,equation_numeric_operator,v299_all_numeric_examples_unique_dsl,abstain,,4443,4,False,False,False,24@28,3,0,0,unique_prediction_count=0; candidate_rules=0,v350_v299_numeric_dsl
5a9fcf68,equation_numeric_operator,v299_conventional_operator_prior_unique,abstain,,4443,4,False,False,False,24@28,3,0,0,unique_prediction_count=0; candidate_rules=0,v350_v299_numeric_dsl
6e56b39a,equation_symbolic_punct,symbolic_char_transducer,abstain,,-/#,&#!,False,False,False,&#-!],4,0,0,no_global_mapping,v350_v278_symbolic_dsl
6e56b39a,equation_symbolic_punct,symbolic_delete_selected_chars,abstain,,-/#,&#!,False,False,False,&#-!],4,0,0,delete_char_sets=; unique_prediction_count=0,v350_v278_symbolic_dsl
6e56b39a,equation_symbolic_punct,symbolic_keep_selected_chars,abstain,,-/#,&#!,False,False,False,&#-!],4,0,0,keep_char_sets=; unique_prediction_count=0,v350_v278_symbolic_dsl
6e56b39a,equation_symbolic_punct,symbolic_prefix_until_marker,abstain,,-/#,&#!,False,False,False,&#-!],4,0,0,markers=''; unique_prediction_count=0,v350_v278_symbolic_dsl
6e56b39a,equation_symbolic_punct,symbolic_suffix_after_marker,abstain,,-/#,&#!,False,False,False,&#-!],4,0,0,markers=''; unique_prediction_count=0,v350_v278_symbolic_dsl
6e56b39a,equation_symbolic_punct,symbolic_prefix_before_last_marker,abstain,,-/#,&#!,False,False,False,&#-!],4,0,0,markers=''; unique_prediction_count=0,v350_v278_symbolic_dsl
6e56b39a,equation_symbolic_punct,symbolic_suffix_after_last_marker,abstain,,-/#,&#!,False,False,False,&#-!],4,0,0,markers=''; unique_prediction_count=0,v350_v278_symbolic_dsl
6e56b39a,equation_symbolic_punct,symbolic_remove_first_marker,abstain,,-/#,&#!,False,False,False,&#-!],4,0,0,markers=''; unique_prediction_count=0,v350_v278_symbolic_dsl
6e56b39a,equation_symbolic_punct,symbolic_position_template,abstain,,-/#,&#!,False,False,False,&#-!],4,0,0,no_source_for_output_index=1,v350_v278_symbolic_dsl
6e56b39a,equation_symbolic_punct,symbolic_operator_index_template,abstain,,-/#,&#!,False,False,False,&#-!],4,0,0,programs=; unique_prediction_count=0,v350_v278_symbolic_dsl
6e56b39a,equation_symbolic_punct,symbolic_variable_operator_drop_operator,abstain,,-/#,&#!,False,False,False,&#-!],4,0,0,one_or_more_examples_have_no_matching_split; split_counts=0,v350_v324_variable_operator
6e56b39a,equation_symbolic_punct,symbolic_variable_operator_reverse_drop_operator,abstain,,-/#,&#!,False,False,False,&#-!],4,0,0,one_or_more_examples_have_no_matching_split; split_counts=0,v350_v324_variable_operator
6e56b39a,equation_symbolic_punct,symbolic_variable_operator_left_only,abstain,,-/#,&#!,False,False,False,&#-!],4,0,0,one_or_more_examples_have_no_matching_split; split_counts=0,v350_v324_variable_operator
6e56b39a,equation_symbolic_punct,symbolic_variable_operator_right_only,abstain,,-/#,&#!,False,False,False,&#-!],4,0,0,one_or_more_examples_have_no_matching_split; split_counts=0,v350_v324_variable_operator
6e56b39a,equation_symbolic_punct,symbolic_variable_operator_right_left,abstain,,-/#,&#!,False,False,False,&#-!],4,0,0,one_or_more_examples_have_no_matching_split; split_counts=0,v350_v324_variable_operator
6e56b39a,equation_symbolic_punct,symbolic_variable_operator_left_reverse_right,abstain,,-/#,&#!,False,False,False,&#-!],4,0,0,one_or_more_examples_have_no_matching_split; split_counts=0,v350_v324_variable_operator
6e56b39a,equation_symbolic_punct,symbolic_variable_operator_reverse_left_right,abstain,,-/#,&#!,False,False,False,&#-!],4,0,0,one_or_more_examples_have_no_matching_split; split_counts=0,v350_v324_variable_operator
6e56b39a,equation_symbolic_punct,symbolic_variable_operator_right_reverse_left,abstain,,-/#,&#!,False,False,False,&#-!],4,0,0,one_or_more_examples_have_no_matching_split; split_counts=0,v350_v324_variable_operator
6e56b39a,equation_symbolic_punct,symbolic_variable_operator_reverse_right_left,abstain,,-/#,&#!,False,False,False,&#-!],4,0,0,one_or_more_examples_have_no_matching_split; split_counts=0,v350_v324_variable_operator
6e56b39a,equation_symbolic_punct,symbolic_variable_operator_operator_between_reversed,abstain,,-/#,&#!,False,False,False,&#-!],4,0,0,one_or_more_examples_have_no_matching_split; split_counts=0,v350_v324_variable_operator
6e56b39a,equation_symbolic_punct,symbolic_cryptarithm_operator_digits,abstain,,-/#,&#!,False,False,False,&#-!],4,0,0,no_operator_digit_solution,v350_v329_symbolic_cryptarithm
a5f1991c,equation_symbolic_punct,symbolic_char_transducer,abstain,,/|',!&&&,False,False,False,!?/&&,5,0,0,no_global_mapping,v350_v278_symbolic_dsl
a5f1991c,equation_symbolic_punct,symbolic_delete_selected_chars,abstain,,/|',!&&&,False,False,False,!?/&&,5,0,0,delete_char_sets=; unique_prediction_count=0,v350_v278_symbolic_dsl
a5f1991c,equation_symbolic_punct,symbolic_keep_selected_chars,abstain,,/|',!&&&,False,False,False,!?/&&,5,0,0,keep_char_sets=; unique_prediction_count=0,v350_v278_symbolic_dsl
a5f1991c,equation_symbolic_punct,symbolic_prefix_until_marker,abstain,,/|',!&&&,False,False,False,!?/&&,5,0,0,markers=''; unique_prediction_count=0,v350_v278_symbolic_dsl
a5f1991c,equation_symbolic_punct,symbolic_suffix_after_marker,abstain,,/|',!&&&,False,False,False,!?/&&,5,0,0,markers=''; unique_prediction_count=0,v350_v278_symbolic_dsl
a5f1991c,equation_symbolic_punct,symbolic_prefix_before_last_marker,abstain,,/|',!&&&,False,False,False,!?/&&,5,0,0,markers=''; unique_prediction_count=0,v350_v278_symbolic_dsl
a5f1991c,equation_symbolic_punct,symbolic_suffix_after_last_marker,abstain,,/|',!&&&,False,False,False,!?/&&,5,0,0,markers=''; unique_prediction_count=0,v350_v278_symbolic_dsl
a5f1991c,equation_symbolic_punct,symbolic_remove_first_marker,abstain,,/|',!&&&,False,False,False,!?/&&,5,0,0,markers=''; unique_prediction_count=0,v350_v278_symbolic_dsl
a5f1991c,equation_symbolic_punct,symbolic_position_template,abstain,,/|',!&&&,False,False,False,!?/&&,5,0,0,nonuniform_rhs_lengths,v350_v278_symbolic_dsl
a5f1991c,equation_symbolic_punct,symbolic_operator_index_template,abstain,,/|',!&&&,False,False,False,!?/&&,5,0,0,programs=; unique_prediction_count=0,v350_v278_symbolic_dsl
a5f1991c,equation_symbolic_punct,symbolic_variable_operator_drop_operator,abstain,,/|',!&&&,False,False,False,!?/&&,5,0,0,"one_or_more_examples_have_no_matching_split; split_counts=1,0",v350_v324_variable_operator
a5f1991c,equation_symbolic_punct,symbolic_variable_operator_reverse_drop_operator,abstain,,/|',!&&&,False,False,False,!?/&&,5,0,0,one_or_more_examples_have_no_matching_split; split_counts=0,v350_v324_variable_operator
a5f1991c,equation_symbolic_punct,symbolic_variable_operator_left_only,abstain,,/|',!&&&,False,False,False,!?/&&,5,0,0,one_or_more_examples_have_no_matching_split; split_counts=0,v350_v324_variable_operator
a5f1991c,equation_symbolic_punct,symbolic_variable_operator_right_only,abstain,,/|',!&&&,False,False,False,!?/&&,5,0,0,one_or_more_examples_have_no_matching_split; split_counts=0,v350_v324_variable_operator
a5f1991c,equation_symbolic_punct,symbolic_variable_operator_right_left,abstain,,/|',!&&&,False,False,False,!?/&&,5,0,0,one_or_more_examples_have_no_matching_split; split_counts=0,v350_v324_variable_operator
a5f1991c,equation_symbolic_punct,symbolic_variable_operator_left_reverse_right,abstain,,/|',!&&&,False,False,False,!?/&&,5,0,0,one_or_more_examples_have_no_matching_split; split_counts=0,v350_v324_variable_operator
a5f1991c,equation_symbolic_punct,symbolic_variable_operator_reverse_left_right,abstain,,/|',!&&&,False,False,False,!?/&&,5,0,0,one_or_more_examples_have_no_matching_split; split_counts=0,v350_v324_variable_operator
a5f1991c,equation_symbolic_punct,symbolic_variable_operator_right_reverse_left,abstain,,/|',!&&&,False,False,False,!?/&&,5,0,0,one_or_more_examples_have_no_matching_split; split_counts=0,v350_v324_variable_operator
a5f1991c,equation_symbolic_punct,symbolic_variable_operator_reverse_right_left,abstain,,/|',!&&&,False,False,False,!?/&&,5,0,0,one_or_more_examples_have_no_matching_split; split_counts=0,v350_v324_variable_operator
a5f1991c,equation_symbolic_punct,symbolic_variable_operator_operator_between_reversed,abstain,,/|',!&&&,False,False,False,!?/&&,5,0,0,one_or_more_examples_have_no_matching_split; split_counts=0,v350_v324_variable_operator
a5f1991c,equation_symbolic_punct,symbolic_cryptarithm_operator_digits,abstain,,/|',!&&&,False,False,False,!?/&&,5,0,0,no_operator_digit_solution,v350_v329_symbolic_cryptarithm
c7aae192,equation_symbolic_punct,symbolic_char_transducer,abstain,,">""(","\""]",False,False,False,"\""*}}",2,0,0,no_pair_mapping,v350_v278_symbolic_dsl
c7aae192,equation_symbolic_punct,symbolic_delete_selected_chars,abstain,,">""(","\""]",False,False,False,"\""*}}",2,0,0,delete_char_sets=; unique_prediction_count=0,v350_v278_symbolic_dsl
c7aae192,equation_symbolic_punct,symbolic_keep_selected_chars,abstain,,">""(","\""]",False,False,False,"\""*}}",2,0,0,keep_char_sets=; unique_prediction_count=0,v350_v278_symbolic_dsl
c7aae192,equation_symbolic_punct,symbolic_prefix_until_marker,abstain,,">""(","\""]",False,False,False,"\""*}}",2,0,0,markers=''; unique_prediction_count=0,v350_v278_symbolic_dsl
c7aae192,equation_symbolic_punct,symbolic_suffix_after_marker,abstain,,">""(","\""]",False,False,False,"\""*}}",2,0,0,markers=''; unique_prediction_count=0,v350_v278_symbolic_dsl
c7aae192,equation_symbolic_punct,symbolic_prefix_before_last_marker,abstain,,">""(","\""]",False,False,False,"\""*}}",2,0,0,markers=''; unique_prediction_count=0,v350_v278_symbolic_dsl
c7aae192,equation_symbolic_punct,symbolic_suffix_after_last_marker,abstain,,">""(","\""]",False,False,False,"\""*}}",2,0,0,markers=''; unique_prediction_count=0,v350_v278_symbolic_dsl
c7aae192,equation_symbolic_punct,symbolic_remove_first_marker,abstain,,">""(","\""]",False,False,False,"\""*}}",2,0,0,markers=''; unique_prediction_count=0,v350_v278_symbolic_dsl
c7aae192,equation_symbolic_punct,symbolic_position_template,abstain,,">""(","\""]",False,False,False,"\""*}}",2,0,0,nonuniform_rhs_lengths,v350_v278_symbolic_dsl
c7aae192,equation_symbolic_punct,symbolic_operator_index_template,abstain,,">""(","\""]",False,False,False,"\""*}}",2,0,0,programs=; unique_prediction_count=0,v350_v278_symbolic_dsl
c7aae192,equation_symbolic_punct,symbolic_variable_operator_drop_operator,abstain,,">""(","\""]",False,False,False,"\""*}}",2,0,0,one_or_more_examples_have_no_matching_split; split_counts=0,v350_v324_variable_operator
c7aae192,equation_symbolic_punct,symbolic_variable_operator_reverse_drop_operator,abstain,,">""(","\""]",False,False,False,"\""*}}",2,0,0,one_or_more_examples_have_no_matching_split; split_counts=0,v350_v324_variable_operator
c7aae192,equation_symbolic_punct,symbolic_variable_operator_left_only,abstain,,">""(","\""]",False,False,False,"\""*}}",2,0,0,one_or_more_examples_have_no_matching_split; split_counts=0,v350_v324_variable_operator
c7aae192,equation_symbolic_punct,symbolic_variable_operator_right_only,abstain,,">""(","\""]",False,False,False,"\""*}}",2,0,0,one_or_more_examples_have_no_matching_split; split_counts=0,v350_v324_variable_operator
c7aae192,equation_symbolic_punct,symbolic_variable_operator_right_left,abstain,,">""(","\""]",False,False,False,"\""*}}",2,0,0,one_or_more_examples_have_no_matching_split; split_counts=0,v350_v324_variable_operator
c7aae192,equation_symbolic_punct,symbolic_variable_operator_left_reverse_right,abstain,,">""(","\""]",False,False,False,"\""*}}",2,0,0,one_or_more_examples_have_no_matching_split; split_counts=0,v350_v324_variable_operator
c7aae192,equation_symbolic_punct,symbolic_variable_operator_reverse_left_right,abstain,,">""(","\""]",False,False,False,"\""*}}",2,0,0,one_or_more_examples_have_no_matching_split; split_counts=0,v350_v324_variable_operator
c7aae192,equation_symbolic_punct,symbolic_variable_operator_right_reverse_left,abstain,,">""(","\""]",False,False,False,"\""*}}",2,0,0,one_or_more_examples_have_no_matching_split; split_counts=0,v350_v324_variable_operator
c7aae192,equation_symbolic_punct,symbolic_variable_operator_reverse_right_left,abstain,,">""(","\""]",False,False,False,"\""*}}",2,0,0,one_or_more_examples_have_no_matching_split; split_counts=0,v350_v324_variable_operator
c7aae192,equation_symbolic_punct,symbolic_variable_operator_operator_between_reversed,abstain,,">""(","\""]",False,False,False,"\""*}}",2,0,0,one_or_more_examples_have_no_matching_split; split_counts=0,v350_v324_variable_operator
c7aae192,equation_symbolic_punct,symbolic_cryptarithm_multi_operator_digits_add,abstain,,">""(","\""]",False,False,False,"\""*}}",2,2,2,"ops={""*"": ""add"", ""-"": ""sub_ab""}; map={""\"""": 6, ""#"": 8, ""("": 9, "">"": 7, ""\\"": 5, ""`"": 1, ""{"": 0, ""}"": 2}; ops={""*"": ""add"", ""-"": ""sub_ab""}; map={""\"""": 3, ""#"": 8, ""("": 9, "">"": 7, ""\\"": 5, ""`"": 1, ""{"": 0, ""}"": 2}; ops={""*"": ""add"", ""-"": ""abs_diff""}; map={""\"""": 6, ""#"": 8, ""("": 9, "">"": 7, ""\\"": 5, ""`"": 1, ""{"": 0, ""}"": 2}; ops={""*"": ""add"", ""-"": ""abs_diff""}; map={""\"""": 3, ""#"": 8, ""("": 9, "">"": 7, ""\\"": 5, ""`"": 1, ""{"": 0, ""}"": 2}; unique_prediction_count=2",v350_v329_symbolic_cryptarithm
c7aae192,equation_symbolic_punct,symbolic_cryptarithm_multi_operator_digits_mul,abstain,,">""(","\""]",False,False,False,"\""*}}",2,2,2,"ops={""*"": ""mul"", ""-"": ""sub_ab""}; map={""\"""": 8, ""#"": 3, ""("": 5, "">"": 2, ""\\"": 6, ""`"": 1, ""{"": 0, ""}"": 7}; ops={""*"": ""mul"", ""-"": ""sub_ab""}; map={""\"""": 9, ""#"": 3, ""("": 5, "">"": 2, ""\\"": 6, ""`"": 1, ""{"": 0, ""}"": 7}; ops={""*"": ""mul"", ""-"": ""abs_diff""}; map={""\"""": 8, ""#"": 3, ""("": 5, "">"": 2, ""\\"": 6, ""`"": 1, ""{"": 0, ""}"": 7}; ops={""*"": ""mul"", ""-"": ""abs_diff""}; map={""\"""": 9, ""#"": 3, ""("": 5, "">"": 2, ""\\"": 6, ""`"": 1, ""{"": 0, ""}"": 7}; unique_prediction_count=2",v350_v329_symbolic_cryptarithm
e4cc7639,equation_numeric_operator,numeric_same_operator_extended,abstain,,113,16,False,False,False,48*64,5,0,0,same_operator_examples=0 below_min=2,v350_equation_numeric_local
e4cc7639,equation_numeric_operator,v274_guarded_numeric_query_operator_unseen,abstain,,113,16,False,False,False,48*64,5,0,0,query_op='*' not present in examples,v350_equation_numeric_local
e4cc7639,equation_numeric_operator,v299_same_operator_unique_numeric_dsl,abstain,,113,16,False,False,False,48*64,5,0,0,query_op='*' absent from examples,v350_v299_numeric_dsl
e4cc7639,equation_numeric_operator,v299_all_numeric_examples_unique_dsl,abstain,,113,16,False,False,False,48*64,5,0,0,unique_prediction_count=0; candidate_rules=0,v350_v299_numeric_dsl
e4cc7639,equation_numeric_operator,v299_conventional_operator_prior_unique,abstain,,113,16,False,False,False,48*64,5,12,6,unique_prediction_count=6; candidate_rules=12,v350_v299_numeric_dsl
844f826c,equation_symbolic_punct,symbolic_char_transducer,abstain,,"/""",`@>``,False,False,False,@*>,5,0,0,no_global_mapping,v350_v278_symbolic_dsl
844f826c,equation_symbolic_punct,symbolic_delete_selected_chars,abstain,,"/""",`@>``,False,False,False,@*>,5,0,0,delete_char_sets=; unique_prediction_count=0,v350_v278_symbolic_dsl
844f826c,equation_symbolic_punct,symbolic_keep_selected_chars,abstain,,"/""",`@>``,False,False,False,@*>,5,0,0,keep_char_sets=; unique_prediction_count=0,v350_v278_symbolic_dsl
844f826c,equation_symbolic_punct,symbolic_prefix_until_marker,abstain,,"/""",`@>``,False,False,False,@*>,5,0,0,markers=''; unique_prediction_count=0,v350_v278_symbolic_dsl
844f826c,equation_symbolic_punct,symbolic_suffix_after_marker,abstain,,"/""",`@>``,False,False,False,@*>,5,0,0,markers=''; unique_prediction_count=0,v350_v278_symbolic_dsl
844f826c,equation_symbolic_punct,symbolic_prefix_before_last_marker,abstain,,"/""",`@>``,False,False,False,@*>,5,0,0,markers=''; unique_prediction_count=0,v350_v278_symbolic_dsl
844f826c,equation_symbolic_punct,symbolic_suffix_after_last_marker,abstain,,"/""",`@>``,False,False,False,@*>,5,0,0,markers=''; unique_prediction_count=0,v350_v278_symbolic_dsl
844f826c,equation_symbolic_punct,symbolic_remove_first_marker,abstain,,"/""",`@>``,False,False,False,@*>,5,0,0,markers=''; unique_prediction_count=0,v350_v278_symbolic_dsl
844f826c,equation_symbolic_punct,symbolic_position_template,abstain,,"/""",`@>``,False,False,False,@*>,5,0,0,nonuniform_rhs_lengths,v350_v278_symbolic_dsl
844f826c,equation_symbolic_punct,symbolic_operator_index_template,abstain,,"/""",`@>``,False,False,False,@*>,5,0,0,programs=; unique_prediction_count=0,v350_v278_symbolic_dsl
844f826c,equation_symbolic_punct,symbolic_variable_operator_drop_operator,abstain,,"/""",`@>``,False,False,False,@*>,5,0,0,"one_or_more_examples_have_no_matching_split; split_counts=1,1,0",v350_v324_variable_operator
844f826c,equation_symbolic_punct,symbolic_variable_operator_reverse_drop_operator,abstain,,"/""",`@>``,False,False,False,@*>,5,0,0,one_or_more_examples_have_no_matching_split; split_counts=0,v350_v324_variable_operator
844f826c,equation_symbolic_punct,symbolic_variable_operator_left_only,abstain,,"/""",`@>``,False,False,False,@*>,5,0,0,one_or_more_examples_have_no_matching_split; split_counts=0,v350_v324_variable_operator
844f826c,equation_symbolic_punct,symbolic_variable_operator_right_only,abstain,,"/""",`@>``,False,False,False,@*>,5,0,0,one_or_more_examples_have_no_matching_split; split_counts=0,v350_v324_variable_operator
844f826c,equation_symbolic_punct,symbolic_variable_operator_right_left,abstain,,"/""",`@>``,False,False,False,@*>,5,0,0,one_or_more_examples_have_no_matching_split; split_counts=0,v350_v324_variable_operator
844f826c,equation_symbolic_punct,symbolic_variable_operator_left_reverse_right,abstain,,"/""",`@>``,False,False,False,@*>,5,0,0,one_or_more_examples_have_no_matching_split; split_counts=0,v350_v324_variable_operator
844f826c,equation_symbolic_punct,symbolic_variable_operator_reverse_left_right,abstain,,"/""",`@>``,False,False,False,@*>,5,0,0,one_or_more_examples_have_no_matching_split; split_counts=0,v350_v324_variable_operator
844f826c,equation_symbolic_punct,symbolic_variable_operator_right_reverse_left,abstain,,"/""",`@>``,False,False,False,@*>,5,0,0,one_or_more_examples_have_no_matching_split; split_counts=0,v350_v324_variable_operator
844f826c,equation_symbolic_punct,symbolic_variable_operator_reverse_right_left,abstain,,"/""",`@>``,False,False,False,@*>,5,0,0,one_or_more_examples_have_no_matching_split; split_counts=0,v350_v324_variable_operator
844f826c,equation_symbolic_punct,symbolic_variable_operator_operator_between_reversed,abstain,,"/""",`@>``,False,False,False,@*>,5,0,0,one_or_more_examples_have_no_matching_split; split_counts=0,v350_v324_variable_operator
844f826c,equation_symbolic_punct,symbolic_cryptarithm_gate,abstain,,"/""",`@>``,False,False,False,@*>,5,0,0,query_not_len5_binary_expr,v350_v329_symbolic_cryptarithm
8193e7e0,equation_symbolic_punct,symbolic_char_transducer,abstain,,??{`,#?&`,False,False,False,#?*&`,4,0,0,no_pair_mapping,v350_v278_symbolic_dsl
8193e7e0,equation_symbolic_punct,symbolic_delete_selected_chars,abstain,,??{`,#?&`,False,False,False,#?*&`,4,0,0,delete_char_sets=; unique_prediction_count=0,v350_v278_symbolic_dsl
8193e7e0,equation_symbolic_punct,symbolic_keep_selected_chars,abstain,,??{`,#?&`,False,False,False,#?*&`,4,0,0,keep_char_sets=; unique_prediction_count=0,v350_v278_symbolic_dsl
8193e7e0,equation_symbolic_punct,symbolic_prefix_until_marker,abstain,,??{`,#?&`,False,False,False,#?*&`,4,0,0,markers=''; unique_prediction_count=0,v350_v278_symbolic_dsl
8193e7e0,equation_symbolic_punct,symbolic_suffix_after_marker,abstain,,??{`,#?&`,False,False,False,#?*&`,4,0,0,markers=''; unique_prediction_count=0,v350_v278_symbolic_dsl
8193e7e0,equation_symbolic_punct,symbolic_prefix_before_last_marker,abstain,,??{`,#?&`,False,False,False,#?*&`,4,0,0,markers=''; unique_prediction_count=0,v350_v278_symbolic_dsl
8193e7e0,equation_symbolic_punct,symbolic_suffix_after_last_marker,abstain,,??{`,#?&`,False,False,False,#?*&`,4,0,0,markers=''; unique_prediction_count=0,v350_v278_symbolic_dsl
8193e7e0,equation_symbolic_punct,symbolic_remove_first_marker,abstain,,??{`,#?&`,False,False,False,#?*&`,4,0,0,markers=''; unique_prediction_count=0,v350_v278_symbolic_dsl
8193e7e0,equation_symbolic_punct,symbolic_position_template,abstain,,??{`,#?&`,False,False,False,#?*&`,4,0,0,nonuniform_rhs_lengths,v350_v278_symbolic_dsl
8193e7e0,equation_symbolic_punct,symbolic_operator_index_template,abstain,,??{`,#?&`,False,False,False,#?*&`,4,0,0,programs=; unique_prediction_count=0,v350_v278_symbolic_dsl
8193e7e0,equation_symbolic_punct,symbolic_variable_operator_drop_operator,abstain,,??{`,#?&`,False,False,False,#?*&`,4,0,0,one_or_more_examples_have_no_matching_split; split_counts=0,v350_v324_variable_operator
8193e7e0,equation_symbolic_punct,symbolic_variable_operator_reverse_drop_operator,abstain,,??{`,#?&`,False,False,False,#?*&`,4,0,0,one_or_more_examples_have_no_matching_split; split_counts=0,v350_v324_variable_operator
8193e7e0,equation_symbolic_punct,symbolic_variable_operator_left_only,abstain,,??{`,#?&`,False,False,False,#?*&`,4,0,0,one_or_more_examples_have_no_matching_split; split_counts=0,v350_v324_variable_operator
8193e7e0,equation_symbolic_punct,symbolic_variable_operator_right_only,abstain,,??{`,#?&`,False,False,False,#?*&`,4,0,0,one_or_more_examples_have_no_matching_split; split_counts=0,v350_v324_variable_operator
8193e7e0,equation_symbolic_punct,symbolic_variable_operator_right_left,abstain,,??{`,#?&`,False,False,False,#?*&`,4,0,0,one_or_more_examples_have_no_matching_split; split_counts=0,v350_v324_variable_operator
8193e7e0,equation_symbolic_punct,symbolic_variable_operator_left_reverse_right,abstain,,??{`,#?&`,False,False,False,#?*&`,4,0,0,one_or_more_examples_have_no_matching_split; split_counts=0,v350_v324_variable_operator
8193e7e0,equation_symbolic_punct,symbolic_variable_operator_reverse_left_right,abstain,,??{`,#?&`,False,False,False,#?*&`,4,0,0,one_or_more_examples_have_no_matching_split; split_counts=0,v350_v324_variable_operator
8193e7e0,equation_symbolic_punct,symbolic_variable_operator_right_reverse_left,abstain,,??{`,#?&`,False,False,False,#?*&`,4,0,0,one_or_more_examples_have_no_matching_split; split_counts=0,v350_v324_variable_operator
8193e7e0,equation_symbolic_punct,symbolic_variable_operator_reverse_right_left,abstain,,??{`,#?&`,False,False,False,#?*&`,4,0,0,one_or_more_examples_have_no_matching_split; split_counts=0,v350_v324_variable_operator
8193e7e0,equation_symbolic_punct,symbolic_variable_operator_operator_between_reversed,abstain,,??{`,#?&`,False,False,False,#?*&`,4,0,0,one_or_more_examples_have_no_matching_split; split_counts=0,v350_v324_variable_operator
8193e7e0,equation_symbolic_punct,symbolic_cryptarithm_gate,abstain,,??{`,#?&`,False,False,False,#?*&`,4,0,0,one_or_more_examples_not_len5_binary_expr,v350_v329_symbolic_cryptarithm
5bcb572e,equation_symbolic_punct,symbolic_char_transducer,abstain,,-!#,"""{!""",False,False,False,"""{-{!",3,0,0,no_global_mapping,v350_v278_symbolic_dsl
5bcb572e,equation_symbolic_punct,symbolic_delete_selected_chars,abstain,,-!#,"""{!""",False,False,False,"""{-{!",3,0,0,delete_char_sets=; unique_prediction_count=0,v350_v278_symbolic_dsl
5bcb572e,equation_symbolic_punct,symbolic_keep_selected_chars,abstain,,-!#,"""{!""",False,False,False,"""{-{!",3,0,0,keep_char_sets=; unique_prediction_count=0,v350_v278_symbolic_dsl
5bcb572e,equation_symbolic_punct,symbolic_prefix_until_marker,abstain,,-!#,"""{!""",False,False,False,"""{-{!",3,0,0,markers=''; unique_prediction_count=0,v350_v278_symbolic_dsl
5bcb572e,equation_symbolic_punct,symbolic_suffix_after_marker,abstain,,-!#,"""{!""",False,False,False,"""{-{!",3,0,0,markers=''; unique_prediction_count=0,v350_v278_symbolic_dsl
5bcb572e,equation_symbolic_punct,symbolic_prefix_before_last_marker,abstain,,-!#,"""{!""",False,False,False,"""{-{!",3,0,0,markers=''; unique_prediction_count=0,v350_v278_symbolic_dsl
5bcb572e,equation_symbolic_punct,symbolic_suffix_after_last_marker,abstain,,-!#,"""{!""",False,False,False,"""{-{!",3,0,0,markers=''; unique_prediction_count=0,v350_v278_symbolic_dsl
5bcb572e,equation_symbolic_punct,symbolic_remove_first_marker,abstain,,-!#,"""{!""",False,False,False,"""{-{!",3,0,0,markers=''; unique_prediction_count=0,v350_v278_symbolic_dsl
5bcb572e,equation_symbolic_punct,symbolic_position_template,abstain,,-!#,"""{!""",False,False,False,"""{-{!",3,0,0,nonuniform_rhs_lengths,v350_v278_symbolic_dsl
5bcb572e,equation_symbolic_punct,symbolic_operator_index_template,abstain,,-!#,"""{!""",False,False,False,"""{-{!",3,0,0,programs=; unique_prediction_count=0,v350_v278_symbolic_dsl
5bcb572e,equation_symbolic_punct,symbolic_variable_operator_drop_operator,abstain,,-!#,"""{!""",False,False,False,"""{-{!",3,0,0,one_or_more_examples_have_no_matching_split; split_counts=0,v350_v324_variable_operator
5bcb572e,equation_symbolic_punct,symbolic_variable_operator_reverse_drop_operator,abstain,,-!#,"""{!""",False,False,False,"""{-{!",3,0,0,one_or_more_examples_have_no_matching_split; split_counts=0,v350_v324_variable_operator
5bcb572e,equation_symbolic_punct,symbolic_variable_operator_left_only,abstain,,-!#,"""{!""",False,False,False,"""{-{!",3,0,0,one_or_more_examples_have_no_matching_split; split_counts=0,v350_v324_variable_operator
5bcb572e,equation_symbolic_punct,symbolic_variable_operator_right_only,abstain,,-!#,"""{!""",False,False,False,"""{-{!",3,0,0,one_or_more_examples_have_no_matching_split; split_counts=0,v350_v324_variable_operator
5bcb572e,equation_symbolic_punct,symbolic_variable_operator_right_left,abstain,,-!#,"""{!""",False,False,False,"""{-{!",3,0,0,one_or_more_examples_have_no_matching_split; split_counts=0,v350_v324_variable_operator
5bcb572e,equation_symbolic_punct,symbolic_variable_operator_left_reverse_right,abstain,,-!#,"""{!""",False,False,False,"""{-{!",3,0,0,one_or_more_examples_have_no_matching_split; split_counts=0,v350_v324_variable_operator
5bcb572e,equation_symbolic_punct,symbolic_variable_operator_reverse_left_right,abstain,,-!#,"""{!""",False,False,False,"""{-{!",3,0,0,one_or_more_examples_have_no_matching_split; split_counts=0,v350_v324_variable_operator
5bcb572e,equation_symbolic_punct,symbolic_variable_operator_right_reverse_left,abstain,,-!#,"""{!""",False,False,False,"""{-{!",3,0,0,one_or_more_examples_have_no_matching_split; split_counts=0,v350_v324_variable_operator
5bcb572e,equation_symbolic_punct,symbolic_variable_operator_reverse_right_left,abstain,,-!#,"""{!""",False,False,False,"""{-{!",3,0,0,one_or_more_examples_have_no_matching_split; split_counts=0,v350_v324_variable_operator
5bcb572e,equation_symbolic_punct,symbolic_variable_operator_operator_between_reversed,abstain,,-!#,"""{!""",False,False,False,"""{-{!",3,0,0,one_or_more_examples_have_no_matching_split; split_counts=0,v350_v324_variable_operator
5bcb572e,equation_symbolic_punct,symbolic_cryptarithm_operator_digits,abstain,,-!#,"""{!""",False,False,False,"""{-{!",3,0,0,no_operator_digit_solution,v350_v329_symbolic_cryptarithm
cdec898a,equation_symbolic_punct,symbolic_char_transducer,abstain,,<?/,>}][?,False,False,False,>}+]?,4,0,0,no_global_mapping,v350_v278_symbolic_dsl
cdec898a,equation_symbolic_punct,symbolic_delete_selected_chars,abstain,,<?/,>}][?,False,False,False,>}+]?,4,0,0,delete_char_sets=; unique_prediction_count=0,v350_v278_symbolic_dsl
cdec898a,equation_symbolic_punct,symbolic_keep_selected_chars,abstain,,<?/,>}][?,False,False,False,>}+]?,4,0,0,keep_char_sets=; unique_prediction_count=0,v350_v278_symbolic_dsl
cdec898a,equation_symbolic_punct,symbolic_prefix_until_marker,abstain,,<?/,>}][?,False,False,False,>}+]?,4,0,0,markers=''; unique_prediction_count=0,v350_v278_symbolic_dsl
cdec898a,equation_symbolic_punct,symbolic_suffix_after_marker,abstain,,<?/,>}][?,False,False,False,>}+]?,4,0,0,markers=''; unique_prediction_count=0,v350_v278_symbolic_dsl
cdec898a,equation_symbolic_punct,symbolic_prefix_before_last_marker,abstain,,<?/,>}][?,False,False,False,>}+]?,4,0,0,markers=''; unique_prediction_count=0,v350_v278_symbolic_dsl
cdec898a,equation_symbolic_punct,symbolic_suffix_after_last_marker,abstain,,<?/,>}][?,False,False,False,>}+]?,4,0,0,markers=''; unique_prediction_count=0,v350_v278_symbolic_dsl
cdec898a,equation_symbolic_punct,symbolic_remove_first_marker,abstain,,<?/,>}][?,False,False,False,>}+]?,4,0,0,markers=''; unique_prediction_count=0,v350_v278_symbolic_dsl
cdec898a,equation_symbolic_punct,symbolic_position_template,abstain,,<?/,>}][?,False,False,False,>}+]?,4,0,0,nonuniform_rhs_lengths,v350_v278_symbolic_dsl
cdec898a,equation_symbolic_punct,symbolic_operator_index_template,abstain,,<?/,>}][?,False,False,False,>}+]?,4,0,0,programs=; unique_prediction_count=0,v350_v278_symbolic_dsl
cdec898a,equation_symbolic_punct,symbolic_variable_operator_drop_operator,abstain,,<?/,>}][?,False,False,False,>}+]?,4,0,0,one_or_more_examples_have_no_matching_split; split_counts=0,v350_v324_variable_operator
cdec898a,equation_symbolic_punct,symbolic_variable_operator_reverse_drop_operator,abstain,,<?/,>}][?,False,False,False,>}+]?,4,0,0,one_or_more_examples_have_no_matching_split; split_counts=0,v350_v324_variable_operator
cdec898a,equation_symbolic_punct,symbolic_variable_operator_left_only,abstain,,<?/,>}][?,False,False,False,>}+]?,4,0,0,one_or_more_examples_have_no_matching_split; split_counts=0,v350_v324_variable_operator
cdec898a,equation_symbolic_punct,symbolic_variable_operator_right_only,abstain,,<?/,>}][?,False,False,False,>}+]?,4,0,0,one_or_more_examples_have_no_matching_split; split_counts=0,v350_v324_variable_operator
cdec898a,equation_symbolic_punct,symbolic_variable_operator_right_left,abstain,,<?/,>}][?,False,False,False,>}+]?,4,0,0,one_or_more_examples_have_no_matching_split; split_counts=0,v350_v324_variable_operator
cdec898a,equation_symbolic_punct,symbolic_variable_operator_left_reverse_right,abstain,,<?/,>}][?,False,False,False,>}+]?,4,0,0,one_or_more_examples_have_no_matching_split; split_counts=0,v350_v324_variable_operator
cdec898a,equation_symbolic_punct,symbolic_variable_operator_reverse_left_right,abstain,,<?/,>}][?,False,False,False,>}+]?,4,0,0,one_or_more_examples_have_no_matching_split; split_counts=0,v350_v324_variable_operator
cdec898a,equation_symbolic_punct,symbolic_variable_operator_right_reverse_left,abstain,,<?/,>}][?,False,False,False,>}+]?,4,0,0,one_or_more_examples_have_no_matching_split; split_counts=0,v350_v324_variable_operator
cdec898a,equation_symbolic_punct,symbolic_variable_operator_reverse_right_left,abstain,,<?/,>}][?,False,False,False,>}+]?,4,0,0,one_or_more_examples_have_no_matching_split; split_counts=0,v350_v324_variable_operator
cdec898a,equation_symbolic_punct,symbolic_variable_operator_operator_between_reversed,abstain,,<?/,>}][?,False,False,False,>}+]?,4,0,0,one_or_more_examples_have_no_matching_split; split_counts=0,v350_v324_variable_operator
cdec898a,equation_symbolic_punct,symbolic_cryptarithm_operator_digits,abstain,,<?/,>}][?,False,False,False,>}+]?,4,0,0,no_operator_digit_solution,v350_v329_symbolic_cryptarithm
edf364da,equation_symbolic_punct,symbolic_char_transducer,abstain,,$(%,::{[,False,False,False,::*{[,3,0,0,no_pair_mapping,v350_v278_symbolic_dsl
edf364da,equation_symbolic_punct,symbolic_delete_selected_chars,abstain,,$(%,::{[,False,False,False,::*{[,3,0,0,delete_char_sets=; unique_prediction_count=0,v350_v278_symbolic_dsl
edf364da,equation_symbolic_punct,symbolic_keep_selected_chars,abstain,,$(%,::{[,False,False,False,::*{[,3,0,0,keep_char_sets=; unique_prediction_count=0,v350_v278_symbolic_dsl
edf364da,equation_symbolic_punct,symbolic_prefix_until_marker,abstain,,$(%,::{[,False,False,False,::*{[,3,0,0,markers=''; unique_prediction_count=0,v350_v278_symbolic_dsl
edf364da,equation_symbolic_punct,symbolic_suffix_after_marker,abstain,,$(%,::{[,False,False,False,::*{[,3,0,0,markers=''; unique_prediction_count=0,v350_v278_symbolic_dsl
edf364da,equation_symbolic_punct,symbolic_prefix_before_last_marker,abstain,,$(%,::{[,False,False,False,::*{[,3,0,0,markers=''; unique_prediction_count=0,v350_v278_symbolic_dsl
edf364da,equation_symbolic_punct,symbolic_suffix_after_last_marker,abstain,,$(%,::{[,False,False,False,::*{[,3,0,0,markers=''; unique_prediction_count=0,v350_v278_symbolic_dsl
edf364da,equation_symbolic_punct,symbolic_remove_first_marker,abstain,,$(%,::{[,False,False,False,::*{[,3,0,0,markers=''; unique_prediction_count=0,v350_v278_symbolic_dsl
edf364da,equation_symbolic_punct,symbolic_position_template,abstain,,$(%,::{[,False,False,False,::*{[,3,0,0,nonuniform_rhs_lengths,v350_v278_symbolic_dsl
edf364da,equation_symbolic_punct,symbolic_operator_index_template,abstain,,$(%,::{[,False,False,False,::*{[,3,0,0,programs=; unique_prediction_count=0,v350_v278_symbolic_dsl
edf364da,equation_symbolic_punct,symbolic_variable_operator_drop_operator,abstain,,$(%,::{[,False,False,False,::*{[,3,0,0,one_or_more_examples_have_no_matching_split; split_counts=0,v350_v324_variable_operator
edf364da,equation_symbolic_punct,symbolic_variable_operator_reverse_drop_operator,abstain,,$(%,::{[,False,False,False,::*{[,3,0,0,one_or_more_examples_have_no_matching_split; split_counts=0,v350_v324_variable_operator
edf364da,equation_symbolic_punct,symbolic_variable_operator_left_only,abstain,,$(%,::{[,False,False,False,::*{[,3,0,0,one_or_more_examples_have_no_matching_split; split_counts=0,v350_v324_variable_operator
edf364da,equation_symbolic_punct,symbolic_variable_operator_right_only,abstain,,$(%,::{[,False,False,False,::*{[,3,0,0,one_or_more_examples_have_no_matching_split; split_counts=0,v350_v324_variable_operator
edf364da,equation_symbolic_punct,symbolic_variable_operator_right_left,abstain,,$(%,::{[,False,False,False,::*{[,3,0,0,one_or_more_examples_have_no_matching_split; split_counts=0,v350_v324_variable_operator
edf364da,equation_symbolic_punct,symbolic_variable_operator_left_reverse_right,abstain,,$(%,::{[,False,False,False,::*{[,3,0,0,one_or_more_examples_have_no_matching_split; split_counts=0,v350_v324_variable_operator
edf364da,equation_symbolic_punct,symbolic_variable_operator_reverse_left_right,abstain,,$(%,::{[,False,False,False,::*{[,3,0,0,one_or_more_examples_have_no_matching_split; split_counts=0,v350_v324_variable_operator
edf364da,equation_symbolic_punct,symbolic_variable_operator_right_reverse_left,abstain,,$(%,::{[,False,False,False,::*{[,3,0,0,one_or_more_examples_have_no_matching_split; split_counts=0,v350_v324_variable_operator
edf364da,equation_symbolic_punct,symbolic_variable_operator_reverse_right_left,abstain,,$(%,::{[,False,False,False,::*{[,3,0,0,one_or_more_examples_have_no_matching_split; split_counts=0,v350_v324_variable_operator
edf364da,equation_symbolic_punct,symbolic_variable_operator_operator_between_reversed,abstain,,$(%,::{[,False,False,False,::*{[,3,0,0,one_or_more_examples_have_no_matching_split; split_counts=0,v350_v324_variable_operator
edf364da,equation_symbolic_punct,symbolic_cryptarithm_operator_digits,abstain,,$(%,::{[,False,False,False,::*{[,3,0,0,no_operator_digit_solution,v350_v329_symbolic_cryptarithm
0e009c6d,equation_symbolic_punct,symbolic_char_transducer,abstain,,`?\!,@?`?,False,False,False,@?'`?,4,0,0,no_pair_mapping,v350_v278_symbolic_dsl
0e009c6d,equation_symbolic_punct,symbolic_delete_selected_chars,abstain,,`?\!,@?`?,False,False,False,@?'`?,4,0,0,delete_char_sets=; unique_prediction_count=0,v350_v278_symbolic_dsl
0e009c6d,equation_symbolic_punct,symbolic_keep_selected_chars,abstain,,`?\!,@?`?,False,False,False,@?'`?,4,0,0,keep_char_sets=; unique_prediction_count=0,v350_v278_symbolic_dsl
0e009c6d,equation_symbolic_punct,symbolic_prefix_until_marker,abstain,,`?\!,@?`?,False,False,False,@?'`?,4,0,0,markers=''; unique_prediction_count=0,v350_v278_symbolic_dsl
0e009c6d,equation_symbolic_punct,symbolic_suffix_after_marker,abstain,,`?\!,@?`?,False,False,False,@?'`?,4,0,0,markers=''; unique_prediction_count=0,v350_v278_symbolic_dsl
0e009c6d,equation_symbolic_punct,symbolic_prefix_before_last_marker,abstain,,`?\!,@?`?,False,False,False,@?'`?,4,0,0,markers=''; unique_prediction_count=0,v350_v278_symbolic_dsl
0e009c6d,equation_symbolic_punct,symbolic_suffix_after_last_marker,abstain,,`?\!,@?`?,False,False,False,@?'`?,4,0,0,markers=''; unique_prediction_count=0,v350_v278_symbolic_dsl
0e009c6d,equation_symbolic_punct,symbolic_remove_first_marker,abstain,,`?\!,@?`?,False,False,False,@?'`?,4,0,0,markers=''; unique_prediction_count=0,v350_v278_symbolic_dsl
0e009c6d,equation_symbolic_punct,symbolic_position_template,abstain,,`?\!,@?`?,False,False,False,@?'`?,4,0,0,nonuniform_rhs_lengths,v350_v278_symbolic_dsl
0e009c6d,equation_symbolic_punct,symbolic_operator_index_template,abstain,,`?\!,@?`?,False,False,False,@?'`?,4,0,0,programs=; unique_prediction_count=0,v350_v278_symbolic_dsl
0e009c6d,equation_symbolic_punct,symbolic_variable_operator_drop_operator,abstain,,`?\!,@?`?,False,False,False,@?'`?,4,0,0,one_or_more_examples_have_no_matching_split; split_counts=0,v350_v324_variable_operator
0e009c6d,equation_symbolic_punct,symbolic_variable_operator_reverse_drop_operator,abstain,,`?\!,@?`?,False,False,False,@?'`?,4,0,0,one_or_more_examples_have_no_matching_split; split_counts=0,v350_v324_variable_operator
0e009c6d,equation_symbolic_punct,symbolic_variable_operator_left_only,abstain,,`?\!,@?`?,False,False,False,@?'`?,4,0,0,one_or_more_examples_have_no_matching_split; split_counts=0,v350_v324_variable_operator
0e009c6d,equation_symbolic_punct,symbolic_variable_operator_right_only,abstain,,`?\!,@?`?,False,False,False,@?'`?,4,0,0,one_or_more_examples_have_no_matching_split; split_counts=0,v350_v324_variable_operator
0e009c6d,equation_symbolic_punct,symbolic_variable_operator_right_left,abstain,,`?\!,@?`?,False,False,False,@?'`?,4,0,0,one_or_more_examples_have_no_matching_split; split_counts=0,v350_v324_variable_operator
0e009c6d,equation_symbolic_punct,symbolic_variable_operator_left_reverse_right,abstain,,`?\!,@?`?,False,False,False,@?'`?,4,0,0,one_or_more_examples_have_no_matching_split; split_counts=0,v350_v324_variable_operator
0e009c6d,equation_symbolic_punct,symbolic_variable_operator_reverse_left_right,abstain,,`?\!,@?`?,False,False,False,@?'`?,4,0,0,one_or_more_examples_have_no_matching_split; split_counts=0,v350_v324_variable_operator
0e009c6d,equation_symbolic_punct,symbolic_variable_operator_right_reverse_left,abstain,,`?\!,@?`?,False,False,False,@?'`?,4,0,0,one_or_more_examples_have_no_matching_split; split_counts=0,v350_v324_variable_operator
0e009c6d,equation_symbolic_punct,symbolic_variable_operator_reverse_right_left,abstain,,`?\!,@?`?,False,False,False,@?'`?,4,0,0,one_or_more_examples_have_no_matching_split; split_counts=0,v350_v324_variable_operator
0e009c6d,equation_symbolic_punct,symbolic_variable_operator_operator_between_reversed,abstain,,`?\!,@?`?,False,False,False,@?'`?,4,0,0,one_or_more_examples_have_no_matching_split; split_counts=0,v350_v324_variable_operator
0e009c6d,equation_symbolic_punct,symbolic_cryptarithm_operator_digits,abstain,,`?\!,@?`?,False,False,False,@?'`?,4,0,0,no_operator_digit_solution,v350_v329_symbolic_cryptarithm
b4b73143,equation_symbolic_punct,symbolic_char_transducer,abstain,,>\:,>!!/,False,False,False,>!%!/,3,0,0,no_global_mapping,v350_v278_symbolic_dsl
b4b73143,equation_symbolic_punct,symbolic_delete_selected_chars,abstain,,>\:,>!!/,False,False,False,>!%!/,3,0,0,delete_char_sets=; unique_prediction_count=0,v350_v278_symbolic_dsl
b4b73143,equation_symbolic_punct,symbolic_keep_selected_chars,abstain,,>\:,>!!/,False,False,False,>!%!/,3,0,0,keep_char_sets=; unique_prediction_count=0,v350_v278_symbolic_dsl
b4b73143,equation_symbolic_punct,symbolic_prefix_until_marker,abstain,,>\:,>!!/,False,False,False,>!%!/,3,0,0,markers=''; unique_prediction_count=0,v350_v278_symbolic_dsl
b4b73143,equation_symbolic_punct,symbolic_suffix_after_marker,abstain,,>\:,>!!/,False,False,False,>!%!/,3,0,0,markers=''; unique_prediction_count=0,v350_v278_symbolic_dsl
b4b73143,equation_symbolic_punct,symbolic_prefix_before_last_marker,abstain,,>\:,>!!/,False,False,False,>!%!/,3,0,0,markers=''; unique_prediction_count=0,v350_v278_symbolic_dsl
b4b73143,equation_symbolic_punct,symbolic_suffix_after_last_marker,abstain,,>\:,>!!/,False,False,False,>!%!/,3,0,0,markers=''; unique_prediction_count=0,v350_v278_symbolic_dsl
b4b73143,equation_symbolic_punct,symbolic_remove_first_marker,abstain,,>\:,>!!/,False,False,False,>!%!/,3,0,0,markers=''; unique_prediction_count=0,v350_v278_symbolic_dsl
b4b73143,equation_symbolic_punct,symbolic_position_template,abstain,,>\:,>!!/,False,False,False,>!%!/,3,0,0,nonuniform_rhs_lengths,v350_v278_symbolic_dsl
b4b73143,equation_symbolic_punct,symbolic_operator_index_template,abstain,,>\:,>!!/,False,False,False,>!%!/,3,0,0,programs=; unique_prediction_count=0,v350_v278_symbolic_dsl
b4b73143,equation_symbolic_punct,symbolic_variable_operator_drop_operator,abstain,,>\:,>!!/,False,False,False,>!%!/,3,0,0,one_or_more_examples_have_no_matching_split; split_counts=0,v350_v324_variable_operator
b4b73143,equation_symbolic_punct,symbolic_variable_operator_reverse_drop_operator,abstain,,>\:,>!!/,False,False,False,>!%!/,3,0,0,one_or_more_examples_have_no_matching_split; split_counts=0,v350_v324_variable_operator
b4b73143,equation_symbolic_punct,symbolic_variable_operator_left_only,abstain,,>\:,>!!/,False,False,False,>!%!/,3,0,0,one_or_more_examples_have_no_matching_split; split_counts=0,v350_v324_variable_operator
b4b73143,equation_symbolic_punct,symbolic_variable_operator_right_only,abstain,,>\:,>!!/,False,False,False,>!%!/,3,0,0,one_or_more_examples_have_no_matching_split; split_counts=0,v350_v324_variable_operator
b4b73143,equation_symbolic_punct,symbolic_variable_operator_right_left,abstain,,>\:,>!!/,False,False,False,>!%!/,3,0,0,one_or_more_examples_have_no_matching_split; split_counts=0,v350_v324_variable_operator
b4b73143,equation_symbolic_punct,symbolic_variable_operator_left_reverse_right,abstain,,>\:,>!!/,False,False,False,>!%!/,3,0,0,one_or_more_examples_have_no_matching_split; split_counts=0,v350_v324_variable_operator
b4b73143,equation_symbolic_punct,symbolic_variable_operator_reverse_left_right,abstain,,>\:,>!!/,False,False,False,>!%!/,3,0,0,one_or_more_examples_have_no_matching_split; split_counts=0,v350_v324_variable_operator
b4b73143,equation_symbolic_punct,symbolic_variable_operator_right_reverse_left,abstain,,>\:,>!!/,False,False,False,>!%!/,3,0,0,one_or_more_examples_have_no_matching_split; split_counts=0,v350_v324_variable_operator
b4b73143,equation_symbolic_punct,symbolic_variable_operator_reverse_right_left,abstain,,>\:,>!!/,False,False,False,>!%!/,3,0,0,one_or_more_examples_have_no_matching_split; split_counts=0,v350_v324_variable_operator
b4b73143,equation_symbolic_punct,symbolic_variable_operator_operator_between_reversed,abstain,,>\:,>!!/,False,False,False,>!%!/,3,0,0,one_or_more_examples_have_no_matching_split; split_counts=0,v350_v324_variable_operator
b4b73143,equation_symbolic_punct,symbolic_cryptarithm_operator_digits,abstain,,>\:,>!!/,False,False,False,>!%!/,3,0,0,no_operator_digit_solution,v350_v329_symbolic_cryptarithm
861cb154,equation_numeric_operator,numeric_same_operator_extended,abstain,,2271,10,False,False,False,14!24,3,0,0,same_operator_examples=0 below_min=2,v350_equation_numeric_local
861cb154,equation_numeric_operator,v274_guarded_numeric_query_operator_unseen,abstain,,2271,10,False,False,False,14!24,3,0,0,query_op='!' not present in examples,v350_equation_numeric_local
861cb154,equation_numeric_operator,v299_same_operator_unique_numeric_dsl,abstain,,2271,10,False,False,False,14!24,3,0,0,query_op='!' absent from examples,v350_v299_numeric_dsl
861cb154,equation_numeric_operator,v299_all_numeric_examples_unique_dsl,abstain,,2271,10,False,False,False,14!24,3,0,0,unique_prediction_count=0; candidate_rules=0,v350_v299_numeric_dsl
861cb154,equation_numeric_operator,v299_conventional_operator_prior_unique,abstain,,2271,10,False,False,False,14!24,3,0,0,unique_prediction_count=0; candidate_rules=0,v350_v299_numeric_dsl
90feb0c5,equation_symbolic_punct,symbolic_char_transducer,abstain,,:<],?>>>,False,False,False,?>'>>,3,0,0,no_global_mapping,v350_v278_symbolic_dsl
90feb0c5,equation_symbolic_punct,symbolic_delete_selected_chars,abstain,,:<],?>>>,False,False,False,?>'>>,3,0,0,delete_char_sets=; unique_prediction_count=0,v350_v278_symbolic_dsl
90feb0c5,equation_symbolic_punct,symbolic_keep_selected_chars,abstain,,:<],?>>>,False,False,False,?>'>>,3,0,0,keep_char_sets=; unique_prediction_count=0,v350_v278_symbolic_dsl
90feb0c5,equation_symbolic_punct,symbolic_prefix_until_marker,abstain,,:<],?>>>,False,False,False,?>'>>,3,0,0,markers=''; unique_prediction_count=0,v350_v278_symbolic_dsl
90feb0c5,equation_symbolic_punct,symbolic_suffix_after_marker,abstain,,:<],?>>>,False,False,False,?>'>>,3,0,0,markers=''; unique_prediction_count=0,v350_v278_symbolic_dsl
90feb0c5,equation_symbolic_punct,symbolic_prefix_before_last_marker,abstain,,:<],?>>>,False,False,False,?>'>>,3,0,0,markers=''; unique_prediction_count=0,v350_v278_symbolic_dsl
90feb0c5,equation_symbolic_punct,symbolic_suffix_after_last_marker,abstain,,:<],?>>>,False,False,False,?>'>>,3,0,0,markers=''; unique_prediction_count=0,v350_v278_symbolic_dsl
90feb0c5,equation_symbolic_punct,symbolic_remove_first_marker,abstain,,:<],?>>>,False,False,False,?>'>>,3,0,0,markers=''; unique_prediction_count=0,v350_v278_symbolic_dsl
90feb0c5,equation_symbolic_punct,symbolic_position_template,abstain,,:<],?>>>,False,False,False,?>'>>,3,0,0,nonuniform_rhs_lengths,v350_v278_symbolic_dsl
90feb0c5,equation_symbolic_punct,symbolic_operator_index_template,abstain,,:<],?>>>,False,False,False,?>'>>,3,0,0,programs=; unique_prediction_count=0,v350_v278_symbolic_dsl
90feb0c5,equation_symbolic_punct,symbolic_variable_operator_drop_operator,abstain,,:<],?>>>,False,False,False,?>'>>,3,0,0,"one_or_more_examples_have_no_matching_split; split_counts=1,0",v350_v324_variable_operator
90feb0c5,equation_symbolic_punct,symbolic_variable_operator_reverse_drop_operator,abstain,,:<],?>>>,False,False,False,?>'>>,3,0,0,one_or_more_examples_have_no_matching_split; split_counts=0,v350_v324_variable_operator
90feb0c5,equation_symbolic_punct,symbolic_variable_operator_left_only,abstain,,:<],?>>>,False,False,False,?>'>>,3,0,0,one_or_more_examples_have_no_matching_split; split_counts=0,v350_v324_variable_operator
90feb0c5,equation_symbolic_punct,symbolic_variable_operator_right_only,abstain,,:<],?>>>,False,False,False,?>'>>,3,0,0,one_or_more_examples_have_no_matching_split; split_counts=0,v350_v324_variable_operator
90feb0c5,equation_symbolic_punct,symbolic_variable_operator_right_left,abstain,,:<],?>>>,False,False,False,?>'>>,3,0,0,one_or_more_examples_have_no_matching_split; split_counts=0,v350_v324_variable_operator
90feb0c5,equation_symbolic_punct,symbolic_variable_operator_left_reverse_right,abstain,,:<],?>>>,False,False,False,?>'>>,3,0,0,one_or_more_examples_have_no_matching_split; split_counts=0,v350_v324_variable_operator
90feb0c5,equation_symbolic_punct,symbolic_variable_operator_reverse_left_right,abstain,,:<],?>>>,False,False,False,?>'>>,3,0,0,one_or_more_examples_have_no_matching_split; split_counts=0,v350_v324_variable_operator
90feb0c5,equation_symbolic_punct,symbolic_variable_operator_right_reverse_left,abstain,,:<],?>>>,False,False,False,?>'>>,3,0,0,one_or_more_examples_have_no_matching_split; split_counts=0,v350_v324_variable_operator
90feb0c5,equation_symbolic_punct,symbolic_variable_operator_reverse_right_left,abstain,,:<],?>>>,False,False,False,?>'>>,3,0,0,one_or_more_examples_have_no_matching_split; split_counts=0,v350_v324_variable_operator
90feb0c5,equation_symbolic_punct,symbolic_variable_operator_operator_between_reversed,abstain,,:<],?>>>,False,False,False,?>'>>,3,0,0,one_or_more_examples_have_no_matching_split; split_counts=0,v350_v324_variable_operator
90feb0c5,equation_symbolic_punct,symbolic_cryptarithm_operator_digits,abstain,,:<],?>>>,False,False,False,?>'>>,3,0,0,no_operator_digit_solution,v350_v329_symbolic_cryptarithm
b9f1d959,equation_symbolic_punct,symbolic_char_transducer,abstain,,:>,"$""\[""",False,False,False,"$\+""[",5,0,0,no_global_mapping,v350_v278_symbolic_dsl
b9f1d959,equation_symbolic_punct,symbolic_delete_selected_chars,abstain,,:>,"$""\[""",False,False,False,"$\+""[",5,0,0,delete_char_sets=; unique_prediction_count=0,v350_v278_symbolic_dsl
b9f1d959,equation_symbolic_punct,symbolic_keep_selected_chars,abstain,,:>,"$""\[""",False,False,False,"$\+""[",5,0,0,keep_char_sets=; unique_prediction_count=0,v350_v278_symbolic_dsl
b9f1d959,equation_symbolic_punct,symbolic_prefix_until_marker,abstain,,:>,"$""\[""",False,False,False,"$\+""[",5,0,0,markers=''; unique_prediction_count=0,v350_v278_symbolic_dsl
b9f1d959,equation_symbolic_punct,symbolic_suffix_after_marker,abstain,,:>,"$""\[""",False,False,False,"$\+""[",5,0,0,markers=''; unique_prediction_count=0,v350_v278_symbolic_dsl
b9f1d959,equation_symbolic_punct,symbolic_prefix_before_last_marker,abstain,,:>,"$""\[""",False,False,False,"$\+""[",5,0,0,markers=''; unique_prediction_count=0,v350_v278_symbolic_dsl
b9f1d959,equation_symbolic_punct,symbolic_suffix_after_last_marker,abstain,,:>,"$""\[""",False,False,False,"$\+""[",5,0,0,markers=''; unique_prediction_count=0,v350_v278_symbolic_dsl
b9f1d959,equation_symbolic_punct,symbolic_remove_first_marker,abstain,,:>,"$""\[""",False,False,False,"$\+""[",5,0,0,markers=''; unique_prediction_count=0,v350_v278_symbolic_dsl
b9f1d959,equation_symbolic_punct,symbolic_position_template,abstain,,:>,"$""\[""",False,False,False,"$\+""[",5,0,0,nonuniform_rhs_lengths,v350_v278_symbolic_dsl
b9f1d959,equation_symbolic_punct,symbolic_operator_index_template,abstain,,:>,"$""\[""",False,False,False,"$\+""[",5,0,0,programs=; unique_prediction_count=0,v350_v278_symbolic_dsl
b9f1d959,equation_symbolic_punct,symbolic_variable_operator_drop_operator,abstain,,:>,"$""\[""",False,False,False,"$\+""[",5,0,0,one_or_more_examples_have_no_matching_split; split_counts=0,v350_v324_variable_operator
b9f1d959,equation_symbolic_punct,symbolic_variable_operator_reverse_drop_operator,abstain,,:>,"$""\[""",False,False,False,"$\+""[",5,0,0,one_or_more_examples_have_no_matching_split; split_counts=0,v350_v324_variable_operator
b9f1d959,equation_symbolic_punct,symbolic_variable_operator_left_only,abstain,,:>,"$""\[""",False,False,False,"$\+""[",5,0,0,one_or_more_examples_have_no_matching_split; split_counts=0,v350_v324_variable_operator
b9f1d959,equation_symbolic_punct,symbolic_variable_operator_right_only,abstain,,:>,"$""\[""",False,False,False,"$\+""[",5,0,0,one_or_more_examples_have_no_matching_split; split_counts=0,v350_v324_variable_operator
b9f1d959,equation_symbolic_punct,symbolic_variable_operator_right_left,abstain,,:>,"$""\[""",False,False,False,"$\+""[",5,0,0,one_or_more_examples_have_no_matching_split; split_counts=0,v350_v324_variable_operator
b9f1d959,equation_symbolic_punct,symbolic_variable_operator_left_reverse_right,abstain,,:>,"$""\[""",False,False,False,"$\+""[",5,0,0,one_or_more_examples_have_no_matching_split; split_counts=0,v350_v324_variable_operator
b9f1d959,equation_symbolic_punct,symbolic_variable_operator_reverse_left_right,abstain,,:>,"$""\[""",False,False,False,"$\+""[",5,0,0,one_or_more_examples_have_no_matching_split; split_counts=0,v350_v324_variable_operator
b9f1d959,equation_symbolic_punct,symbolic_variable_operator_right_reverse_left,abstain,,:>,"$""\[""",False,False,False,"$\+""[",5,0,0,one_or_more_examples_have_no_matching_split; split_counts=0,v350_v324_variable_operator
b9f1d959,equation_symbolic_punct,symbolic_variable_operator_reverse_right_left,abstain,,:>,"$""\[""",False,False,False,"$\+""[",5,0,0,one_or_more_examples_have_no_matching_split; split_counts=0,v350_v324_variable_operator
b9f1d959,equation_symbolic_punct,symbolic_variable_operator_operator_between_reversed,abstain,,:>,"$""\[""",False,False,False,"$\+""[",5,0,0,one_or_more_examples_have_no_matching_split; split_counts=0,v350_v324_variable_operator
b9f1d959,equation_symbolic_punct,symbolic_cryptarithm_operator_digits,abstain,,:>,"$""\[""",False,False,False,"$\+""[",5,0,0,no_operator_digit_solution,v350_v329_symbolic_cryptarithm
ca5db1c0,equation_symbolic_punct,symbolic_char_transducer,abstain,,^,"\boxed({""'|})",False,False,False,"(""-'|",3,0,0,no_global_mapping,v350_v278_symbolic_dsl
ca5db1c0,equation_symbolic_punct,symbolic_delete_selected_chars,abstain,,^,"\boxed({""'|})",False,False,False,"(""-'|",3,0,0,delete_char_sets=; unique_prediction_count=0,v350_v278_symbolic_dsl
ca5db1c0,equation_symbolic_punct,symbolic_keep_selected_chars,abstain,,^,"\boxed({""'|})",False,False,False,"(""-'|",3,0,0,keep_char_sets=; unique_prediction_count=0,v350_v278_symbolic_dsl
ca5db1c0,equation_symbolic_punct,symbolic_prefix_until_marker,abstain,,^,"\boxed({""'|})",False,False,False,"(""-'|",3,0,0,markers=''; unique_prediction_count=0,v350_v278_symbolic_dsl
ca5db1c0,equation_symbolic_punct,symbolic_suffix_after_marker,abstain,,^,"\boxed({""'|})",False,False,False,"(""-'|",3,0,0,markers=''; unique_prediction_count=0,v350_v278_symbolic_dsl
ca5db1c0,equation_symbolic_punct,symbolic_prefix_before_last_marker,abstain,,^,"\boxed({""'|})",False,False,False,"(""-'|",3,0,0,markers=''; unique_prediction_count=0,v350_v278_symbolic_dsl
ca5db1c0,equation_symbolic_punct,symbolic_suffix_after_last_marker,abstain,,^,"\boxed({""'|})",False,False,False,"(""-'|",3,0,0,markers=''; unique_prediction_count=0,v350_v278_symbolic_dsl
ca5db1c0,equation_symbolic_punct,symbolic_remove_first_marker,abstain,,^,"\boxed({""'|})",False,False,False,"(""-'|",3,0,0,markers=''; unique_prediction_count=0,v350_v278_symbolic_dsl
ca5db1c0,equation_symbolic_punct,symbolic_position_template,abstain,,^,"\boxed({""'|})",False,False,False,"(""-'|",3,0,0,nonuniform_rhs_lengths,v350_v278_symbolic_dsl
ca5db1c0,equation_symbolic_punct,symbolic_operator_index_template,abstain,,^,"\boxed({""'|})",False,False,False,"(""-'|",3,0,0,programs=; unique_prediction_count=0,v350_v278_symbolic_dsl
ca5db1c0,equation_symbolic_punct,symbolic_variable_operator_drop_operator,abstain,,^,"\boxed({""'|})",False,False,False,"(""-'|",3,0,0,one_or_more_examples_have_no_matching_split; split_counts=0,v350_v324_variable_operator
ca5db1c0,equation_symbolic_punct,symbolic_variable_operator_reverse_drop_operator,abstain,,^,"\boxed({""'|})",False,False,False,"(""-'|",3,0,0,one_or_more_examples_have_no_matching_split; split_counts=0,v350_v324_variable_operator
ca5db1c0,equation_symbolic_punct,symbolic_variable_operator_left_only,abstain,,^,"\boxed({""'|})",False,False,False,"(""-'|",3,0,0,one_or_more_examples_have_no_matching_split; split_counts=0,v350_v324_variable_operator
ca5db1c0,equation_symbolic_punct,symbolic_variable_operator_right_only,abstain,,^,"\boxed({""'|})",False,False,False,"(""-'|",3,0,0,one_or_more_examples_have_no_matching_split; split_counts=0,v350_v324_variable_operator
ca5db1c0,equation_symbolic_punct,symbolic_variable_operator_right_left,abstain,,^,"\boxed({""'|})",False,False,False,"(""-'|",3,0,0,one_or_more_examples_have_no_matching_split; split_counts=0,v350_v324_variable_operator
ca5db1c0,equation_symbolic_punct,symbolic_variable_operator_left_reverse_right,abstain,,^,"\boxed({""'|})",False,False,False,"(""-'|",3,0,0,one_or_more_examples_have_no_matching_split; split_counts=0,v350_v324_variable_operator
ca5db1c0,equation_symbolic_punct,symbolic_variable_operator_reverse_left_right,abstain,,^,"\boxed({""'|})",False,False,False,"(""-'|",3,0,0,one_or_more_examples_have_no_matching_split; split_counts=0,v350_v324_variable_operator
ca5db1c0,equation_symbolic_punct,symbolic_variable_operator_right_reverse_left,abstain,,^,"\boxed({""'|})",False,False,False,"(""-'|",3,0,0,one_or_more_examples_have_no_matching_split; split_counts=0,v350_v324_variable_operator
ca5db1c0,equation_symbolic_punct,symbolic_variable_operator_reverse_right_left,abstain,,^,"\boxed({""'|})",False,False,False,"(""-'|",3,0,0,one_or_more_examples_have_no_matching_split; split_counts=0,v350_v324_variable_operator
ca5db1c0,equation_symbolic_punct,symbolic_variable_operator_operator_between_reversed,abstain,,^,"\boxed({""'|})",False,False,False,"(""-'|",3,0,0,one_or_more_examples_have_no_matching_split; split_counts=0,v350_v324_variable_operator
ca5db1c0,equation_symbolic_punct,symbolic_cryptarithm_operator_digits,abstain,,^,"\boxed({""'|})",False,False,False,"(""-'|",3,0,0,no_operator_digit_solution,v350_v329_symbolic_cryptarithm
9f1ff166,equation_symbolic_punct,symbolic_char_transducer,abstain,,[,"""]'/",False,False,False,"""]-'/",4,0,0,no_global_mapping,v350_v278_symbolic_dsl
9f1ff166,equation_symbolic_punct,symbolic_delete_selected_chars,abstain,,[,"""]'/",False,False,False,"""]-'/",4,0,0,delete_char_sets=; unique_prediction_count=0,v350_v278_symbolic_dsl
9f1ff166,equation_symbolic_punct,symbolic_keep_selected_chars,abstain,,[,"""]'/",False,False,False,"""]-'/",4,0,0,keep_char_sets=; unique_prediction_count=0,v350_v278_symbolic_dsl
9f1ff166,equation_symbolic_punct,symbolic_prefix_until_marker,abstain,,[,"""]'/",False,False,False,"""]-'/",4,0,0,markers=''; unique_prediction_count=0,v350_v278_symbolic_dsl
9f1ff166,equation_symbolic_punct,symbolic_suffix_after_marker,abstain,,[,"""]'/",False,False,False,"""]-'/",4,0,0,markers=''; unique_prediction_count=0,v350_v278_symbolic_dsl
9f1ff166,equation_symbolic_punct,symbolic_prefix_before_last_marker,abstain,,[,"""]'/",False,False,False,"""]-'/",4,0,0,markers=''; unique_prediction_count=0,v350_v278_symbolic_dsl
9f1ff166,equation_symbolic_punct,symbolic_suffix_after_last_marker,abstain,,[,"""]'/",False,False,False,"""]-'/",4,0,0,markers=''; unique_prediction_count=0,v350_v278_symbolic_dsl
9f1ff166,equation_symbolic_punct,symbolic_remove_first_marker,abstain,,[,"""]'/",False,False,False,"""]-'/",4,0,0,markers=''; unique_prediction_count=0,v350_v278_symbolic_dsl
9f1ff166,equation_symbolic_punct,symbolic_position_template,abstain,,[,"""]'/",False,False,False,"""]-'/",4,0,0,nonuniform_rhs_lengths,v350_v278_symbolic_dsl
9f1ff166,equation_symbolic_punct,symbolic_operator_index_template,abstain,,[,"""]'/",False,False,False,"""]-'/",4,0,0,programs=; unique_prediction_count=0,v350_v278_symbolic_dsl
9f1ff166,equation_symbolic_punct,symbolic_variable_operator_drop_operator,abstain,,[,"""]'/",False,False,False,"""]-'/",4,0,0,one_or_more_examples_have_no_matching_split; split_counts=0,v350_v324_variable_operator
9f1ff166,equation_symbolic_punct,symbolic_variable_operator_reverse_drop_operator,abstain,,[,"""]'/",False,False,False,"""]-'/",4,0,0,one_or_more_examples_have_no_matching_split; split_counts=0,v350_v324_variable_operator
9f1ff166,equation_symbolic_punct,symbolic_variable_operator_left_only,abstain,,[,"""]'/",False,False,False,"""]-'/",4,0,0,one_or_more_examples_have_no_matching_split; split_counts=0,v350_v324_variable_operator
9f1ff166,equation_symbolic_punct,symbolic_variable_operator_right_only,abstain,,[,"""]'/",False,False,False,"""]-'/",4,0,0,one_or_more_examples_have_no_matching_split; split_counts=0,v350_v324_variable_operator
9f1ff166,equation_symbolic_punct,symbolic_variable_operator_right_left,abstain,,[,"""]'/",False,False,False,"""]-'/",4,0,0,one_or_more_examples_have_no_matching_split; split_counts=0,v350_v324_variable_operator
9f1ff166,equation_symbolic_punct,symbolic_variable_operator_left_reverse_right,abstain,,[,"""]'/",False,False,False,"""]-'/",4,0,0,one_or_more_examples_have_no_matching_split; split_counts=0,v350_v324_variable_operator
9f1ff166,equation_symbolic_punct,symbolic_variable_operator_reverse_left_right,abstain,,[,"""]'/",False,False,False,"""]-'/",4,0,0,one_or_more_examples_have_no_matching_split; split_counts=0,v350_v324_variable_operator
9f1ff166,equation_symbolic_punct,symbolic_variable_operator_right_reverse_left,abstain,,[,"""]'/",False,False,False,"""]-'/",4,0,0,one_or_more_examples_have_no_matching_split; split_counts=0,v350_v324_variable_operator
9f1ff166,equation_symbolic_punct,symbolic_variable_operator_reverse_right_left,abstain,,[,"""]'/",False,False,False,"""]-'/",4,0,0,one_or_more_examples_have_no_matching_split; split_counts=0,v350_v324_variable_operator
9f1ff166,equation_symbolic_punct,symbolic_variable_operator_operator_between_reversed,abstain,,[,"""]'/",False,False,False,"""]-'/",4,0,0,one_or_more_examples_have_no_matching_split; split_counts=0,v350_v324_variable_operator
9f1ff166,equation_symbolic_punct,symbolic_cryptarithm_operator_digits,abstain,,[,"""]'/",False,False,False,"""]-'/",4,0,0,no_operator_digit_solution,v350_v329_symbolic_cryptarithm
432b1110,equation_symbolic_punct,symbolic_char_transducer,abstain,,%[:?,\{<?,False,False,False,\{*<?,4,1,0,char_transducer mappings=1 usable=0 unique_predictions=0,v350_v278_symbolic_dsl
432b1110,equation_symbolic_punct,symbolic_delete_selected_chars,candidate,\{*<?,%[:?,\{<?,False,True,False,\{*<?,4,1,1,delete_char_sets=+,v350_v278_symbolic_dsl
432b1110,equation_symbolic_punct,symbolic_keep_selected_chars,abstain,,%[:?,\{<?,False,False,False,\{*<?,4,0,0,keep_char_sets=; unique_prediction_count=0,v350_v278_symbolic_dsl
432b1110,equation_symbolic_punct,symbolic_prefix_until_marker,abstain,,%[:?,\{<?,False,False,False,\{*<?,4,0,0,markers=''; unique_prediction_count=0,v350_v278_symbolic_dsl
432b1110,equation_symbolic_punct,symbolic_suffix_after_marker,abstain,,%[:?,\{<?,False,False,False,\{*<?,4,0,0,markers=''; unique_prediction_count=0,v350_v278_symbolic_dsl
432b1110,equation_symbolic_punct,symbolic_prefix_before_last_marker,abstain,,%[:?,\{<?,False,False,False,\{*<?,4,0,0,markers=''; unique_prediction_count=0,v350_v278_symbolic_dsl
432b1110,equation_symbolic_punct,symbolic_suffix_after_last_marker,abstain,,%[:?,\{<?,False,False,False,\{*<?,4,0,0,markers=''; unique_prediction_count=0,v350_v278_symbolic_dsl
432b1110,equation_symbolic_punct,symbolic_remove_first_marker,abstain,,%[:?,\{<?,False,False,False,\{*<?,4,0,0,markers=''; unique_prediction_count=0,v350_v278_symbolic_dsl
432b1110,equation_symbolic_punct,symbolic_position_template,candidate,\{<?,%[:?,\{<?,False,True,False,\{*<?,4,16,1,"choice_counts=2,2,2,2",v350_v278_symbolic_dsl
432b1110,equation_symbolic_punct,symbolic_operator_index_template,candidate,\{<?,%[:?,\{<?,False,True,False,\{*<?,4,1,1,programs=drop_op@2,v350_v278_symbolic_dsl
432b1110,equation_symbolic_punct,symbolic_variable_operator_drop_operator,abstain,,%[:?,\{<?,False,False,False,\{*<?,4,4,3,"split_counts=1,1,1,1; unique_prediction_count=3",v350_v324_variable_operator
432b1110,equation_symbolic_punct,symbolic_variable_operator_reverse_drop_operator,abstain,,%[:?,\{<?,False,False,False,\{*<?,4,0,0,one_or_more_examples_have_no_matching_split; split_counts=0,v350_v324_variable_operator
432b1110,equation_symbolic_punct,symbolic_variable_operator_left_only,abstain,,%[:?,\{<?,False,False,False,\{*<?,4,0,0,one_or_more_examples_have_no_matching_split; split_counts=0,v350_v324_variable_operator
432b1110,equation_symbolic_punct,symbolic_variable_operator_right_only,abstain,,%[:?,\{<?,False,False,False,\{*<?,4,0,0,one_or_more_examples_have_no_matching_split; split_counts=0,v350_v324_variable_operator
432b1110,equation_symbolic_punct,symbolic_variable_operator_right_left,abstain,,%[:?,\{<?,False,False,False,\{*<?,4,0,0,one_or_more_examples_have_no_matching_split; split_counts=0,v350_v324_variable_operator
432b1110,equation_symbolic_punct,symbolic_variable_operator_left_reverse_right,abstain,,%[:?,\{<?,False,False,False,\{*<?,4,0,0,one_or_more_examples_have_no_matching_split; split_counts=0,v350_v324_variable_operator
432b1110,equation_symbolic_punct,symbolic_variable_operator_reverse_left_right,abstain,,%[:?,\{<?,False,False,False,\{*<?,4,0,0,one_or_more_examples_have_no_matching_split; split_counts=0,v350_v324_variable_operator
432b1110,equation_symbolic_punct,symbolic_variable_operator_right_reverse_left,abstain,,%[:?,\{<?,False,False,False,\{*<?,4,0,0,one_or_more_examples_have_no_matching_split; split_counts=0,v350_v324_variable_operator
432b1110,equation_symbolic_punct,symbolic_variable_operator_reverse_right_left,abstain,,%[:?,\{<?,False,False,False,\{*<?,4,0,0,one_or_more_examples_have_no_matching_split; split_counts=0,v350_v324_variable_operator
432b1110,equation_symbolic_punct,symbolic_variable_operator_operator_between_reversed,abstain,,%[:?,\{<?,False,False,False,\{*<?,4,0,0,one_or_more_examples_have_no_matching_split; split_counts=0,v350_v324_variable_operator
432b1110,equation_symbolic_punct,symbolic_cryptarithm_operator_digits,abstain,,%[:?,\{<?,False,False,False,\{*<?,4,0,0,no_operator_digit_solution,v350_v329_symbolic_cryptarithm
f7d26b8d,equation_symbolic_punct,symbolic_char_transducer,abstain,,/@,[}}\,False,False,False,[}-}\,5,0,0,no_global_mapping,v350_v278_symbolic_dsl
f7d26b8d,equation_symbolic_punct,symbolic_delete_selected_chars,abstain,,/@,[}}\,False,False,False,[}-}\,5,0,0,delete_char_sets=; unique_prediction_count=0,v350_v278_symbolic_dsl
f7d26b8d,equation_symbolic_punct,symbolic_keep_selected_chars,abstain,,/@,[}}\,False,False,False,[}-}\,5,0,0,keep_char_sets=; unique_prediction_count=0,v350_v278_symbolic_dsl
f7d26b8d,equation_symbolic_punct,symbolic_prefix_until_marker,abstain,,/@,[}}\,False,False,False,[}-}\,5,0,0,markers=''; unique_prediction_count=0,v350_v278_symbolic_dsl
f7d26b8d,equation_symbolic_punct,symbolic_suffix_after_marker,abstain,,/@,[}}\,False,False,False,[}-}\,5,0,0,markers=''; unique_prediction_count=0,v350_v278_symbolic_dsl
f7d26b8d,equation_symbolic_punct,symbolic_prefix_before_last_marker,abstain,,/@,[}}\,False,False,False,[}-}\,5,0,0,markers=''; unique_prediction_count=0,v350_v278_symbolic_dsl
f7d26b8d,equation_symbolic_punct,symbolic_suffix_after_last_marker,abstain,,/@,[}}\,False,False,False,[}-}\,5,0,0,markers=''; unique_prediction_count=0,v350_v278_symbolic_dsl
f7d26b8d,equation_symbolic_punct,symbolic_remove_first_marker,abstain,,/@,[}}\,False,False,False,[}-}\,5,0,0,markers=''; unique_prediction_count=0,v350_v278_symbolic_dsl
f7d26b8d,equation_symbolic_punct,symbolic_position_template,abstain,,/@,[}}\,False,False,False,[}-}\,5,0,0,nonuniform_rhs_lengths,v350_v278_symbolic_dsl
f7d26b8d,equation_symbolic_punct,symbolic_operator_index_template,abstain,,/@,[}}\,False,False,False,[}-}\,5,0,0,programs=; unique_prediction_count=0,v350_v278_symbolic_dsl
f7d26b8d,equation_symbolic_punct,symbolic_variable_operator_drop_operator,abstain,,/@,[}}\,False,False,False,[}-}\,5,0,0,one_or_more_examples_have_no_matching_split; split_counts=0,v350_v324_variable_operator
f7d26b8d,equation_symbolic_punct,symbolic_variable_operator_reverse_drop_operator,abstain,,/@,[}}\,False,False,False,[}-}\,5,0,0,one_or_more_examples_have_no_matching_split; split_counts=0,v350_v324_variable_operator
f7d26b8d,equation_symbolic_punct,symbolic_variable_operator_left_only,abstain,,/@,[}}\,False,False,False,[}-}\,5,0,0,one_or_more_examples_have_no_matching_split; split_counts=0,v350_v324_variable_operator
f7d26b8d,equation_symbolic_punct,symbolic_variable_operator_right_only,abstain,,/@,[}}\,False,False,False,[}-}\,5,0,0,one_or_more_examples_have_no_matching_split; split_counts=0,v350_v324_variable_operator
f7d26b8d,equation_symbolic_punct,symbolic_variable_operator_right_left,abstain,,/@,[}}\,False,False,False,[}-}\,5,0,0,one_or_more_examples_have_no_matching_split; split_counts=0,v350_v324_variable_operator
f7d26b8d,equation_symbolic_punct,symbolic_variable_operator_left_reverse_right,abstain,,/@,[}}\,False,False,False,[}-}\,5,0,0,one_or_more_examples_have_no_matching_split; split_counts=0,v350_v324_variable_operator
f7d26b8d,equation_symbolic_punct,symbolic_variable_operator_reverse_left_right,abstain,,/@,[}}\,False,False,False,[}-}\,5,0,0,one_or_more_examples_have_no_matching_split; split_counts=0,v350_v324_variable_operator
f7d26b8d,equation_symbolic_punct,symbolic_variable_operator_right_reverse_left,abstain,,/@,[}}\,False,False,False,[}-}\,5,0,0,one_or_more_examples_have_no_matching_split; split_counts=0,v350_v324_variable_operator
f7d26b8d,equation_symbolic_punct,symbolic_variable_operator_reverse_right_left,abstain,,/@,[}}\,False,False,False,[}-}\,5,0,0,one_or_more_examples_have_no_matching_split; split_counts=0,v350_v324_variable_operator
f7d26b8d,equation_symbolic_punct,symbolic_variable_operator_operator_between_reversed,abstain,,/@,[}}\,False,False,False,[}-}\,5,0,0,one_or_more_examples_have_no_matching_split; split_counts=0,v350_v324_variable_operator
f7d26b8d,equation_symbolic_punct,symbolic_cryptarithm_operator_digits,abstain,,/@,[}}\,False,False,False,[}-}\,5,0,0,no_operator_digit_solution,v350_v329_symbolic_cryptarithm
20f0fac9,equation_numeric_operator,numeric_same_operator_extended,abstain,,2976,65,False,False,False,31%96,4,0,0,same_operator_examples=0 below_min=2,v350_equation_numeric_local
20f0fac9,equation_numeric_operator,v274_guarded_numeric_query_operator_unseen,abstain,,2976,65,False,False,False,31%96,4,0,0,query_op='%' not present in examples,v350_equation_numeric_local
20f0fac9,equation_numeric_operator,v299_same_operator_unique_numeric_dsl,abstain,,2976,65,False,False,False,31%96,4,0,0,query_op='%' absent from examples,v350_v299_numeric_dsl
20f0fac9,equation_numeric_operator,v299_all_numeric_examples_unique_dsl,abstain,,2976,65,False,False,False,31%96,4,0,0,unique_prediction_count=0; candidate_rules=0,v350_v299_numeric_dsl
20f0fac9,equation_numeric_operator,v299_conventional_operator_prior_unique,abstain,,2976,65,False,False,False,31%96,4,0,0,unique_prediction_count=0; candidate_rules=0,v350_v299_numeric_dsl
26e48e98,equation_symbolic_punct,symbolic_char_transducer,abstain,,){|,"""%]%{""",False,False,False,"""])%{",5,0,0,no_pair_mapping,v350_v278_symbolic_dsl
26e48e98,equation_symbolic_punct,symbolic_delete_selected_chars,abstain,,){|,"""%]%{""",False,False,False,"""])%{",5,0,0,delete_char_sets=; unique_prediction_count=0,v350_v278_symbolic_dsl
26e48e98,equation_symbolic_punct,symbolic_keep_selected_chars,abstain,,){|,"""%]%{""",False,False,False,"""])%{",5,0,0,keep_char_sets=; unique_prediction_count=0,v350_v278_symbolic_dsl
26e48e98,equation_symbolic_punct,symbolic_prefix_until_marker,abstain,,){|,"""%]%{""",False,False,False,"""])%{",5,0,0,markers=''; unique_prediction_count=0,v350_v278_symbolic_dsl
26e48e98,equation_symbolic_punct,symbolic_suffix_after_marker,abstain,,){|,"""%]%{""",False,False,False,"""])%{",5,0,0,markers=''; unique_prediction_count=0,v350_v278_symbolic_dsl
26e48e98,equation_symbolic_punct,symbolic_prefix_before_last_marker,abstain,,){|,"""%]%{""",False,False,False,"""])%{",5,0,0,markers=''; unique_prediction_count=0,v350_v278_symbolic_dsl
26e48e98,equation_symbolic_punct,symbolic_suffix_after_last_marker,abstain,,){|,"""%]%{""",False,False,False,"""])%{",5,0,0,markers=''; unique_prediction_count=0,v350_v278_symbolic_dsl
26e48e98,equation_symbolic_punct,symbolic_remove_first_marker,abstain,,){|,"""%]%{""",False,False,False,"""])%{",5,0,0,markers=''; unique_prediction_count=0,v350_v278_symbolic_dsl
26e48e98,equation_symbolic_punct,symbolic_position_template,abstain,,){|,"""%]%{""",False,False,False,"""])%{",5,0,0,nonuniform_rhs_lengths,v350_v278_symbolic_dsl
26e48e98,equation_symbolic_punct,symbolic_operator_index_template,abstain,,){|,"""%]%{""",False,False,False,"""])%{",5,0,0,programs=; unique_prediction_count=0,v350_v278_symbolic_dsl
26e48e98,equation_symbolic_punct,symbolic_variable_operator_drop_operator,abstain,,){|,"""%]%{""",False,False,False,"""])%{",5,0,0,one_or_more_examples_have_no_matching_split; split_counts=0,v350_v324_variable_operator
26e48e98,equation_symbolic_punct,symbolic_variable_operator_reverse_drop_operator,abstain,,){|,"""%]%{""",False,False,False,"""])%{",5,0,0,one_or_more_examples_have_no_matching_split; split_counts=0,v350_v324_variable_operator
26e48e98,equation_symbolic_punct,symbolic_variable_operator_left_only,abstain,,){|,"""%]%{""",False,False,False,"""])%{",5,0,0,one_or_more_examples_have_no_matching_split; split_counts=0,v350_v324_variable_operator
26e48e98,equation_symbolic_punct,symbolic_variable_operator_right_only,abstain,,){|,"""%]%{""",False,False,False,"""])%{",5,0,0,one_or_more_examples_have_no_matching_split; split_counts=0,v350_v324_variable_operator
26e48e98,equation_symbolic_punct,symbolic_variable_operator_right_left,abstain,,){|,"""%]%{""",False,False,False,"""])%{",5,0,0,one_or_more_examples_have_no_matching_split; split_counts=0,v350_v324_variable_operator
26e48e98,equation_symbolic_punct,symbolic_variable_operator_left_reverse_right,abstain,,){|,"""%]%{""",False,False,False,"""])%{",5,0,0,one_or_more_examples_have_no_matching_split; split_counts=0,v350_v324_variable_operator
26e48e98,equation_symbolic_punct,symbolic_variable_operator_reverse_left_right,abstain,,){|,"""%]%{""",False,False,False,"""])%{",5,0,0,one_or_more_examples_have_no_matching_split; split_counts=0,v350_v324_variable_operator
26e48e98,equation_symbolic_punct,symbolic_variable_operator_right_reverse_left,abstain,,){|,"""%]%{""",False,False,False,"""])%{",5,0,0,one_or_more_examples_have_no_matching_split; split_counts=0,v350_v324_variable_operator
26e48e98,equation_symbolic_punct,symbolic_variable_operator_reverse_right_left,abstain,,){|,"""%]%{""",False,False,False,"""])%{",5,0,0,one_or_more_examples_have_no_matching_split; split_counts=0,v350_v324_variable_operator
26e48e98,equation_symbolic_punct,symbolic_variable_operator_operator_between_reversed,abstain,,){|,"""%]%{""",False,False,False,"""])%{",5,0,0,one_or_more_examples_have_no_matching_split; split_counts=0,v350_v324_variable_operator
26e48e98,equation_symbolic_punct,symbolic_cryptarithm_operator_digits,abstain,,){|,"""%]%{""",False,False,False,"""])%{",5,0,0,no_operator_digit_solution,v350_v329_symbolic_cryptarithm
5501c054,equation_symbolic_punct,symbolic_char_transducer,abstain,,[#>#,!##^,False,False,False,!#$#^,5,0,0,no_global_mapping,v350_v278_symbolic_dsl
5501c054,equation_symbolic_punct,symbolic_delete_selected_chars,abstain,,[#>#,!##^,False,False,False,!#$#^,5,0,0,delete_char_sets=; unique_prediction_count=0,v350_v278_symbolic_dsl
5501c054,equation_symbolic_punct,symbolic_keep_selected_chars,abstain,,[#>#,!##^,False,False,False,!#$#^,5,0,0,keep_char_sets=; unique_prediction_count=0,v350_v278_symbolic_dsl
5501c054,equation_symbolic_punct,symbolic_prefix_until_marker,abstain,,[#>#,!##^,False,False,False,!#$#^,5,0,0,markers=''; unique_prediction_count=0,v350_v278_symbolic_dsl
5501c054,equation_symbolic_punct,symbolic_suffix_after_marker,abstain,,[#>#,!##^,False,False,False,!#$#^,5,0,0,markers=''; unique_prediction_count=0,v350_v278_symbolic_dsl
5501c054,equation_symbolic_punct,symbolic_prefix_before_last_marker,abstain,,[#>#,!##^,False,False,False,!#$#^,5,0,0,markers=''; unique_prediction_count=0,v350_v278_symbolic_dsl
5501c054,equation_symbolic_punct,symbolic_suffix_after_last_marker,abstain,,[#>#,!##^,False,False,False,!#$#^,5,0,0,markers=''; unique_prediction_count=0,v350_v278_symbolic_dsl
5501c054,equation_symbolic_punct,symbolic_remove_first_marker,abstain,,[#>#,!##^,False,False,False,!#$#^,5,0,0,markers=''; unique_prediction_count=0,v350_v278_symbolic_dsl
5501c054,equation_symbolic_punct,symbolic_position_template,abstain,,[#>#,!##^,False,False,False,!#$#^,5,0,0,nonuniform_rhs_lengths,v350_v278_symbolic_dsl
5501c054,equation_symbolic_punct,symbolic_operator_index_template,abstain,,[#>#,!##^,False,False,False,!#$#^,5,0,0,programs=; unique_prediction_count=0,v350_v278_symbolic_dsl
5501c054,equation_symbolic_punct,symbolic_variable_operator_drop_operator,abstain,,[#>#,!##^,False,False,False,!#$#^,5,0,0,one_or_more_examples_have_no_matching_split; split_counts=0,v350_v324_variable_operator
5501c054,equation_symbolic_punct,symbolic_variable_operator_reverse_drop_operator,abstain,,[#>#,!##^,False,False,False,!#$#^,5,0,0,one_or_more_examples_have_no_matching_split; split_counts=0,v350_v324_variable_operator
5501c054,equation_symbolic_punct,symbolic_variable_operator_left_only,abstain,,[#>#,!##^,False,False,False,!#$#^,5,0,0,one_or_more_examples_have_no_matching_split; split_counts=0,v350_v324_variable_operator
5501c054,equation_symbolic_punct,symbolic_variable_operator_right_only,abstain,,[#>#,!##^,False,False,False,!#$#^,5,0,0,one_or_more_examples_have_no_matching_split; split_counts=0,v350_v324_variable_operator
5501c054,equation_symbolic_punct,symbolic_variable_operator_right_left,abstain,,[#>#,!##^,False,False,False,!#$#^,5,0,0,one_or_more_examples_have_no_matching_split; split_counts=0,v350_v324_variable_operator
5501c054,equation_symbolic_punct,symbolic_variable_operator_left_reverse_right,abstain,,[#>#,!##^,False,False,False,!#$#^,5,0,0,one_or_more_examples_have_no_matching_split; split_counts=0,v350_v324_variable_operator
5501c054,equation_symbolic_punct,symbolic_variable_operator_reverse_left_right,abstain,,[#>#,!##^,False,False,False,!#$#^,5,0,0,one_or_more_examples_have_no_matching_split; split_counts=0,v350_v324_variable_operator
5501c054,equation_symbolic_punct,symbolic_variable_operator_right_reverse_left,abstain,,[#>#,!##^,False,False,False,!#$#^,5,0,0,one_or_more_examples_have_no_matching_split; split_counts=0,v350_v324_variable_operator
5501c054,equation_symbolic_punct,symbolic_variable_operator_reverse_right_left,abstain,,[#>#,!##^,False,False,False,!#$#^,5,0,0,one_or_more_examples_have_no_matching_split; split_counts=0,v350_v324_variable_operator
5501c054,equation_symbolic_punct,symbolic_variable_operator_operator_between_reversed,abstain,,[#>#,!##^,False,False,False,!#$#^,5,0,0,one_or_more_examples_have_no_matching_split; split_counts=0,v350_v324_variable_operator
5501c054,equation_symbolic_punct,symbolic_cryptarithm_multi_operator_digits_add,candidate,"^)""",[#>#,!##^,False,True,False,!#$#^,5,2,1,"ops={""$"": ""add"", ""{"": ""sub_ab"", ""}"": ""add""}; map={""!"": 6, ""\"""": 8, ""#"": 7, ""&"": 0, ""'"": 9, "")"": 3, "">"": 5, ""["": 4, ""\\"": 2, ""^"": 1}; ops={""$"": ""add"", ""{"": ""abs_diff"", ""}"": ""add""}; map={""!"": 6, ""\"""": 8, ""#"": 7, ""&"": 0, ""'"": 9, "")"": 3, "">"": 5, ""["": 4, ""\\"": 2, ""^"": 1}",v350_v329_symbolic_cryptarithm
5501c054,equation_symbolic_punct,symbolic_cryptarithm_multi_operator_digits_sub_ba,candidate,[,[#>#,!##^,False,True,False,!#$#^,5,2,1,"ops={""$"": ""sub_ba"", ""{"": ""sub_ab"", ""}"": ""add""}; map={""!"": 6, ""\"""": 8, ""#"": 7, ""&"": 0, ""'"": 9, "")"": 3, "">"": 5, ""["": 4, ""\\"": 2, ""^"": 1}; ops={""$"": ""sub_ba"", ""{"": ""abs_diff"", ""}"": ""add""}; map={""!"": 6, ""\"""": 8, ""#"": 7, ""&"": 0, ""'"": 9, "")"": 3, "">"": 5, ""["": 4, ""\\"": 2, ""^"": 1}",v350_v329_symbolic_cryptarithm
5501c054,equation_symbolic_punct,symbolic_cryptarithm_multi_operator_digits_abs_diff,candidate,[,[#>#,!##^,False,True,False,!#$#^,5,2,1,"ops={""$"": ""abs_diff"", ""{"": ""sub_ab"", ""}"": ""add""}; map={""!"": 6, ""\"""": 8, ""#"": 7, ""&"": 0, ""'"": 9, "")"": 3, "">"": 5, ""["": 4, ""\\"": 2, ""^"": 1}; ops={""$"": ""abs_diff"", ""{"": ""abs_diff"", ""}"": ""add""}; map={""!"": 6, ""\"""": 8, ""#"": 7, ""&"": 0, ""'"": 9, "")"": 3, "">"": 5, ""["": 4, ""\\"": 2, ""^"": 1}",v350_v329_symbolic_cryptarithm
5501c054,equation_symbolic_punct,symbolic_cryptarithm_multi_operator_digits_mul,candidate,[#>#,[#>#,!##^,True,False,False,!#$#^,5,2,1,"ops={""$"": ""mul"", ""{"": ""sub_ab"", ""}"": ""add""}; map={""!"": 6, ""\"""": 8, ""#"": 7, ""&"": 0, ""'"": 9, "")"": 3, "">"": 5, ""["": 4, ""\\"": 2, ""^"": 1}; ops={""$"": ""mul"", ""{"": ""abs_diff"", ""}"": ""add""}; map={""!"": 6, ""\"""": 8, ""#"": 7, ""&"": 0, ""'"": 9, "")"": 3, "">"": 5, ""["": 4, ""\\"": 2, ""^"": 1}",v350_v329_symbolic_cryptarithm
ea6d926a,equation_numeric_operator,numeric_same_operator_extended,abstain,,87,37,False,False,False,25+62,4,0,0,same_operator_examples=0 below_min=2,v350_equation_numeric_local
ea6d926a,equation_numeric_operator,v274_guarded_numeric_query_operator_unseen,abstain,,87,37,False,False,False,25+62,4,0,0,query_op='+' not present in examples,v350_equation_numeric_local
ea6d926a,equation_numeric_operator,v299_same_operator_unique_numeric_dsl,abstain,,87,37,False,False,False,25+62,4,0,0,query_op='+' absent from examples,v350_v299_numeric_dsl
ea6d926a,equation_numeric_operator,v299_all_numeric_examples_unique_dsl,abstain,,87,37,False,False,False,25+62,4,0,0,unique_prediction_count=0; candidate_rules=0,v350_v299_numeric_dsl
ea6d926a,equation_numeric_operator,v299_conventional_operator_prior_unique,abstain,,87,37,False,False,False,25+62,4,12,2,unique_prediction_count=2; candidate_rules=12,v350_v299_numeric_dsl
